timestamp,location_id,location_type,CH4,CO,CO2,O2,temperature,humidity,risk_level,scenario
2026-01-01 08:00:00,L01,main_tunnel,0.1242,7.77,0.0824,20.64,25.63,67.09,SAFE,normal
2026-01-01 08:00:05,L01,main_tunnel,0.1264,7.89,0.085,20.64,25.63,67.21,SAFE,normal
2026-01-01 08:00:10,L01,main_tunnel,0.1254,7.86,0.0835,20.638,25.64,67.46,SAFE,normal
2026-01-01 08:00:15,L01,main_tunnel,0.126,8.0,0.0874,20.639,25.65,67.76,SAFE,normal
2026-01-01 08:00:20,L01,main_tunnel,0.1277,7.84,0.0845,20.639,25.65,67.69,SAFE,normal
2026-01-01 08:00:25,L01,main_tunnel,0.125,8.07,0.0856,20.637,25.66,68.45,SAFE,normal
2026-01-01 08:00:30,L01,main_tunnel,0.1259,8.08,0.0876,20.638,25.64,68.07,SAFE,normal
2026-01-01 08:00:35,L01,main_tunnel,0.1283,8.12,0.0852,20.638,25.67,68.24,SAFE,normal
2026-01-01 08:00:40,L01,main_tunnel,0.1282,8.19,0.0877,20.639,25.68,68.89,SAFE,normal
2026-01-01 08:00:45,L01,main_tunnel,0.1308,8.14,0.0896,20.639,25.68,69.02,SAFE,normal
2026-01-01 08:00:50,L01,main_tunnel,0.1295,8.29,0.086,20.635,25.71,69.2,SAFE,normal
2026-01-01 08:00:55,L01,main_tunnel,0.1294,8.37,0.0889,20.636,25.7,69.4,SAFE,normal
2026-01-01 08:01:00,L01,main_tunnel,0.1344,8.48,0.0894,20.637,25.71,69.49,SAFE,normal
2026-01-01 08:01:05,L01,main_tunnel,0.1324,8.43,0.0906,20.637,25.72,69.53,SAFE,normal
2026-01-01 08:01:10,L01,main_tunnel,0.1335,8.47,0.0882,20.637,25.74,69.92,SAFE,normal
2026-01-01 08:01:15,L01,main_tunnel,0.1318,8.54,0.0885,20.641,25.73,69.98,SAFE,normal
2026-01-01 08:01:20,L01,main_tunnel,0.1337,8.67,0.0915,20.636,25.75,70.5,SAFE,normal
2026-01-01 08:01:25,L01,main_tunnel,0.1353,8.69,0.0916,20.637,25.75,70.49,SAFE,normal
2026-01-01 08:01:30,L01,main_tunnel,0.134,8.7,0.092,20.636,25.75,70.57,SAFE,normal
2026-01-01 08:01:35,L01,main_tunnel,0.1369,8.81,0.0926,20.636,25.77,70.87,SAFE,normal
2026-01-01 08:01:40,L01,main_tunnel,0.136,8.84,0.0916,20.634,25.78,71.21,SAFE,normal
2026-01-01 08:01:45,L01,main_tunnel,0.1371,8.94,0.0933,20.635,25.78,71.23,SAFE,normal
2026-01-01 08:01:50,L01,main_tunnel,0.1372,8.91,0.0938,20.633,25.79,71.39,SAFE,normal
2026-01-01 08:01:55,L01,main_tunnel,0.1416,8.98,0.0928,20.634,25.79,71.79,SAFE,normal
2026-01-01 08:02:00,L01,main_tunnel,0.1394,9.04,0.0968,20.633,25.81,72.0,SAFE,normal
2026-01-01 08:02:05,L01,main_tunnel,0.1383,9.04,0.0953,20.634,25.82,72.06,SAFE,normal
2026-01-01 08:02:10,L01,main_tunnel,0.1419,9.18,0.0934,20.636,25.83,72.28,SAFE,normal
2026-01-01 08:02:15,L01,main_tunnel,0.1393,9.23,0.0964,20.631,25.82,72.61,SAFE,normal
2026-01-01 08:02:20,L01,main_tunnel,0.1421,9.27,0.0946,20.634,25.85,72.5,SAFE,normal
2026-01-01 08:02:25,L01,main_tunnel,0.1393,9.32,0.0975,20.631,25.83,72.71,SAFE,normal
2026-01-01 08:02:30,L01,main_tunnel,0.1409,9.31,0.0984,20.632,25.85,73.05,SAFE,normal
2026-01-01 08:02:35,L01,main_tunnel,0.1439,9.41,0.0961,20.633,25.86,73.35,SAFE,normal
2026-01-01 08:02:40,L01,main_tunnel,0.1453,9.47,0.099,20.632,25.87,73.65,SAFE,normal
2026-01-01 08:02:45,L01,main_tunnel,0.145,9.5,0.0987,20.63,25.87,74.08,SAFE,normal
2026-01-01 08:02:50,L01,main_tunnel,0.1452,9.59,0.0997,20.63,25.88,74.17,SAFE,normal
2026-01-01 08:02:55,L01,main_tunnel,0.1455,9.67,0.1016,20.632,25.88,74.18,SAFE,normal
2026-01-01 08:03:00,L01,main_tunnel,0.1443,9.8,0.099,20.63,25.89,74.41,SAFE,normal
2026-01-01 08:03:05,L01,main_tunnel,0.1461,9.77,0.0988,20.631,25.91,74.43,SAFE,normal
2026-01-01 08:03:10,L01,main_tunnel,0.1471,9.83,0.099,20.63,25.91,74.82,SAFE,normal
2026-01-01 08:03:15,L01,main_tunnel,0.15,9.87,0.0995,20.629,25.91,74.98,SAFE,normal
2026-01-01 08:03:20,L01,main_tunnel,0.1495,9.83,0.101,20.632,25.93,75.3,SAFE,normal
2026-01-01 08:03:25,L01,main_tunnel,0.1469,9.98,0.102,20.63,25.93,75.29,SAFE,normal
2026-01-01 08:03:30,L01,main_tunnel,0.1507,10.04,0.1023,20.627,25.95,75.75,SAFE,normal
2026-01-01 08:03:35,L01,main_tunnel,0.1502,10.21,0.1035,20.629,25.95,76.14,SAFE,normal
2026-01-01 08:03:40,L01,main_tunnel,0.1503,10.13,0.1028,20.628,25.95,76.04,SAFE,normal
2026-01-01 08:03:45,L01,main_tunnel,0.1529,10.21,0.1053,20.63,25.96,76.34,SAFE,normal
2026-01-01 08:03:50,L01,main_tunnel,0.1542,10.25,0.1033,20.627,25.98,76.6,SAFE,normal
2026-01-01 08:03:55,L01,main_tunnel,0.1546,10.24,0.1079,20.628,25.98,76.6,SAFE,normal
2026-01-01 08:04:00,L01,main_tunnel,0.1525,10.42,0.1054,20.629,25.98,76.92,SAFE,normal
2026-01-01 08:04:05,L01,main_tunnel,0.1539,10.45,0.1038,20.629,25.99,77.09,SAFE,normal
2026-01-01 08:04:10,L01,main_tunnel,0.1555,10.51,0.1039,20.626,26.01,77.31,SAFE,normal
2026-01-01 08:04:15,L01,main_tunnel,0.1571,10.47,0.1065,20.627,26.0,77.35,SAFE,normal
2026-01-01 08:04:20,L01,main_tunnel,0.1555,10.65,0.1059,20.626,26.02,77.71,SAFE,normal
2026-01-01 08:04:25,L01,main_tunnel,0.1565,10.56,0.1077,20.626,26.02,78.0,SAFE,normal
2026-01-01 08:04:30,L01,main_tunnel,0.1557,10.71,0.1078,20.629,26.03,78.39,SAFE,normal
2026-01-01 08:04:35,L01,main_tunnel,0.1562,10.85,0.1074,20.627,26.05,78.5,SAFE,normal
2026-01-01 08:04:40,L01,main_tunnel,0.1599,10.74,0.1068,20.625,26.05,78.93,SAFE,normal
2026-01-01 08:04:45,L01,main_tunnel,0.1613,10.82,0.1063,20.627,26.06,78.58,SAFE,normal
2026-01-01 08:04:50,L01,main_tunnel,0.1597,10.91,0.1082,20.628,26.07,79.1,SAFE,normal
2026-01-01 08:04:55,L01,main_tunnel,0.162,10.93,0.1104,20.627,26.07,79.17,SAFE,normal
2026-01-01 08:05:00,L01,main_tunnel,0.1616,10.93,0.11,20.623,26.08,79.76,SAFE,normal
2026-01-01 08:05:05,L01,main_tunnel,0.1606,11.07,0.1084,20.624,26.08,79.4,SAFE,normal
2026-01-01 08:05:10,L01,main_tunnel,0.1653,11.06,0.1106,20.628,26.03,79.59,SAFE,methane_buildup
2026-01-01 08:05:15,L01,main_tunnel,0.1924,11.04,0.111,20.613,26.05,79.25,SAFE,methane_buildup
2026-01-01 08:05:20,L01,main_tunnel,0.1931,11.04,0.1116,20.613,26.23,79.39,SAFE,methane_buildup
2026-01-01 08:05:25,L01,main_tunnel,0.1874,11.04,0.1113,20.572,26.25,79.11,SAFE,methane_buildup
2026-01-01 08:05:30,L01,main_tunnel,0.1945,11.0,0.1129,20.587,26.23,78.93,SAFE,methane_buildup
2026-01-01 08:05:35,L01,main_tunnel,0.2201,11.0,0.1164,20.582,26.28,78.99,SAFE,methane_buildup
2026-01-01 08:05:40,L01,main_tunnel,0.2113,10.98,0.1169,20.549,26.39,78.63,SAFE,methane_buildup
2026-01-01 08:05:45,L01,main_tunnel,0.2558,10.96,0.1151,20.566,26.54,78.41,SAFE,methane_buildup
2026-01-01 08:05:50,L01,main_tunnel,0.2594,10.96,0.1181,20.548,26.5,78.25,SAFE,methane_buildup
2026-01-01 08:05:55,L01,main_tunnel,0.2524,10.93,0.1203,20.53,26.49,78.39,SAFE,methane_buildup
2026-01-01 08:06:00,L01,main_tunnel,0.2497,10.92,0.1167,20.531,26.6,78.01,SAFE,methane_buildup
2026-01-01 08:06:05,L01,main_tunnel,0.2933,10.9,0.1219,20.537,26.66,78.26,SAFE,methane_buildup
2026-01-01 08:06:10,L01,main_tunnel,0.2881,10.93,0.1206,20.506,26.59,77.64,SAFE,methane_buildup
2026-01-01 08:06:15,L01,main_tunnel,0.3133,10.89,0.1239,20.497,26.77,77.98,SAFE,methane_buildup
2026-01-01 08:06:20,L01,main_tunnel,0.2935,10.87,0.1223,20.48,26.82,77.65,SAFE,methane_buildup
2026-01-01 08:06:25,L01,main_tunnel,0.3149,10.87,0.1213,20.465,26.92,77.48,SAFE,methane_buildup
2026-01-01 08:06:30,L01,main_tunnel,0.332,10.85,0.1226,20.473,27.03,77.28,SAFE,methane_buildup
2026-01-01 08:06:35,L01,main_tunnel,0.3431,10.84,0.1268,20.445,27.04,77.26,SAFE,methane_buildup
2026-01-01 08:06:40,L01,main_tunnel,0.3484,10.83,0.1281,20.445,27.03,77.07,SAFE,methane_buildup
2026-01-01 08:06:45,L01,main_tunnel,0.3706,10.82,0.1269,20.429,27.04,77.08,SAFE,methane_buildup
2026-01-01 08:06:50,L01,main_tunnel,0.363,10.79,0.1308,20.429,27.28,76.81,SAFE,methane_buildup
2026-01-01 08:06:55,L01,main_tunnel,0.3836,10.78,0.1274,20.417,27.2,76.68,SAFE,methane_buildup
2026-01-01 08:07:00,L01,main_tunnel,0.3971,10.77,0.1314,20.414,27.26,76.48,SAFE,methane_buildup
2026-01-01 08:07:05,L01,main_tunnel,0.412,10.73,0.1302,20.389,27.31,76.38,SAFE,methane_buildup
2026-01-01 08:07:10,L01,main_tunnel,0.4247,10.73,0.1323,20.381,27.37,76.29,SAFE,methane_buildup
2026-01-01 08:07:15,L01,main_tunnel,0.4157,10.75,0.1346,20.364,27.41,75.9,SAFE,methane_buildup
2026-01-01 08:07:20,L01,main_tunnel,0.4219,10.74,0.1338,20.359,27.44,75.8,SAFE,methane_buildup
2026-01-01 08:07:25,L01,main_tunnel,0.4627,10.7,0.1357,20.357,27.49,75.93,SAFE,methane_buildup
2026-01-01 08:07:30,L01,main_tunnel,0.4632,10.7,0.1393,20.351,27.57,75.72,SAFE,methane_buildup
2026-01-01 08:07:35,L01,main_tunnel,0.4623,10.68,0.1373,20.324,27.6,75.54,SAFE,methane_buildup
2026-01-01 08:07:40,L01,main_tunnel,0.4976,10.71,0.1409,20.332,27.65,75.43,SAFE,methane_buildup
2026-01-01 08:07:45,L01,main_tunnel,0.4928,10.67,0.1382,20.327,27.74,75.33,SAFE,methane_buildup
2026-01-01 08:07:50,L01,main_tunnel,0.5149,10.64,0.1423,20.308,27.78,75.08,WARNING,methane_buildup
2026-01-01 08:07:55,L01,main_tunnel,0.5136,10.61,0.145,20.312,27.92,74.92,WARNING,methane_buildup
2026-01-01 08:08:00,L01,main_tunnel,0.5457,10.59,0.1386,20.275,27.76,74.9,WARNING,methane_buildup
2026-01-01 08:08:05,L01,main_tunnel,0.553,10.6,0.1427,20.261,28.0,74.61,WARNING,methane_buildup
2026-01-01 08:08:10,L01,main_tunnel,0.5422,10.58,0.1463,20.245,28.06,74.65,WARNING,methane_buildup
2026-01-01 08:08:15,L01,main_tunnel,0.5659,10.56,0.1458,20.268,27.95,74.25,WARNING,methane_buildup
2026-01-01 08:08:20,L01,main_tunnel,0.5731,10.55,0.1478,20.25,28.09,74.46,WARNING,methane_buildup
2026-01-01 08:08:25,L01,main_tunnel,0.5915,10.53,0.147,20.232,28.14,74.25,WARNING,methane_buildup
2026-01-01 08:08:30,L01,main_tunnel,0.577,10.56,0.1493,20.226,28.14,74.08,WARNING,methane_buildup
2026-01-01 08:08:35,L01,main_tunnel,0.6054,10.53,0.1498,20.201,28.23,74.04,WARNING,methane_buildup
2026-01-01 08:08:40,L01,main_tunnel,0.6201,10.51,0.1532,20.228,28.27,73.99,WARNING,methane_buildup
2026-01-01 08:08:45,L01,main_tunnel,0.6005,10.51,0.1525,20.194,28.46,73.77,WARNING,methane_buildup
2026-01-01 08:08:50,L01,main_tunnel,0.6173,10.48,0.1536,20.184,28.47,73.27,WARNING,methane_buildup
2026-01-01 08:08:55,L01,main_tunnel,0.6187,10.46,0.1532,20.18,28.54,73.2,WARNING,methane_buildup
2026-01-01 08:09:00,L01,main_tunnel,0.6484,10.48,0.154,20.168,28.57,73.15,WARNING,methane_buildup
2026-01-01 08:09:05,L01,main_tunnel,0.6696,10.45,0.1551,20.155,28.53,73.09,WARNING,methane_buildup
2026-01-01 08:09:10,L01,main_tunnel,0.6887,10.42,0.1576,20.135,28.62,73.02,WARNING,methane_buildup
2026-01-01 08:09:15,L01,main_tunnel,0.684,10.41,0.1571,20.137,28.72,72.72,WARNING,methane_buildup
2026-01-01 08:09:20,L01,main_tunnel,0.7114,10.39,0.1594,20.142,28.69,72.7,WARNING,methane_buildup
2026-01-01 08:09:25,L01,main_tunnel,0.6897,10.37,0.1637,20.126,28.84,72.44,WARNING,methane_buildup
2026-01-01 08:09:30,L01,main_tunnel,0.6969,10.39,0.1624,20.119,28.84,72.33,WARNING,methane_buildup
2026-01-01 08:09:35,L01,main_tunnel,0.7252,10.39,0.1611,20.087,28.89,72.09,WARNING,methane_buildup
2026-01-01 08:09:40,L01,main_tunnel,0.7406,10.33,0.165,20.072,29.0,72.01,WARNING,methane_buildup
2026-01-01 08:09:45,L01,main_tunnel,0.7467,10.34,0.1629,20.071,29.04,71.82,WARNING,methane_buildup
2026-01-01 08:09:50,L01,main_tunnel,0.7355,10.31,0.1608,20.063,29.05,71.73,WARNING,methane_buildup
2026-01-01 08:09:55,L01,main_tunnel,0.7674,10.3,0.1637,20.063,29.18,71.85,WARNING,methane_buildup
2026-01-01 08:10:00,L01,main_tunnel,0.765,10.29,0.1631,20.025,29.12,71.46,WARNING,methane_buildup
2026-01-01 08:10:05,L01,main_tunnel,0.7969,10.27,0.1669,20.048,29.26,71.77,WARNING,methane_buildup
2026-01-01 08:10:10,L01,main_tunnel,0.8042,10.27,0.1686,20.02,29.31,71.37,WARNING,methane_buildup
2026-01-01 08:10:15,L01,main_tunnel,0.8009,10.25,0.1727,20.008,29.32,71.19,WARNING,methane_buildup
2026-01-01 08:10:20,L01,main_tunnel,0.8252,10.07,0.1707,20.012,29.38,71.17,WARNING,co_buildup
2026-01-01 08:10:25,L01,main_tunnel,0.8054,11.34,0.1678,20.009,29.38,71.16,WARNING,co_buildup
2026-01-01 08:10:30,L01,main_tunnel,0.8074,11.86,0.1686,20.003,29.48,71.16,WARNING,co_buildup
2026-01-01 08:10:35,L01,main_tunnel,0.7921,11.43,0.1686,20.001,29.42,71.15,WARNING,co_buildup
2026-01-01 08:10:40,L01,main_tunnel,0.7908,11.94,0.167,19.99,29.54,71.14,DANGER,co_buildup
2026-01-01 08:10:45,L01,main_tunnel,0.7958,12.46,0.1654,19.998,29.52,71.14,DANGER,co_buildup
2026-01-01 08:10:50,L01,main_tunnel,0.7775,12.47,0.1654,19.987,29.53,71.15,DANGER,co_buildup
2026-01-01 08:10:55,L01,main_tunnel,0.7861,13.12,0.1646,19.989,29.57,71.14,DANGER,co_buildup
2026-01-01 08:11:00,L01,main_tunnel,0.775,13.55,0.1639,19.981,29.62,71.13,DANGER,co_buildup
2026-01-01 08:11:05,L01,main_tunnel,0.7629,14.11,0.1615,19.977,29.68,71.13,DANGER,co_buildup
2026-01-01 08:11:10,L01,main_tunnel,0.7645,14.89,0.1588,19.974,29.72,71.13,DANGER,co_buildup
2026-01-01 08:11:15,L01,main_tunnel,0.7614,15.47,0.1584,19.969,29.72,71.13,DANGER,co_buildup
2026-01-01 08:11:20,L01,main_tunnel,0.7545,16.49,0.1595,19.966,29.77,71.12,DANGER,co_buildup
2026-01-01 08:11:25,L01,main_tunnel,0.7373,15.87,0.1545,19.965,29.89,71.12,WARNING,co_buildup
2026-01-01 08:11:30,L01,main_tunnel,0.737,17.18,0.1557,19.956,29.91,71.12,WARNING,co_buildup
2026-01-01 08:11:35,L01,main_tunnel,0.7347,17.14,0.1532,19.954,29.9,71.11,WARNING,co_buildup
2026-01-01 08:11:40,L01,main_tunnel,0.7307,17.67,0.153,19.946,29.92,71.1,WARNING,co_buildup
2026-01-01 08:11:45,L01,main_tunnel,0.7295,18.44,0.1544,19.949,29.96,71.1,WARNING,co_buildup
2026-01-01 08:11:50,L01,main_tunnel,0.7221,18.14,0.1512,19.935,30.02,71.09,WARNING,co_buildup
2026-01-01 08:11:55,L01,main_tunnel,0.7087,19.25,0.1499,19.943,30.0,71.09,WARNING,co_buildup
2026-01-01 08:12:00,L01,main_tunnel,0.7132,19.62,0.1461,19.93,30.06,71.09,WARNING,co_buildup
2026-01-01 08:12:05,L01,main_tunnel,0.7095,20.22,0.1492,19.919,30.05,71.08,WARNING,co_buildup
2026-01-01 08:12:10,L01,main_tunnel,0.7042,20.6,0.148,19.923,30.15,71.08,WARNING,co_buildup
2026-01-01 08:12:15,L01,main_tunnel,0.7021,21.99,0.1499,19.915,30.2,71.08,WARNING,co_buildup
2026-01-01 08:12:20,L01,main_tunnel,0.6958,21.14,0.144,19.918,30.2,71.07,WARNING,co_buildup
2026-01-01 08:12:25,L01,main_tunnel,0.6887,21.65,0.144,19.907,30.31,71.06,WARNING,co_buildup
2026-01-01 08:12:30,L01,main_tunnel,0.6808,22.07,0.1431,19.903,30.25,71.07,WARNING,co_buildup
2026-01-01 08:12:35,L01,main_tunnel,0.6669,22.56,0.1446,19.892,30.27,71.06,WARNING,co_buildup
2026-01-01 08:12:40,L01,main_tunnel,0.6736,22.99,0.1403,19.895,30.37,71.06,WARNING,co_buildup
2026-01-01 08:12:45,L01,main_tunnel,0.6673,24.24,0.14,19.882,30.43,71.04,WARNING,co_buildup
2026-01-01 08:12:50,L01,main_tunnel,0.6627,24.8,0.1396,19.882,30.49,71.06,WARNING,co_buildup
2026-01-01 08:12:55,L01,main_tunnel,0.6491,24.42,0.1377,19.889,30.46,71.04,WARNING,co_buildup
2026-01-01 08:13:00,L01,main_tunnel,0.6452,24.77,0.1355,19.885,30.54,71.05,WARNING,co_buildup
2026-01-01 08:13:05,L01,main_tunnel,0.6521,25.79,0.1357,19.879,30.54,71.03,WARNING,co_buildup
2026-01-01 08:13:10,L01,main_tunnel,0.641,25.82,0.1364,19.868,30.57,71.03,WARNING,co_buildup
2026-01-01 08:13:15,L01,main_tunnel,0.64,26.79,0.1312,19.868,30.65,71.02,WARNING,co_buildup
2026-01-01 08:13:20,L01,main_tunnel,0.6314,27.07,0.1324,19.865,30.68,71.02,WARNING,co_buildup
2026-01-01 08:13:25,L01,main_tunnel,0.6264,26.8,0.1298,19.855,30.64,71.03,WARNING,co_buildup
2026-01-01 08:13:30,L01,main_tunnel,0.6265,28.57,0.1324,19.864,30.78,71.02,WARNING,co_buildup
2026-01-01 08:13:35,L01,main_tunnel,0.6134,29.14,0.1261,19.857,30.81,71.01,WARNING,co_buildup
2026-01-01 08:13:40,L01,main_tunnel,0.6118,28.58,0.1269,19.847,30.78,71.01,WARNING,co_buildup
2026-01-01 08:13:45,L01,main_tunnel,0.6037,29.14,0.1277,19.844,30.85,71.01,WARNING,co_buildup
2026-01-01 08:13:50,L01,main_tunnel,0.5988,29.89,0.129,19.841,30.89,71.0,WARNING,co_buildup
2026-01-01 08:13:55,L01,main_tunnel,0.5945,30.38,0.1248,19.826,30.92,71.0,WARNING,co_buildup
2026-01-01 08:14:00,L01,main_tunnel,0.5925,30.98,0.1228,19.831,30.93,71.0,WARNING,co_buildup
2026-01-01 08:14:05,L01,main_tunnel,0.5836,32.02,0.1265,19.825,30.96,70.99,WARNING,co_buildup
2026-01-01 08:14:10,L01,main_tunnel,0.5883,31.55,0.119,19.819,31.02,70.99,WARNING,co_buildup
2026-01-01 08:14:15,L01,main_tunnel,0.5713,31.75,0.1165,19.818,31.1,70.99,WARNING,co_buildup
2026-01-01 08:14:20,L01,main_tunnel,0.5703,31.97,0.1206,19.824,31.11,70.98,WARNING,co_buildup
2026-01-01 08:14:25,L01,main_tunnel,0.5639,32.71,0.1177,19.814,31.12,70.98,WARNING,co_buildup
2026-01-01 08:14:30,L01,main_tunnel,0.5694,33.47,0.1157,19.805,31.19,70.97,WARNING,co_buildup
2026-01-01 08:14:35,L01,main_tunnel,0.5574,34.72,0.118,19.806,31.11,70.96,WARNING,co_buildup
2026-01-01 08:14:40,L01,main_tunnel,0.5571,34.2,0.1161,19.806,31.28,70.97,WARNING,co_buildup
2026-01-01 08:14:45,L01,main_tunnel,0.5381,34.98,0.1134,19.799,31.22,70.95,WARNING,co_buildup
2026-01-01 08:14:50,L01,main_tunnel,0.5428,35.34,0.111,19.791,31.3,70.95,WARNING,co_buildup
2026-01-01 08:14:55,L01,main_tunnel,0.5413,36.32,0.1142,19.784,31.31,70.95,WARNING,co_buildup
2026-01-01 08:15:00,L01,main_tunnel,0.5318,37.35,0.1127,19.786,31.34,70.95,WARNING,co_buildup
2026-01-01 08:15:05,L01,main_tunnel,0.5323,36.51,0.1102,19.781,31.46,70.94,WARNING,co_buildup
2026-01-01 08:15:10,L01,main_tunnel,0.5185,37.0,0.113,19.779,31.44,70.94,WARNING,co_buildup
2026-01-01 08:15:15,L01,main_tunnel,0.5242,38.11,0.1062,19.773,31.51,70.94,WARNING,co_buildup
2026-01-01 08:15:20,L01,main_tunnel,0.5242,38.42,0.1043,19.771,31.53,70.94,WARNING,co_buildup
2026-01-01 08:15:25,L01,main_tunnel,0.5044,39.38,0.1049,19.76,31.59,70.93,WARNING,co_buildup
2026-01-01 08:15:30,L01,main_tunnel,0.5055,38.64,0.1069,19.751,31.57,71.0,WARNING,low_oxygen
2026-01-01 08:15:35,L01,main_tunnel,0.5131,38.43,0.104,19.748,31.57,71.58,WARNING,low_oxygen
2026-01-01 08:15:40,L01,main_tunnel,0.5107,37.94,0.1116,19.722,31.59,71.49,WARNING,low_oxygen
2026-01-01 08:15:45,L01,main_tunnel,0.5139,37.6,0.1116,19.732,31.59,72.3,WARNING,low_oxygen
2026-01-01 08:15:50,L01,main_tunnel,0.5154,37.04,0.1151,19.731,31.62,72.07,WARNING,low_oxygen
2026-01-01 08:15:55,L01,main_tunnel,0.5183,36.71,0.1251,19.715,31.61,71.79,WARNING,low_oxygen
2026-01-01 08:16:00,L01,main_tunnel,0.5172,36.15,0.1275,19.685,31.61,72.63,WARNING,low_oxygen
2026-01-01 08:16:05,L01,main_tunnel,0.5185,36.78,0.1286,19.693,31.63,72.79,WARNING,low_oxygen
2026-01-01 08:16:10,L01,main_tunnel,0.5305,35.52,0.1253,19.664,31.62,73.26,WARNING,low_oxygen
2026-01-01 08:16:15,L01,main_tunnel,0.5251,35.36,0.131,19.646,31.63,73.37,WARNING,low_oxygen
2026-01-01 08:16:20,L01,main_tunnel,0.527,35.01,0.1394,19.63,31.66,73.44,WARNING,low_oxygen
2026-01-01 08:16:25,L01,main_tunnel,0.5257,35.17,0.1384,19.621,31.65,73.44,WARNING,low_oxygen
2026-01-01 08:16:30,L01,main_tunnel,0.5329,34.47,0.1492,19.608,31.65,73.93,WARNING,low_oxygen
2026-01-01 08:16:35,L01,main_tunnel,0.5331,34.61,0.1451,19.602,31.67,74.03,WARNING,low_oxygen
2026-01-01 08:16:40,L01,main_tunnel,0.5449,33.68,0.1472,19.59,31.69,74.35,WARNING,low_oxygen
2026-01-01 08:16:45,L01,main_tunnel,0.5453,33.64,0.1483,19.575,31.69,74.88,WARNING,low_oxygen
2026-01-01 08:16:50,L01,main_tunnel,0.5422,32.96,0.1528,19.568,31.7,75.38,DANGER,low_oxygen
2026-01-01 08:16:55,L01,main_tunnel,0.554,33.54,0.1546,19.565,31.7,75.34,DANGER,low_oxygen
2026-01-01 08:17:00,L01,main_tunnel,0.5523,32.18,0.1606,19.549,31.7,75.22,DANGER,low_oxygen
2026-01-01 08:17:05,L01,main_tunnel,0.5505,32.3,0.1644,19.507,31.73,75.86,DANGER,low_oxygen
2026-01-01 08:17:10,L01,main_tunnel,0.546,32.07,0.1609,19.481,31.72,76.29,DANGER,low_oxygen
2026-01-01 08:17:15,L01,main_tunnel,0.5636,31.66,0.1618,19.512,31.73,76.12,DANGER,low_oxygen
2026-01-01 08:17:20,L01,main_tunnel,0.5543,31.14,0.1629,19.471,31.75,76.49,DANGER,low_oxygen
2026-01-01 08:17:25,L01,main_tunnel,0.5559,30.82,0.1743,19.472,31.75,76.78,DANGER,low_oxygen
2026-01-01 08:17:30,L01,main_tunnel,0.5667,30.54,0.1713,19.448,31.76,76.84,DANGER,low_oxygen
2026-01-01 08:17:35,L01,main_tunnel,0.5736,30.14,0.1704,19.428,31.78,77.43,DANGER,low_oxygen
2026-01-01 08:17:40,L01,main_tunnel,0.5726,30.15,0.1825,19.445,31.77,77.51,DANGER,low_oxygen
2026-01-01 08:17:45,L01,main_tunnel,0.5724,30.2,0.193,19.435,31.79,77.89,DANGER,low_oxygen
2026-01-01 08:17:50,L01,main_tunnel,0.5748,29.01,0.1868,19.406,31.79,77.84,DANGER,low_oxygen
2026-01-01 08:17:55,L01,main_tunnel,0.578,28.42,0.1927,19.368,31.8,78.2,DANGER,low_oxygen
2026-01-01 08:18:00,L01,main_tunnel,0.5801,28.48,0.1929,19.381,31.81,78.72,DANGER,low_oxygen
2026-01-01 08:18:05,L01,main_tunnel,0.581,28.97,0.1951,19.38,31.81,78.72,DANGER,low_oxygen
2026-01-01 08:18:10,L01,main_tunnel,0.5828,27.59,0.2017,19.345,31.82,79.46,DANGER,low_oxygen
2026-01-01 08:18:15,L01,main_tunnel,0.5846,28.01,0.2001,19.353,31.83,79.22,DANGER,low_oxygen
2026-01-01 08:18:20,L01,main_tunnel,0.5848,27.68,0.205,19.338,31.83,79.62,DANGER,low_oxygen
2026-01-01 08:18:25,L01,main_tunnel,0.5887,26.66,0.2081,19.333,31.83,80.04,DANGER,low_oxygen
2026-01-01 08:18:30,L01,main_tunnel,0.5866,26.67,0.2074,19.315,31.84,79.75,DANGER,low_oxygen
2026-01-01 08:18:35,L01,main_tunnel,0.594,26.66,0.2163,19.288,31.84,79.92,DANGER,low_oxygen
2026-01-01 08:18:40,L01,main_tunnel,0.5936,25.7,0.2149,19.303,31.88,80.23,DANGER,low_oxygen
2026-01-01 08:18:45,L01,main_tunnel,0.5956,25.42,0.2157,19.274,31.86,81.14,DANGER,low_oxygen
2026-01-01 08:18:50,L01,main_tunnel,0.6021,24.97,0.2233,19.263,31.88,80.97,DANGER,low_oxygen
2026-01-01 08:18:55,L01,main_tunnel,0.6083,24.5,0.2209,19.239,31.88,81.95,DANGER,low_oxygen
2026-01-01 08:19:00,L01,main_tunnel,0.6092,24.27,0.2272,19.233,31.9,81.47,DANGER,low_oxygen
2026-01-01 08:19:05,L01,main_tunnel,0.6036,23.76,0.2299,19.215,31.91,81.9,DANGER,low_oxygen
2026-01-01 08:19:10,L01,main_tunnel,0.6079,23.81,0.2368,19.211,31.92,82.47,DANGER,low_oxygen
2026-01-01 08:19:15,L01,main_tunnel,0.6164,23.23,0.2374,19.222,31.91,82.84,DANGER,low_oxygen
2026-01-01 08:19:20,L01,main_tunnel,0.6126,23.2,0.2385,19.171,31.92,83.1,DANGER,low_oxygen
2026-01-01 08:19:25,L01,main_tunnel,0.6174,22.31,0.2444,19.156,31.93,83.16,DANGER,low_oxygen
2026-01-01 08:19:30,L01,main_tunnel,0.6222,22.56,0.2494,19.182,31.94,83.37,DANGER,low_oxygen
2026-01-01 08:19:35,L01,main_tunnel,0.6198,22.38,0.2493,19.148,31.96,83.52,DANGER,low_oxygen
2026-01-01 08:19:40,L01,main_tunnel,0.6256,21.17,0.2501,19.13,31.96,83.82,DANGER,low_oxygen
2026-01-01 08:19:45,L01,main_tunnel,0.6234,21.56,0.2482,19.139,31.97,83.76,DANGER,low_oxygen
2026-01-01 08:19:50,L01,main_tunnel,0.6281,21.49,0.252,19.106,31.98,83.95,DANGER,low_oxygen
2026-01-01 08:19:55,L01,main_tunnel,0.6334,20.4,0.2576,19.124,31.99,84.4,DANGER,low_oxygen
2026-01-01 08:20:00,L01,main_tunnel,0.6297,20.95,0.2594,19.097,31.99,84.61,DANGER,low_oxygen
2026-01-01 08:20:05,L01,main_tunnel,0.6385,20.23,0.2638,19.07,31.98,84.8,DANGER,low_oxygen
2026-01-01 08:20:10,L01,main_tunnel,0.6395,19.55,0.2676,19.09,32.0,85.33,DANGER,low_oxygen
2026-01-01 08:20:15,L01,main_tunnel,0.6437,19.41,0.2722,19.044,32.0,85.64,DANGER,low_oxygen
2026-01-01 08:20:20,L01,main_tunnel,0.645,19.26,0.2729,19.048,32.01,85.69,DANGER,low_oxygen
2026-01-01 08:20:25,L01,main_tunnel,0.651,18.78,0.2778,19.03,32.03,86.27,DANGER,low_oxygen
2026-01-01 08:20:30,L01,main_tunnel,0.6494,18.59,0.2791,19.03,32.04,85.91,DANGER,low_oxygen
2026-01-01 08:20:35,L01,main_tunnel,0.65,17.8,0.2746,19.021,32.04,86.39,DANGER,low_oxygen
2026-01-01 08:20:40,L01,main_tunnel,0.6455,18.09,0.2816,19.003,32.11,86.43,DANGER,co2_buildup
2026-01-01 08:20:45,L01,main_tunnel,0.6569,18.09,0.2832,19.004,32.0,86.43,DANGER,co2_buildup
2026-01-01 08:20:50,L01,main_tunnel,0.648,17.95,0.2815,19.013,31.98,86.43,DANGER,co2_buildup
2026-01-01 08:20:55,L01,main_tunnel,0.639,17.95,0.2847,19.023,31.96,86.42,DANGER,co2_buildup
2026-01-01 08:21:00,L01,main_tunnel,0.6291,17.92,0.2844,19.018,31.91,86.41,DANGER,co2_buildup
2026-01-01 08:21:05,L01,main_tunnel,0.6196,17.89,0.2871,19.018,31.93,86.4,DANGER,co2_buildup
2026-01-01 08:21:10,L01,main_tunnel,0.6178,17.82,0.2882,19.033,31.82,86.39,DANGER,co2_buildup
2026-01-01 08:21:15,L01,main_tunnel,0.621,17.76,0.2912,19.031,31.81,86.39,DANGER,co2_buildup
2026-01-01 08:21:20,L01,main_tunnel,0.6204,17.69,0.2886,19.025,31.75,86.37,DANGER,co2_buildup
2026-01-01 08:21:25,L01,main_tunnel,0.6131,17.69,0.2889,19.044,31.7,86.38,DANGER,co2_buildup
2026-01-01 08:21:30,L01,main_tunnel,0.5961,17.59,0.2894,19.042,31.68,86.37,DANGER,co2_buildup
2026-01-01 08:21:35,L01,main_tunnel,0.5872,17.47,0.2893,19.048,31.67,86.36,DANGER,co2_buildup
2026-01-01 08:21:40,L01,main_tunnel,0.5892,17.57,0.2911,19.055,31.62,86.35,DANGER,co2_buildup
2026-01-01 08:21:45,L01,main_tunnel,0.5729,17.54,0.2908,19.058,31.58,86.34,DANGER,co2_buildup
2026-01-01 08:21:50,L01,main_tunnel,0.5798,17.36,0.2923,19.065,31.52,86.34,DANGER,co2_buildup
2026-01-01 08:21:55,L01,main_tunnel,0.5718,17.38,0.295,19.064,31.53,86.34,DANGER,co2_buildup
2026-01-01 08:22:00,L01,main_tunnel,0.5647,17.4,0.2918,19.073,31.45,86.33,DANGER,co2_buildup
2026-01-01 08:22:05,L01,main_tunnel,0.5529,17.41,0.2962,19.073,31.49,86.32,DANGER,co2_buildup
2026-01-01 08:22:10,L01,main_tunnel,0.5599,17.29,0.2972,19.083,31.44,86.33,DANGER,co2_buildup
2026-01-01 08:22:15,L01,main_tunnel,0.5486,17.21,0.2955,19.086,31.36,86.3,DANGER,co2_buildup
2026-01-01 08:22:20,L01,main_tunnel,0.5397,17.19,0.2929,19.083,31.36,86.31,DANGER,co2_buildup
2026-01-01 08:22:25,L01,main_tunnel,0.5245,17.21,0.2962,19.097,31.31,86.3,DANGER,co2_buildup
2026-01-01 08:22:30,L01,main_tunnel,0.5358,17.08,0.3001,19.094,31.31,86.29,DANGER,co2_buildup
2026-01-01 08:22:35,L01,main_tunnel,0.541,17.03,0.2986,19.105,31.31,86.3,DANGER,co2_buildup
2026-01-01 08:22:40,L01,main_tunnel,0.5351,17.0,0.2977,19.107,31.17,86.27,DANGER,co2_buildup
2026-01-01 08:22:45,L01,main_tunnel,0.5176,16.93,0.2993,19.118,31.2,86.28,DANGER,co2_buildup
2026-01-01 08:22:50,L01,main_tunnel,0.5115,16.94,0.3023,19.112,31.16,86.27,DANGER,co2_buildup
2026-01-01 08:22:55,L01,main_tunnel,0.5124,16.95,0.3025,19.116,31.15,86.25,DANGER,co2_buildup
2026-01-01 08:23:00,L01,main_tunnel,0.4987,16.85,0.3019,19.122,31.11,86.26,DANGER,co2_buildup
2026-01-01 08:23:05,L01,main_tunnel,0.501,16.79,0.3025,19.125,31.04,86.24,DANGER,co2_buildup
2026-01-01 08:23:10,L01,main_tunnel,0.4984,16.74,0.3031,19.135,31.02,86.24,DANGER,co2_buildup
2026-01-01 08:23:15,L01,main_tunnel,0.4958,16.64,0.303,19.127,30.97,86.23,DANGER,co2_buildup
2026-01-01 08:23:20,L01,main_tunnel,0.4829,16.7,0.308,19.134,31.0,86.22,DANGER,co2_buildup
2026-01-01 08:23:25,L01,main_tunnel,0.477,16.62,0.3055,19.138,30.93,86.22,DANGER,co2_buildup
2026-01-01 08:23:30,L01,main_tunnel,0.4679,16.57,0.3088,19.153,30.96,86.22,DANGER,co2_buildup
2026-01-01 08:23:35,L01,main_tunnel,0.4629,16.66,0.31,19.161,30.86,86.19,DANGER,co2_buildup
2026-01-01 08:23:40,L01,main_tunnel,0.4612,16.5,0.3099,19.156,30.81,86.21,DANGER,co2_buildup
2026-01-01 08:23:45,L01,main_tunnel,0.4594,16.41,0.3082,19.16,30.75,86.18,DANGER,co2_buildup
2026-01-01 08:23:50,L01,main_tunnel,0.4573,16.38,0.3104,19.166,30.71,86.19,DANGER,co2_buildup
2026-01-01 08:23:55,L01,main_tunnel,0.4421,16.4,0.3104,19.175,30.68,86.19,DANGER,co2_buildup
2026-01-01 08:24:00,L01,main_tunnel,0.4501,16.31,0.3096,19.169,30.7,86.16,DANGER,co2_buildup
2026-01-01 08:24:05,L01,main_tunnel,0.4347,16.21,0.3124,19.179,30.68,86.16,DANGER,co2_buildup
2026-01-01 08:24:10,L01,main_tunnel,0.4309,16.26,0.3106,19.187,30.58,86.15,DANGER,co2_buildup
2026-01-01 08:24:15,L01,main_tunnel,0.4214,16.15,0.3153,19.189,30.62,86.15,DANGER,co2_buildup
2026-01-01 08:24:20,L01,main_tunnel,0.4064,16.21,0.3133,19.192,30.55,86.14,DANGER,co2_buildup
2026-01-01 08:24:25,L01,main_tunnel,0.4204,16.13,0.3152,19.201,30.53,86.15,DANGER,co2_buildup
2026-01-01 08:24:30,L01,main_tunnel,0.4143,16.02,0.316,19.187,30.55,86.14,DANGER,co2_buildup
2026-01-01 08:24:35,L01,main_tunnel,0.4031,16.05,0.3159,19.208,30.49,86.14,DANGER,co2_buildup
2026-01-01 08:24:40,L01,main_tunnel,0.3999,15.96,0.318,19.205,30.42,86.12,DANGER,co2_buildup
2026-01-01 08:24:45,L01,main_tunnel,0.3972,15.95,0.317,19.204,30.37,86.11,DANGER,co2_buildup
2026-01-01 08:24:50,L01,main_tunnel,0.3799,15.89,0.32,19.22,30.29,86.1,DANGER,co2_buildup
2026-01-01 08:24:55,L01,main_tunnel,0.3807,15.79,0.317,19.228,30.3,86.09,DANGER,co2_buildup
2026-01-01 08:25:00,L01,main_tunnel,0.3831,15.75,0.3202,19.225,30.29,86.1,DANGER,co2_buildup
2026-01-01 08:25:05,L01,main_tunnel,0.366,15.78,0.3239,19.235,30.23,86.1,DANGER,co2_buildup
2026-01-01 08:25:10,L01,main_tunnel,0.3697,15.67,0.3198,19.242,30.22,86.07,DANGER,co2_buildup
2026-01-01 08:25:15,L01,main_tunnel,0.3549,15.63,0.321,19.245,30.2,86.07,DANGER,co2_buildup
2026-01-01 08:25:20,L01,main_tunnel,0.3602,15.56,0.3238,19.251,30.15,86.07,DANGER,co2_buildup
2026-01-01 08:25:25,L01,main_tunnel,0.3521,15.57,0.3239,19.251,30.1,86.06,DANGER,co2_buildup
2026-01-01 08:25:30,L01,main_tunnel,0.3377,15.6,0.325,19.252,30.1,86.05,DANGER,co2_buildup
2026-01-01 08:25:35,L01,main_tunnel,0.3485,15.42,0.3259,19.248,30.07,86.05,DANGER,co2_buildup
2026-01-01 08:25:40,L01,main_tunnel,0.3323,15.42,0.3269,19.259,29.99,86.04,DANGER,co2_buildup
2026-01-01 08:25:45,L01,main_tunnel,0.3266,15.44,0.3284,19.261,30.04,86.03,DANGER,co2_buildup
2026-01-01 08:25:50,L01,main_tunnel,0.3286,16.07,0.3267,19.248,29.99,86.05,DANGER,ventilation_failure
2026-01-01 08:25:55,L01,main_tunnel,0.358,16.23,0.3291,19.226,30.0,86.03,DANGER,ventilation_failure
2026-01-01 08:26:00,L01,main_tunnel,0.3574,16.76,0.3337,19.234,29.99,86.01,DANGER,ventilation_failure
2026-01-01 08:26:05,L01,main_tunnel,0.3588,17.7,0.3285,19.215,30.0,86.01,DANGER,ventilation_failure
2026-01-01 08:26:10,L01,main_tunnel,0.3792,18.56,0.3257,19.211,30.0,85.98,DANGER,ventilation_failure
2026-01-01 08:26:15,L01,main_tunnel,0.3788,19.35,0.3359,19.203,30.0,85.99,DANGER,ventilation_failure
2026-01-01 08:26:20,L01,main_tunnel,0.4045,20.01,0.3419,19.188,30.01,85.98,DANGER,ventilation_failure
2026-01-01 08:26:25,L01,main_tunnel,0.4064,20.41,0.3422,19.199,30.02,85.96,DANGER,ventilation_failure
2026-01-01 08:26:30,L01,main_tunnel,0.4117,20.94,0.3413,19.173,30.01,85.95,DANGER,ventilation_failure
2026-01-01 08:26:35,L01,main_tunnel,0.4276,21.68,0.3412,19.161,30.02,85.95,DANGER,ventilation_failure
2026-01-01 08:26:40,L01,main_tunnel,0.4169,22.36,0.3464,19.153,30.01,85.93,DANGER,ventilation_failure
2026-01-01 08:26:45,L01,main_tunnel,0.4317,23.94,0.3435,19.12,30.02,85.93,DANGER,ventilation_failure
2026-01-01 08:26:50,L01,main_tunnel,0.4412,24.3,0.3491,19.134,30.02,85.94,DANGER,ventilation_failure
2026-01-01 08:26:55,L01,main_tunnel,0.4652,22.7,0.3509,19.109,30.02,85.9,DANGER,ventilation_failure
2026-01-01 08:27:00,L01,main_tunnel,0.4918,25.76,0.3541,19.106,30.03,85.89,DANGER,ventilation_failure
2026-01-01 08:27:05,L01,main_tunnel,0.5071,26.17,0.3603,19.074,30.03,85.88,DANGER,ventilation_failure
2026-01-01 08:27:10,L01,main_tunnel,0.5009,26.74,0.3559,19.056,30.03,85.88,DANGER,ventilation_failure
2026-01-01 08:27:15,L01,main_tunnel,0.5096,27.21,0.3553,19.072,30.04,85.87,DANGER,ventilation_failure
2026-01-01 08:27:20,L01,main_tunnel,0.4961,28.91,0.3584,19.055,30.04,85.85,DANGER,ventilation_failure
2026-01-01 08:27:25,L01,main_tunnel,0.5192,29.5,0.3556,19.028,30.05,85.86,DANGER,ventilation_failure
2026-01-01 08:27:30,L01,main_tunnel,0.5269,29.09,0.3601,19.016,30.05,85.85,DANGER,ventilation_failure
2026-01-01 08:27:35,L01,main_tunnel,0.5388,30.57,0.3627,19.028,30.04,85.82,DANGER,ventilation_failure
2026-01-01 08:27:40,L01,main_tunnel,0.5537,30.38,0.3641,18.989,30.05,85.8,CRITICAL,ventilation_failure
2026-01-01 08:27:45,L01,main_tunnel,0.5607,30.83,0.3677,19.011,30.05,85.82,DANGER,ventilation_failure
2026-01-01 08:27:50,L01,main_tunnel,0.5554,32.03,0.3669,18.968,30.05,85.79,CRITICAL,ventilation_failure
2026-01-01 08:27:55,L01,main_tunnel,0.5937,33.71,0.3737,18.975,30.06,85.8,CRITICAL,ventilation_failure
2026-01-01 08:28:00,L01,main_tunnel,0.5851,34.48,0.3726,18.951,30.06,85.76,CRITICAL,ventilation_failure
2026-01-01 08:28:05,L01,main_tunnel,0.6088,34.91,0.3743,18.951,30.06,85.78,CRITICAL,ventilation_failure
2026-01-01 08:28:10,L01,main_tunnel,0.6379,35.75,0.3752,18.925,30.07,85.75,CRITICAL,ventilation_failure
2026-01-01 08:28:15,L01,main_tunnel,0.6172,36.33,0.3783,18.918,30.07,85.76,CRITICAL,ventilation_failure
2026-01-01 08:28:20,L01,main_tunnel,0.6108,36.29,0.3818,18.908,30.07,85.74,CRITICAL,ventilation_failure
2026-01-01 08:28:25,L01,main_tunnel,0.6441,37.7,0.3791,18.884,30.08,85.72,CRITICAL,ventilation_failure
2026-01-01 08:28:30,L01,main_tunnel,0.6686,38.65,0.3815,18.893,30.07,85.71,CRITICAL,ventilation_failure
2026-01-01 08:28:35,L01,main_tunnel,0.6877,39.33,0.3842,18.866,30.08,85.72,CRITICAL,ventilation_failure
2026-01-01 08:28:40,L01,main_tunnel,0.665,40.32,0.3832,18.858,30.09,85.7,CRITICAL,ventilation_failure
2026-01-01 08:28:45,L01,main_tunnel,0.693,40.72,0.3863,18.837,30.09,85.69,CRITICAL,ventilation_failure
2026-01-01 08:28:50,L01,main_tunnel,0.6932,41.2,0.389,18.806,30.09,85.7,CRITICAL,ventilation_failure
2026-01-01 08:28:55,L01,main_tunnel,0.7071,42.38,0.3943,18.822,30.09,85.65,CRITICAL,ventilation_failure
2026-01-01 08:29:00,L01,main_tunnel,0.7457,42.37,0.3945,18.841,30.09,85.68,CRITICAL,ventilation_failure
2026-01-01 08:29:05,L01,main_tunnel,0.7131,42.53,0.3961,18.81,30.1,85.65,CRITICAL,ventilation_failure
2026-01-01 08:29:10,L01,main_tunnel,0.7414,43.71,0.3996,18.789,30.09,85.63,CRITICAL,ventilation_failure
2026-01-01 08:29:15,L01,main_tunnel,0.7538,44.04,0.3987,18.774,30.11,85.62,CRITICAL,ventilation_failure
2026-01-01 08:29:20,L01,main_tunnel,0.7704,44.79,0.4019,18.765,30.1,85.62,CRITICAL,ventilation_failure
2026-01-01 08:29:25,L01,main_tunnel,0.7704,45.85,0.4024,18.76,30.11,85.62,CRITICAL,ventilation_failure
2026-01-01 08:29:30,L01,main_tunnel,0.7827,46.14,0.4051,18.727,30.11,85.6,CRITICAL,ventilation_failure
2026-01-01 08:29:35,L01,main_tunnel,0.7857,47.17,0.4046,18.743,30.11,85.61,CRITICAL,ventilation_failure
2026-01-01 08:29:40,L01,main_tunnel,0.8027,46.84,0.4016,18.726,30.11,85.57,CRITICAL,ventilation_failure
2026-01-01 08:29:45,L01,main_tunnel,0.8066,48.93,0.4094,18.714,30.12,85.57,CRITICAL,ventilation_failure
2026-01-01 08:29:50,L01,main_tunnel,0.8267,49.5,0.4152,18.699,30.13,85.55,CRITICAL,ventilation_failure
2026-01-01 08:29:55,L01,main_tunnel,0.8267,49.68,0.4157,18.682,30.12,85.55,CRITICAL,ventilation_failure
2026-01-01 08:30:00,L01,main_tunnel,0.8446,51.35,0.4175,18.678,30.13,85.55,CRITICAL,ventilation_failure
2026-01-01 08:30:05,L01,main_tunnel,0.8505,52.24,0.42,18.665,30.13,85.53,CRITICAL,ventilation_failure
2026-01-01 08:30:10,L01,main_tunnel,0.8727,51.3,0.4188,18.642,30.13,85.49,CRITICAL,ventilation_failure
2026-01-01 08:30:15,L01,main_tunnel,0.8707,52.56,0.4208,18.627,30.13,85.51,CRITICAL,ventilation_failure
2026-01-01 08:30:20,L01,main_tunnel,0.8631,53.26,0.4205,18.623,30.13,85.51,CRITICAL,ventilation_failure
2026-01-01 08:30:25,L01,main_tunnel,0.9046,53.86,0.423,18.629,30.14,85.5,CRITICAL,ventilation_failure
2026-01-01 08:30:30,L01,main_tunnel,0.8924,55.73,0.4272,18.584,30.15,85.49,CRITICAL,ventilation_failure
2026-01-01 08:30:35,L01,main_tunnel,0.9052,55.77,0.4305,18.569,30.14,85.46,CRITICAL,ventilation_failure
2026-01-01 08:30:40,L01,main_tunnel,0.916,56.44,0.4288,18.577,30.15,85.47,CRITICAL,ventilation_failure
2026-01-01 08:30:45,L01,main_tunnel,0.9465,56.01,0.4298,18.563,30.14,85.46,CRITICAL,ventilation_failure
2026-01-01 08:30:50,L01,main_tunnel,0.9205,58.44,0.4327,18.553,30.15,85.42,CRITICAL,ventilation_failure
2026-01-01 08:30:55,L01,main_tunnel,0.9851,57.93,0.436,18.542,30.16,85.44,CRITICAL,ventilation_failure
2026-01-01 08:31:00,L01,main_tunnel,0.948,58.97,0.4308,18.547,30.17,85.43,CRITICAL,fire_heat
2026-01-01 08:31:05,L01,main_tunnel,0.9464,58.61,0.4273,18.564,30.45,85.45,CRITICAL,fire_heat
2026-01-01 08:31:10,L01,main_tunnel,0.9321,58.31,0.4289,18.574,30.34,85.32,CRITICAL,fire_heat
2026-01-01 08:31:15,L01,main_tunnel,0.9256,57.92,0.4251,18.602,30.37,85.02,CRITICAL,fire_heat
2026-01-01 08:31:20,L01,main_tunnel,0.9314,57.64,0.4188,18.614,30.54,84.82,CRITICAL,fire_heat
2026-01-01 08:31:25,L01,main_tunnel,0.9121,57.19,0.4191,18.603,30.59,84.83,CRITICAL,fire_heat
2026-01-01 08:31:30,L01,main_tunnel,0.9183,57.26,0.413,18.654,30.66,84.65,CRITICAL,fire_heat
2026-01-01 08:31:35,L01,main_tunnel,0.9103,56.91,0.4109,18.671,30.76,84.61,CRITICAL,fire_heat
2026-01-01 08:31:40,L01,main_tunnel,0.8886,56.65,0.4153,18.661,30.94,84.63,CRITICAL,fire_heat
2026-01-01 08:31:45,L01,main_tunnel,0.8893,56.12,0.4108,18.691,30.79,84.34,CRITICAL,fire_heat
2026-01-01 08:31:50,L01,main_tunnel,0.8959,55.43,0.3972,18.718,30.98,84.26,CRITICAL,fire_heat
2026-01-01 08:31:55,L01,main_tunnel,0.8742,55.98,0.4024,18.721,30.96,84.16,CRITICAL,fire_heat
2026-01-01 08:32:00,L01,main_tunnel,0.8713,55.3,0.3991,18.759,31.15,84.13,CRITICAL,fire_heat
2026-01-01 08:32:05,L01,main_tunnel,0.8712,54.93,0.3882,18.797,31.12,83.68,CRITICAL,fire_heat
2026-01-01 08:32:10,L01,main_tunnel,0.8669,55.05,0.3927,18.762,31.24,83.74,CRITICAL,fire_heat
2026-01-01 08:32:15,L01,main_tunnel,0.8532,54.49,0.3923,18.769,31.32,83.71,CRITICAL,fire_heat
2026-01-01 08:32:20,L01,main_tunnel,0.8443,54.59,0.3786,18.813,31.5,83.7,CRITICAL,fire_heat
2026-01-01 08:32:25,L01,main_tunnel,0.8518,54.2,0.3762,18.837,31.57,83.4,CRITICAL,fire_heat
2026-01-01 08:32:30,L01,main_tunnel,0.8475,53.94,0.3806,18.838,31.49,83.13,CRITICAL,fire_heat
2026-01-01 08:32:35,L01,main_tunnel,0.8357,53.14,0.3745,18.883,31.67,83.29,CRITICAL,fire_heat
2026-01-01 08:32:40,L01,main_tunnel,0.823,53.52,0.3723,18.854,31.69,83.04,CRITICAL,fire_heat
2026-01-01 08:32:45,L01,main_tunnel,0.8102,53.0,0.3683,18.904,31.73,82.86,CRITICAL,fire_heat
2026-01-01 08:32:50,L01,main_tunnel,0.8036,52.57,0.3653,18.899,31.89,82.8,CRITICAL,fire_heat
2026-01-01 08:32:55,L01,main_tunnel,0.8065,52.42,0.3553,18.954,31.96,82.73,CRITICAL,fire_heat
2026-01-01 08:33:00,L01,main_tunnel,0.7992,51.66,0.3614,18.976,32.24,82.57,CRITICAL,fire_heat
2026-01-01 08:33:05,L01,main_tunnel,0.7995,51.93,0.3587,18.947,32.17,82.28,CRITICAL,fire_heat
2026-01-01 08:33:10,L01,main_tunnel,0.7878,51.29,0.35,18.968,32.12,82.5,CRITICAL,fire_heat
2026-01-01 08:33:15,L01,main_tunnel,0.7663,50.93,0.3475,19.007,32.26,82.43,CRITICAL,fire_heat
2026-01-01 08:33:20,L01,main_tunnel,0.7776,50.61,0.3384,19.004,32.45,82.24,CRITICAL,fire_heat
2026-01-01 08:33:25,L01,main_tunnel,0.7568,51.01,0.3433,19.026,32.61,81.93,CRITICAL,fire_heat
2026-01-01 08:33:30,L01,main_tunnel,0.7545,50.29,0.3403,19.044,32.42,81.92,CRITICAL,fire_heat
2026-01-01 08:33:35,L01,main_tunnel,0.7524,50.56,0.3346,19.029,32.48,81.82,CRITICAL,fire_heat
2026-01-01 08:33:40,L01,main_tunnel,0.7581,49.76,0.336,19.077,32.83,81.77,CRITICAL,fire_heat
2026-01-01 08:33:45,L01,main_tunnel,0.7593,49.18,0.3271,19.083,32.8,81.66,CRITICAL,fire_heat
2026-01-01 08:33:50,L01,main_tunnel,0.7353,49.06,0.3274,19.103,32.79,81.4,CRITICAL,fire_heat
2026-01-01 08:33:55,L01,main_tunnel,0.7233,49.38,0.3179,19.152,32.97,81.37,CRITICAL,fire_heat
2026-01-01 08:34:00,L01,main_tunnel,0.7218,48.75,0.3186,19.124,32.82,81.29,CRITICAL,fire_heat
2026-01-01 08:34:05,L01,main_tunnel,0.7177,48.37,0.3148,19.175,33.09,81.28,CRITICAL,fire_heat
2026-01-01 08:34:10,L01,main_tunnel,0.7028,48.28,0.3132,19.174,33.2,81.08,CRITICAL,fire_heat
2026-01-01 08:34:15,L01,main_tunnel,0.711,48.09,0.3076,19.191,33.32,80.98,CRITICAL,fire_heat
2026-01-01 08:34:20,L01,main_tunnel,0.6936,47.97,0.3054,19.225,33.26,80.78,CRITICAL,fire_heat
2026-01-01 08:34:25,L01,main_tunnel,0.689,47.77,0.3059,19.235,33.42,80.81,CRITICAL,fire_heat
2026-01-01 08:34:30,L01,main_tunnel,0.6836,47.04,0.2977,19.255,33.42,80.59,DANGER,fire_heat
2026-01-01 08:34:35,L01,main_tunnel,0.6754,46.52,0.2899,19.279,33.59,80.33,DANGER,fire_heat
2026-01-01 08:34:40,L01,main_tunnel,0.6718,46.47,0.2999,19.274,33.58,80.46,DANGER,fire_heat
2026-01-01 08:34:45,L01,main_tunnel,0.6551,46.37,0.2952,19.286,33.7,80.27,DANGER,fire_heat
2026-01-01 08:34:50,L01,main_tunnel,0.649,45.78,0.2815,19.295,33.74,80.03,DANGER,fire_heat
2026-01-01 08:34:55,L01,main_tunnel,0.6387,45.51,0.2861,19.316,33.94,79.91,DANGER,fire_heat
2026-01-01 08:35:00,L01,main_tunnel,0.6429,45.56,0.2782,19.395,34.03,79.88,DANGER,fire_heat
2026-01-01 08:35:05,L01,main_tunnel,0.6388,45.18,0.278,19.384,34.03,79.78,DANGER,fire_heat
2026-01-01 08:35:10,L01,main_tunnel,0.63,44.93,0.2749,19.358,34.13,79.63,DANGER,fire_heat
2026-01-01 08:35:15,L01,main_tunnel,0.632,44.45,0.2696,19.376,34.1,79.53,DANGER,fire_heat
2026-01-01 08:35:20,L01,main_tunnel,0.6138,44.31,0.2642,19.422,34.26,79.56,DANGER,fire_heat
2026-01-01 08:35:25,L01,main_tunnel,0.6119,43.86,0.2614,19.44,34.36,79.38,DANGER,fire_heat
2026-01-01 08:35:30,L01,main_tunnel,0.5932,44.04,0.2573,19.457,34.64,79.17,DANGER,fire_heat
2026-01-01 08:35:35,L01,main_tunnel,0.5915,43.8,0.2544,19.46,34.44,79.13,DANGER,fire_heat
2026-01-01 08:35:40,L01,main_tunnel,0.5926,42.79,0.2542,19.479,34.71,78.8,DANGER,fire_heat
2026-01-01 08:35:45,L01,main_tunnel,0.5871,42.75,0.2484,19.504,34.76,78.84,DANGER,fire_heat
2026-01-01 08:35:50,L01,main_tunnel,0.5726,42.33,0.2507,19.516,34.78,78.88,DANGER,fire_heat
2026-01-01 08:35:55,L01,main_tunnel,0.5677,42.27,0.2507,19.495,34.97,78.54,DANGER,fire_heat
2026-01-01 08:36:00,L01,main_tunnel,0.5511,42.13,0.2393,19.545,34.95,78.36,DANGER,fire_heat
2026-01-01 08:36:05,L01,main_tunnel,0.5527,41.51,0.2393,19.552,35.03,78.26,DANGER,fire_heat
2026-01-01 08:36:10,L01,main_tunnel,0.5478,42.07,0.2329,19.553,35.09,78.37,DANGER,combined_hazard
2026-01-01 08:36:15,L01,main_tunnel,0.5746,42.46,0.2373,19.536,35.39,78.7,DANGER,combined_hazard
2026-01-01 08:36:20,L01,main_tunnel,0.5737,42.32,0.2434,19.516,35.26,78.78,DANGER,combined_hazard
2026-01-01 08:36:25,L01,main_tunnel,0.5851,42.85,0.2477,19.524,35.51,78.88,DANGER,combined_hazard
2026-01-01 08:36:30,L01,main_tunnel,0.5788,43.72,0.2494,19.466,35.57,78.72,CRITICAL,combined_hazard
2026-01-01 08:36:35,L01,main_tunnel,0.5982,43.28,0.2507,19.473,35.88,79.0,CRITICAL,combined_hazard
2026-01-01 08:36:40,L01,main_tunnel,0.5898,43.42,0.2581,19.474,35.74,79.31,CRITICAL,combined_hazard
2026-01-01 08:36:45,L01,main_tunnel,0.613,44.5,0.2647,19.42,36.08,79.51,CRITICAL,combined_hazard
2026-01-01 08:36:50,L01,main_tunnel,0.6144,44.96,0.2702,19.397,36.09,79.47,CRITICAL,combined_hazard
2026-01-01 08:36:55,L01,main_tunnel,0.6247,44.68,0.2686,19.387,36.25,80.21,CRITICAL,combined_hazard
2026-01-01 08:37:00,L01,main_tunnel,0.618,45.29,0.2729,19.396,36.41,80.23,CRITICAL,combined_hazard
2026-01-01 08:37:05,L01,main_tunnel,0.6275,45.7,0.2742,19.357,36.57,80.25,CRITICAL,combined_hazard
2026-01-01 08:37:10,L01,main_tunnel,0.6468,45.38,0.2819,19.323,36.66,80.33,CRITICAL,combined_hazard
2026-01-01 08:37:15,L01,main_tunnel,0.6416,45.77,0.2819,19.324,36.85,80.45,CRITICAL,combined_hazard
2026-01-01 08:37:20,L01,main_tunnel,0.6602,46.6,0.292,19.273,37.17,80.5,CRITICAL,combined_hazard
2026-01-01 08:37:25,L01,main_tunnel,0.6527,47.05,0.2849,19.289,37.23,80.83,CRITICAL,combined_hazard
2026-01-01 08:37:30,L01,main_tunnel,0.6778,47.02,0.295,19.265,37.35,81.02,CRITICAL,combined_hazard
2026-01-01 08:37:35,L01,main_tunnel,0.6682,46.89,0.3017,19.231,37.31,80.95,CRITICAL,combined_hazard
2026-01-01 08:37:40,L01,main_tunnel,0.6898,48.08,0.3048,19.201,37.39,81.37,CRITICAL,combined_hazard
2026-01-01 08:37:45,L01,main_tunnel,0.6977,47.62,0.3199,19.181,37.78,81.45,CRITICAL,combined_hazard
2026-01-01 08:37:50,L01,main_tunnel,0.6943,47.99,0.3128,19.19,37.91,81.33,CRITICAL,combined_hazard
2026-01-01 08:37:55,L01,main_tunnel,0.7118,48.51,0.3103,19.184,38.14,81.67,CRITICAL,combined_hazard
2026-01-01 08:38:00,L01,main_tunnel,0.7164,49.19,0.3181,19.128,37.99,81.91,CRITICAL,combined_hazard
2026-01-01 08:38:05,L01,main_tunnel,0.7172,49.28,0.3141,19.13,38.18,82.45,CRITICAL,combined_hazard
2026-01-01 08:38:10,L01,main_tunnel,0.7207,49.46,0.3254,19.06,38.13,82.4,CRITICAL,combined_hazard
2026-01-01 08:38:15,L01,main_tunnel,0.7202,49.79,0.3257,19.071,38.44,82.26,CRITICAL,combined_hazard
2026-01-01 08:38:20,L01,main_tunnel,0.7461,49.97,0.3373,19.063,38.77,82.72,CRITICAL,combined_hazard
2026-01-01 08:38:25,L01,main_tunnel,0.7379,50.44,0.3342,19.026,38.71,82.55,CRITICAL,combined_hazard
2026-01-01 08:38:30,L01,main_tunnel,0.7585,49.81,0.3399,19.006,39.0,83.15,CRITICAL,combined_hazard
2026-01-01 08:38:35,L01,main_tunnel,0.7629,50.8,0.3411,18.992,39.02,83.06,CRITICAL,combined_hazard
2026-01-01 08:38:40,L01,main_tunnel,0.7777,51.27,0.3556,18.992,39.23,83.29,CRITICAL,combined_hazard
2026-01-01 08:38:45,L01,main_tunnel,0.777,51.16,0.3499,18.963,39.17,83.68,CRITICAL,combined_hazard
2026-01-01 08:38:50,L01,main_tunnel,0.7841,51.94,0.3633,18.903,39.48,83.42,CRITICAL,combined_hazard
2026-01-01 08:38:55,L01,main_tunnel,0.7998,52.07,0.3623,18.886,39.2,83.57,CRITICAL,combined_hazard
2026-01-01 08:39:00,L01,main_tunnel,0.8039,52.98,0.3645,18.897,39.72,83.87,CRITICAL,combined_hazard
2026-01-01 08:39:05,L01,main_tunnel,0.811,53.23,0.3676,18.898,39.66,84.3,CRITICAL,combined_hazard
2026-01-01 08:39:10,L01,main_tunnel,0.8194,52.92,0.3713,18.816,40.19,84.05,CRITICAL,combined_hazard
2026-01-01 08:39:15,L01,main_tunnel,0.8105,53.33,0.3644,18.841,40.27,84.0,CRITICAL,combined_hazard
2026-01-01 08:39:20,L01,main_tunnel,0.8362,53.66,0.3756,18.821,40.37,84.55,CRITICAL,combined_hazard
2026-01-01 08:39:25,L01,main_tunnel,0.8423,53.86,0.3843,18.84,40.66,84.88,CRITICAL,combined_hazard
2026-01-01 08:39:30,L01,main_tunnel,0.8364,54.37,0.3839,18.785,40.46,85.15,CRITICAL,combined_hazard
2026-01-01 08:39:35,L01,main_tunnel,0.8499,54.39,0.3814,18.781,40.97,85.05,CRITICAL,combined_hazard
2026-01-01 08:39:40,L01,main_tunnel,0.8588,54.58,0.3912,18.757,40.99,85.22,CRITICAL,combined_hazard
2026-01-01 08:39:45,L01,main_tunnel,0.8652,55.43,0.4028,18.693,40.97,85.64,CRITICAL,combined_hazard
2026-01-01 08:39:50,L01,main_tunnel,0.8762,55.74,0.4044,18.731,41.3,85.32,CRITICAL,combined_hazard
2026-01-01 08:39:55,L01,main_tunnel,0.8923,55.62,0.4021,18.7,41.13,85.72,CRITICAL,combined_hazard
2026-01-01 08:40:00,L01,main_tunnel,0.8967,56.44,0.4103,18.687,41.31,85.98,CRITICAL,combined_hazard
2026-01-01 08:40:05,L01,main_tunnel,0.8847,56.29,0.408,18.735,41.48,86.19,CRITICAL,combined_hazard
2026-01-01 08:40:10,L01,main_tunnel,0.9075,56.87,0.4055,18.597,41.63,86.2,CRITICAL,combined_hazard
2026-01-01 08:40:15,L01,main_tunnel,0.9204,57.35,0.4127,18.653,41.7,86.45,CRITICAL,combined_hazard
2026-01-01 08:40:20,L01,main_tunnel,0.9201,57.4,0.4277,18.594,42.15,86.21,CRITICAL,combined_hazard
2026-01-01 08:40:25,L01,main_tunnel,0.933,57.86,0.423,18.586,42.09,86.67,CRITICAL,combined_hazard
2026-01-01 08:40:30,L01,main_tunnel,0.9477,57.88,0.4267,18.56,42.31,87.02,CRITICAL,combined_hazard
2026-01-01 08:40:35,L01,main_tunnel,0.9469,58.29,0.4301,18.533,42.32,86.95,CRITICAL,combined_hazard
2026-01-01 08:40:40,L01,main_tunnel,0.9479,58.59,0.4438,18.511,42.29,87.29,CRITICAL,combined_hazard
2026-01-01 08:40:45,L01,main_tunnel,0.9616,58.74,0.4462,18.51,42.72,87.51,CRITICAL,combined_hazard
2026-01-01 08:40:50,L01,main_tunnel,0.9616,59.22,0.4525,18.454,42.56,87.55,CRITICAL,combined_hazard
2026-01-01 08:40:55,L01,main_tunnel,0.9678,59.12,0.4453,18.479,42.95,87.8,CRITICAL,combined_hazard
2026-01-01 08:41:00,L01,main_tunnel,0.972,59.75,0.4511,18.437,42.91,87.78,CRITICAL,combined_hazard
2026-01-01 08:41:05,L01,main_tunnel,0.9947,60.12,0.4465,18.403,43.51,88.07,CRITICAL,combined_hazard
2026-01-01 08:41:10,L01,main_tunnel,0.9828,60.44,0.4637,18.397,43.51,88.37,CRITICAL,combined_hazard
2026-01-01 08:41:15,L01,main_tunnel,1.0089,60.76,0.4553,18.412,43.53,88.46,CRITICAL,combined_hazard
2026-01-01 08:41:20,L01,main_tunnel,1.0078,61.12,0.4653,18.357,43.83,88.51,CRITICAL,combined_hazard
2026-01-01 08:41:25,L01,main_tunnel,0.9998,61.6,0.4629,18.356,43.68,88.8,CRITICAL,combined_hazard
2026-01-01 08:41:30,L01,main_tunnel,1.0213,62.03,0.4689,18.315,44.01,89.05,CRITICAL,combined_hazard
2026-01-01 08:41:35,L01,main_tunnel,1.0086,61.88,0.4714,18.325,44.11,88.77,CRITICAL,combined_hazard
2026-01-01 08:00:00,L02,ventilation_area,0.1264,7.17,0.0877,20.644,26.51,68.33,SAFE,normal
2026-01-01 08:00:05,L02,ventilation_area,0.1284,7.17,0.0886,20.645,26.54,68.29,SAFE,normal
2026-01-01 08:00:10,L02,ventilation_area,0.1303,7.18,0.0882,20.644,26.62,68.24,SAFE,normal
2026-01-01 08:00:15,L02,ventilation_area,0.1299,7.18,0.0904,20.642,26.6,68.17,SAFE,normal
2026-01-01 08:00:20,L02,ventilation_area,0.131,7.19,0.0878,20.643,26.59,68.22,SAFE,normal
2026-01-01 08:00:25,L02,ventilation_area,0.131,7.2,0.09,20.639,26.68,68.2,SAFE,normal
2026-01-01 08:00:30,L02,ventilation_area,0.1301,7.19,0.09,20.642,26.77,68.04,SAFE,normal
2026-01-01 08:00:35,L02,ventilation_area,0.1338,7.21,0.0911,20.641,26.71,68.02,SAFE,normal
2026-01-01 08:00:40,L02,ventilation_area,0.1369,7.21,0.0888,20.641,26.76,68.01,SAFE,normal
2026-01-01 08:00:45,L02,ventilation_area,0.1347,7.21,0.09,20.641,26.82,67.95,SAFE,normal
2026-01-01 08:00:50,L02,ventilation_area,0.1358,7.22,0.0916,20.639,26.84,67.97,SAFE,normal
2026-01-01 08:00:55,L02,ventilation_area,0.1372,7.22,0.0887,20.638,26.85,67.88,SAFE,normal
2026-01-01 08:01:00,L02,ventilation_area,0.1347,7.22,0.0878,20.636,26.95,67.95,SAFE,normal
2026-01-01 08:01:05,L02,ventilation_area,0.1403,7.24,0.0875,20.635,27.03,67.88,SAFE,normal
2026-01-01 08:01:10,L02,ventilation_area,0.1385,7.24,0.0902,20.638,26.99,67.81,SAFE,normal
2026-01-01 08:01:15,L02,ventilation_area,0.1416,7.25,0.0875,20.637,26.99,67.8,SAFE,normal
2026-01-01 08:01:20,L02,ventilation_area,0.1384,7.26,0.0891,20.634,27.0,67.76,SAFE,normal
2026-01-01 08:01:25,L02,ventilation_area,0.1433,7.25,0.09,20.634,27.1,67.67,SAFE,normal
2026-01-01 08:01:30,L02,ventilation_area,0.1423,7.26,0.0898,20.632,27.16,67.62,SAFE,normal
2026-01-01 08:01:35,L02,ventilation_area,0.1426,7.27,0.0901,20.634,27.18,67.62,SAFE,normal
2026-01-01 08:01:40,L02,ventilation_area,0.1428,7.28,0.0899,20.633,27.2,67.61,SAFE,normal
2026-01-01 08:01:45,L02,ventilation_area,0.1427,7.26,0.091,20.634,27.21,67.54,SAFE,normal
2026-01-01 08:01:50,L02,ventilation_area,0.1458,7.28,0.0888,20.629,27.23,67.45,SAFE,normal
2026-01-01 08:01:55,L02,ventilation_area,0.1447,7.28,0.0891,20.629,27.33,67.44,SAFE,normal
2026-01-01 08:02:00,L02,ventilation_area,0.142,7.3,0.089,20.63,27.37,67.42,SAFE,normal
2026-01-01 08:02:05,L02,ventilation_area,0.1441,7.3,0.0907,20.63,27.32,67.39,SAFE,normal
2026-01-01 08:02:10,L02,ventilation_area,0.1463,7.3,0.0909,20.628,27.46,67.42,SAFE,normal
2026-01-01 08:02:15,L02,ventilation_area,0.1478,7.3,0.0904,20.626,27.46,67.27,SAFE,normal
2026-01-01 08:02:20,L02,ventilation_area,0.1479,7.31,0.0912,20.628,27.52,67.3,SAFE,normal
2026-01-01 08:02:25,L02,ventilation_area,0.1507,7.31,0.0888,20.627,27.47,67.29,SAFE,normal
2026-01-01 08:02:30,L02,ventilation_area,0.1462,7.33,0.0918,20.624,27.5,67.28,SAFE,normal
2026-01-01 08:02:35,L02,ventilation_area,0.1504,7.33,0.0917,20.627,27.58,67.15,SAFE,normal
2026-01-01 08:02:40,L02,ventilation_area,0.1478,7.32,0.0909,20.626,27.63,67.15,SAFE,normal
2026-01-01 08:02:45,L02,ventilation_area,0.1528,7.34,0.092,20.624,27.71,67.11,SAFE,normal
2026-01-01 08:02:50,L02,ventilation_area,0.1521,7.34,0.0885,20.623,27.71,67.06,SAFE,normal
2026-01-01 08:02:55,L02,ventilation_area,0.1536,7.34,0.0897,20.623,27.71,67.01,SAFE,normal
2026-01-01 08:03:00,L02,ventilation_area,0.1522,7.35,0.0896,20.62,27.72,67.0,SAFE,normal
2026-01-01 08:03:05,L02,ventilation_area,0.1564,7.36,0.0911,20.621,27.83,66.86,SAFE,normal
2026-01-01 08:03:10,L02,ventilation_area,0.1568,7.37,0.0893,20.617,27.79,66.93,SAFE,normal
2026-01-01 08:03:15,L02,ventilation_area,0.1567,7.37,0.0912,20.621,27.92,66.87,SAFE,normal
2026-01-01 08:03:20,L02,ventilation_area,0.1562,7.37,0.0919,20.617,27.89,66.82,SAFE,normal
2026-01-01 08:03:25,L02,ventilation_area,0.1581,7.38,0.0912,20.621,27.98,66.87,SAFE,normal
2026-01-01 08:03:30,L02,ventilation_area,0.1567,7.38,0.0909,20.617,27.99,66.73,SAFE,normal
2026-01-01 08:03:35,L02,ventilation_area,0.16,7.39,0.0896,20.617,28.0,66.71,SAFE,normal
2026-01-01 08:03:40,L02,ventilation_area,0.162,7.39,0.0898,20.615,28.02,66.75,SAFE,normal
2026-01-01 08:03:45,L02,ventilation_area,0.1617,7.39,0.092,20.615,28.06,66.62,SAFE,normal
2026-01-01 08:03:50,L02,ventilation_area,0.1595,7.4,0.0915,20.617,28.12,66.59,SAFE,normal
2026-01-01 08:03:55,L02,ventilation_area,0.1619,7.41,0.0907,20.611,28.14,66.57,SAFE,normal
2026-01-01 08:04:00,L02,ventilation_area,0.1599,7.42,0.0904,20.616,28.16,66.56,SAFE,normal
2026-01-01 08:04:05,L02,ventilation_area,0.1637,7.42,0.0887,20.614,28.21,66.51,SAFE,normal
2026-01-01 08:04:10,L02,ventilation_area,0.1642,7.42,0.0898,20.611,28.25,66.42,SAFE,normal
2026-01-01 08:04:15,L02,ventilation_area,0.1611,7.44,0.0929,20.61,28.21,66.4,SAFE,normal
2026-01-01 08:04:20,L02,ventilation_area,0.163,7.43,0.0896,20.614,28.33,66.36,SAFE,normal
2026-01-01 08:04:25,L02,ventilation_area,0.1651,7.45,0.0912,20.609,28.32,66.35,SAFE,normal
2026-01-01 08:04:30,L02,ventilation_area,0.1658,7.44,0.0921,20.608,28.35,66.33,SAFE,normal
2026-01-01 08:04:35,L02,ventilation_area,0.165,7.45,0.0898,20.611,28.37,66.29,SAFE,normal
2026-01-01 08:04:40,L02,ventilation_area,0.1683,7.45,0.0913,20.609,28.4,66.18,SAFE,normal
2026-01-01 08:04:45,L02,ventilation_area,0.1688,7.46,0.0921,20.607,28.45,66.24,SAFE,normal
2026-01-01 08:04:50,L02,ventilation_area,0.1688,7.47,0.0912,20.608,28.5,66.17,SAFE,normal
2026-01-01 08:04:55,L02,ventilation_area,0.1685,7.48,0.0942,20.605,28.63,66.17,SAFE,normal
2026-01-01 08:05:00,L02,ventilation_area,0.1722,7.48,0.0895,20.608,28.58,66.1,SAFE,normal
2026-01-01 08:05:05,L02,ventilation_area,0.1739,7.49,0.0924,20.607,28.64,66.09,SAFE,normal
2026-01-01 08:05:10,L02,ventilation_area,0.179,7.46,0.0918,20.597,28.64,65.62,SAFE,methane_buildup
2026-01-01 08:05:15,L02,ventilation_area,0.1676,7.57,0.0909,20.602,28.63,66.3,SAFE,methane_buildup
2026-01-01 08:05:20,L02,ventilation_area,0.1812,7.87,0.0891,20.606,28.67,66.76,SAFE,methane_buildup
2026-01-01 08:05:25,L02,ventilation_area,0.2166,7.79,0.0973,20.59,28.66,66.4,SAFE,methane_buildup
2026-01-01 08:05:30,L02,ventilation_area,0.2284,7.99,0.0979,20.587,28.68,66.79,SAFE,methane_buildup
2026-01-01 08:05:35,L02,ventilation_area,0.2319,8.12,0.0972,20.59,28.67,67.18,SAFE,methane_buildup
2026-01-01 08:05:40,L02,ventilation_area,0.256,8.18,0.0988,20.576,28.69,67.58,SAFE,methane_buildup
2026-01-01 08:05:45,L02,ventilation_area,0.2895,8.21,0.1017,20.576,28.7,67.46,SAFE,methane_buildup
2026-01-01 08:05:50,L02,ventilation_area,0.2912,8.53,0.1011,20.578,28.71,67.62,SAFE,methane_buildup
2026-01-01 08:05:55,L02,ventilation_area,0.2799,8.61,0.1036,20.569,28.72,67.59,SAFE,methane_buildup
2026-01-01 08:06:00,L02,ventilation_area,0.3078,8.8,0.1023,20.567,28.73,68.21,SAFE,methane_buildup
2026-01-01 08:06:05,L02,ventilation_area,0.3121,8.81,0.1068,20.567,28.73,68.8,SAFE,methane_buildup
2026-01-01 08:06:10,L02,ventilation_area,0.3316,9.14,0.1059,20.562,28.73,68.67,SAFE,methane_buildup
2026-01-01 08:06:15,L02,ventilation_area,0.3451,9.02,0.1068,20.558,28.75,68.82,SAFE,methane_buildup
2026-01-01 08:06:20,L02,ventilation_area,0.358,9.45,0.1049,20.551,28.76,69.1,SAFE,methane_buildup
2026-01-01 08:06:25,L02,ventilation_area,0.3612,9.17,0.1093,20.55,28.76,69.25,SAFE,methane_buildup
2026-01-01 08:06:30,L02,ventilation_area,0.3904,9.55,0.1082,20.544,28.78,69.31,SAFE,methane_buildup
2026-01-01 08:06:35,L02,ventilation_area,0.3983,9.69,0.1097,20.543,28.79,69.84,SAFE,methane_buildup
2026-01-01 08:06:40,L02,ventilation_area,0.3799,9.66,0.1105,20.535,28.78,69.94,SAFE,methane_buildup
2026-01-01 08:06:45,L02,ventilation_area,0.4616,9.93,0.1112,20.533,28.79,70.11,SAFE,methane_buildup
2026-01-01 08:06:50,L02,ventilation_area,0.4623,10.16,0.1189,20.525,28.81,70.13,SAFE,methane_buildup
2026-01-01 08:06:55,L02,ventilation_area,0.4561,9.88,0.1184,20.526,28.82,70.79,SAFE,methane_buildup
2026-01-01 08:07:00,L02,ventilation_area,0.4753,10.32,0.1208,20.519,28.82,70.88,SAFE,methane_buildup
2026-01-01 08:07:05,L02,ventilation_area,0.4729,10.1,0.1155,20.514,28.85,70.85,SAFE,methane_buildup
2026-01-01 08:07:10,L02,ventilation_area,0.5258,10.4,0.1193,20.516,28.85,71.37,WARNING,methane_buildup
2026-01-01 08:07:15,L02,ventilation_area,0.5424,10.83,0.1177,20.512,28.85,71.29,WARNING,methane_buildup
2026-01-01 08:07:20,L02,ventilation_area,0.5324,10.7,0.1201,20.511,28.85,71.45,WARNING,methane_buildup
2026-01-01 08:07:25,L02,ventilation_area,0.5581,10.76,0.1208,20.501,28.86,71.67,WARNING,methane_buildup
2026-01-01 08:07:30,L02,ventilation_area,0.5603,10.99,0.1264,20.501,28.88,71.68,WARNING,methane_buildup
2026-01-01 08:07:35,L02,ventilation_area,0.5535,11.39,0.1242,20.498,28.87,72.34,WARNING,methane_buildup
2026-01-01 08:07:40,L02,ventilation_area,0.5799,11.06,0.1283,20.494,28.9,72.1,WARNING,methane_buildup
2026-01-01 08:07:45,L02,ventilation_area,0.6012,11.27,0.1285,20.485,28.9,72.43,WARNING,methane_buildup
2026-01-01 08:07:50,L02,ventilation_area,0.607,11.7,0.1332,20.485,28.94,72.48,WARNING,methane_buildup
2026-01-01 08:07:55,L02,ventilation_area,0.624,11.87,0.1266,20.482,28.94,73.08,WARNING,methane_buildup
2026-01-01 08:08:00,L02,ventilation_area,0.6396,11.76,0.1334,20.477,28.93,73.28,WARNING,methane_buildup
2026-01-01 08:08:05,L02,ventilation_area,0.6535,11.76,0.1343,20.464,28.94,73.46,WARNING,methane_buildup
2026-01-01 08:08:10,L02,ventilation_area,0.6692,12.27,0.1311,20.47,28.96,73.53,WARNING,methane_buildup
2026-01-01 08:08:15,L02,ventilation_area,0.6678,12.34,0.1363,20.475,28.97,73.72,WARNING,methane_buildup
2026-01-01 08:08:20,L02,ventilation_area,0.6863,12.36,0.1361,20.46,28.95,74.26,WARNING,methane_buildup
2026-01-01 08:08:25,L02,ventilation_area,0.6924,12.31,0.1361,20.455,28.96,74.27,WARNING,methane_buildup
2026-01-01 08:08:30,L02,ventilation_area,0.737,12.53,0.136,20.456,28.98,74.65,WARNING,methane_buildup
2026-01-01 08:08:35,L02,ventilation_area,0.7088,12.64,0.1374,20.452,29.0,74.63,WARNING,methane_buildup
2026-01-01 08:08:40,L02,ventilation_area,0.7671,12.82,0.1443,20.452,29.0,75.06,WARNING,methane_buildup
2026-01-01 08:08:45,L02,ventilation_area,0.784,13.08,0.1412,20.437,29.02,75.49,WARNING,methane_buildup
2026-01-01 08:08:50,L02,ventilation_area,0.7748,13.14,0.144,20.442,29.01,75.56,WARNING,methane_buildup
2026-01-01 08:08:55,L02,ventilation_area,0.7573,13.04,0.1419,20.438,29.0,75.58,WARNING,methane_buildup
2026-01-01 08:09:00,L02,ventilation_area,0.8016,13.45,0.1431,20.431,29.04,75.92,WARNING,methane_buildup
2026-01-01 08:09:05,L02,ventilation_area,0.8195,13.45,0.1481,20.429,29.03,76.04,WARNING,methane_buildup
2026-01-01 08:09:10,L02,ventilation_area,0.8204,13.62,0.1442,20.429,29.03,76.3,WARNING,methane_buildup
2026-01-01 08:09:15,L02,ventilation_area,0.841,13.84,0.1473,20.424,29.06,76.45,WARNING,methane_buildup
2026-01-01 08:09:20,L02,ventilation_area,0.8827,13.67,0.1494,20.411,29.08,76.7,WARNING,methane_buildup
2026-01-01 08:09:25,L02,ventilation_area,0.8847,13.92,0.1507,20.416,29.08,76.98,WARNING,methane_buildup
2026-01-01 08:09:30,L02,ventilation_area,0.8768,13.99,0.1513,20.409,29.08,76.96,WARNING,methane_buildup
2026-01-01 08:09:35,L02,ventilation_area,0.8815,13.99,0.1537,20.405,29.09,77.17,WARNING,methane_buildup
2026-01-01 08:09:40,L02,ventilation_area,0.9126,14.34,0.1554,20.402,29.1,77.31,WARNING,methane_buildup
2026-01-01 08:09:45,L02,ventilation_area,0.928,14.72,0.1567,20.397,29.1,77.48,WARNING,methane_buildup
2026-01-01 08:09:50,L02,ventilation_area,0.9515,14.34,0.1543,20.399,29.11,77.77,WARNING,methane_buildup
2026-01-01 08:09:55,L02,ventilation_area,0.9512,14.67,0.1569,20.39,29.13,78.25,WARNING,methane_buildup
2026-01-01 08:10:00,L02,ventilation_area,0.9793,14.88,0.1611,20.381,29.14,78.26,WARNING,methane_buildup
2026-01-01 08:10:05,L02,ventilation_area,1.0125,14.94,0.1616,20.381,29.15,78.75,WARNING,methane_buildup
2026-01-01 08:10:10,L02,ventilation_area,1.0111,15.04,0.1581,20.379,29.15,78.87,WARNING,methane_buildup
2026-01-01 08:10:15,L02,ventilation_area,1.0131,15.03,0.1628,20.38,29.16,78.69,WARNING,methane_buildup
2026-01-01 08:10:20,L02,ventilation_area,1.0033,15.82,0.1614,20.365,29.13,79.11,WARNING,co_buildup
2026-01-01 08:10:25,L02,ventilation_area,0.991,16.07,0.1617,20.363,29.21,78.83,WARNING,co_buildup
2026-01-01 08:10:30,L02,ventilation_area,0.9947,15.62,0.1651,20.351,29.2,78.73,WARNING,co_buildup
2026-01-01 08:10:35,L02,ventilation_area,0.9889,17.24,0.1679,20.345,29.25,78.91,WARNING,co_buildup
2026-01-01 08:10:40,L02,ventilation_area,0.9787,18.3,0.1653,20.312,29.31,78.5,WARNING,co_buildup
2026-01-01 08:10:45,L02,ventilation_area,0.9642,18.94,0.1628,20.323,29.35,78.65,WARNING,co_buildup
2026-01-01 08:10:50,L02,ventilation_area,0.9627,18.32,0.1679,20.272,29.33,78.31,WARNING,co_buildup
2026-01-01 08:10:55,L02,ventilation_area,0.9603,19.68,0.1716,20.285,29.44,78.22,WARNING,co_buildup
2026-01-01 08:11:00,L02,ventilation_area,0.9498,20.96,0.172,20.275,29.46,78.21,WARNING,co_buildup
2026-01-01 08:11:05,L02,ventilation_area,0.9437,22.09,0.1729,20.276,29.45,78.11,WARNING,co_buildup
2026-01-01 08:11:10,L02,ventilation_area,0.9287,21.0,0.1725,20.257,29.46,77.83,WARNING,co_buildup
2026-01-01 08:11:15,L02,ventilation_area,0.936,23.08,0.1716,20.229,29.54,77.68,WARNING,co_buildup
2026-01-01 08:11:20,L02,ventilation_area,0.9086,24.01,0.1763,20.222,29.57,77.59,WARNING,co_buildup
2026-01-01 08:11:25,L02,ventilation_area,0.9144,25.21,0.1747,20.224,29.62,77.52,DANGER,co_buildup
2026-01-01 08:11:30,L02,ventilation_area,0.9122,25.83,0.1819,20.209,29.64,77.46,DANGER,co_buildup
2026-01-01 08:11:35,L02,ventilation_area,0.8985,26.49,0.1797,20.191,29.62,77.23,DANGER,co_buildup
2026-01-01 08:11:40,L02,ventilation_area,0.8849,26.29,0.1785,20.181,29.71,77.18,DANGER,co_buildup
2026-01-01 08:11:45,L02,ventilation_area,0.8742,26.28,0.1796,20.183,29.74,77.17,DANGER,co_buildup
2026-01-01 08:11:50,L02,ventilation_area,0.8792,28.02,0.1817,20.157,29.81,76.91,DANGER,co_buildup
2026-01-01 08:11:55,L02,ventilation_area,0.8509,29.68,0.1825,20.15,29.8,76.77,DANGER,co_buildup
2026-01-01 08:12:00,L02,ventilation_area,0.8467,30.67,0.1863,20.165,29.91,76.44,DANGER,co_buildup
2026-01-01 08:12:05,L02,ventilation_area,0.8435,30.94,0.1856,20.11,29.83,76.19,DANGER,co_buildup
2026-01-01 08:12:10,L02,ventilation_area,0.8491,31.48,0.1848,20.094,29.97,76.41,DANGER,co_buildup
2026-01-01 08:12:15,L02,ventilation_area,0.834,32.18,0.1912,20.113,29.96,76.24,DANGER,co_buildup
2026-01-01 08:12:20,L02,ventilation_area,0.8149,32.28,0.1886,20.084,30.03,76.07,DANGER,co_buildup
2026-01-01 08:12:25,L02,ventilation_area,0.8124,33.29,0.1911,20.076,30.04,76.03,DANGER,co_buildup
2026-01-01 08:12:30,L02,ventilation_area,0.802,35.22,0.1895,20.059,30.1,75.87,DANGER,co_buildup
2026-01-01 08:12:35,L02,ventilation_area,0.7932,34.2,0.1925,20.053,30.09,75.88,DANGER,co_buildup
2026-01-01 08:12:40,L02,ventilation_area,0.7992,36.64,0.1935,20.064,30.1,75.64,DANGER,co_buildup
2026-01-01 08:12:45,L02,ventilation_area,0.7718,36.07,0.1902,20.042,30.22,75.42,DANGER,co_buildup
2026-01-01 08:12:50,L02,ventilation_area,0.7885,37.9,0.1991,20.031,30.2,75.5,DANGER,co_buildup
2026-01-01 08:12:55,L02,ventilation_area,0.7741,36.81,0.1988,19.993,30.25,75.24,DANGER,co_buildup
2026-01-01 08:13:00,L02,ventilation_area,0.7684,38.86,0.1965,19.984,30.32,75.2,DANGER,co_buildup
2026-01-01 08:13:05,L02,ventilation_area,0.7475,38.71,0.1961,19.952,30.28,74.96,DANGER,co_buildup
2026-01-01 08:13:10,L02,ventilation_area,0.7422,38.98,0.2002,19.964,30.36,74.82,DANGER,co_buildup
2026-01-01 08:13:15,L02,ventilation_area,0.7236,40.8,0.2007,19.974,30.36,74.78,DANGER,co_buildup
2026-01-01 08:13:20,L02,ventilation_area,0.7232,42.06,0.2024,19.957,30.41,74.65,DANGER,co_buildup
2026-01-01 08:13:25,L02,ventilation_area,0.7237,41.55,0.2031,19.936,30.45,74.58,DANGER,co_buildup
2026-01-01 08:13:30,L02,ventilation_area,0.7224,41.84,0.2049,19.927,30.43,74.37,DANGER,co_buildup
2026-01-01 08:13:35,L02,ventilation_area,0.6945,43.51,0.2078,19.907,30.49,74.07,DANGER,co_buildup
2026-01-01 08:13:40,L02,ventilation_area,0.6927,44.24,0.2072,19.906,30.6,74.11,DANGER,co_buildup
2026-01-01 08:13:45,L02,ventilation_area,0.6865,45.39,0.205,19.901,30.62,74.12,DANGER,co_buildup
2026-01-01 08:13:50,L02,ventilation_area,0.6683,46.38,0.211,19.861,30.62,73.88,DANGER,co_buildup
2026-01-01 08:13:55,L02,ventilation_area,0.6768,46.44,0.2126,19.871,30.67,73.76,DANGER,co_buildup
2026-01-01 08:14:00,L02,ventilation_area,0.6579,48.44,0.2168,19.867,30.68,73.78,DANGER,co_buildup
2026-01-01 08:14:05,L02,ventilation_area,0.6544,48.08,0.2093,19.839,30.77,73.46,DANGER,co_buildup
2026-01-01 08:14:10,L02,ventilation_area,0.6443,48.43,0.2131,19.841,30.75,73.24,DANGER,co_buildup
2026-01-01 08:14:15,L02,ventilation_area,0.6335,48.31,0.2096,19.854,30.8,73.28,DANGER,co_buildup
2026-01-01 08:14:20,L02,ventilation_area,0.6321,49.94,0.2159,19.808,30.87,73.12,DANGER,co_buildup
2026-01-01 08:14:25,L02,ventilation_area,0.6224,50.62,0.2148,19.802,30.84,72.94,DANGER,co_buildup
2026-01-01 08:14:30,L02,ventilation_area,0.6131,52.21,0.2209,19.777,30.95,72.91,DANGER,co_buildup
2026-01-01 08:14:35,L02,ventilation_area,0.6022,52.61,0.2166,19.776,30.88,72.86,DANGER,co_buildup
2026-01-01 08:14:40,L02,ventilation_area,0.603,52.24,0.2158,19.767,31.02,72.68,DANGER,co_buildup
2026-01-01 08:14:45,L02,ventilation_area,0.606,53.87,0.2194,19.752,30.99,72.59,DANGER,co_buildup
2026-01-01 08:14:50,L02,ventilation_area,0.5856,54.93,0.2175,19.726,31.03,72.64,DANGER,co_buildup
2026-01-01 08:14:55,L02,ventilation_area,0.5847,56.23,0.224,19.729,31.01,72.27,DANGER,co_buildup
2026-01-01 08:15:00,L02,ventilation_area,0.557,56.53,0.2195,19.732,31.09,72.22,DANGER,co_buildup
2026-01-01 08:15:05,L02,ventilation_area,0.5619,57.17,0.2248,19.708,31.11,72.01,DANGER,co_buildup
2026-01-01 08:15:10,L02,ventilation_area,0.5435,57.44,0.2216,19.702,31.16,71.85,DANGER,co_buildup
2026-01-01 08:15:15,L02,ventilation_area,0.5324,58.38,0.2263,19.677,31.21,71.75,DANGER,co_buildup
2026-01-01 08:15:20,L02,ventilation_area,0.5306,59.68,0.2313,19.676,31.28,71.64,DANGER,co_buildup
2026-01-01 08:15:25,L02,ventilation_area,0.5386,58.69,0.2298,19.659,31.29,71.61,DANGER,co_buildup
2026-01-01 08:15:30,L02,ventilation_area,0.5294,59.7,0.2282,19.603,31.28,71.52,DANGER,low_oxygen
2026-01-01 08:15:35,L02,ventilation_area,0.5285,58.35,0.2326,19.678,31.3,71.56,DANGER,low_oxygen
2026-01-01 08:15:40,L02,ventilation_area,0.5295,58.48,0.2292,19.616,31.29,71.6,DANGER,low_oxygen
2026-01-01 08:15:45,L02,ventilation_area,0.5228,58.32,0.2354,19.568,31.32,71.77,DANGER,low_oxygen
2026-01-01 08:15:50,L02,ventilation_area,0.5221,56.65,0.2346,19.566,31.33,71.8,DANGER,low_oxygen
2026-01-01 08:15:55,L02,ventilation_area,0.5245,57.31,0.2348,19.543,31.34,71.89,DANGER,low_oxygen
2026-01-01 08:16:00,L02,ventilation_area,0.5264,55.84,0.2367,19.501,31.32,71.96,DANGER,low_oxygen
2026-01-01 08:16:05,L02,ventilation_area,0.5214,54.78,0.2378,19.497,31.35,72.0,DANGER,low_oxygen
2026-01-01 08:16:10,L02,ventilation_area,0.5184,55.23,0.242,19.456,31.36,72.08,DANGER,low_oxygen
2026-01-01 08:16:15,L02,ventilation_area,0.5235,53.89,0.2383,19.437,31.38,72.1,DANGER,low_oxygen
2026-01-01 08:16:20,L02,ventilation_area,0.5223,53.87,0.2402,19.407,31.39,72.1,DANGER,low_oxygen
2026-01-01 08:16:25,L02,ventilation_area,0.5195,52.66,0.2454,19.367,31.41,72.28,DANGER,low_oxygen
2026-01-01 08:16:30,L02,ventilation_area,0.519,52.18,0.2432,19.379,31.4,72.25,DANGER,low_oxygen
2026-01-01 08:16:35,L02,ventilation_area,0.5183,51.87,0.2477,19.366,31.41,72.29,DANGER,low_oxygen
2026-01-01 08:16:40,L02,ventilation_area,0.5194,51.14,0.2507,19.341,31.44,72.39,DANGER,low_oxygen
2026-01-01 08:16:45,L02,ventilation_area,0.5175,49.24,0.2474,19.324,31.44,72.41,DANGER,low_oxygen
2026-01-01 08:16:50,L02,ventilation_area,0.5186,49.12,0.251,19.29,31.46,72.49,DANGER,low_oxygen
2026-01-01 08:16:55,L02,ventilation_area,0.5125,49.66,0.2483,19.247,31.46,72.59,DANGER,low_oxygen
2026-01-01 08:17:00,L02,ventilation_area,0.5151,48.45,0.2538,19.255,31.46,72.65,DANGER,low_oxygen
2026-01-01 08:17:05,L02,ventilation_area,0.5139,47.62,0.2538,19.182,31.47,72.64,DANGER,low_oxygen
2026-01-01 08:17:10,L02,ventilation_area,0.5147,46.53,0.2557,19.169,31.47,72.72,DANGER,low_oxygen
2026-01-01 08:17:15,L02,ventilation_area,0.5135,46.07,0.2546,19.144,31.51,72.87,DANGER,low_oxygen
2026-01-01 08:17:20,L02,ventilation_area,0.515,44.93,0.2536,19.167,31.52,72.89,DANGER,low_oxygen
2026-01-01 08:17:25,L02,ventilation_area,0.51,45.4,0.2596,19.14,31.54,73.04,DANGER,low_oxygen
2026-01-01 08:17:30,L02,ventilation_area,0.5124,44.5,0.2553,19.107,31.54,73.05,DANGER,low_oxygen
2026-01-01 08:17:35,L02,ventilation_area,0.5126,43.68,0.2604,19.096,31.55,73.11,DANGER,low_oxygen
2026-01-01 08:17:40,L02,ventilation_area,0.514,43.57,0.2644,19.029,31.55,73.03,DANGER,low_oxygen
2026-01-01 08:17:45,L02,ventilation_area,0.5095,43.2,0.264,19.034,31.55,73.2,DANGER,low_oxygen
2026-01-01 08:17:50,L02,ventilation_area,0.5102,43.56,0.2691,19.0,31.58,73.22,DANGER,low_oxygen
2026-01-01 08:17:55,L02,ventilation_area,0.506,40.92,0.2684,18.998,31.59,73.25,DANGER,low_oxygen
2026-01-01 08:18:00,L02,ventilation_area,0.5044,41.81,0.266,18.953,31.6,73.35,DANGER,low_oxygen
2026-01-01 08:18:05,L02,ventilation_area,0.509,41.09,0.2688,18.924,31.61,73.45,DANGER,low_oxygen
2026-01-01 08:18:10,L02,ventilation_area,0.5069,39.49,0.2699,18.921,31.62,73.48,DANGER,low_oxygen
2026-01-01 08:18:15,L02,ventilation_area,0.5081,39.43,0.2679,18.905,31.64,73.46,DANGER,low_oxygen
2026-01-01 08:18:20,L02,ventilation_area,0.5033,38.44,0.2705,18.848,31.65,73.61,DANGER,low_oxygen
2026-01-01 08:18:25,L02,ventilation_area,0.5057,38.19,0.2726,18.838,31.65,73.6,DANGER,low_oxygen
2026-01-01 08:18:30,L02,ventilation_area,0.5072,38.32,0.2707,18.792,31.67,73.7,DANGER,low_oxygen
2026-01-01 08:18:35,L02,ventilation_area,0.5042,37.2,0.2765,18.737,31.67,73.73,DANGER,low_oxygen
2026-01-01 08:18:40,L02,ventilation_area,0.5032,36.53,0.2771,18.774,31.67,73.79,DANGER,low_oxygen
2026-01-01 08:18:45,L02,ventilation_area,0.5021,35.39,0.2753,18.759,31.7,73.91,DANGER,low_oxygen
2026-01-01 08:18:50,L02,ventilation_area,0.4989,34.18,0.2811,18.728,31.68,73.87,DANGER,low_oxygen
2026-01-01 08:18:55,L02,ventilation_area,0.503,34.28,0.2831,18.656,31.72,74.09,DANGER,low_oxygen
2026-01-01 08:19:00,L02,ventilation_area,0.4991,34.47,0.2833,18.668,31.71,73.94,DANGER,low_oxygen
2026-01-01 08:19:05,L02,ventilation_area,0.5002,32.31,0.2834,18.603,31.73,74.07,DANGER,low_oxygen
2026-01-01 08:19:10,L02,ventilation_area,0.4962,31.96,0.2866,18.66,31.73,74.18,DANGER,low_oxygen
2026-01-01 08:19:15,L02,ventilation_area,0.4961,32.01,0.2881,18.582,31.76,74.25,DANGER,low_oxygen
2026-01-01 08:19:20,L02,ventilation_area,0.4997,30.78,0.2886,18.611,31.76,74.27,DANGER,low_oxygen
2026-01-01 08:19:25,L02,ventilation_area,0.4961,30.27,0.2874,18.58,31.75,74.33,DANGER,low_oxygen
2026-01-01 08:19:30,L02,ventilation_area,0.4983,29.86,0.2911,18.516,31.79,74.42,DANGER,low_oxygen
2026-01-01 08:19:35,L02,ventilation_area,0.4952,28.72,0.2943,18.487,31.79,74.44,DANGER,low_oxygen
2026-01-01 08:19:40,L02,ventilation_area,0.4916,28.32,0.2917,18.497,31.81,74.59,DANGER,low_oxygen
2026-01-01 08:19:45,L02,ventilation_area,0.4954,28.66,0.2989,18.447,31.81,74.62,DANGER,low_oxygen
2026-01-01 08:19:50,L02,ventilation_area,0.4923,26.91,0.2944,18.445,31.83,74.68,DANGER,low_oxygen
2026-01-01 08:19:55,L02,ventilation_area,0.4937,26.13,0.2969,18.408,31.82,74.63,DANGER,low_oxygen
2026-01-01 08:20:00,L02,ventilation_area,0.4919,26.06,0.2967,18.356,31.84,74.74,DANGER,low_oxygen
2026-01-01 08:20:05,L02,ventilation_area,0.4887,26.21,0.2999,18.323,31.85,74.79,DANGER,low_oxygen
2026-01-01 08:20:10,L02,ventilation_area,0.4908,25.08,0.2969,18.354,31.87,74.81,DANGER,low_oxygen
2026-01-01 08:20:15,L02,ventilation_area,0.4934,24.31,0.3008,18.313,31.89,74.94,DANGER,low_oxygen
2026-01-01 08:20:20,L02,ventilation_area,0.4899,23.99,0.3009,18.29,31.88,74.95,DANGER,low_oxygen
2026-01-01 08:20:25,L02,ventilation_area,0.4884,22.36,0.3048,18.295,31.91,75.08,DANGER,low_oxygen
2026-01-01 08:20:30,L02,ventilation_area,0.4895,23.01,0.308,18.282,31.88,75.04,DANGER,low_oxygen
2026-01-01 08:20:35,L02,ventilation_area,0.4874,22.33,0.3085,18.226,31.9,75.25,DANGER,low_oxygen
2026-01-01 08:20:40,L02,ventilation_area,0.4886,22.32,0.307,18.226,31.93,74.91,DANGER,co2_buildup
2026-01-01 08:20:45,L02,ventilation_area,0.4842,22.0,0.3073,18.251,31.85,75.44,DANGER,co2_buildup
2026-01-01 08:20:50,L02,ventilation_area,0.488,21.43,0.308,18.278,31.87,75.43,DANGER,co2_buildup
2026-01-01 08:20:55,L02,ventilation_area,0.4847,21.41,0.3075,18.332,31.69,75.93,DANGER,co2_buildup
2026-01-01 08:21:00,L02,ventilation_area,0.4829,21.38,0.3068,18.311,31.72,76.14,DANGER,co2_buildup
2026-01-01 08:21:05,L02,ventilation_area,0.4826,21.27,0.3067,18.422,31.61,76.4,DANGER,co2_buildup
2026-01-01 08:21:10,L02,ventilation_area,0.4837,20.78,0.3074,18.396,31.56,76.2,DANGER,co2_buildup
2026-01-01 08:21:15,L02,ventilation_area,0.4805,20.17,0.3082,18.467,31.5,76.64,DANGER,co2_buildup
2026-01-01 08:21:20,L02,ventilation_area,0.4794,20.6,0.307,18.44,31.4,76.87,DANGER,co2_buildup
2026-01-01 08:21:25,L02,ventilation_area,0.4795,20.08,0.3063,18.526,31.39,76.86,DANGER,co2_buildup
2026-01-01 08:21:30,L02,ventilation_area,0.4771,19.73,0.3057,18.557,31.33,77.01,DANGER,co2_buildup
2026-01-01 08:21:35,L02,ventilation_area,0.4815,19.38,0.3052,18.579,31.29,77.64,DANGER,co2_buildup
2026-01-01 08:21:40,L02,ventilation_area,0.4765,19.85,0.3074,18.569,31.22,77.59,DANGER,co2_buildup
2026-01-01 08:21:45,L02,ventilation_area,0.4782,19.52,0.3073,18.636,31.2,77.86,DANGER,co2_buildup
2026-01-01 08:21:50,L02,ventilation_area,0.4763,19.26,0.3072,18.625,31.15,77.79,DANGER,co2_buildup
2026-01-01 08:21:55,L02,ventilation_area,0.4734,19.35,0.3065,18.682,30.98,77.92,DANGER,co2_buildup
2026-01-01 08:22:00,L02,ventilation_area,0.4743,19.01,0.308,18.75,31.03,78.24,DANGER,co2_buildup
2026-01-01 08:22:05,L02,ventilation_area,0.4749,18.99,0.306,18.774,30.86,78.52,DANGER,co2_buildup
2026-01-01 08:22:10,L02,ventilation_area,0.4724,18.23,0.3075,18.782,30.9,78.54,DANGER,co2_buildup
2026-01-01 08:22:15,L02,ventilation_area,0.474,18.28,0.3064,18.783,30.84,78.94,DANGER,co2_buildup
2026-01-01 08:22:20,L02,ventilation_area,0.4729,17.79,0.3058,18.861,30.64,78.83,DANGER,co2_buildup
2026-01-01 08:22:25,L02,ventilation_area,0.4719,17.84,0.307,18.873,30.69,79.13,DANGER,co2_buildup
2026-01-01 08:22:30,L02,ventilation_area,0.4687,17.64,0.3068,18.836,30.6,79.66,DANGER,co2_buildup
2026-01-01 08:22:35,L02,ventilation_area,0.4669,17.6,0.3067,18.956,30.53,79.84,DANGER,co2_buildup
2026-01-01 08:22:40,L02,ventilation_area,0.4669,17.29,0.3064,18.963,30.59,79.86,DANGER,co2_buildup
2026-01-01 08:22:45,L02,ventilation_area,0.4675,17.2,0.3062,19.029,30.42,79.95,DANGER,co2_buildup
2026-01-01 08:22:50,L02,ventilation_area,0.4673,17.01,0.3087,18.993,30.35,80.14,DANGER,co2_buildup
2026-01-01 08:22:55,L02,ventilation_area,0.4618,17.08,0.3074,18.964,30.34,80.46,DANGER,co2_buildup
2026-01-01 08:23:00,L02,ventilation_area,0.4647,16.42,0.3069,19.094,30.32,80.85,DANGER,co2_buildup
2026-01-01 08:23:05,L02,ventilation_area,0.4642,16.1,0.3062,19.125,30.21,81.1,DANGER,co2_buildup
2026-01-01 08:23:10,L02,ventilation_area,0.4627,16.12,0.3071,19.098,30.23,81.04,DANGER,co2_buildup
2026-01-01 08:23:15,L02,ventilation_area,0.4646,15.72,0.3066,19.149,30.13,81.11,DANGER,co2_buildup
2026-01-01 08:23:20,L02,ventilation_area,0.4623,15.94,0.3061,19.287,29.93,81.57,DANGER,co2_buildup
2026-01-01 08:23:25,L02,ventilation_area,0.463,15.42,0.3057,19.229,29.96,81.57,DANGER,co2_buildup
2026-01-01 08:23:30,L02,ventilation_area,0.4596,15.16,0.3059,19.29,29.9,81.83,DANGER,co2_buildup
2026-01-01 08:23:35,L02,ventilation_area,0.4608,14.98,0.3027,19.28,29.9,82.36,DANGER,co2_buildup
2026-01-01 08:23:40,L02,ventilation_area,0.4612,15.0,0.3061,19.269,29.67,82.47,DANGER,co2_buildup
2026-01-01 08:23:45,L02,ventilation_area,0.4598,14.63,0.3054,19.355,29.89,82.55,DANGER,co2_buildup
2026-01-01 08:23:50,L02,ventilation_area,0.4549,14.34,0.3075,19.383,29.72,82.49,DANGER,co2_buildup
2026-01-01 08:23:55,L02,ventilation_area,0.4555,14.57,0.3058,19.409,29.64,82.96,DANGER,co2_buildup
2026-01-01 08:24:00,L02,ventilation_area,0.4546,13.9,0.3045,19.448,29.64,83.31,DANGER,co2_buildup
2026-01-01 08:24:05,L02,ventilation_area,0.4552,13.86,0.3057,19.49,29.65,83.25,DANGER,co2_buildup
2026-01-01 08:24:10,L02,ventilation_area,0.4548,13.78,0.3046,19.508,29.51,83.76,WARNING,co2_buildup
2026-01-01 08:24:15,L02,ventilation_area,0.4513,13.15,0.3062,19.506,29.45,83.95,WARNING,co2_buildup
2026-01-01 08:24:20,L02,ventilation_area,0.4521,13.34,0.3059,19.587,29.35,84.22,WARNING,co2_buildup
2026-01-01 08:24:25,L02,ventilation_area,0.4477,12.86,0.3066,19.548,29.28,84.17,WARNING,co2_buildup
2026-01-01 08:24:30,L02,ventilation_area,0.4529,13.0,0.3048,19.575,29.2,84.42,WARNING,co2_buildup
2026-01-01 08:24:35,L02,ventilation_area,0.4487,12.47,0.3056,19.686,29.12,84.77,WARNING,co2_buildup
2026-01-01 08:24:40,L02,ventilation_area,0.4489,12.57,0.3041,19.71,29.07,84.79,WARNING,co2_buildup
2026-01-01 08:24:45,L02,ventilation_area,0.4475,12.45,0.3062,19.724,28.98,84.82,WARNING,co2_buildup
2026-01-01 08:24:50,L02,ventilation_area,0.4492,12.2,0.306,19.716,28.99,85.02,WARNING,co2_buildup
2026-01-01 08:24:55,L02,ventilation_area,0.4415,11.89,0.3059,19.766,28.84,85.35,WARNING,co2_buildup
2026-01-01 08:25:00,L02,ventilation_area,0.4456,11.6,0.3054,19.81,28.89,85.27,WARNING,co2_buildup
2026-01-01 08:25:05,L02,ventilation_area,0.4446,11.33,0.3058,19.802,28.81,85.68,WARNING,co2_buildup
2026-01-01 08:25:10,L02,ventilation_area,0.4432,11.51,0.307,19.857,28.77,86.1,WARNING,co2_buildup
2026-01-01 08:25:15,L02,ventilation_area,0.4462,10.91,0.305,19.927,28.67,85.7,WARNING,co2_buildup
2026-01-01 08:25:20,L02,ventilation_area,0.4409,10.64,0.3054,19.98,28.81,86.58,WARNING,co2_buildup
2026-01-01 08:25:25,L02,ventilation_area,0.4429,10.76,0.3041,19.957,28.66,86.7,WARNING,co2_buildup
2026-01-01 08:25:30,L02,ventilation_area,0.4414,10.28,0.3043,20.022,28.46,86.61,WARNING,co2_buildup
2026-01-01 08:25:35,L02,ventilation_area,0.4422,10.05,0.3052,19.975,28.48,87.0,WARNING,co2_buildup
2026-01-01 08:25:40,L02,ventilation_area,0.4381,9.76,0.3062,20.08,28.37,87.1,WARNING,co2_buildup
2026-01-01 08:25:45,L02,ventilation_area,0.4371,9.74,0.3048,20.068,28.29,87.52,WARNING,co2_buildup
2026-01-01 08:25:50,L02,ventilation_area,0.4394,10.03,0.3052,20.094,28.32,87.25,WARNING,ventilation_failure
2026-01-01 08:25:55,L02,ventilation_area,0.4418,9.77,0.3108,20.077,28.4,87.26,WARNING,ventilation_failure
2026-01-01 08:26:00,L02,ventilation_area,0.4846,10.73,0.3083,20.067,28.49,87.41,WARNING,ventilation_failure
2026-01-01 08:26:05,L02,ventilation_area,0.4882,10.88,0.3108,20.058,28.48,87.48,WARNING,ventilation_failure
2026-01-01 08:26:10,L02,ventilation_area,0.4787,10.84,0.3087,20.035,28.48,87.63,WARNING,ventilation_failure
2026-01-01 08:26:15,L02,ventilation_area,0.4837,11.31,0.3128,20.02,28.6,87.7,WARNING,ventilation_failure
2026-01-01 08:26:20,L02,ventilation_area,0.5077,12.1,0.3165,19.974,28.74,87.72,DANGER,ventilation_failure
2026-01-01 08:26:25,L02,ventilation_area,0.5301,12.16,0.3128,19.983,28.72,88.12,DANGER,ventilation_failure
2026-01-01 08:26:30,L02,ventilation_area,0.54,12.27,0.3188,19.974,28.75,88.15,DANGER,ventilation_failure
2026-01-01 08:26:35,L02,ventilation_area,0.5648,12.5,0.3202,19.962,28.9,88.07,DANGER,ventilation_failure
2026-01-01 08:26:40,L02,ventilation_area,0.5714,12.89,0.3217,19.925,28.89,88.25,DANGER,ventilation_failure
2026-01-01 08:26:45,L02,ventilation_area,0.586,13.03,0.3259,19.909,28.94,88.36,DANGER,ventilation_failure
2026-01-01 08:26:50,L02,ventilation_area,0.5904,12.89,0.3258,19.895,29.03,88.52,DANGER,ventilation_failure
2026-01-01 08:26:55,L02,ventilation_area,0.5817,14.36,0.3303,19.897,29.11,88.44,DANGER,ventilation_failure
2026-01-01 08:27:00,L02,ventilation_area,0.6087,14.13,0.3258,19.889,29.25,88.7,DANGER,ventilation_failure
2026-01-01 08:27:05,L02,ventilation_area,0.6364,14.51,0.3303,19.851,29.23,88.65,DANGER,ventilation_failure
2026-01-01 08:27:10,L02,ventilation_area,0.6351,14.68,0.3318,19.855,29.3,88.68,DANGER,ventilation_failure
2026-01-01 08:27:15,L02,ventilation_area,0.6543,14.8,0.3305,19.828,29.27,88.95,DANGER,ventilation_failure
2026-01-01 08:27:20,L02,ventilation_area,0.6565,15.26,0.3373,19.808,29.3,89.09,DANGER,ventilation_failure
2026-01-01 08:27:25,L02,ventilation_area,0.6601,15.17,0.3424,19.791,29.41,89.3,DANGER,ventilation_failure
2026-01-01 08:27:30,L02,ventilation_area,0.6836,16.56,0.3381,19.79,29.47,89.06,DANGER,ventilation_failure
2026-01-01 08:27:35,L02,ventilation_area,0.7012,15.88,0.3411,19.768,29.46,89.32,DANGER,ventilation_failure
2026-01-01 08:27:40,L02,ventilation_area,0.7017,16.24,0.3417,19.782,29.57,89.32,DANGER,ventilation_failure
2026-01-01 08:27:45,L02,ventilation_area,0.7192,16.71,0.3414,19.719,29.65,89.51,DANGER,ventilation_failure
2026-01-01 08:27:50,L02,ventilation_area,0.7229,17.5,0.3402,19.724,29.71,89.41,DANGER,ventilation_failure
2026-01-01 08:27:55,L02,ventilation_area,0.7605,17.45,0.3447,19.693,29.77,89.52,DANGER,ventilation_failure
2026-01-01 08:28:00,L02,ventilation_area,0.7554,17.4,0.3446,19.672,29.81,89.66,DANGER,ventilation_failure
2026-01-01 08:28:05,L02,ventilation_area,0.7892,18.4,0.3541,19.669,29.83,89.83,DANGER,ventilation_failure
2026-01-01 08:28:10,L02,ventilation_area,0.8025,18.56,0.3511,19.656,29.88,89.86,DANGER,ventilation_failure
2026-01-01 08:28:15,L02,ventilation_area,0.7951,18.81,0.3522,19.683,29.9,90.06,DANGER,ventilation_failure
2026-01-01 08:28:20,L02,ventilation_area,0.796,19.17,0.357,19.62,30.11,90.19,DANGER,ventilation_failure
2026-01-01 08:28:25,L02,ventilation_area,0.7951,19.94,0.3536,19.59,30.08,90.24,DANGER,ventilation_failure
2026-01-01 08:28:30,L02,ventilation_area,0.815,20.19,0.3561,19.596,30.12,90.43,DANGER,ventilation_failure
2026-01-01 08:28:35,L02,ventilation_area,0.8285,19.69,0.3599,19.544,30.14,90.42,DANGER,ventilation_failure
2026-01-01 08:28:40,L02,ventilation_area,0.8747,20.64,0.364,19.559,30.4,90.37,DANGER,ventilation_failure
2026-01-01 08:28:45,L02,ventilation_area,0.8715,20.6,0.3643,19.545,30.24,90.68,DANGER,ventilation_failure
2026-01-01 08:28:50,L02,ventilation_area,0.8872,20.93,0.3653,19.541,30.33,90.61,DANGER,ventilation_failure
2026-01-01 08:28:55,L02,ventilation_area,0.8674,20.62,0.3665,19.528,30.43,90.83,DANGER,ventilation_failure
2026-01-01 08:29:00,L02,ventilation_area,0.8923,21.35,0.369,19.49,30.5,90.98,DANGER,ventilation_failure
2026-01-01 08:29:05,L02,ventilation_area,0.9303,21.48,0.3702,19.48,30.57,90.98,DANGER,ventilation_failure
2026-01-01 08:29:10,L02,ventilation_area,0.9352,22.24,0.3687,19.455,30.67,90.9,DANGER,ventilation_failure
2026-01-01 08:29:15,L02,ventilation_area,0.9422,22.62,0.3731,19.434,30.66,91.05,DANGER,ventilation_failure
2026-01-01 08:29:20,L02,ventilation_area,0.9633,22.04,0.3719,19.44,30.64,91.34,DANGER,ventilation_failure
2026-01-01 08:29:25,L02,ventilation_area,0.9888,22.92,0.3765,19.4,30.73,91.3,DANGER,ventilation_failure
2026-01-01 08:29:30,L02,ventilation_area,0.9783,23.54,0.3767,19.398,30.82,91.42,DANGER,ventilation_failure
2026-01-01 08:29:35,L02,ventilation_area,0.9942,23.48,0.386,19.373,30.97,91.57,DANGER,ventilation_failure
2026-01-01 08:29:40,L02,ventilation_area,1.0081,24.04,0.3811,19.381,30.84,91.66,DANGER,ventilation_failure
2026-01-01 08:29:45,L02,ventilation_area,1.0474,24.24,0.3794,19.385,31.03,91.71,DANGER,ventilation_failure
2026-01-01 08:29:50,L02,ventilation_area,1.0046,24.54,0.3842,19.321,31.03,91.76,DANGER,ventilation_failure
2026-01-01 08:29:55,L02,ventilation_area,1.0511,24.68,0.3875,19.297,31.12,91.85,DANGER,ventilation_failure
2026-01-01 08:30:00,L02,ventilation_area,1.0536,24.72,0.3921,19.308,31.13,92.04,DANGER,ventilation_failure
2026-01-01 08:30:05,L02,ventilation_area,1.0743,25.05,0.388,19.295,31.15,92.11,CRITICAL,ventilation_failure
2026-01-01 08:30:10,L02,ventilation_area,1.0716,25.87,0.3872,19.282,31.29,92.13,CRITICAL,ventilation_failure
2026-01-01 08:30:15,L02,ventilation_area,1.0914,25.98,0.3949,19.256,31.34,92.34,CRITICAL,ventilation_failure
2026-01-01 08:30:20,L02,ventilation_area,1.1131,26.24,0.391,19.245,31.41,92.33,CRITICAL,ventilation_failure
2026-01-01 08:30:25,L02,ventilation_area,1.155,26.46,0.395,19.238,31.41,92.36,CRITICAL,ventilation_failure
2026-01-01 08:30:30,L02,ventilation_area,1.139,26.8,0.3971,19.232,31.44,92.46,CRITICAL,ventilation_failure
2026-01-01 08:30:35,L02,ventilation_area,1.131,27.48,0.3993,19.171,31.45,92.54,CRITICAL,ventilation_failure
2026-01-01 08:30:40,L02,ventilation_area,1.1485,27.4,0.4028,19.179,31.63,92.69,CRITICAL,ventilation_failure
2026-01-01 08:30:45,L02,ventilation_area,1.1605,27.42,0.401,19.173,31.66,92.92,CRITICAL,ventilation_failure
2026-01-01 08:30:50,L02,ventilation_area,1.1563,28.31,0.4037,19.14,31.64,92.83,CRITICAL,ventilation_failure
2026-01-01 08:30:55,L02,ventilation_area,1.1867,28.35,0.406,19.165,31.72,93.01,CRITICAL,ventilation_failure
2026-01-01 08:31:00,L02,ventilation_area,1.1885,28.27,0.4042,19.134,31.88,92.77,CRITICAL,fire_heat
2026-01-01 08:31:05,L02,ventilation_area,1.1855,28.52,0.4062,19.153,31.96,92.8,CRITICAL,fire_heat
2026-01-01 08:31:10,L02,ventilation_area,1.1707,28.72,0.4105,19.145,32.04,92.18,CRITICAL,fire_heat
2026-01-01 08:31:15,L02,ventilation_area,1.1433,29.61,0.4096,19.141,32.02,92.33,CRITICAL,fire_heat
2026-01-01 08:31:20,L02,ventilation_area,1.1579,29.67,0.4085,19.167,32.26,91.82,CRITICAL,fire_heat
2026-01-01 08:31:25,L02,ventilation_area,1.1367,29.73,0.4168,19.176,32.33,91.56,CRITICAL,fire_heat
2026-01-01 08:31:30,L02,ventilation_area,1.1253,30.32,0.4149,19.185,32.48,90.96,CRITICAL,fire_heat
2026-01-01 08:31:35,L02,ventilation_area,1.1116,29.89,0.4124,19.198,32.61,91.07,CRITICAL,fire_heat
2026-01-01 08:31:40,L02,ventilation_area,1.0946,30.19,0.4159,19.205,32.66,91.15,CRITICAL,fire_heat
2026-01-01 08:31:45,L02,ventilation_area,1.0916,30.25,0.4185,19.21,32.68,89.98,CRITICAL,fire_heat
2026-01-01 08:31:50,L02,ventilation_area,1.0833,30.87,0.4234,19.225,32.96,89.87,CRITICAL,fire_heat
2026-01-01 08:31:55,L02,ventilation_area,1.0468,31.35,0.4185,19.211,33.19,89.72,CRITICAL,fire_heat
2026-01-01 08:32:00,L02,ventilation_area,1.0492,31.6,0.4245,19.235,33.13,89.57,CRITICAL,fire_heat
2026-01-01 08:32:05,L02,ventilation_area,1.0411,31.87,0.4268,19.243,33.42,88.89,CRITICAL,fire_heat
2026-01-01 08:32:10,L02,ventilation_area,1.0356,31.76,0.4236,19.236,33.78,87.96,CRITICAL,fire_heat
2026-01-01 08:32:15,L02,ventilation_area,1.035,32.56,0.4257,19.241,33.8,88.82,CRITICAL,fire_heat
2026-01-01 08:32:20,L02,ventilation_area,1.0014,32.68,0.4254,19.255,34.0,88.35,CRITICAL,fire_heat
2026-01-01 08:32:25,L02,ventilation_area,0.9933,33.07,0.4286,19.264,33.98,87.35,CRITICAL,fire_heat
2026-01-01 08:32:30,L02,ventilation_area,0.9818,32.69,0.4303,19.283,34.2,87.36,CRITICAL,fire_heat
2026-01-01 08:32:35,L02,ventilation_area,0.9672,33.49,0.4332,19.279,34.11,87.66,CRITICAL,fire_heat
2026-01-01 08:32:40,L02,ventilation_area,0.9611,33.39,0.4355,19.285,34.25,87.33,CRITICAL,fire_heat
2026-01-01 08:32:45,L02,ventilation_area,0.9625,33.85,0.4328,19.295,34.13,86.88,CRITICAL,fire_heat
2026-01-01 08:32:50,L02,ventilation_area,0.9305,34.34,0.4314,19.316,34.72,86.27,CRITICAL,fire_heat
2026-01-01 08:32:55,L02,ventilation_area,0.936,34.49,0.4371,19.315,34.89,86.04,CRITICAL,fire_heat
2026-01-01 08:33:00,L02,ventilation_area,0.9006,34.53,0.4391,19.321,34.77,85.67,CRITICAL,fire_heat
2026-01-01 08:33:05,L02,ventilation_area,0.9023,35.0,0.4404,19.33,34.94,85.72,CRITICAL,fire_heat
2026-01-01 08:33:10,L02,ventilation_area,0.8936,34.89,0.4405,19.349,35.0,84.86,CRITICAL,fire_heat
2026-01-01 08:33:15,L02,ventilation_area,0.905,35.8,0.4428,19.34,35.27,84.57,CRITICAL,fire_heat
2026-01-01 08:33:20,L02,ventilation_area,0.8717,35.74,0.4473,19.364,35.49,84.78,CRITICAL,fire_heat
2026-01-01 08:33:25,L02,ventilation_area,0.8386,36.32,0.4461,19.363,35.27,84.18,CRITICAL,fire_heat
2026-01-01 08:33:30,L02,ventilation_area,0.8296,36.19,0.4458,19.368,35.66,84.27,CRITICAL,fire_heat
2026-01-01 08:33:35,L02,ventilation_area,0.8413,36.45,0.4468,19.397,35.7,83.4,CRITICAL,fire_heat
2026-01-01 08:33:40,L02,ventilation_area,0.8366,36.66,0.4489,19.376,35.88,83.26,CRITICAL,fire_heat
2026-01-01 08:33:45,L02,ventilation_area,0.8226,37.32,0.4543,19.389,36.05,82.72,CRITICAL,fire_heat
2026-01-01 08:33:50,L02,ventilation_area,0.809,37.2,0.4516,19.39,36.1,82.67,CRITICAL,fire_heat
2026-01-01 08:33:55,L02,ventilation_area,0.8089,37.79,0.4533,19.415,36.24,81.96,CRITICAL,fire_heat
2026-01-01 08:34:00,L02,ventilation_area,0.7784,37.8,0.4536,19.429,36.36,81.93,CRITICAL,fire_heat
2026-01-01 08:34:05,L02,ventilation_area,0.7834,37.68,0.4585,19.436,36.62,81.36,CRITICAL,fire_heat
2026-01-01 08:34:10,L02,ventilation_area,0.7435,38.29,0.4618,19.44,36.69,81.65,CRITICAL,fire_heat
2026-01-01 08:34:15,L02,ventilation_area,0.7404,38.4,0.4598,19.437,36.79,81.35,CRITICAL,fire_heat
2026-01-01 08:34:20,L02,ventilation_area,0.7189,38.96,0.4603,19.443,36.74,80.37,CRITICAL,fire_heat
2026-01-01 08:34:25,L02,ventilation_area,0.725,38.93,0.4615,19.44,36.98,80.92,CRITICAL,fire_heat
2026-01-01 08:34:30,L02,ventilation_area,0.7163,39.7,0.4575,19.478,37.26,80.94,CRITICAL,fire_heat
2026-01-01 08:34:35,L02,ventilation_area,0.7068,39.72,0.4658,19.473,37.29,79.95,CRITICAL,fire_heat
2026-01-01 08:34:40,L02,ventilation_area,0.6949,39.96,0.4658,19.473,37.49,79.46,CRITICAL,fire_heat
2026-01-01 08:34:45,L02,ventilation_area,0.6724,40.43,0.4678,19.495,37.75,80.12,CRITICAL,fire_heat
2026-01-01 08:34:50,L02,ventilation_area,0.6695,40.77,0.4666,19.484,37.79,78.66,CRITICAL,fire_heat
2026-01-01 08:34:55,L02,ventilation_area,0.6434,40.79,0.4687,19.503,37.81,78.73,CRITICAL,fire_heat
2026-01-01 08:35:00,L02,ventilation_area,0.6645,40.87,0.47,19.506,37.86,78.47,CRITICAL,fire_heat
2026-01-01 08:35:05,L02,ventilation_area,0.6344,40.89,0.4745,19.52,37.75,78.49,CRITICAL,fire_heat
2026-01-01 08:35:10,L02,ventilation_area,0.621,41.42,0.4728,19.522,38.16,77.91,CRITICAL,fire_heat
2026-01-01 08:35:15,L02,ventilation_area,0.6332,41.7,0.4796,19.519,38.27,77.37,CRITICAL,fire_heat
2026-01-01 08:35:20,L02,ventilation_area,0.5899,42.14,0.4773,19.539,38.49,76.94,CRITICAL,fire_heat
2026-01-01 08:35:25,L02,ventilation_area,0.5799,42.29,0.4748,19.554,38.55,76.81,CRITICAL,fire_heat
2026-01-01 08:35:30,L02,ventilation_area,0.569,42.81,0.4787,19.553,38.66,76.32,CRITICAL,fire_heat
2026-01-01 08:35:35,L02,ventilation_area,0.5693,42.76,0.4789,19.567,38.61,76.31,CRITICAL,fire_heat
2026-01-01 08:35:40,L02,ventilation_area,0.5637,43.15,0.4768,19.56,38.84,75.83,CRITICAL,fire_heat
2026-01-01 08:35:45,L02,ventilation_area,0.5559,43.72,0.4866,19.576,39.14,75.27,CRITICAL,fire_heat
2026-01-01 08:35:50,L02,ventilation_area,0.5654,43.78,0.486,19.579,39.41,75.73,CRITICAL,fire_heat
2026-01-01 08:35:55,L02,ventilation_area,0.4995,43.94,0.487,19.598,39.33,74.94,DANGER,fire_heat
2026-01-01 08:36:00,L02,ventilation_area,0.5206,44.08,0.4875,19.6,39.51,74.42,CRITICAL,fire_heat
2026-01-01 08:36:05,L02,ventilation_area,0.4961,44.33,0.4854,19.613,39.71,74.43,DANGER,fire_heat
2026-01-01 08:36:10,L02,ventilation_area,0.499,44.03,0.4887,19.615,39.58,74.75,DANGER,combined_hazard
2026-01-01 08:36:15,L02,ventilation_area,0.5038,44.31,0.49,19.608,39.65,74.34,CRITICAL,combined_hazard
2026-01-01 08:36:20,L02,ventilation_area,0.517,45.49,0.487,19.547,39.63,74.49,CRITICAL,combined_hazard
2026-01-01 08:36:25,L02,ventilation_area,0.5309,45.77,0.4866,19.576,39.62,75.13,CRITICAL,combined_hazard
2026-01-01 08:36:30,L02,ventilation_area,0.5332,46.68,0.4845,19.542,39.68,75.12,CRITICAL,combined_hazard
2026-01-01 08:36:35,L02,ventilation_area,0.5394,46.83,0.4869,19.543,39.68,75.71,CRITICAL,combined_hazard
2026-01-01 08:36:40,L02,ventilation_area,0.5495,47.44,0.4853,19.507,39.71,76.22,CRITICAL,combined_hazard
2026-01-01 08:36:45,L02,ventilation_area,0.5516,47.06,0.4838,19.449,39.73,76.13,CRITICAL,combined_hazard
2026-01-01 08:36:50,L02,ventilation_area,0.5616,49.18,0.481,19.473,39.73,76.25,CRITICAL,combined_hazard
2026-01-01 08:36:55,L02,ventilation_area,0.5544,48.7,0.4856,19.477,39.73,76.92,CRITICAL,combined_hazard
2026-01-01 08:37:00,L02,ventilation_area,0.5884,49.57,0.4809,19.427,39.78,77.4,CRITICAL,combined_hazard
2026-01-01 08:37:05,L02,ventilation_area,0.5903,49.34,0.4813,19.419,39.78,76.99,CRITICAL,combined_hazard
2026-01-01 08:37:10,L02,ventilation_area,0.5889,50.35,0.4822,19.406,39.8,77.93,CRITICAL,combined_hazard
2026-01-01 08:37:15,L02,ventilation_area,0.6196,50.07,0.4792,19.343,39.77,78.19,CRITICAL,combined_hazard
2026-01-01 08:37:20,L02,ventilation_area,0.6118,51.37,0.4782,19.405,39.83,78.5,CRITICAL,combined_hazard
2026-01-01 08:37:25,L02,ventilation_area,0.61,51.47,0.4767,19.344,39.83,78.84,CRITICAL,combined_hazard
2026-01-01 08:37:30,L02,ventilation_area,0.6339,52.12,0.4805,19.352,39.89,79.37,CRITICAL,combined_hazard
2026-01-01 08:37:35,L02,ventilation_area,0.6378,52.91,0.478,19.325,39.88,78.96,CRITICAL,combined_hazard
2026-01-01 08:37:40,L02,ventilation_area,0.6455,52.49,0.4828,19.332,39.89,79.36,CRITICAL,combined_hazard
2026-01-01 08:37:45,L02,ventilation_area,0.6462,53.22,0.4761,19.3,39.91,79.49,CRITICAL,combined_hazard
2026-01-01 08:37:50,L02,ventilation_area,0.6615,54.23,0.4757,19.273,39.91,79.87,CRITICAL,combined_hazard
2026-01-01 08:37:55,L02,ventilation_area,0.6632,55.47,0.4757,19.245,39.97,80.54,CRITICAL,combined_hazard
2026-01-01 08:38:00,L02,ventilation_area,0.6779,54.9,0.4764,19.258,39.99,80.05,CRITICAL,combined_hazard
2026-01-01 08:38:05,L02,ventilation_area,0.6646,55.72,0.4747,19.195,39.98,80.45,CRITICAL,combined_hazard
2026-01-01 08:38:10,L02,ventilation_area,0.685,55.87,0.4758,19.222,40.02,81.31,CRITICAL,combined_hazard
2026-01-01 08:38:15,L02,ventilation_area,0.7112,57.3,0.4728,19.176,39.99,81.49,CRITICAL,combined_hazard
2026-01-01 08:38:20,L02,ventilation_area,0.6976,56.06,0.4716,19.199,40.01,81.39,CRITICAL,combined_hazard
2026-01-01 08:38:25,L02,ventilation_area,0.7068,57.39,0.4704,19.164,40.04,81.98,CRITICAL,combined_hazard
2026-01-01 08:38:30,L02,ventilation_area,0.7159,57.07,0.4691,19.156,40.06,82.12,CRITICAL,combined_hazard
2026-01-01 08:38:35,L02,ventilation_area,0.7171,57.14,0.4712,19.13,40.06,82.69,CRITICAL,combined_hazard
2026-01-01 08:38:40,L02,ventilation_area,0.7163,58.92,0.471,19.082,40.1,82.58,CRITICAL,combined_hazard
2026-01-01 08:38:45,L02,ventilation_area,0.741,59.32,0.4699,19.081,40.11,83.11,CRITICAL,combined_hazard
2026-01-01 08:38:50,L02,ventilation_area,0.7519,59.6,0.4723,19.09,40.1,83.8,CRITICAL,combined_hazard
2026-01-01 08:38:55,L02,ventilation_area,0.7581,60.16,0.4717,19.065,40.14,83.53,CRITICAL,combined_hazard
2026-01-01 08:39:00,L02,ventilation_area,0.7651,62.13,0.4687,19.066,40.17,83.66,CRITICAL,combined_hazard
2026-01-01 08:39:05,L02,ventilation_area,0.7744,61.04,0.4658,19.036,40.17,84.1,CRITICAL,combined_hazard
2026-01-01 08:39:10,L02,ventilation_area,0.7906,61.88,0.4672,18.996,40.2,84.09,CRITICAL,combined_hazard
2026-01-01 08:39:15,L02,ventilation_area,0.7879,61.81,0.4666,18.983,40.18,85.08,CRITICAL,combined_hazard
2026-01-01 08:39:20,L02,ventilation_area,0.7924,62.73,0.4659,18.982,40.22,84.77,CRITICAL,combined_hazard
2026-01-01 08:39:25,L02,ventilation_area,0.8027,62.96,0.4653,18.924,40.21,84.92,CRITICAL,combined_hazard
2026-01-01 08:39:30,L02,ventilation_area,0.8178,63.35,0.4648,18.975,40.23,85.04,CRITICAL,combined_hazard
2026-01-01 08:39:35,L02,ventilation_area,0.8327,64.87,0.4646,18.938,40.25,85.82,CRITICAL,combined_hazard
2026-01-01 08:39:40,L02,ventilation_area,0.823,65.04,0.4637,18.935,40.27,86.03,CRITICAL,combined_hazard
2026-01-01 08:39:45,L02,ventilation_area,0.837,65.04,0.4644,18.87,40.29,85.94,CRITICAL,combined_hazard
2026-01-01 08:39:50,L02,ventilation_area,0.8468,64.38,0.4641,18.902,40.31,86.49,CRITICAL,combined_hazard
2026-01-01 08:39:55,L02,ventilation_area,0.8432,65.76,0.4615,18.902,40.35,86.21,CRITICAL,combined_hazard
2026-01-01 08:40:00,L02,ventilation_area,0.8596,67.66,0.4644,18.825,40.34,86.93,CRITICAL,combined_hazard
2026-01-01 08:40:05,L02,ventilation_area,0.8546,66.77,0.4603,18.844,40.34,87.27,CRITICAL,combined_hazard
2026-01-01 08:40:10,L02,ventilation_area,0.8598,67.87,0.4587,18.815,40.4,87.87,CRITICAL,combined_hazard
2026-01-01 08:40:15,L02,ventilation_area,0.8858,68.5,0.4613,18.772,40.38,87.49,CRITICAL,combined_hazard
2026-01-01 08:40:20,L02,ventilation_area,0.8872,68.41,0.4588,18.79,40.41,87.62,CRITICAL,combined_hazard
2026-01-01 08:40:25,L02,ventilation_area,0.9,68.39,0.46,18.779,40.44,87.99,CRITICAL,combined_hazard
2026-01-01 08:40:30,L02,ventilation_area,0.9058,68.13,0.4552,18.738,40.45,88.15,CRITICAL,combined_hazard
2026-01-01 08:40:35,L02,ventilation_area,0.9054,70.06,0.4606,18.752,40.48,89.12,CRITICAL,combined_hazard
2026-01-01 08:40:40,L02,ventilation_area,0.9211,69.84,0.4589,18.687,40.49,89.45,CRITICAL,combined_hazard
2026-01-01 08:40:45,L02,ventilation_area,0.9187,70.77,0.4549,18.674,40.48,89.39,CRITICAL,combined_hazard
2026-01-01 08:40:50,L02,ventilation_area,0.949,70.59,0.4544,18.685,40.55,89.9,CRITICAL,combined_hazard
2026-01-01 08:40:55,L02,ventilation_area,0.9332,71.52,0.4587,18.667,40.53,89.88,CRITICAL,combined_hazard
2026-01-01 08:41:00,L02,ventilation_area,0.9509,72.14,0.4544,18.637,40.54,90.09,CRITICAL,combined_hazard
2026-01-01 08:41:05,L02,ventilation_area,0.9514,72.72,0.4537,18.647,40.58,90.3,CRITICAL,combined_hazard
2026-01-01 08:41:10,L02,ventilation_area,0.973,72.55,0.4509,18.626,40.58,90.58,CRITICAL,combined_hazard
2026-01-01 08:41:15,L02,ventilation_area,0.973,74.11,0.4533,18.615,40.6,90.52,CRITICAL,combined_hazard
2026-01-01 08:41:20,L02,ventilation_area,0.9792,73.75,0.453,18.581,40.65,91.27,CRITICAL,combined_hazard
2026-01-01 08:41:25,L02,ventilation_area,0.9987,73.72,0.4539,18.577,40.62,91.46,CRITICAL,combined_hazard
2026-01-01 08:41:30,L02,ventilation_area,0.9994,74.93,0.45,18.543,40.64,91.93,CRITICAL,combined_hazard
2026-01-01 08:41:35,L02,ventilation_area,1.0113,75.47,0.4492,18.569,40.66,92.03,CRITICAL,combined_hazard
2026-01-01 08:00:00,L03,coal_face,0.0818,6.75,0.0941,20.454,25.38,70.48,SAFE,normal
2026-01-01 08:00:05,L03,coal_face,0.0814,6.8,0.0964,20.451,25.41,70.65,SAFE,normal
2026-01-01 08:00:10,L03,coal_face,0.0862,6.77,0.0951,20.447,25.39,70.78,SAFE,normal
2026-01-01 08:00:15,L03,coal_face,0.0944,6.79,0.0942,20.45,25.41,70.84,SAFE,normal
2026-01-01 08:00:20,L03,coal_face,0.0919,6.93,0.0931,20.45,25.45,70.77,SAFE,normal
2026-01-01 08:00:25,L03,coal_face,0.1033,6.89,0.0953,20.441,25.42,71.1,SAFE,normal
2026-01-01 08:00:30,L03,coal_face,0.1015,6.98,0.096,20.438,25.43,71.21,SAFE,normal
2026-01-01 08:00:35,L03,coal_face,0.1152,6.97,0.0945,20.441,25.46,71.21,SAFE,normal
2026-01-01 08:00:40,L03,coal_face,0.1255,7.01,0.0956,20.435,25.44,71.26,SAFE,normal
2026-01-01 08:00:45,L03,coal_face,0.1143,7.06,0.095,20.432,25.47,71.65,SAFE,normal
2026-01-01 08:00:50,L03,coal_face,0.1252,7.05,0.0954,20.424,25.51,71.66,SAFE,normal
2026-01-01 08:00:55,L03,coal_face,0.1233,7.12,0.0929,20.427,25.48,71.69,SAFE,normal
2026-01-01 08:01:00,L03,coal_face,0.1361,7.13,0.0956,20.419,25.49,71.71,SAFE,normal
2026-01-01 08:01:05,L03,coal_face,0.1291,7.14,0.0971,20.415,25.5,71.85,SAFE,normal
2026-01-01 08:01:10,L03,coal_face,0.1417,7.22,0.0954,20.415,25.54,72.17,SAFE,normal
2026-01-01 08:01:15,L03,coal_face,0.1394,7.24,0.0963,20.412,25.55,72.16,SAFE,normal
2026-01-01 08:01:20,L03,coal_face,0.1468,7.28,0.0956,20.41,25.54,72.2,SAFE,normal
2026-01-01 08:01:25,L03,coal_face,0.147,7.28,0.097,20.403,25.56,72.42,SAFE,normal
2026-01-01 08:01:30,L03,coal_face,0.1602,7.4,0.0965,20.409,25.58,72.39,SAFE,normal
2026-01-01 08:01:35,L03,coal_face,0.1564,7.41,0.0958,20.407,25.6,72.74,SAFE,normal
2026-01-01 08:01:40,L03,coal_face,0.1673,7.45,0.0985,20.393,25.58,72.83,SAFE,normal
2026-01-01 08:01:45,L03,coal_face,0.1671,7.44,0.0982,20.4,25.57,72.76,SAFE,normal
2026-01-01 08:01:50,L03,coal_face,0.1724,7.43,0.0966,20.391,25.6,72.85,SAFE,normal
2026-01-01 08:01:55,L03,coal_face,0.1779,7.58,0.098,20.394,25.61,72.76,SAFE,normal
2026-01-01 08:02:00,L03,coal_face,0.1777,7.55,0.0982,20.388,25.63,72.98,SAFE,normal
2026-01-01 08:02:05,L03,coal_face,0.1866,7.56,0.0984,20.386,25.64,73.1,SAFE,normal
2026-01-01 08:02:10,L03,coal_face,0.1972,7.63,0.0959,20.382,25.66,73.36,SAFE,normal
2026-01-01 08:02:15,L03,coal_face,0.1902,7.69,0.0991,20.384,25.67,73.42,SAFE,normal
2026-01-01 08:02:20,L03,coal_face,0.2039,7.68,0.0975,20.373,25.67,73.43,SAFE,normal
2026-01-01 08:02:25,L03,coal_face,0.2096,7.76,0.0978,20.377,25.69,73.64,SAFE,normal
2026-01-01 08:02:30,L03,coal_face,0.2026,7.79,0.1014,20.376,25.69,73.83,SAFE,normal
2026-01-01 08:02:35,L03,coal_face,0.2037,7.75,0.0989,20.371,25.7,73.94,SAFE,normal
2026-01-01 08:02:40,L03,coal_face,0.2164,7.8,0.0982,20.374,25.72,73.81,SAFE,normal
2026-01-01 08:02:45,L03,coal_face,0.2165,7.88,0.0963,20.361,25.72,74.09,SAFE,normal
2026-01-01 08:02:50,L03,coal_face,0.2324,7.8,0.1005,20.364,25.75,74.08,SAFE,normal
2026-01-01 08:02:55,L03,coal_face,0.2277,7.92,0.0976,20.357,25.72,74.42,SAFE,normal
2026-01-01 08:03:00,L03,coal_face,0.2279,7.91,0.0981,20.359,25.74,74.51,SAFE,normal
2026-01-01 08:03:05,L03,coal_face,0.2304,7.97,0.099,20.352,25.76,74.45,SAFE,normal
2026-01-01 08:03:10,L03,coal_face,0.2455,8.01,0.1011,20.348,25.77,74.57,SAFE,normal
2026-01-01 08:03:15,L03,coal_face,0.2416,8.04,0.1005,20.351,25.79,74.71,SAFE,normal
2026-01-01 08:03:20,L03,coal_face,0.2488,8.07,0.0996,20.342,25.79,74.64,SAFE,normal
2026-01-01 08:03:25,L03,coal_face,0.2574,8.09,0.1003,20.336,25.79,75.01,SAFE,normal
2026-01-01 08:03:30,L03,coal_face,0.2546,8.23,0.0994,20.336,25.82,75.06,SAFE,normal
2026-01-01 08:03:35,L03,coal_face,0.2609,8.25,0.1004,20.337,25.83,75.29,SAFE,normal
2026-01-01 08:03:40,L03,coal_face,0.2653,8.19,0.1004,20.337,25.81,75.19,SAFE,normal
2026-01-01 08:03:45,L03,coal_face,0.2729,8.31,0.1016,20.33,25.84,75.35,SAFE,normal
2026-01-01 08:03:50,L03,coal_face,0.2766,8.28,0.1017,20.331,25.83,75.37,SAFE,normal
2026-01-01 08:03:55,L03,coal_face,0.2769,8.33,0.1013,20.319,25.85,75.53,SAFE,normal
2026-01-01 08:04:00,L03,coal_face,0.2825,8.36,0.1005,20.32,25.86,75.62,SAFE,normal
2026-01-01 08:04:05,L03,coal_face,0.2846,8.37,0.1019,20.317,25.89,75.95,SAFE,normal
2026-01-01 08:04:10,L03,coal_face,0.2834,8.46,0.1011,20.315,25.89,75.89,SAFE,normal
2026-01-01 08:04:15,L03,coal_face,0.296,8.46,0.1001,20.313,25.89,76.08,SAFE,normal
2026-01-01 08:04:20,L03,coal_face,0.3081,8.48,0.101,20.312,25.92,76.14,SAFE,normal
2026-01-01 08:04:25,L03,coal_face,0.2989,8.49,0.1017,20.306,25.91,76.15,SAFE,normal
2026-01-01 08:04:30,L03,coal_face,0.3036,8.53,0.1028,20.305,25.94,76.37,SAFE,normal
2026-01-01 08:04:35,L03,coal_face,0.3073,8.54,0.1017,20.301,25.93,76.56,SAFE,normal
2026-01-01 08:04:40,L03,coal_face,0.3193,8.63,0.1007,20.295,25.95,76.49,SAFE,normal
2026-01-01 08:04:45,L03,coal_face,0.3221,8.62,0.1022,20.295,25.97,76.8,SAFE,normal
2026-01-01 08:04:50,L03,coal_face,0.3234,8.69,0.1025,20.293,25.98,76.74,SAFE,normal
2026-01-01 08:04:55,L03,coal_face,0.3239,8.77,0.1027,20.29,26.0,76.89,SAFE,normal
2026-01-01 08:05:00,L03,coal_face,0.333,8.8,0.1036,20.288,25.99,77.1,SAFE,normal
2026-01-01 08:05:05,L03,coal_face,0.3292,8.8,0.1039,20.285,26.01,77.09,SAFE,normal
2026-01-01 08:05:10,L03,coal_face,0.3435,8.75,0.1004,20.288,25.98,77.19,SAFE,methane_buildup
2026-01-01 08:05:15,L03,coal_face,0.3368,8.8,0.1037,20.272,26.12,77.07,SAFE,methane_buildup
2026-01-01 08:05:20,L03,coal_face,0.3473,9.02,0.1062,20.276,26.07,77.03,SAFE,methane_buildup
2026-01-01 08:05:25,L03,coal_face,0.3568,8.85,0.1062,20.272,26.15,77.06,SAFE,methane_buildup
2026-01-01 08:05:30,L03,coal_face,0.3655,9.03,0.1062,20.268,26.16,76.99,SAFE,methane_buildup
2026-01-01 08:05:35,L03,coal_face,0.3538,9.26,0.1041,20.269,26.36,76.93,SAFE,methane_buildup
2026-01-01 08:05:40,L03,coal_face,0.3673,9.38,0.1066,20.268,26.41,76.94,SAFE,methane_buildup
2026-01-01 08:05:45,L03,coal_face,0.377,9.44,0.1093,20.267,26.33,76.85,SAFE,methane_buildup
2026-01-01 08:05:50,L03,coal_face,0.3898,9.43,0.1084,20.262,26.44,76.82,SAFE,methane_buildup
2026-01-01 08:05:55,L03,coal_face,0.4076,9.59,0.1111,20.256,26.45,76.84,SAFE,methane_buildup
2026-01-01 08:06:00,L03,coal_face,0.3958,9.8,0.1129,20.256,26.57,76.81,SAFE,methane_buildup
2026-01-01 08:06:05,L03,coal_face,0.3942,9.91,0.1143,20.253,26.61,76.77,SAFE,methane_buildup
2026-01-01 08:06:10,L03,coal_face,0.4121,9.96,0.1112,20.253,26.68,76.66,SAFE,methane_buildup
2026-01-01 08:06:15,L03,coal_face,0.4241,10.16,0.1183,20.249,26.71,76.68,SAFE,methane_buildup
2026-01-01 08:06:20,L03,coal_face,0.4223,10.19,0.1166,20.243,26.89,76.55,SAFE,methane_buildup
2026-01-01 08:06:25,L03,coal_face,0.4217,10.18,0.1161,20.237,26.75,76.51,SAFE,methane_buildup
2026-01-01 08:06:30,L03,coal_face,0.4399,10.32,0.1189,20.235,26.77,76.42,SAFE,methane_buildup
2026-01-01 08:06:35,L03,coal_face,0.4441,10.31,0.1221,20.232,26.89,76.53,SAFE,methane_buildup
2026-01-01 08:06:40,L03,coal_face,0.4391,10.53,0.1161,20.23,26.88,76.4,SAFE,methane_buildup
2026-01-01 08:06:45,L03,coal_face,0.4544,10.73,0.1192,20.229,26.94,76.38,SAFE,methane_buildup
2026-01-01 08:06:50,L03,coal_face,0.4644,10.79,0.1162,20.228,27.02,76.31,SAFE,methane_buildup
2026-01-01 08:06:55,L03,coal_face,0.4717,10.95,0.1217,20.222,27.08,76.33,SAFE,methane_buildup
2026-01-01 08:07:00,L03,coal_face,0.4696,10.9,0.1229,20.22,27.13,76.25,SAFE,methane_buildup
2026-01-01 08:07:05,L03,coal_face,0.4737,11.14,0.1231,20.217,27.25,76.18,SAFE,methane_buildup
2026-01-01 08:07:10,L03,coal_face,0.4902,11.1,0.1229,20.212,27.26,76.2,SAFE,methane_buildup
2026-01-01 08:07:15,L03,coal_face,0.4803,11.35,0.1212,20.207,27.33,76.09,SAFE,methane_buildup
2026-01-01 08:07:20,L03,coal_face,0.4971,11.31,0.1265,20.201,27.43,76.08,SAFE,methane_buildup
2026-01-01 08:07:25,L03,coal_face,0.4914,11.47,0.1294,20.202,27.4,75.99,SAFE,methane_buildup
2026-01-01 08:07:30,L03,coal_face,0.5134,11.64,0.1265,20.203,27.48,75.97,WARNING,methane_buildup
2026-01-01 08:07:35,L03,coal_face,0.5108,11.58,0.1293,20.196,27.57,75.99,WARNING,methane_buildup
2026-01-01 08:07:40,L03,coal_face,0.5268,11.72,0.1265,20.195,27.5,75.87,WARNING,methane_buildup
2026-01-01 08:07:45,L03,coal_face,0.5278,11.91,0.1311,20.195,27.54,75.85,WARNING,methane_buildup
2026-01-01 08:07:50,L03,coal_face,0.5226,11.88,0.1305,20.192,27.72,75.87,WARNING,methane_buildup
2026-01-01 08:07:55,L03,coal_face,0.546,11.87,0.1307,20.183,27.78,75.81,WARNING,methane_buildup
2026-01-01 08:08:00,L03,coal_face,0.5529,12.28,0.1316,20.188,27.92,75.86,WARNING,methane_buildup
2026-01-01 08:08:05,L03,coal_face,0.5546,12.14,0.1331,20.185,27.87,75.81,WARNING,methane_buildup
2026-01-01 08:08:10,L03,coal_face,0.5499,12.29,0.1354,20.174,27.96,75.67,WARNING,methane_buildup
2026-01-01 08:08:15,L03,coal_face,0.5589,12.48,0.1332,20.172,27.96,75.69,WARNING,methane_buildup
2026-01-01 08:08:20,L03,coal_face,0.5679,12.42,0.1358,20.177,28.04,75.65,WARNING,methane_buildup
2026-01-01 08:08:25,L03,coal_face,0.5684,12.48,0.1373,20.169,28.16,75.56,WARNING,methane_buildup
2026-01-01 08:08:30,L03,coal_face,0.5902,12.69,0.1363,20.158,28.03,75.49,WARNING,methane_buildup
2026-01-01 08:08:35,L03,coal_face,0.5861,12.6,0.1424,20.158,28.21,75.5,WARNING,methane_buildup
2026-01-01 08:08:40,L03,coal_face,0.5735,12.83,0.1385,20.159,28.35,75.46,WARNING,methane_buildup
2026-01-01 08:08:45,L03,coal_face,0.5995,12.98,0.1397,20.153,28.31,75.41,WARNING,methane_buildup
2026-01-01 08:08:50,L03,coal_face,0.6011,13.03,0.14,20.153,28.43,75.4,WARNING,methane_buildup
2026-01-01 08:08:55,L03,coal_face,0.6089,13.01,0.146,20.151,28.37,75.32,WARNING,methane_buildup
2026-01-01 08:09:00,L03,coal_face,0.613,13.39,0.1446,20.154,28.45,75.26,WARNING,methane_buildup
2026-01-01 08:09:05,L03,coal_face,0.6268,13.35,0.1428,20.144,28.51,75.27,WARNING,methane_buildup
2026-01-01 08:09:10,L03,coal_face,0.6349,13.57,0.1474,20.146,28.45,75.24,WARNING,methane_buildup
2026-01-01 08:09:15,L03,coal_face,0.6355,13.51,0.1466,20.145,28.55,75.14,WARNING,methane_buildup
2026-01-01 08:09:20,L03,coal_face,0.6375,13.55,0.1476,20.142,28.61,75.18,WARNING,methane_buildup
2026-01-01 08:09:25,L03,coal_face,0.6455,13.75,0.1474,20.135,28.76,75.04,WARNING,methane_buildup
2026-01-01 08:09:30,L03,coal_face,0.6519,13.8,0.1476,20.123,28.82,75.04,WARNING,methane_buildup
2026-01-01 08:09:35,L03,coal_face,0.6526,13.81,0.1504,20.129,28.84,75.01,WARNING,methane_buildup
2026-01-01 08:09:40,L03,coal_face,0.6677,14.15,0.1497,20.129,28.92,74.96,WARNING,methane_buildup
2026-01-01 08:09:45,L03,coal_face,0.673,14.06,0.1549,20.121,28.92,74.92,WARNING,methane_buildup
2026-01-01 08:09:50,L03,coal_face,0.6861,14.05,0.1502,20.125,29.04,74.97,WARNING,methane_buildup
2026-01-01 08:09:55,L03,coal_face,0.6903,14.43,0.1562,20.119,29.04,74.83,WARNING,methane_buildup
2026-01-01 08:10:00,L03,coal_face,0.6837,14.36,0.1541,20.115,29.09,74.91,WARNING,methane_buildup
2026-01-01 08:10:05,L03,coal_face,0.6996,14.45,0.1557,20.114,29.13,74.8,WARNING,methane_buildup
2026-01-01 08:10:10,L03,coal_face,0.6941,14.44,0.1575,20.108,29.23,74.74,WARNING,methane_buildup
2026-01-01 08:10:15,L03,coal_face,0.7109,14.85,0.1558,20.095,29.23,74.72,WARNING,methane_buildup
2026-01-01 08:10:20,L03,coal_face,0.7065,15.31,0.1579,20.094,29.25,74.7,WARNING,co_buildup
2026-01-01 08:10:25,L03,coal_face,0.6923,14.58,0.162,20.104,29.26,74.68,WARNING,co_buildup
2026-01-01 08:10:30,L03,coal_face,0.6969,15.32,0.1657,20.115,29.27,74.68,WARNING,co_buildup
2026-01-01 08:10:35,L03,coal_face,0.7011,18.05,0.1575,20.113,29.28,74.68,WARNING,co_buildup
2026-01-01 08:10:40,L03,coal_face,0.688,18.21,0.1615,20.121,29.3,74.69,WARNING,co_buildup
2026-01-01 08:10:45,L03,coal_face,0.6809,17.81,0.1713,20.116,29.3,74.66,WARNING,co_buildup
2026-01-01 08:10:50,L03,coal_face,0.6744,18.6,0.1688,20.129,29.3,74.67,WARNING,co_buildup
2026-01-01 08:10:55,L03,coal_face,0.6777,18.72,0.1697,20.127,29.33,74.65,WARNING,co_buildup
2026-01-01 08:11:00,L03,coal_face,0.6637,19.96,0.1701,20.133,29.31,74.64,WARNING,co_buildup
2026-01-01 08:11:05,L03,coal_face,0.6733,19.92,0.1743,20.137,29.36,74.64,WARNING,co_buildup
2026-01-01 08:11:10,L03,coal_face,0.6689,19.8,0.1739,20.135,29.35,74.63,WARNING,co_buildup
2026-01-01 08:11:15,L03,coal_face,0.6552,20.83,0.1862,20.139,29.38,74.63,WARNING,co_buildup
2026-01-01 08:11:20,L03,coal_face,0.6489,22.23,0.1822,20.152,29.4,74.63,WARNING,co_buildup
2026-01-01 08:11:25,L03,coal_face,0.6498,22.19,0.1842,20.154,29.39,74.61,WARNING,co_buildup
2026-01-01 08:11:30,L03,coal_face,0.6453,23.43,0.1882,20.16,29.42,74.61,WARNING,co_buildup
2026-01-01 08:11:35,L03,coal_face,0.6303,23.48,0.1914,20.161,29.42,74.59,WARNING,co_buildup
2026-01-01 08:11:40,L03,coal_face,0.6271,24.27,0.1934,20.163,29.45,74.58,WARNING,co_buildup
2026-01-01 08:11:45,L03,coal_face,0.618,25.84,0.1959,20.159,29.44,74.58,WARNING,co_buildup
2026-01-01 08:11:50,L03,coal_face,0.6225,26.12,0.193,20.169,29.44,74.58,WARNING,co_buildup
2026-01-01 08:11:55,L03,coal_face,0.6191,26.6,0.1961,20.174,29.47,74.56,WARNING,co_buildup
2026-01-01 08:12:00,L03,coal_face,0.6035,27.74,0.2014,20.186,29.47,74.56,WARNING,co_buildup
2026-01-01 08:12:05,L03,coal_face,0.6036,28.14,0.1997,20.184,29.48,74.55,WARNING,co_buildup
2026-01-01 08:12:10,L03,coal_face,0.594,29.32,0.2033,20.192,29.49,74.55,WARNING,co_buildup
2026-01-01 08:12:15,L03,coal_face,0.5916,28.85,0.2066,20.191,29.51,74.54,WARNING,co_buildup
2026-01-01 08:12:20,L03,coal_face,0.5946,29.49,0.2098,20.189,29.54,74.52,WARNING,co_buildup
2026-01-01 08:12:25,L03,coal_face,0.583,29.62,0.2044,20.196,29.51,74.54,WARNING,co_buildup
2026-01-01 08:12:30,L03,coal_face,0.5805,30.75,0.2139,20.201,29.54,74.52,WARNING,co_buildup
2026-01-01 08:12:35,L03,coal_face,0.5686,32.18,0.2132,20.199,29.56,74.5,WARNING,co_buildup
2026-01-01 08:12:40,L03,coal_face,0.5736,32.99,0.218,20.205,29.57,74.5,WARNING,co_buildup
2026-01-01 08:12:45,L03,coal_face,0.5676,33.43,0.2204,20.21,29.59,74.5,WARNING,co_buildup
2026-01-01 08:12:50,L03,coal_face,0.5591,32.47,0.2249,20.221,29.59,74.49,WARNING,co_buildup
2026-01-01 08:12:55,L03,coal_face,0.5572,34.75,0.2263,20.209,29.6,74.49,WARNING,co_buildup
2026-01-01 08:13:00,L03,coal_face,0.5544,33.7,0.2284,20.227,29.62,74.48,WARNING,co_buildup
2026-01-01 08:13:05,L03,coal_face,0.5443,35.9,0.2308,20.221,29.62,74.47,WARNING,co_buildup
2026-01-01 08:13:10,L03,coal_face,0.536,35.8,0.2295,20.223,29.63,74.46,WARNING,co_buildup
2026-01-01 08:13:15,L03,coal_face,0.5488,37.04,0.2308,20.238,29.65,74.45,WARNING,co_buildup
2026-01-01 08:13:20,L03,coal_face,0.5309,36.5,0.2354,20.24,29.65,74.46,WARNING,co_buildup
2026-01-01 08:13:25,L03,coal_face,0.529,38.56,0.2371,20.246,29.66,74.43,WARNING,co_buildup
2026-01-01 08:13:30,L03,coal_face,0.5302,37.67,0.2362,20.247,29.67,74.43,WARNING,co_buildup
2026-01-01 08:13:35,L03,coal_face,0.539,38.76,0.2404,20.256,29.71,74.43,WARNING,co_buildup
2026-01-01 08:13:40,L03,coal_face,0.5086,39.2,0.2412,20.254,29.67,74.42,WARNING,co_buildup
2026-01-01 08:13:45,L03,coal_face,0.5129,39.39,0.2409,20.254,29.72,74.41,WARNING,co_buildup
2026-01-01 08:13:50,L03,coal_face,0.5019,41.08,0.2493,20.26,29.72,74.39,WARNING,co_buildup
2026-01-01 08:13:55,L03,coal_face,0.498,42.69,0.2478,20.268,29.72,74.4,WARNING,co_buildup
2026-01-01 08:14:00,L03,coal_face,0.4923,43.81,0.2557,20.262,29.75,74.39,WARNING,co_buildup
2026-01-01 08:14:05,L03,coal_face,0.4853,42.96,0.2471,20.267,29.76,74.39,WARNING,co_buildup
2026-01-01 08:14:10,L03,coal_face,0.4864,44.17,0.2523,20.272,29.78,74.37,WARNING,co_buildup
2026-01-01 08:14:15,L03,coal_face,0.4739,44.29,0.2561,20.268,29.75,74.38,WARNING,co_buildup
2026-01-01 08:14:20,L03,coal_face,0.4821,45.07,0.2615,20.281,29.81,74.38,WARNING,co_buildup
2026-01-01 08:14:25,L03,coal_face,0.4725,45.22,0.2614,20.276,29.79,74.35,WARNING,co_buildup
2026-01-01 08:14:30,L03,coal_face,0.4697,46.15,0.2633,20.288,29.82,74.34,WARNING,co_buildup
2026-01-01 08:14:35,L03,coal_face,0.4602,46.98,0.2612,20.295,29.83,74.34,WARNING,co_buildup
2026-01-01 08:14:40,L03,coal_face,0.4559,46.96,0.2632,20.293,29.83,74.33,WARNING,co_buildup
2026-01-01 08:14:45,L03,coal_face,0.4547,47.88,0.2697,20.306,29.86,74.33,WARNING,co_buildup
2026-01-01 08:14:50,L03,coal_face,0.4421,48.51,0.2668,20.296,29.85,74.32,WARNING,co_buildup
2026-01-01 08:14:55,L03,coal_face,0.4417,49.65,0.2714,20.312,29.85,74.32,WARNING,co_buildup
2026-01-01 08:15:00,L03,coal_face,0.4342,49.19,0.2765,20.313,29.89,74.3,WARNING,co_buildup
2026-01-01 08:15:05,L03,coal_face,0.4292,50.4,0.2743,20.306,29.88,74.29,WARNING,co_buildup
2026-01-01 08:15:10,L03,coal_face,0.4179,52.15,0.284,20.329,29.89,74.3,WARNING,co_buildup
2026-01-01 08:15:15,L03,coal_face,0.4317,52.35,0.2849,20.321,29.91,74.27,WARNING,co_buildup
2026-01-01 08:15:20,L03,coal_face,0.416,53.08,0.2789,20.321,29.93,74.28,WARNING,co_buildup
2026-01-01 08:15:25,L03,coal_face,0.4212,52.95,0.2828,20.322,29.94,74.29,WARNING,co_buildup
2026-01-01 08:15:30,L03,coal_face,0.4129,52.63,0.2877,20.352,30.02,74.36,WARNING,low_oxygen
2026-01-01 08:15:35,L03,coal_face,0.4171,51.91,0.2863,20.268,29.97,74.43,WARNING,low_oxygen
2026-01-01 08:15:40,L03,coal_face,0.4134,51.91,0.2847,20.263,30.02,74.71,WARNING,low_oxygen
2026-01-01 08:15:45,L03,coal_face,0.4133,51.1,0.2831,20.224,30.08,74.95,WARNING,low_oxygen
2026-01-01 08:15:50,L03,coal_face,0.4097,50.36,0.2808,20.186,30.09,75.07,WARNING,low_oxygen
2026-01-01 08:15:55,L03,coal_face,0.4124,49.7,0.2852,20.166,30.15,75.14,WARNING,low_oxygen
2026-01-01 08:16:00,L03,coal_face,0.4084,49.33,0.2801,20.099,30.19,75.24,WARNING,low_oxygen
2026-01-01 08:16:05,L03,coal_face,0.4084,49.7,0.2817,20.133,30.22,75.25,WARNING,low_oxygen
2026-01-01 08:16:10,L03,coal_face,0.4051,48.28,0.2816,20.014,30.35,75.67,WARNING,low_oxygen
2026-01-01 08:16:15,L03,coal_face,0.404,47.81,0.2783,20.053,30.36,75.97,WARNING,low_oxygen
2026-01-01 08:16:20,L03,coal_face,0.4062,47.3,0.2802,19.994,30.4,75.93,WARNING,low_oxygen
2026-01-01 08:16:25,L03,coal_face,0.4031,47.15,0.279,19.936,30.46,76.32,WARNING,low_oxygen
2026-01-01 08:16:30,L03,coal_face,0.4013,46.67,0.2799,19.946,30.46,75.97,WARNING,low_oxygen
2026-01-01 08:16:35,L03,coal_face,0.4007,44.39,0.2756,19.859,30.49,76.19,WARNING,low_oxygen
2026-01-01 08:16:40,L03,coal_face,0.4022,45.87,0.2735,19.876,30.54,76.65,WARNING,low_oxygen
2026-01-01 08:16:45,L03,coal_face,0.3987,45.53,0.2741,19.799,30.61,76.72,WARNING,low_oxygen
2026-01-01 08:16:50,L03,coal_face,0.3987,43.76,0.2746,19.824,30.61,77.04,WARNING,low_oxygen
2026-01-01 08:16:55,L03,coal_face,0.3979,43.25,0.2736,19.749,30.68,77.0,WARNING,low_oxygen
2026-01-01 08:17:00,L03,coal_face,0.3932,42.97,0.2722,19.731,30.72,77.03,WARNING,low_oxygen
2026-01-01 08:17:05,L03,coal_face,0.3931,42.28,0.2689,19.722,30.88,77.29,WARNING,low_oxygen
2026-01-01 08:17:10,L03,coal_face,0.3956,42.22,0.2722,19.656,30.72,77.26,WARNING,low_oxygen
2026-01-01 08:17:15,L03,coal_face,0.3925,40.6,0.2739,19.646,30.87,77.48,WARNING,low_oxygen
2026-01-01 08:17:20,L03,coal_face,0.3949,40.47,0.2707,19.569,30.99,77.95,WARNING,low_oxygen
2026-01-01 08:17:25,L03,coal_face,0.3938,41.25,0.2703,19.602,30.97,78.1,WARNING,low_oxygen
2026-01-01 08:17:30,L03,coal_face,0.3923,39.49,0.2695,19.605,31.04,78.18,WARNING,low_oxygen
2026-01-01 08:17:35,L03,coal_face,0.3934,40.02,0.2685,19.604,31.06,78.03,WARNING,low_oxygen
2026-01-01 08:17:40,L03,coal_face,0.3888,39.04,0.2687,19.489,31.07,78.4,DANGER,low_oxygen
2026-01-01 08:17:45,L03,coal_face,0.3892,37.43,0.2671,19.477,31.05,78.43,DANGER,low_oxygen
2026-01-01 08:17:50,L03,coal_face,0.3858,38.1,0.2652,19.366,31.2,78.94,DANGER,low_oxygen
2026-01-01 08:17:55,L03,coal_face,0.3906,37.18,0.2637,19.435,31.2,78.84,DANGER,low_oxygen
2026-01-01 08:18:00,L03,coal_face,0.3887,36.47,0.2639,19.38,31.24,78.93,DANGER,low_oxygen
2026-01-01 08:18:05,L03,coal_face,0.3839,36.28,0.2641,19.309,31.3,79.26,DANGER,low_oxygen
2026-01-01 08:18:10,L03,coal_face,0.3837,35.85,0.2623,19.329,31.44,79.32,DANGER,low_oxygen
2026-01-01 08:18:15,L03,coal_face,0.3845,35.43,0.2627,19.251,31.51,79.79,DANGER,low_oxygen
2026-01-01 08:18:20,L03,coal_face,0.3806,35.12,0.2622,19.212,31.47,79.63,DANGER,low_oxygen
2026-01-01 08:18:25,L03,coal_face,0.3787,34.2,0.2621,19.209,31.48,79.69,DANGER,low_oxygen
2026-01-01 08:18:30,L03,coal_face,0.3806,32.77,0.2621,19.129,31.5,79.74,DANGER,low_oxygen
2026-01-01 08:18:35,L03,coal_face,0.3781,32.68,0.2594,19.161,31.61,80.21,DANGER,low_oxygen
2026-01-01 08:18:40,L03,coal_face,0.3773,33.83,0.2564,19.064,31.71,80.29,DANGER,low_oxygen
2026-01-01 08:18:45,L03,coal_face,0.3743,32.19,0.2573,19.032,31.67,80.33,DANGER,low_oxygen
2026-01-01 08:18:50,L03,coal_face,0.3716,32.46,0.2573,19.004,31.63,80.88,DANGER,low_oxygen
2026-01-01 08:18:55,L03,coal_face,0.3744,31.44,0.2534,19.023,31.8,80.96,DANGER,low_oxygen
2026-01-01 08:19:00,L03,coal_face,0.3746,30.32,0.2581,18.948,31.86,81.02,DANGER,low_oxygen
2026-01-01 08:19:05,L03,coal_face,0.3715,29.81,0.2553,18.893,31.79,81.38,DANGER,low_oxygen
2026-01-01 08:19:10,L03,coal_face,0.3737,29.1,0.255,18.884,31.91,81.44,DANGER,low_oxygen
2026-01-01 08:19:15,L03,coal_face,0.3686,27.72,0.2559,18.869,31.97,81.38,DANGER,low_oxygen
2026-01-01 08:19:20,L03,coal_face,0.3669,28.05,0.2519,18.801,31.99,81.51,DANGER,low_oxygen
2026-01-01 08:19:25,L03,coal_face,0.3678,28.1,0.2532,18.77,32.0,81.95,DANGER,low_oxygen
2026-01-01 08:19:30,L03,coal_face,0.3668,26.66,0.2513,18.837,32.12,82.04,DANGER,low_oxygen
2026-01-01 08:19:35,L03,coal_face,0.3674,26.62,0.2505,18.714,32.11,82.17,DANGER,low_oxygen
2026-01-01 08:19:40,L03,coal_face,0.3634,26.3,0.2488,18.698,32.11,82.18,DANGER,low_oxygen
2026-01-01 08:19:45,L03,coal_face,0.3665,24.88,0.2521,18.664,32.13,82.56,DANGER,low_oxygen
2026-01-01 08:19:50,L03,coal_face,0.3667,24.57,0.248,18.63,32.31,82.52,DANGER,low_oxygen
2026-01-01 08:19:55,L03,coal_face,0.3618,23.75,0.2491,18.63,32.33,82.77,DANGER,low_oxygen
2026-01-01 08:20:00,L03,coal_face,0.3633,23.3,0.2442,18.607,32.35,83.16,DANGER,low_oxygen
2026-01-01 08:20:05,L03,coal_face,0.3579,22.53,0.2485,18.536,32.38,83.01,DANGER,low_oxygen
2026-01-01 08:20:10,L03,coal_face,0.361,22.18,0.2476,18.476,32.42,83.04,DANGER,low_oxygen
2026-01-01 08:20:15,L03,coal_face,0.3599,22.79,0.2453,18.52,32.44,83.28,DANGER,low_oxygen
2026-01-01 08:20:20,L03,coal_face,0.3586,21.09,0.244,18.446,32.51,83.74,DANGER,low_oxygen
2026-01-01 08:20:25,L03,coal_face,0.3559,21.07,0.2444,18.469,32.49,83.79,DANGER,low_oxygen
2026-01-01 08:20:30,L03,coal_face,0.3493,20.21,0.2468,18.315,32.59,83.89,DANGER,low_oxygen
2026-01-01 08:20:35,L03,coal_face,0.3527,20.51,0.2394,18.357,32.65,84.0,DANGER,low_oxygen
2026-01-01 08:20:40,L03,coal_face,0.353,19.92,0.2413,18.353,32.59,84.01,DANGER,co2_buildup
2026-01-01 08:20:45,L03,coal_face,0.3523,19.91,0.2437,18.402,32.54,84.02,DANGER,co2_buildup
2026-01-01 08:20:50,L03,coal_face,0.3515,19.92,0.2455,18.368,32.34,84.0,DANGER,co2_buildup
2026-01-01 08:20:55,L03,coal_face,0.3408,19.92,0.2428,18.415,32.49,83.88,DANGER,co2_buildup
2026-01-01 08:21:00,L03,coal_face,0.3461,19.91,0.2545,18.449,32.52,83.56,DANGER,co2_buildup
2026-01-01 08:21:05,L03,coal_face,0.3456,19.91,0.2508,18.428,32.33,83.69,DANGER,co2_buildup
2026-01-01 08:21:10,L03,coal_face,0.3486,19.91,0.2516,18.475,32.16,83.45,DANGER,co2_buildup
2026-01-01 08:21:15,L03,coal_face,0.341,19.9,0.254,18.502,32.14,83.43,DANGER,co2_buildup
2026-01-01 08:21:20,L03,coal_face,0.3424,19.91,0.2557,18.523,32.08,83.19,DANGER,co2_buildup
2026-01-01 08:21:25,L03,coal_face,0.3441,19.9,0.2551,18.569,31.97,83.19,DANGER,co2_buildup
2026-01-01 08:21:30,L03,coal_face,0.336,19.91,0.2555,18.585,32.02,83.1,DANGER,co2_buildup
2026-01-01 08:21:35,L03,coal_face,0.3385,19.9,0.2598,18.6,31.95,82.84,DANGER,co2_buildup
2026-01-01 08:21:40,L03,coal_face,0.3342,19.9,0.2608,18.646,31.76,82.93,DANGER,co2_buildup
2026-01-01 08:21:45,L03,coal_face,0.3334,19.9,0.2594,18.699,31.81,82.9,DANGER,co2_buildup
2026-01-01 08:21:50,L03,coal_face,0.3312,19.9,0.2661,18.721,31.79,82.66,DANGER,co2_buildup
2026-01-01 08:21:55,L03,coal_face,0.3299,19.9,0.265,18.663,31.75,82.7,DANGER,co2_buildup
2026-01-01 08:22:00,L03,coal_face,0.3366,19.89,0.2674,18.744,31.74,82.46,DANGER,co2_buildup
2026-01-01 08:22:05,L03,coal_face,0.3307,19.89,0.2705,18.75,31.43,82.46,DANGER,co2_buildup
2026-01-01 08:22:10,L03,coal_face,0.3298,19.89,0.2687,18.782,31.6,82.07,DANGER,co2_buildup
2026-01-01 08:22:15,L03,coal_face,0.3268,19.89,0.2709,18.793,31.32,82.4,DANGER,co2_buildup
2026-01-01 08:22:20,L03,coal_face,0.3204,19.89,0.2735,18.828,31.24,82.22,DANGER,co2_buildup
2026-01-01 08:22:25,L03,coal_face,0.3236,19.89,0.2714,18.853,31.23,81.95,DANGER,co2_buildup
2026-01-01 08:22:30,L03,coal_face,0.3238,19.89,0.2747,18.86,31.1,81.7,DANGER,co2_buildup
2026-01-01 08:22:35,L03,coal_face,0.3177,19.88,0.2763,18.876,31.09,81.8,DANGER,co2_buildup
2026-01-01 08:22:40,L03,coal_face,0.3205,19.88,0.2752,18.91,30.91,81.54,DANGER,co2_buildup
2026-01-01 08:22:45,L03,coal_face,0.3184,19.88,0.2844,18.949,30.91,81.62,DANGER,co2_buildup
2026-01-01 08:22:50,L03,coal_face,0.3197,19.88,0.2771,18.981,30.94,81.52,DANGER,co2_buildup
2026-01-01 08:22:55,L03,coal_face,0.3128,19.87,0.2788,19.011,30.79,81.29,WARNING,co2_buildup
2026-01-01 08:23:00,L03,coal_face,0.3097,19.88,0.2864,19.004,30.73,81.38,WARNING,co2_buildup
2026-01-01 08:23:05,L03,coal_face,0.31,19.88,0.2865,19.045,30.68,81.25,WARNING,co2_buildup
2026-01-01 08:23:10,L03,coal_face,0.3127,19.87,0.2839,19.085,30.66,81.17,WARNING,co2_buildup
2026-01-01 08:23:15,L03,coal_face,0.3035,19.87,0.2892,19.113,30.41,80.98,WARNING,co2_buildup
2026-01-01 08:23:20,L03,coal_face,0.3015,19.87,0.2926,19.109,30.48,80.75,WARNING,co2_buildup
2026-01-01 08:23:25,L03,coal_face,0.3051,19.87,0.2906,19.129,30.36,80.87,WARNING,co2_buildup
2026-01-01 08:23:30,L03,coal_face,0.3024,19.86,0.2982,19.162,30.31,80.65,WARNING,co2_buildup
2026-01-01 08:23:35,L03,coal_face,0.3019,19.86,0.2896,19.155,30.3,80.45,WARNING,co2_buildup
2026-01-01 08:23:40,L03,coal_face,0.3027,19.87,0.2967,19.201,30.09,80.6,WARNING,co2_buildup
2026-01-01 08:23:45,L03,coal_face,0.2976,19.86,0.2993,19.246,30.03,80.57,WARNING,co2_buildup
2026-01-01 08:23:50,L03,coal_face,0.293,19.86,0.3001,19.267,29.9,80.28,DANGER,co2_buildup
2026-01-01 08:23:55,L03,coal_face,0.3008,19.86,0.299,19.27,29.92,80.38,WARNING,co2_buildup
2026-01-01 08:24:00,L03,coal_face,0.2921,19.86,0.3002,19.305,29.97,80.09,DANGER,co2_buildup
2026-01-01 08:24:05,L03,coal_face,0.2905,19.85,0.3034,19.305,29.81,79.95,DANGER,co2_buildup
2026-01-01 08:24:10,L03,coal_face,0.2941,19.85,0.3058,19.363,29.66,79.82,DANGER,co2_buildup
2026-01-01 08:24:15,L03,coal_face,0.2891,19.85,0.3067,19.369,29.65,79.93,DANGER,co2_buildup
2026-01-01 08:24:20,L03,coal_face,0.2884,19.85,0.3092,19.388,29.51,79.61,DANGER,co2_buildup
2026-01-01 08:24:25,L03,coal_face,0.2882,19.85,0.3059,19.41,29.47,79.65,DANGER,co2_buildup
2026-01-01 08:24:30,L03,coal_face,0.2881,19.84,0.3092,19.441,29.5,79.43,DANGER,co2_buildup
2026-01-01 08:24:35,L03,coal_face,0.2833,19.85,0.309,19.456,29.33,79.34,DANGER,co2_buildup
2026-01-01 08:24:40,L03,coal_face,0.2862,19.84,0.3118,19.504,29.4,79.38,WARNING,co2_buildup
2026-01-01 08:24:45,L03,coal_face,0.2761,19.84,0.3165,19.504,29.26,79.15,WARNING,co2_buildup
2026-01-01 08:24:50,L03,coal_face,0.2814,19.84,0.3158,19.573,29.2,79.04,WARNING,co2_buildup
2026-01-01 08:24:55,L03,coal_face,0.2762,19.84,0.3232,19.594,29.11,79.09,WARNING,co2_buildup
2026-01-01 08:25:00,L03,coal_face,0.2799,19.84,0.319,19.564,29.11,79.03,WARNING,co2_buildup
2026-01-01 08:25:05,L03,coal_face,0.2755,19.83,0.3201,19.61,29.04,78.84,WARNING,co2_buildup
2026-01-01 08:25:10,L03,coal_face,0.2721,19.84,0.3217,19.617,28.94,78.62,WARNING,co2_buildup
2026-01-01 08:25:15,L03,coal_face,0.2738,19.83,0.3214,19.648,28.88,78.54,WARNING,co2_buildup
2026-01-01 08:25:20,L03,coal_face,0.2728,19.83,0.3243,19.725,28.76,78.49,WARNING,co2_buildup
2026-01-01 08:25:25,L03,coal_face,0.2708,19.82,0.3285,19.696,28.74,78.41,WARNING,co2_buildup
2026-01-01 08:25:30,L03,coal_face,0.2653,19.83,0.3276,19.735,28.62,78.19,WARNING,co2_buildup
2026-01-01 08:25:35,L03,coal_face,0.2651,19.82,0.3269,19.763,28.57,78.25,WARNING,co2_buildup
2026-01-01 08:25:40,L03,coal_face,0.2648,19.83,0.3281,19.751,28.48,78.09,WARNING,co2_buildup
2026-01-01 08:25:45,L03,coal_face,0.2632,19.82,0.3307,19.778,28.4,77.83,WARNING,co2_buildup
2026-01-01 08:25:50,L03,coal_face,0.2657,19.72,0.3338,19.787,28.27,78.1,WARNING,ventilation_failure
2026-01-01 08:25:55,L03,coal_face,0.2647,19.88,0.3335,19.802,28.47,78.27,WARNING,ventilation_failure
2026-01-01 08:26:00,L03,coal_face,0.285,19.97,0.3319,19.762,28.68,78.54,WARNING,ventilation_failure
2026-01-01 08:26:05,L03,coal_face,0.2891,20.38,0.331,19.72,28.74,78.47,WARNING,ventilation_failure
2026-01-01 08:26:10,L03,coal_face,0.3056,20.37,0.3323,19.706,28.84,78.54,WARNING,ventilation_failure
2026-01-01 08:26:15,L03,coal_face,0.318,20.53,0.3342,19.717,28.77,78.85,WARNING,ventilation_failure
2026-01-01 08:26:20,L03,coal_face,0.334,20.84,0.336,19.706,29.06,79.06,WARNING,ventilation_failure
2026-01-01 08:26:25,L03,coal_face,0.3315,21.01,0.3383,19.683,28.94,78.94,WARNING,ventilation_failure
2026-01-01 08:26:30,L03,coal_face,0.3578,21.18,0.3377,19.647,29.12,79.05,WARNING,ventilation_failure
2026-01-01 08:26:35,L03,coal_face,0.3603,21.53,0.3413,19.607,29.18,79.32,WARNING,ventilation_failure
2026-01-01 08:26:40,L03,coal_face,0.354,21.64,0.3412,19.526,29.25,79.56,WARNING,ventilation_failure
2026-01-01 08:26:45,L03,coal_face,0.3928,21.76,0.3426,19.576,29.45,79.7,WARNING,ventilation_failure
2026-01-01 08:26:50,L03,coal_face,0.3839,22.02,0.3457,19.549,29.38,79.54,WARNING,ventilation_failure
2026-01-01 08:26:55,L03,coal_face,0.3821,22.01,0.3423,19.532,29.41,80.14,WARNING,ventilation_failure
2026-01-01 08:27:00,L03,coal_face,0.4166,22.37,0.3464,19.509,29.6,79.94,WARNING,ventilation_failure
2026-01-01 08:27:05,L03,coal_face,0.4306,22.56,0.3465,19.461,29.65,80.14,DANGER,ventilation_failure
2026-01-01 08:27:10,L03,coal_face,0.4194,22.47,0.3469,19.478,30.03,80.2,DANGER,ventilation_failure
2026-01-01 08:27:15,L03,coal_face,0.4245,23.07,0.3502,19.459,29.9,80.83,DANGER,ventilation_failure
2026-01-01 08:27:20,L03,coal_face,0.4376,22.93,0.3512,19.439,29.9,80.64,DANGER,ventilation_failure
2026-01-01 08:27:25,L03,coal_face,0.4562,23.28,0.3487,19.424,29.93,80.64,DANGER,ventilation_failure
2026-01-01 08:27:30,L03,coal_face,0.4716,23.64,0.3511,19.396,29.95,81.02,DANGER,ventilation_failure
2026-01-01 08:27:35,L03,coal_face,0.4743,23.78,0.353,19.355,30.1,81.15,DANGER,ventilation_failure
2026-01-01 08:27:40,L03,coal_face,0.4794,23.81,0.3529,19.341,30.28,81.17,DANGER,ventilation_failure
2026-01-01 08:27:45,L03,coal_face,0.5031,23.93,0.3556,19.324,30.46,81.45,DANGER,ventilation_failure
2026-01-01 08:27:50,L03,coal_face,0.4949,24.32,0.356,19.303,30.52,81.38,DANGER,ventilation_failure
2026-01-01 08:27:55,L03,coal_face,0.518,24.46,0.3599,19.3,30.54,81.57,DANGER,ventilation_failure
2026-01-01 08:28:00,L03,coal_face,0.5147,24.43,0.3545,19.273,30.58,81.51,DANGER,ventilation_failure
2026-01-01 08:28:05,L03,coal_face,0.5316,24.58,0.3582,19.281,30.71,81.75,DANGER,ventilation_failure
2026-01-01 08:28:10,L03,coal_face,0.536,24.55,0.3577,19.262,30.73,82.31,DANGER,ventilation_failure
2026-01-01 08:28:15,L03,coal_face,0.5463,25.1,0.3615,19.199,30.98,82.44,DANGER,ventilation_failure
2026-01-01 08:28:20,L03,coal_face,0.5529,25.24,0.3583,19.101,30.92,82.37,DANGER,ventilation_failure
2026-01-01 08:28:25,L03,coal_face,0.5798,25.62,0.363,19.181,31.01,82.73,DANGER,ventilation_failure
2026-01-01 08:28:30,L03,coal_face,0.5689,25.68,0.3621,19.125,30.93,82.63,DANGER,ventilation_failure
2026-01-01 08:28:35,L03,coal_face,0.5786,26.02,0.3629,19.099,31.17,82.77,DANGER,ventilation_failure
2026-01-01 08:28:40,L03,coal_face,0.6169,25.86,0.3626,19.086,31.33,82.96,DANGER,ventilation_failure
2026-01-01 08:28:45,L03,coal_face,0.6153,26.35,0.3654,19.065,31.27,83.08,DANGER,ventilation_failure
2026-01-01 08:28:50,L03,coal_face,0.5916,26.25,0.3694,19.065,31.38,83.21,DANGER,ventilation_failure
2026-01-01 08:28:55,L03,coal_face,0.6195,26.65,0.3682,19.001,31.58,83.54,DANGER,ventilation_failure
2026-01-01 08:29:00,L03,coal_face,0.6169,26.46,0.3705,18.99,31.49,83.55,CRITICAL,ventilation_failure
2026-01-01 08:29:05,L03,coal_face,0.6352,26.92,0.3734,18.998,31.77,83.77,CRITICAL,ventilation_failure
2026-01-01 08:29:10,L03,coal_face,0.6232,26.73,0.3718,18.983,31.73,83.96,CRITICAL,ventilation_failure
2026-01-01 08:29:15,L03,coal_face,0.6629,27.2,0.3712,18.962,31.82,84.02,CRITICAL,ventilation_failure
2026-01-01 08:29:20,L03,coal_face,0.6627,27.5,0.3741,18.913,31.85,83.99,CRITICAL,ventilation_failure
2026-01-01 08:29:25,L03,coal_face,0.6844,27.52,0.3732,18.889,32.05,84.08,CRITICAL,ventilation_failure
2026-01-01 08:29:30,L03,coal_face,0.6774,27.61,0.3742,18.877,32.29,84.43,CRITICAL,ventilation_failure
2026-01-01 08:29:35,L03,coal_face,0.7042,28.11,0.3733,18.872,32.25,84.53,CRITICAL,ventilation_failure
2026-01-01 08:29:40,L03,coal_face,0.709,28.13,0.3789,18.876,32.2,84.71,CRITICAL,ventilation_failure
2026-01-01 08:29:45,L03,coal_face,0.7378,28.25,0.3774,18.785,32.44,84.84,CRITICAL,ventilation_failure
2026-01-01 08:29:50,L03,coal_face,0.7467,28.52,0.3795,18.8,32.41,85.34,CRITICAL,ventilation_failure
2026-01-01 08:29:55,L03,coal_face,0.7503,29.13,0.3782,18.757,32.63,84.96,CRITICAL,ventilation_failure
2026-01-01 08:30:00,L03,coal_face,0.749,29.07,0.382,18.73,32.67,85.02,CRITICAL,ventilation_failure
2026-01-01 08:30:05,L03,coal_face,0.7818,29.25,0.3807,18.762,32.46,85.47,CRITICAL,ventilation_failure
2026-01-01 08:30:10,L03,coal_face,0.7563,29.31,0.3828,18.733,32.69,85.52,CRITICAL,ventilation_failure
2026-01-01 08:30:15,L03,coal_face,0.7676,29.45,0.3858,18.71,32.93,85.76,CRITICAL,ventilation_failure
2026-01-01 08:30:20,L03,coal_face,0.7905,29.2,0.3866,18.699,32.95,85.95,CRITICAL,ventilation_failure
2026-01-01 08:30:25,L03,coal_face,0.8236,29.67,0.386,18.65,32.94,86.19,CRITICAL,ventilation_failure
2026-01-01 08:30:30,L03,coal_face,0.8089,29.88,0.3837,18.631,33.06,85.96,CRITICAL,ventilation_failure
2026-01-01 08:30:35,L03,coal_face,0.8189,29.83,0.3938,18.662,33.04,86.23,CRITICAL,ventilation_failure
2026-01-01 08:30:40,L03,coal_face,0.8161,30.13,0.3924,18.593,33.26,86.51,CRITICAL,ventilation_failure
2026-01-01 08:30:45,L03,coal_face,0.8497,30.17,0.3914,18.592,33.53,86.7,CRITICAL,ventilation_failure
2026-01-01 08:30:50,L03,coal_face,0.8595,30.68,0.3896,18.557,33.5,87.04,CRITICAL,ventilation_failure
2026-01-01 08:30:55,L03,coal_face,0.8677,31.0,0.3918,18.499,33.69,87.02,CRITICAL,ventilation_failure
2026-01-01 08:31:00,L03,coal_face,0.8485,31.17,0.3933,18.532,33.47,86.89,CRITICAL,fire_heat
2026-01-01 08:31:05,L03,coal_face,0.8478,31.39,0.3869,18.541,33.73,86.94,CRITICAL,fire_heat
2026-01-01 08:31:10,L03,coal_face,0.8508,32.35,0.3893,18.54,33.81,86.93,CRITICAL,fire_heat
2026-01-01 08:31:15,L03,coal_face,0.838,32.03,0.3832,18.553,33.9,86.97,CRITICAL,fire_heat
2026-01-01 08:31:20,L03,coal_face,0.8316,32.14,0.387,18.571,34.05,86.98,CRITICAL,fire_heat
2026-01-01 08:31:25,L03,coal_face,0.8217,33.29,0.3781,18.575,34.07,87.01,CRITICAL,fire_heat
2026-01-01 08:31:30,L03,coal_face,0.8241,33.72,0.3785,18.59,34.13,87.03,CRITICAL,fire_heat
2026-01-01 08:31:35,L03,coal_face,0.8039,34.6,0.375,18.591,34.54,87.01,CRITICAL,fire_heat
2026-01-01 08:31:40,L03,coal_face,0.7902,34.86,0.3715,18.595,34.67,87.04,CRITICAL,fire_heat
2026-01-01 08:31:45,L03,coal_face,0.7774,36.08,0.3745,18.623,34.91,87.09,CRITICAL,fire_heat
2026-01-01 08:31:50,L03,coal_face,0.7791,36.11,0.3717,18.612,34.75,87.07,CRITICAL,fire_heat
2026-01-01 08:31:55,L03,coal_face,0.7478,36.86,0.3715,18.63,35.07,87.15,CRITICAL,fire_heat
2026-01-01 08:32:00,L03,coal_face,0.7589,37.4,0.3603,18.625,35.08,87.17,CRITICAL,fire_heat
2026-01-01 08:32:05,L03,coal_face,0.7504,37.96,0.3667,18.642,35.39,87.18,CRITICAL,fire_heat
2026-01-01 08:32:10,L03,coal_face,0.7322,38.39,0.3688,18.652,35.5,87.17,CRITICAL,fire_heat
2026-01-01 08:32:15,L03,coal_face,0.7276,39.19,0.3577,18.654,35.54,87.25,CRITICAL,fire_heat
2026-01-01 08:32:20,L03,coal_face,0.7343,39.09,0.3626,18.641,35.6,87.28,CRITICAL,fire_heat
2026-01-01 08:32:25,L03,coal_face,0.721,40.71,0.3539,18.668,35.89,87.26,CRITICAL,fire_heat
2026-01-01 08:32:30,L03,coal_face,0.7116,40.44,0.3484,18.685,35.99,87.29,CRITICAL,fire_heat
2026-01-01 08:32:35,L03,coal_face,0.7051,40.45,0.3494,18.687,35.96,87.31,CRITICAL,fire_heat
2026-01-01 08:32:40,L03,coal_face,0.695,41.72,0.3513,18.694,36.01,87.34,CRITICAL,fire_heat
2026-01-01 08:32:45,L03,coal_face,0.6966,41.75,0.3434,18.685,36.27,87.35,CRITICAL,fire_heat
2026-01-01 08:32:50,L03,coal_face,0.6787,43.04,0.3419,18.7,36.63,87.37,CRITICAL,fire_heat
2026-01-01 08:32:55,L03,coal_face,0.6568,44.34,0.3433,18.717,36.71,87.41,CRITICAL,fire_heat
2026-01-01 08:33:00,L03,coal_face,0.675,43.4,0.3393,18.725,36.57,87.46,CRITICAL,fire_heat
2026-01-01 08:33:05,L03,coal_face,0.6559,44.49,0.3389,18.739,36.7,87.41,CRITICAL,fire_heat
2026-01-01 08:33:10,L03,coal_face,0.6394,43.99,0.3357,18.736,37.13,87.46,CRITICAL,fire_heat
2026-01-01 08:33:15,L03,coal_face,0.6255,45.62,0.3342,18.748,36.96,87.46,CRITICAL,fire_heat
2026-01-01 08:33:20,L03,coal_face,0.6313,45.5,0.3292,18.753,37.3,87.54,CRITICAL,fire_heat
2026-01-01 08:33:25,L03,coal_face,0.6186,46.17,0.329,18.752,37.29,87.51,CRITICAL,fire_heat
2026-01-01 08:33:30,L03,coal_face,0.6249,46.47,0.3234,18.75,37.7,87.52,CRITICAL,fire_heat
2026-01-01 08:33:35,L03,coal_face,0.6001,47.91,0.3278,18.779,37.54,87.58,CRITICAL,fire_heat
2026-01-01 08:33:40,L03,coal_face,0.5876,48.59,0.3199,18.785,37.91,87.63,CRITICAL,fire_heat
2026-01-01 08:33:45,L03,coal_face,0.5942,48.64,0.323,18.786,37.92,87.63,CRITICAL,fire_heat
2026-01-01 08:33:50,L03,coal_face,0.5862,48.74,0.3167,18.786,38.06,87.64,CRITICAL,fire_heat
2026-01-01 08:33:55,L03,coal_face,0.5714,50.49,0.3158,18.812,37.92,87.66,CRITICAL,fire_heat
2026-01-01 08:34:00,L03,coal_face,0.5675,49.87,0.3115,18.813,38.03,87.71,CRITICAL,fire_heat
2026-01-01 08:34:05,L03,coal_face,0.5531,49.71,0.3077,18.827,38.4,87.68,CRITICAL,fire_heat
2026-01-01 08:34:10,L03,coal_face,0.5471,51.54,0.3033,18.845,38.59,87.72,CRITICAL,fire_heat
2026-01-01 08:34:15,L03,coal_face,0.5468,51.31,0.3032,18.821,38.56,87.73,CRITICAL,fire_heat
2026-01-01 08:34:20,L03,coal_face,0.5339,52.88,0.3032,18.84,38.69,87.74,CRITICAL,fire_heat
2026-01-01 08:34:25,L03,coal_face,0.5188,52.74,0.3026,18.852,39.03,87.78,CRITICAL,fire_heat
2026-01-01 08:34:30,L03,coal_face,0.5236,53.77,0.3029,18.873,39.16,87.83,CRITICAL,fire_heat
2026-01-01 08:34:35,L03,coal_face,0.4834,54.7,0.2963,18.856,39.21,87.84,CRITICAL,fire_heat
2026-01-01 08:34:40,L03,coal_face,0.513,53.95,0.2928,18.892,39.45,87.87,CRITICAL,fire_heat
2026-01-01 08:34:45,L03,coal_face,0.4725,54.81,0.2889,18.886,39.35,87.88,CRITICAL,fire_heat
2026-01-01 08:34:50,L03,coal_face,0.4735,55.59,0.2925,18.891,39.58,87.91,CRITICAL,fire_heat
2026-01-01 08:34:55,L03,coal_face,0.4702,56.92,0.293,18.898,39.96,87.9,CRITICAL,fire_heat
2026-01-01 08:35:00,L03,coal_face,0.461,56.37,0.2905,18.904,39.9,87.93,CRITICAL,fire_heat
2026-01-01 08:35:05,L03,coal_face,0.4626,56.94,0.2866,18.924,40.04,87.97,CRITICAL,fire_heat
2026-01-01 08:35:10,L03,coal_face,0.4367,58.01,0.2842,18.915,40.44,87.99,CRITICAL,fire_heat
2026-01-01 08:35:15,L03,coal_face,0.4397,58.03,0.2852,18.934,40.12,88.01,CRITICAL,fire_heat
2026-01-01 08:35:20,L03,coal_face,0.4242,58.93,0.2789,18.936,40.52,88.03,CRITICAL,fire_heat
2026-01-01 08:35:25,L03,coal_face,0.4234,58.62,0.2776,18.94,40.76,88.04,CRITICAL,fire_heat
2026-01-01 08:35:30,L03,coal_face,0.4121,61.02,0.2725,18.975,40.64,88.14,CRITICAL,fire_heat
2026-01-01 08:35:35,L03,coal_face,0.4051,59.8,0.2672,18.965,40.92,88.11,CRITICAL,fire_heat
2026-01-01 08:35:40,L03,coal_face,0.3913,60.85,0.267,18.975,40.83,88.12,CRITICAL,fire_heat
2026-01-01 08:35:45,L03,coal_face,0.3834,61.53,0.2669,18.987,41.0,88.13,CRITICAL,fire_heat
2026-01-01 08:35:50,L03,coal_face,0.3819,63.03,0.2649,18.974,41.26,88.15,CRITICAL,fire_heat
2026-01-01 08:35:55,L03,coal_face,0.3793,61.97,0.2683,19.007,41.45,88.18,CRITICAL,fire_heat
2026-01-01 08:36:00,L03,coal_face,0.3578,64.14,0.2605,18.98,41.62,88.21,CRITICAL,fire_heat
2026-01-01 08:36:05,L03,coal_face,0.3472,64.07,0.2617,19.002,41.81,88.19,CRITICAL,fire_heat
2026-01-01 08:36:10,L03,coal_face,0.3718,63.7,0.2621,19.004,41.64,88.26,CRITICAL,combined_hazard
2026-01-01 08:36:15,L03,coal_face,0.3483,63.69,0.2613,19.015,41.57,88.22,CRITICAL,combined_hazard
2026-01-01 08:36:20,L03,coal_face,0.3677,63.69,0.2571,19.004,41.71,88.2,CRITICAL,combined_hazard
2026-01-01 08:36:25,L03,coal_face,0.405,63.7,0.2656,18.997,41.71,88.14,CRITICAL,combined_hazard
2026-01-01 08:36:30,L03,coal_face,0.3998,63.7,0.2714,19.001,41.81,88.09,CRITICAL,combined_hazard
2026-01-01 08:36:35,L03,coal_face,0.4194,63.7,0.2713,18.999,41.92,88.14,CRITICAL,combined_hazard
2026-01-01 08:36:40,L03,coal_face,0.4439,63.7,0.2744,18.987,41.94,88.13,CRITICAL,combined_hazard
2026-01-01 08:36:45,L03,coal_face,0.4229,63.7,0.2737,18.986,42.03,88.09,CRITICAL,combined_hazard
2026-01-01 08:36:50,L03,coal_face,0.4407,63.7,0.2834,18.976,42.04,88.02,CRITICAL,combined_hazard
2026-01-01 08:36:55,L03,coal_face,0.4496,63.7,0.2816,18.977,42.01,87.97,CRITICAL,combined_hazard
2026-01-01 08:37:00,L03,coal_face,0.4409,63.7,0.2788,18.973,42.0,87.95,CRITICAL,combined_hazard
2026-01-01 08:37:05,L03,coal_face,0.471,63.7,0.2885,18.971,42.19,87.91,CRITICAL,combined_hazard
2026-01-01 08:37:10,L03,coal_face,0.4957,63.69,0.2965,18.968,42.22,87.92,CRITICAL,combined_hazard
2026-01-01 08:37:15,L03,coal_face,0.5027,63.7,0.2942,18.966,42.23,87.94,CRITICAL,combined_hazard
2026-01-01 08:37:20,L03,coal_face,0.5145,63.7,0.3052,18.961,42.25,87.87,CRITICAL,combined_hazard
2026-01-01 08:37:25,L03,coal_face,0.5138,63.7,0.3031,18.951,42.35,87.86,CRITICAL,combined_hazard
2026-01-01 08:37:30,L03,coal_face,0.5214,63.7,0.3056,18.949,42.43,87.86,CRITICAL,combined_hazard
2026-01-01 08:37:35,L03,coal_face,0.5547,63.7,0.3068,18.947,42.52,87.79,CRITICAL,combined_hazard
2026-01-01 08:37:40,L03,coal_face,0.5451,63.7,0.3099,18.945,42.55,87.83,CRITICAL,combined_hazard
2026-01-01 08:37:45,L03,coal_face,0.5652,63.69,0.312,18.947,42.67,87.8,CRITICAL,combined_hazard
2026-01-01 08:37:50,L03,coal_face,0.5746,63.7,0.3148,18.934,42.59,87.73,CRITICAL,combined_hazard
2026-01-01 08:37:55,L03,coal_face,0.6006,63.69,0.3208,18.934,42.74,87.69,CRITICAL,combined_hazard
2026-01-01 08:38:00,L03,coal_face,0.6058,63.69,0.3181,18.936,42.75,87.7,CRITICAL,combined_hazard
2026-01-01 08:38:05,L03,coal_face,0.5903,63.69,0.3205,18.927,42.83,87.65,CRITICAL,combined_hazard
2026-01-01 08:38:10,L03,coal_face,0.6025,63.7,0.3232,18.927,42.83,87.6,CRITICAL,combined_hazard
2026-01-01 08:38:15,L03,coal_face,0.6339,63.69,0.3382,18.921,42.96,87.64,CRITICAL,combined_hazard
2026-01-01 08:38:20,L03,coal_face,0.6374,63.69,0.3353,18.919,42.97,87.61,CRITICAL,combined_hazard
2026-01-01 08:38:25,L03,coal_face,0.6437,63.69,0.3373,18.914,42.97,87.56,CRITICAL,combined_hazard
2026-01-01 08:38:30,L03,coal_face,0.6717,63.69,0.335,18.914,43.05,87.5,CRITICAL,combined_hazard
2026-01-01 08:38:35,L03,coal_face,0.673,63.7,0.3443,18.901,43.09,87.48,CRITICAL,combined_hazard
2026-01-01 08:38:40,L03,coal_face,0.6823,63.69,0.3444,18.903,43.18,87.48,CRITICAL,combined_hazard
2026-01-01 08:38:45,L03,coal_face,0.7017,63.69,0.3485,18.902,43.15,87.44,CRITICAL,combined_hazard
2026-01-01 08:38:50,L03,coal_face,0.6992,63.69,0.3469,18.9,43.26,87.42,CRITICAL,combined_hazard
2026-01-01 08:38:55,L03,coal_face,0.7327,63.69,0.3541,18.9,43.33,87.43,CRITICAL,combined_hazard
2026-01-01 08:39:00,L03,coal_face,0.7162,63.7,0.3548,18.889,43.37,87.4,CRITICAL,combined_hazard
2026-01-01 08:39:05,L03,coal_face,0.7439,63.69,0.3563,18.894,43.49,87.39,CRITICAL,combined_hazard
2026-01-01 08:39:10,L03,coal_face,0.7638,63.69,0.365,18.881,43.51,87.31,CRITICAL,combined_hazard
2026-01-01 08:39:15,L03,coal_face,0.742,63.69,0.3592,18.886,43.52,87.3,CRITICAL,combined_hazard
2026-01-01 08:39:20,L03,coal_face,0.7649,63.69,0.3701,18.88,43.58,87.3,CRITICAL,combined_hazard
2026-01-01 08:39:25,L03,coal_face,0.7931,63.69,0.3734,18.869,43.64,87.27,CRITICAL,combined_hazard
2026-01-01 08:39:30,L03,coal_face,0.8042,63.69,0.3704,18.871,43.69,87.27,CRITICAL,combined_hazard
2026-01-01 08:39:35,L03,coal_face,0.7996,63.69,0.3735,18.866,43.63,87.22,CRITICAL,combined_hazard
2026-01-01 08:39:40,L03,coal_face,0.804,63.69,0.3786,18.865,43.76,87.23,CRITICAL,combined_hazard
2026-01-01 08:39:45,L03,coal_face,0.8346,63.69,0.3835,18.858,43.75,87.17,CRITICAL,combined_hazard
2026-01-01 08:39:50,L03,coal_face,0.8481,63.69,0.3847,18.854,43.95,87.16,CRITICAL,combined_hazard
2026-01-01 08:39:55,L03,coal_face,0.8317,63.69,0.3898,18.858,43.93,87.1,CRITICAL,combined_hazard
2026-01-01 08:40:00,L03,coal_face,0.8421,63.7,0.3978,18.848,43.97,87.09,CRITICAL,combined_hazard
2026-01-01 08:40:05,L03,coal_face,0.8697,63.69,0.392,18.849,44.08,87.08,CRITICAL,combined_hazard
2026-01-01 08:40:10,L03,coal_face,0.8853,63.69,0.3903,18.841,44.11,87.08,CRITICAL,combined_hazard
2026-01-01 08:40:15,L03,coal_face,0.8854,63.69,0.4029,18.846,44.08,87.03,CRITICAL,combined_hazard
2026-01-01 08:40:20,L03,coal_face,0.9077,63.69,0.409,18.832,44.19,86.98,CRITICAL,combined_hazard
2026-01-01 08:40:25,L03,coal_face,0.9024,63.69,0.407,18.829,44.22,87.0,CRITICAL,combined_hazard
2026-01-01 08:40:30,L03,coal_face,0.897,63.69,0.4042,18.835,44.2,86.88,CRITICAL,combined_hazard
2026-01-01 08:40:35,L03,coal_face,0.9275,63.69,0.4108,18.823,44.31,86.88,CRITICAL,combined_hazard
2026-01-01 08:40:40,L03,coal_face,0.9441,63.69,0.4099,18.828,44.39,86.9,CRITICAL,combined_hazard
2026-01-01 08:40:45,L03,coal_face,0.9511,63.69,0.4195,18.822,44.44,86.86,CRITICAL,combined_hazard
2026-01-01 08:40:50,L03,coal_face,0.9517,63.69,0.4148,18.814,44.42,86.85,CRITICAL,combined_hazard
2026-01-01 08:40:55,L03,coal_face,0.955,63.69,0.4217,18.803,44.61,86.81,CRITICAL,combined_hazard
2026-01-01 08:41:00,L03,coal_face,0.981,63.69,0.4219,18.807,44.6,86.8,CRITICAL,combined_hazard
2026-01-01 08:41:05,L03,coal_face,1.0083,63.69,0.4291,18.804,44.65,86.74,CRITICAL,combined_hazard
2026-01-01 08:41:10,L03,coal_face,1.0234,63.69,0.4301,18.805,44.72,86.75,CRITICAL,combined_hazard
2026-01-01 08:41:15,L03,coal_face,1.0335,63.69,0.4351,18.804,44.72,86.74,CRITICAL,combined_hazard
2026-01-01 08:41:20,L03,coal_face,1.0211,63.69,0.4374,18.79,44.83,86.72,CRITICAL,combined_hazard
2026-01-01 08:41:25,L03,coal_face,1.0281,63.69,0.4364,18.793,44.84,86.71,CRITICAL,combined_hazard
2026-01-01 08:41:30,L03,coal_face,1.0582,63.69,0.4455,18.79,44.86,86.64,CRITICAL,combined_hazard
2026-01-01 08:41:35,L03,coal_face,1.0707,63.69,0.4458,18.788,44.99,86.62,CRITICAL,combined_hazard
2026-01-01 08:00:00,L04,narrow_tunnel,0.0928,7.25,0.067,20.503,28.47,70.68,SAFE,normal
2026-01-01 08:00:05,L04,narrow_tunnel,0.091,7.22,0.0641,20.501,28.44,70.65,SAFE,normal
2026-01-01 08:00:10,L04,narrow_tunnel,0.1007,7.23,0.0662,20.501,28.42,70.87,SAFE,normal
2026-01-01 08:00:15,L04,narrow_tunnel,0.1033,7.23,0.0657,20.502,28.4,70.9,SAFE,normal
2026-01-01 08:00:20,L04,narrow_tunnel,0.1067,7.21,0.0627,20.502,28.36,71.08,SAFE,normal
2026-01-01 08:00:25,L04,narrow_tunnel,0.1142,7.2,0.0649,20.501,28.29,71.07,SAFE,normal
2026-01-01 08:00:30,L04,narrow_tunnel,0.1188,7.21,0.0626,20.503,28.26,71.21,SAFE,normal
2026-01-01 08:00:35,L04,narrow_tunnel,0.1206,7.2,0.0609,20.501,28.26,71.27,SAFE,normal
2026-01-01 08:00:40,L04,narrow_tunnel,0.1274,7.19,0.0624,20.501,28.23,71.36,SAFE,normal
2026-01-01 08:00:45,L04,narrow_tunnel,0.1291,7.19,0.0632,20.501,28.16,71.48,SAFE,normal
2026-01-01 08:00:50,L04,narrow_tunnel,0.129,7.19,0.0619,20.5,28.09,71.6,SAFE,normal
2026-01-01 08:00:55,L04,narrow_tunnel,0.1318,7.17,0.0619,20.501,28.1,71.54,SAFE,normal
2026-01-01 08:01:00,L04,narrow_tunnel,0.1387,7.16,0.0634,20.502,28.09,71.86,SAFE,normal
2026-01-01 08:01:05,L04,narrow_tunnel,0.1434,7.15,0.0619,20.501,28.09,71.67,SAFE,normal
2026-01-01 08:01:10,L04,narrow_tunnel,0.1504,7.15,0.0605,20.501,27.96,71.87,SAFE,normal
2026-01-01 08:01:15,L04,narrow_tunnel,0.1531,7.14,0.0621,20.5,27.95,72.01,SAFE,normal
2026-01-01 08:01:20,L04,narrow_tunnel,0.1493,7.14,0.0613,20.501,27.92,72.15,SAFE,normal
2026-01-01 08:01:25,L04,narrow_tunnel,0.1547,7.12,0.0577,20.501,27.94,72.34,SAFE,normal
2026-01-01 08:01:30,L04,narrow_tunnel,0.1616,7.11,0.0611,20.501,27.86,72.14,SAFE,normal
2026-01-01 08:01:35,L04,narrow_tunnel,0.1668,7.12,0.0608,20.5,27.8,72.35,SAFE,normal
2026-01-01 08:01:40,L04,narrow_tunnel,0.1698,7.11,0.0601,20.5,27.82,72.3,SAFE,normal
2026-01-01 08:01:45,L04,narrow_tunnel,0.1691,7.1,0.061,20.501,27.75,72.58,SAFE,normal
2026-01-01 08:01:50,L04,narrow_tunnel,0.1676,7.09,0.0588,20.499,27.69,72.7,SAFE,normal
2026-01-01 08:01:55,L04,narrow_tunnel,0.1722,7.09,0.0598,20.5,27.67,72.9,SAFE,normal
2026-01-01 08:02:00,L04,narrow_tunnel,0.1812,7.09,0.0573,20.498,27.72,72.87,SAFE,normal
2026-01-01 08:02:05,L04,narrow_tunnel,0.1851,7.08,0.0594,20.5,27.64,73.04,SAFE,normal
2026-01-01 08:02:10,L04,narrow_tunnel,0.1825,7.07,0.0611,20.5,27.6,73.1,SAFE,normal
2026-01-01 08:02:15,L04,narrow_tunnel,0.1909,7.07,0.0572,20.5,27.55,73.1,SAFE,normal
2026-01-01 08:02:20,L04,narrow_tunnel,0.197,7.07,0.0573,20.499,27.53,73.11,SAFE,normal
2026-01-01 08:02:25,L04,narrow_tunnel,0.1929,7.04,0.0571,20.5,27.5,73.35,SAFE,normal
2026-01-01 08:02:30,L04,narrow_tunnel,0.2061,7.05,0.0579,20.501,27.47,73.29,SAFE,normal
2026-01-01 08:02:35,L04,narrow_tunnel,0.2033,7.03,0.0562,20.501,27.43,73.62,SAFE,normal
2026-01-01 08:02:40,L04,narrow_tunnel,0.2139,7.03,0.0578,20.499,27.42,73.59,SAFE,normal
2026-01-01 08:02:45,L04,narrow_tunnel,0.2098,7.02,0.0581,20.499,27.36,73.8,SAFE,normal
2026-01-01 08:02:50,L04,narrow_tunnel,0.2113,7.03,0.0574,20.5,27.29,73.75,SAFE,normal
2026-01-01 08:02:55,L04,narrow_tunnel,0.2172,7.01,0.0544,20.497,27.27,73.91,SAFE,normal
2026-01-01 08:03:00,L04,narrow_tunnel,0.2223,7.01,0.0575,20.499,27.19,74.0,SAFE,normal
2026-01-01 08:03:05,L04,narrow_tunnel,0.2246,6.99,0.0572,20.5,27.28,74.07,SAFE,normal
2026-01-01 08:03:10,L04,narrow_tunnel,0.2289,6.99,0.0569,20.5,27.21,74.13,SAFE,normal
2026-01-01 08:03:15,L04,narrow_tunnel,0.2348,6.98,0.0561,20.499,27.12,74.29,SAFE,normal
2026-01-01 08:03:20,L04,narrow_tunnel,0.2362,6.98,0.0556,20.497,27.11,74.27,SAFE,normal
2026-01-01 08:03:25,L04,narrow_tunnel,0.2402,6.97,0.0564,20.499,27.06,74.34,SAFE,normal
2026-01-01 08:03:30,L04,narrow_tunnel,0.2368,6.98,0.0572,20.498,27.1,74.65,SAFE,normal
2026-01-01 08:03:35,L04,narrow_tunnel,0.2493,6.95,0.0535,20.499,26.97,74.7,SAFE,normal
2026-01-01 08:03:40,L04,narrow_tunnel,0.2508,6.95,0.0557,20.498,26.98,74.73,SAFE,normal
2026-01-01 08:03:45,L04,narrow_tunnel,0.2616,6.96,0.0541,20.497,26.94,74.96,SAFE,normal
2026-01-01 08:03:50,L04,narrow_tunnel,0.2543,6.94,0.0538,20.496,26.94,74.89,SAFE,normal
2026-01-01 08:03:55,L04,narrow_tunnel,0.2542,6.93,0.0518,20.5,26.87,75.12,SAFE,normal
2026-01-01 08:04:00,L04,narrow_tunnel,0.2681,6.93,0.0531,20.498,26.79,75.12,SAFE,normal
2026-01-01 08:04:05,L04,narrow_tunnel,0.2705,6.92,0.052,20.498,26.8,75.11,SAFE,normal
2026-01-01 08:04:10,L04,narrow_tunnel,0.2683,6.91,0.0524,20.498,26.74,75.45,SAFE,normal
2026-01-01 08:04:15,L04,narrow_tunnel,0.2696,6.9,0.0514,20.497,26.74,75.47,SAFE,normal
2026-01-01 08:04:20,L04,narrow_tunnel,0.2862,6.92,0.052,20.497,26.75,75.46,SAFE,normal
2026-01-01 08:04:25,L04,narrow_tunnel,0.2892,6.89,0.0518,20.497,26.62,75.63,SAFE,normal
2026-01-01 08:04:30,L04,narrow_tunnel,0.2762,6.88,0.0522,20.497,26.61,75.63,SAFE,normal
2026-01-01 08:04:35,L04,narrow_tunnel,0.2884,6.89,0.0498,20.498,26.59,75.83,SAFE,normal
2026-01-01 08:04:40,L04,narrow_tunnel,0.301,6.88,0.0498,20.497,26.56,75.64,SAFE,normal
2026-01-01 08:04:45,L04,narrow_tunnel,0.2954,6.86,0.0518,20.499,26.56,75.85,SAFE,normal
2026-01-01 08:04:50,L04,narrow_tunnel,0.2989,6.86,0.0501,20.499,26.5,76.12,SAFE,normal
2026-01-01 08:04:55,L04,narrow_tunnel,0.3034,6.86,0.0522,20.498,26.48,76.11,SAFE,normal
2026-01-01 08:05:00,L04,narrow_tunnel,0.3033,6.85,0.0509,20.497,26.41,76.24,SAFE,normal
2026-01-01 08:05:05,L04,narrow_tunnel,0.3044,6.83,0.0511,20.499,26.41,76.2,SAFE,normal
2026-01-01 08:05:10,L04,narrow_tunnel,0.3103,7.07,0.0512,20.5,26.41,76.34,SAFE,methane_buildup
2026-01-01 08:05:15,L04,narrow_tunnel,0.3154,6.79,0.0528,20.487,26.41,76.23,SAFE,methane_buildup
2026-01-01 08:05:20,L04,narrow_tunnel,0.3319,6.94,0.0542,20.496,26.44,76.16,SAFE,methane_buildup
2026-01-01 08:05:25,L04,narrow_tunnel,0.3451,7.39,0.0562,20.487,26.42,76.12,SAFE,methane_buildup
2026-01-01 08:05:30,L04,narrow_tunnel,0.3444,7.7,0.0609,20.468,26.4,76.09,SAFE,methane_buildup
2026-01-01 08:05:35,L04,narrow_tunnel,0.3594,7.44,0.0615,20.465,26.47,76.04,SAFE,methane_buildup
2026-01-01 08:05:40,L04,narrow_tunnel,0.3444,7.92,0.0648,20.46,26.46,76.11,SAFE,methane_buildup
2026-01-01 08:05:45,L04,narrow_tunnel,0.3516,8.12,0.0667,20.464,26.49,76.01,SAFE,methane_buildup
2026-01-01 08:05:50,L04,narrow_tunnel,0.3556,7.88,0.0718,20.448,26.5,75.95,SAFE,methane_buildup
2026-01-01 08:05:55,L04,narrow_tunnel,0.3735,8.49,0.0726,20.448,26.54,75.91,SAFE,methane_buildup
2026-01-01 08:06:00,L04,narrow_tunnel,0.3781,8.67,0.0734,20.447,26.54,75.75,SAFE,methane_buildup
2026-01-01 08:06:05,L04,narrow_tunnel,0.3824,8.66,0.0797,20.439,26.55,75.69,SAFE,methane_buildup
2026-01-01 08:06:10,L04,narrow_tunnel,0.3956,9.07,0.0786,20.435,26.57,75.64,SAFE,methane_buildup
2026-01-01 08:06:15,L04,narrow_tunnel,0.4051,9.22,0.0835,20.422,26.58,75.71,SAFE,methane_buildup
2026-01-01 08:06:20,L04,narrow_tunnel,0.3924,9.23,0.0836,20.427,26.58,75.57,SAFE,methane_buildup
2026-01-01 08:06:25,L04,narrow_tunnel,0.4054,9.31,0.0784,20.415,26.61,75.48,SAFE,methane_buildup
2026-01-01 08:06:30,L04,narrow_tunnel,0.4218,9.4,0.0902,20.411,26.6,75.47,SAFE,methane_buildup
2026-01-01 08:06:35,L04,narrow_tunnel,0.4193,9.72,0.0889,20.409,26.63,75.43,SAFE,methane_buildup
2026-01-01 08:06:40,L04,narrow_tunnel,0.4235,9.98,0.0906,20.403,26.62,75.4,SAFE,methane_buildup
2026-01-01 08:06:45,L04,narrow_tunnel,0.4427,10.01,0.0938,20.397,26.65,75.35,SAFE,methane_buildup
2026-01-01 08:06:50,L04,narrow_tunnel,0.4331,9.89,0.0942,20.387,26.67,75.24,SAFE,methane_buildup
2026-01-01 08:06:55,L04,narrow_tunnel,0.4466,10.6,0.0982,20.385,26.7,75.26,SAFE,methane_buildup
2026-01-01 08:07:00,L04,narrow_tunnel,0.4575,10.6,0.0979,20.381,26.67,75.15,SAFE,methane_buildup
2026-01-01 08:07:05,L04,narrow_tunnel,0.4577,10.68,0.1058,20.368,26.7,75.12,SAFE,methane_buildup
2026-01-01 08:07:10,L04,narrow_tunnel,0.4737,11.04,0.1038,20.368,26.73,75.11,SAFE,methane_buildup
2026-01-01 08:07:15,L04,narrow_tunnel,0.4708,11.31,0.1053,20.368,26.74,74.99,SAFE,methane_buildup
2026-01-01 08:07:20,L04,narrow_tunnel,0.4911,10.81,0.1059,20.353,26.75,74.95,SAFE,methane_buildup
2026-01-01 08:07:25,L04,narrow_tunnel,0.4869,11.48,0.1117,20.362,26.75,74.95,SAFE,methane_buildup
2026-01-01 08:07:30,L04,narrow_tunnel,0.499,11.36,0.1137,20.357,26.76,74.83,SAFE,methane_buildup
2026-01-01 08:07:35,L04,narrow_tunnel,0.506,11.83,0.1166,20.337,26.8,74.8,WARNING,methane_buildup
2026-01-01 08:07:40,L04,narrow_tunnel,0.503,11.94,0.1145,20.347,26.8,74.79,WARNING,methane_buildup
2026-01-01 08:07:45,L04,narrow_tunnel,0.4996,12.19,0.115,20.333,26.82,74.81,SAFE,methane_buildup
2026-01-01 08:07:50,L04,narrow_tunnel,0.5229,12.18,0.124,20.331,26.82,74.69,WARNING,methane_buildup
2026-01-01 08:07:55,L04,narrow_tunnel,0.5274,12.14,0.1289,20.32,26.82,74.63,WARNING,methane_buildup
2026-01-01 08:08:00,L04,narrow_tunnel,0.5373,12.53,0.1235,20.323,26.86,74.59,WARNING,methane_buildup
2026-01-01 08:08:05,L04,narrow_tunnel,0.5384,12.83,0.1337,20.315,26.87,74.46,WARNING,methane_buildup
2026-01-01 08:08:10,L04,narrow_tunnel,0.5435,13.1,0.132,20.303,26.91,74.46,WARNING,methane_buildup
2026-01-01 08:08:15,L04,narrow_tunnel,0.567,12.92,0.1333,20.295,26.88,74.4,WARNING,methane_buildup
2026-01-01 08:08:20,L04,narrow_tunnel,0.5493,13.44,0.1344,20.288,26.91,74.37,WARNING,methane_buildup
2026-01-01 08:08:25,L04,narrow_tunnel,0.5712,13.35,0.1336,20.293,26.9,74.31,WARNING,methane_buildup
2026-01-01 08:08:30,L04,narrow_tunnel,0.5686,13.67,0.1431,20.29,26.93,74.27,WARNING,methane_buildup
2026-01-01 08:08:35,L04,narrow_tunnel,0.5768,13.71,0.1399,20.285,26.96,74.18,WARNING,methane_buildup
2026-01-01 08:08:40,L04,narrow_tunnel,0.5834,13.98,0.1422,20.275,26.93,74.15,WARNING,methane_buildup
2026-01-01 08:08:45,L04,narrow_tunnel,0.5866,14.26,0.1498,20.264,26.97,74.04,WARNING,methane_buildup
2026-01-01 08:08:50,L04,narrow_tunnel,0.6027,14.1,0.1433,20.261,26.97,74.03,WARNING,methane_buildup
2026-01-01 08:08:55,L04,narrow_tunnel,0.6149,14.36,0.1466,20.267,26.99,74.06,WARNING,methane_buildup
2026-01-01 08:09:00,L04,narrow_tunnel,0.615,14.66,0.1535,20.252,27.01,73.96,WARNING,methane_buildup
2026-01-01 08:09:05,L04,narrow_tunnel,0.619,15.17,0.1566,20.25,27.04,73.89,WARNING,methane_buildup
2026-01-01 08:09:10,L04,narrow_tunnel,0.6179,14.84,0.1595,20.238,27.03,73.93,WARNING,methane_buildup
2026-01-01 08:09:15,L04,narrow_tunnel,0.6349,15.46,0.1593,20.241,27.05,73.72,WARNING,methane_buildup
2026-01-01 08:09:20,L04,narrow_tunnel,0.6529,15.62,0.1702,20.231,27.06,73.68,WARNING,methane_buildup
2026-01-01 08:09:25,L04,narrow_tunnel,0.6417,15.46,0.164,20.234,27.07,73.76,WARNING,methane_buildup
2026-01-01 08:09:30,L04,narrow_tunnel,0.6483,15.6,0.1663,20.227,27.07,73.63,WARNING,methane_buildup
2026-01-01 08:09:35,L04,narrow_tunnel,0.6535,15.71,0.1668,20.215,27.12,73.57,WARNING,methane_buildup
2026-01-01 08:09:40,L04,narrow_tunnel,0.6605,15.97,0.1718,20.212,27.12,73.47,WARNING,methane_buildup
2026-01-01 08:09:45,L04,narrow_tunnel,0.6513,15.94,0.1756,20.204,27.13,73.5,WARNING,methane_buildup
2026-01-01 08:09:50,L04,narrow_tunnel,0.6798,16.31,0.1796,20.193,27.13,73.45,WARNING,methane_buildup
2026-01-01 08:09:55,L04,narrow_tunnel,0.6776,16.73,0.1736,20.191,27.15,73.32,WARNING,methane_buildup
2026-01-01 08:10:00,L04,narrow_tunnel,0.6788,16.57,0.1797,20.192,27.16,73.31,WARNING,methane_buildup
2026-01-01 08:10:05,L04,narrow_tunnel,0.7018,16.79,0.184,20.188,27.16,73.25,WARNING,methane_buildup
2026-01-01 08:10:10,L04,narrow_tunnel,0.6955,16.74,0.1867,20.181,27.17,73.23,WARNING,methane_buildup
2026-01-01 08:10:15,L04,narrow_tunnel,0.7072,17.23,0.1872,20.174,27.2,73.11,WARNING,methane_buildup
2026-01-01 08:10:20,L04,narrow_tunnel,0.7076,17.58,0.1895,20.178,27.21,73.27,WARNING,co_buildup
2026-01-01 08:10:25,L04,narrow_tunnel,0.7047,18.12,0.1875,20.181,27.25,73.14,WARNING,co_buildup
2026-01-01 08:10:30,L04,narrow_tunnel,0.7092,17.87,0.1881,20.162,27.23,73.31,WARNING,co_buildup
2026-01-01 08:10:35,L04,narrow_tunnel,0.7026,18.73,0.1855,20.148,27.27,73.34,WARNING,co_buildup
2026-01-01 08:10:40,L04,narrow_tunnel,0.6988,20.33,0.186,20.127,27.26,73.44,WARNING,co_buildup
2026-01-01 08:10:45,L04,narrow_tunnel,0.6925,20.44,0.1865,20.114,27.3,73.56,WARNING,co_buildup
2026-01-01 08:10:50,L04,narrow_tunnel,0.6822,22.26,0.184,20.125,27.33,73.65,WARNING,co_buildup
2026-01-01 08:10:55,L04,narrow_tunnel,0.6832,22.27,0.1826,20.123,27.33,73.67,WARNING,co_buildup
2026-01-01 08:11:00,L04,narrow_tunnel,0.684,22.33,0.1798,20.094,27.36,73.63,WARNING,co_buildup
2026-01-01 08:11:05,L04,narrow_tunnel,0.6704,23.31,0.1817,20.078,27.37,73.76,WARNING,co_buildup
2026-01-01 08:11:10,L04,narrow_tunnel,0.675,24.04,0.1825,20.055,27.42,73.97,WARNING,co_buildup
2026-01-01 08:11:15,L04,narrow_tunnel,0.6787,24.23,0.1821,20.06,27.46,73.79,WARNING,co_buildup
2026-01-01 08:11:20,L04,narrow_tunnel,0.6694,24.8,0.1808,20.059,27.43,74.13,WARNING,co_buildup
2026-01-01 08:11:25,L04,narrow_tunnel,0.6673,26.49,0.1786,20.066,27.46,74.16,WARNING,co_buildup
2026-01-01 08:11:30,L04,narrow_tunnel,0.6582,27.26,0.1758,20.047,27.51,74.29,WARNING,co_buildup
2026-01-01 08:11:35,L04,narrow_tunnel,0.6578,27.8,0.1775,20.034,27.54,74.26,WARNING,co_buildup
2026-01-01 08:11:40,L04,narrow_tunnel,0.6466,29.05,0.1772,20.018,27.51,74.21,WARNING,co_buildup
2026-01-01 08:11:45,L04,narrow_tunnel,0.6496,28.45,0.1766,20.006,27.56,74.45,WARNING,co_buildup
2026-01-01 08:11:50,L04,narrow_tunnel,0.6452,30.52,0.1774,20.016,27.59,74.58,WARNING,co_buildup
2026-01-01 08:11:55,L04,narrow_tunnel,0.6399,29.59,0.179,19.995,27.6,74.63,DANGER,co_buildup
2026-01-01 08:12:00,L04,narrow_tunnel,0.6407,30.2,0.1755,19.963,27.57,74.6,DANGER,co_buildup
2026-01-01 08:12:05,L04,narrow_tunnel,0.6287,30.42,0.1744,19.967,27.65,74.72,DANGER,co_buildup
2026-01-01 08:12:10,L04,narrow_tunnel,0.6265,31.92,0.1737,19.956,27.69,74.75,DANGER,co_buildup
2026-01-01 08:12:15,L04,narrow_tunnel,0.6241,32.57,0.1737,19.949,27.69,74.81,DANGER,co_buildup
2026-01-01 08:12:20,L04,narrow_tunnel,0.6153,33.9,0.1717,19.95,27.68,75.0,DANGER,co_buildup
2026-01-01 08:12:25,L04,narrow_tunnel,0.6172,34.4,0.1725,19.934,27.72,74.93,DANGER,co_buildup
2026-01-01 08:12:30,L04,narrow_tunnel,0.6048,34.19,0.1724,19.925,27.78,75.02,DANGER,co_buildup
2026-01-01 08:12:35,L04,narrow_tunnel,0.6133,35.37,0.1715,19.929,27.79,75.08,DANGER,co_buildup
2026-01-01 08:12:40,L04,narrow_tunnel,0.6052,36.07,0.1713,19.9,27.8,75.13,DANGER,co_buildup
2026-01-01 08:12:45,L04,narrow_tunnel,0.5989,35.87,0.1706,19.915,27.82,75.32,DANGER,co_buildup
2026-01-01 08:12:50,L04,narrow_tunnel,0.5938,37.05,0.1667,19.881,27.82,75.46,DANGER,co_buildup
2026-01-01 08:12:55,L04,narrow_tunnel,0.5927,37.87,0.1698,19.878,27.85,75.44,DANGER,co_buildup
2026-01-01 08:13:00,L04,narrow_tunnel,0.593,39.93,0.1672,19.865,27.87,75.43,DANGER,co_buildup
2026-01-01 08:13:05,L04,narrow_tunnel,0.5887,39.84,0.1659,19.859,27.9,75.66,DANGER,co_buildup
2026-01-01 08:13:10,L04,narrow_tunnel,0.5794,40.81,0.1653,19.853,27.94,75.79,DANGER,co_buildup
2026-01-01 08:13:15,L04,narrow_tunnel,0.575,40.14,0.1671,19.843,27.96,75.71,DANGER,co_buildup
2026-01-01 08:13:20,L04,narrow_tunnel,0.5779,42.51,0.1655,19.822,27.93,75.79,DANGER,co_buildup
2026-01-01 08:13:25,L04,narrow_tunnel,0.5681,43.26,0.1627,19.809,27.98,75.93,DANGER,co_buildup
2026-01-01 08:13:30,L04,narrow_tunnel,0.5678,41.88,0.1654,19.835,28.01,76.08,DANGER,co_buildup
2026-01-01 08:13:35,L04,narrow_tunnel,0.5644,43.37,0.1618,19.796,28.03,76.01,DANGER,co_buildup
2026-01-01 08:13:40,L04,narrow_tunnel,0.5615,44.81,0.1637,19.798,28.02,76.03,DANGER,co_buildup
2026-01-01 08:13:45,L04,narrow_tunnel,0.5602,45.59,0.1632,19.766,28.12,76.24,DANGER,co_buildup
2026-01-01 08:13:50,L04,narrow_tunnel,0.547,45.44,0.1637,19.769,28.05,76.32,DANGER,co_buildup
2026-01-01 08:13:55,L04,narrow_tunnel,0.5404,46.36,0.1644,19.761,28.08,76.34,DANGER,co_buildup
2026-01-01 08:14:00,L04,narrow_tunnel,0.5426,46.86,0.159,19.757,28.12,76.38,DANGER,co_buildup
2026-01-01 08:14:05,L04,narrow_tunnel,0.5494,47.98,0.1604,19.716,28.18,76.56,DANGER,co_buildup
2026-01-01 08:14:10,L04,narrow_tunnel,0.5466,49.35,0.1595,19.735,28.14,76.6,DANGER,co_buildup
2026-01-01 08:14:15,L04,narrow_tunnel,0.542,48.8,0.16,19.713,28.18,76.58,DANGER,co_buildup
2026-01-01 08:14:20,L04,narrow_tunnel,0.5293,50.59,0.1591,19.717,28.22,76.71,DANGER,co_buildup
2026-01-01 08:14:25,L04,narrow_tunnel,0.5186,50.16,0.1576,19.694,28.22,76.69,DANGER,co_buildup
2026-01-01 08:14:30,L04,narrow_tunnel,0.5124,50.8,0.1569,19.687,28.24,76.91,DANGER,co_buildup
2026-01-01 08:14:35,L04,narrow_tunnel,0.5163,52.53,0.1552,19.683,28.28,76.91,DANGER,co_buildup
2026-01-01 08:14:40,L04,narrow_tunnel,0.5144,53.27,0.1579,19.665,28.29,76.98,DANGER,co_buildup
2026-01-01 08:14:45,L04,narrow_tunnel,0.5173,53.91,0.1565,19.661,28.33,77.08,DANGER,co_buildup
2026-01-01 08:14:50,L04,narrow_tunnel,0.5116,53.24,0.1566,19.645,28.35,77.16,DANGER,co_buildup
2026-01-01 08:14:55,L04,narrow_tunnel,0.505,54.45,0.1541,19.629,28.35,77.29,DANGER,co_buildup
2026-01-01 08:15:00,L04,narrow_tunnel,0.4964,55.94,0.153,19.647,28.37,77.34,DANGER,co_buildup
2026-01-01 08:15:05,L04,narrow_tunnel,0.4923,56.14,0.1518,19.615,28.39,77.36,DANGER,co_buildup
2026-01-01 08:15:10,L04,narrow_tunnel,0.494,56.12,0.1534,19.616,28.42,77.5,DANGER,co_buildup
2026-01-01 08:15:15,L04,narrow_tunnel,0.4922,57.77,0.1506,19.616,28.43,77.55,DANGER,co_buildup
2026-01-01 08:15:20,L04,narrow_tunnel,0.4871,57.71,0.1545,19.593,28.45,77.57,DANGER,co_buildup
2026-01-01 08:15:25,L04,narrow_tunnel,0.477,59.97,0.149,19.581,28.5,77.66,WARNING,co_buildup
2026-01-01 08:15:30,L04,narrow_tunnel,0.4801,60.23,0.1548,19.581,28.46,77.54,DANGER,low_oxygen
2026-01-01 08:15:35,L04,narrow_tunnel,0.4834,57.94,0.1512,19.614,28.48,78.12,DANGER,low_oxygen
2026-01-01 08:15:40,L04,narrow_tunnel,0.4966,57.4,0.1579,19.552,28.46,77.87,DANGER,low_oxygen
2026-01-01 08:15:45,L04,narrow_tunnel,0.4957,56.41,0.173,19.568,28.45,77.79,DANGER,low_oxygen
2026-01-01 08:15:50,L04,narrow_tunnel,0.4921,55.07,0.1684,19.508,28.43,78.08,DANGER,low_oxygen
2026-01-01 08:15:55,L04,narrow_tunnel,0.501,56.05,0.1646,19.497,28.44,78.15,DANGER,low_oxygen
2026-01-01 08:16:00,L04,narrow_tunnel,0.5026,53.69,0.1788,19.486,28.43,78.52,DANGER,low_oxygen
2026-01-01 08:16:05,L04,narrow_tunnel,0.5071,52.46,0.1834,19.468,28.42,78.59,DANGER,low_oxygen
2026-01-01 08:16:10,L04,narrow_tunnel,0.5095,52.16,0.1949,19.461,28.41,78.72,DANGER,low_oxygen
2026-01-01 08:16:15,L04,narrow_tunnel,0.5172,50.23,0.1933,19.439,28.4,78.76,DANGER,low_oxygen
2026-01-01 08:16:20,L04,narrow_tunnel,0.5172,50.42,0.1957,19.422,28.41,78.9,DANGER,low_oxygen
2026-01-01 08:16:25,L04,narrow_tunnel,0.5189,49.39,0.2081,19.436,28.4,79.01,DANGER,low_oxygen
2026-01-01 08:16:30,L04,narrow_tunnel,0.5269,49.75,0.2079,19.422,28.4,79.17,DANGER,low_oxygen
2026-01-01 08:16:35,L04,narrow_tunnel,0.5269,48.02,0.208,19.402,28.38,79.4,DANGER,low_oxygen
2026-01-01 08:16:40,L04,narrow_tunnel,0.5299,48.36,0.2228,19.38,28.37,79.47,DANGER,low_oxygen
2026-01-01 08:16:45,L04,narrow_tunnel,0.5341,47.94,0.2224,19.358,28.37,79.61,DANGER,low_oxygen
2026-01-01 08:16:50,L04,narrow_tunnel,0.5358,46.69,0.226,19.333,28.35,79.74,DANGER,low_oxygen
2026-01-01 08:16:55,L04,narrow_tunnel,0.5397,45.17,0.2317,19.311,28.35,79.91,DANGER,low_oxygen
2026-01-01 08:17:00,L04,narrow_tunnel,0.5406,44.64,0.2297,19.315,28.36,79.97,DANGER,low_oxygen
2026-01-01 08:17:05,L04,narrow_tunnel,0.5433,42.63,0.2373,19.276,28.33,80.1,DANGER,low_oxygen
2026-01-01 08:17:10,L04,narrow_tunnel,0.5457,42.85,0.2448,19.264,28.32,80.32,DANGER,low_oxygen
2026-01-01 08:17:15,L04,narrow_tunnel,0.5475,41.52,0.2484,19.281,28.34,80.23,DANGER,low_oxygen
2026-01-01 08:17:20,L04,narrow_tunnel,0.553,41.86,0.2609,19.277,28.31,80.34,DANGER,low_oxygen
2026-01-01 08:17:25,L04,narrow_tunnel,0.5594,42.43,0.26,19.238,28.31,80.42,DANGER,low_oxygen
2026-01-01 08:17:30,L04,narrow_tunnel,0.5639,40.13,0.268,19.234,28.31,80.71,DANGER,low_oxygen
2026-01-01 08:17:35,L04,narrow_tunnel,0.5658,37.52,0.2683,19.197,28.28,80.6,DANGER,low_oxygen
2026-01-01 08:17:40,L04,narrow_tunnel,0.5606,37.91,0.2785,19.165,28.29,80.99,DANGER,low_oxygen
2026-01-01 08:17:45,L04,narrow_tunnel,0.5802,37.47,0.2797,19.179,28.29,81.05,DANGER,low_oxygen
2026-01-01 08:17:50,L04,narrow_tunnel,0.5816,36.65,0.2823,19.163,28.28,81.32,DANGER,low_oxygen
2026-01-01 08:17:55,L04,narrow_tunnel,0.5824,35.25,0.2869,19.14,28.28,81.24,DANGER,low_oxygen
2026-01-01 08:18:00,L04,narrow_tunnel,0.5918,35.17,0.2866,19.12,28.26,81.42,DANGER,low_oxygen
2026-01-01 08:18:05,L04,narrow_tunnel,0.5833,33.29,0.299,19.123,28.26,81.7,DANGER,low_oxygen
2026-01-01 08:18:10,L04,narrow_tunnel,0.5986,32.71,0.3008,19.078,28.25,81.85,DANGER,low_oxygen
2026-01-01 08:18:15,L04,narrow_tunnel,0.5902,33.08,0.303,19.065,28.23,81.74,DANGER,low_oxygen
2026-01-01 08:18:20,L04,narrow_tunnel,0.5986,31.07,0.3162,19.046,28.23,81.97,DANGER,low_oxygen
2026-01-01 08:18:25,L04,narrow_tunnel,0.5958,31.41,0.3085,19.047,28.22,82.1,DANGER,low_oxygen
2026-01-01 08:18:30,L04,narrow_tunnel,0.6045,29.22,0.3175,19.014,28.23,82.24,DANGER,low_oxygen
2026-01-01 08:18:35,L04,narrow_tunnel,0.6094,30.71,0.3299,19.005,28.21,82.29,DANGER,low_oxygen
2026-01-01 08:18:40,L04,narrow_tunnel,0.6106,28.07,0.3308,18.989,28.21,82.6,CRITICAL,low_oxygen
2026-01-01 08:18:45,L04,narrow_tunnel,0.6176,27.67,0.3336,18.98,28.2,82.35,CRITICAL,low_oxygen
2026-01-01 08:18:50,L04,narrow_tunnel,0.6185,27.28,0.3398,18.946,28.19,82.65,CRITICAL,low_oxygen
2026-01-01 08:18:55,L04,narrow_tunnel,0.6193,25.83,0.3441,18.954,28.2,82.88,CRITICAL,low_oxygen
2026-01-01 08:19:00,L04,narrow_tunnel,0.6226,25.56,0.3399,18.956,28.18,83.0,CRITICAL,low_oxygen
2026-01-01 08:19:05,L04,narrow_tunnel,0.6317,25.07,0.3507,18.924,28.18,83.23,CRITICAL,low_oxygen
2026-01-01 08:19:10,L04,narrow_tunnel,0.629,24.56,0.3658,18.93,28.17,83.34,DANGER,low_oxygen
2026-01-01 08:19:15,L04,narrow_tunnel,0.6389,23.64,0.3584,18.911,28.16,83.29,DANGER,low_oxygen
2026-01-01 08:19:20,L04,narrow_tunnel,0.6436,22.15,0.3649,18.887,28.17,83.6,DANGER,low_oxygen
2026-01-01 08:19:25,L04,narrow_tunnel,0.6351,21.37,0.3684,18.861,28.14,83.49,DANGER,low_oxygen
2026-01-01 08:19:30,L04,narrow_tunnel,0.65,22.39,0.3755,18.845,28.15,83.81,DANGER,low_oxygen
2026-01-01 08:19:35,L04,narrow_tunnel,0.6573,20.58,0.3776,18.84,28.14,84.04,DANGER,low_oxygen
2026-01-01 08:19:40,L04,narrow_tunnel,0.6532,18.42,0.3879,18.807,28.12,84.1,DANGER,low_oxygen
2026-01-01 08:19:45,L04,narrow_tunnel,0.6581,18.37,0.3911,18.769,28.13,84.09,DANGER,low_oxygen
2026-01-01 08:19:50,L04,narrow_tunnel,0.6633,17.26,0.3988,18.79,28.1,84.17,DANGER,low_oxygen
2026-01-01 08:19:55,L04,narrow_tunnel,0.6613,16.61,0.3939,18.749,28.1,84.15,DANGER,low_oxygen
2026-01-01 08:20:00,L04,narrow_tunnel,0.6666,15.01,0.4023,18.736,28.09,84.49,DANGER,low_oxygen
2026-01-01 08:20:05,L04,narrow_tunnel,0.6638,14.81,0.4076,18.736,28.09,84.45,DANGER,low_oxygen
2026-01-01 08:20:10,L04,narrow_tunnel,0.6732,15.64,0.4159,18.719,28.08,84.62,DANGER,low_oxygen
2026-01-01 08:20:15,L04,narrow_tunnel,0.6781,13.95,0.414,18.683,28.08,84.7,DANGER,low_oxygen
2026-01-01 08:20:20,L04,narrow_tunnel,0.6816,10.91,0.4277,18.691,28.07,84.91,DANGER,low_oxygen
2026-01-01 08:20:25,L04,narrow_tunnel,0.6873,12.82,0.4338,18.688,28.06,85.08,DANGER,low_oxygen
2026-01-01 08:20:30,L04,narrow_tunnel,0.6831,11.93,0.427,18.641,28.06,85.24,DANGER,low_oxygen
2026-01-01 08:20:35,L04,narrow_tunnel,0.6875,10.08,0.4343,18.662,28.05,85.27,DANGER,low_oxygen
2026-01-01 08:20:40,L04,narrow_tunnel,0.7011,10.31,0.4395,18.639,28.04,85.05,DANGER,co2_buildup
2026-01-01 08:20:45,L04,narrow_tunnel,0.6864,10.44,0.4414,18.647,28.09,85.22,DANGER,co2_buildup
2026-01-01 08:20:50,L04,narrow_tunnel,0.6772,10.97,0.4411,18.665,28.07,85.09,DANGER,co2_buildup
2026-01-01 08:20:55,L04,narrow_tunnel,0.6653,11.35,0.4432,18.659,28.13,84.92,DANGER,co2_buildup
2026-01-01 08:21:00,L04,narrow_tunnel,0.6676,10.89,0.4457,18.662,28.16,84.35,DANGER,co2_buildup
2026-01-01 08:21:05,L04,narrow_tunnel,0.665,11.0,0.4432,18.668,28.21,84.43,DANGER,co2_buildup
2026-01-01 08:21:10,L04,narrow_tunnel,0.6562,11.51,0.4407,18.675,28.22,84.36,DANGER,co2_buildup
2026-01-01 08:21:15,L04,narrow_tunnel,0.6436,11.48,0.4445,18.681,28.27,84.35,DANGER,co2_buildup
2026-01-01 08:21:20,L04,narrow_tunnel,0.6431,11.97,0.4471,18.682,28.27,84.21,DANGER,co2_buildup
2026-01-01 08:21:25,L04,narrow_tunnel,0.6512,12.31,0.4476,18.689,28.37,84.0,DANGER,co2_buildup
2026-01-01 08:21:30,L04,narrow_tunnel,0.6459,12.65,0.446,18.697,28.38,83.96,DANGER,co2_buildup
2026-01-01 08:21:35,L04,narrow_tunnel,0.6272,12.61,0.4464,18.712,28.36,83.59,DANGER,co2_buildup
2026-01-01 08:21:40,L04,narrow_tunnel,0.631,12.74,0.4494,18.712,28.42,83.66,DANGER,co2_buildup
2026-01-01 08:21:45,L04,narrow_tunnel,0.6151,12.61,0.4538,18.719,28.49,83.5,DANGER,co2_buildup
2026-01-01 08:21:50,L04,narrow_tunnel,0.6248,13.18,0.4566,18.735,28.5,83.34,DANGER,co2_buildup
2026-01-01 08:21:55,L04,narrow_tunnel,0.6129,13.4,0.4564,18.741,28.53,83.12,DANGER,co2_buildup
2026-01-01 08:22:00,L04,narrow_tunnel,0.6118,13.7,0.4579,18.737,28.58,83.24,DANGER,co2_buildup
2026-01-01 08:22:05,L04,narrow_tunnel,0.5912,13.66,0.4567,18.741,28.63,82.91,DANGER,co2_buildup
2026-01-01 08:22:10,L04,narrow_tunnel,0.5998,13.91,0.4544,18.745,28.61,82.57,DANGER,co2_buildup
2026-01-01 08:22:15,L04,narrow_tunnel,0.5906,13.92,0.4582,18.761,28.7,82.59,DANGER,co2_buildup
2026-01-01 08:22:20,L04,narrow_tunnel,0.5903,13.97,0.4598,18.762,28.69,82.51,DANGER,co2_buildup
2026-01-01 08:22:25,L04,narrow_tunnel,0.5855,14.39,0.4605,18.766,28.75,82.18,DANGER,co2_buildup
2026-01-01 08:22:30,L04,narrow_tunnel,0.5754,14.51,0.4628,18.77,28.78,82.26,DANGER,co2_buildup
2026-01-01 08:22:35,L04,narrow_tunnel,0.5663,15.07,0.4648,18.776,28.8,82.02,DANGER,co2_buildup
2026-01-01 08:22:40,L04,narrow_tunnel,0.5691,15.11,0.4668,18.789,28.82,81.51,DANGER,co2_buildup
2026-01-01 08:22:45,L04,narrow_tunnel,0.559,15.31,0.4656,18.784,28.87,81.72,DANGER,co2_buildup
2026-01-01 08:22:50,L04,narrow_tunnel,0.5491,15.43,0.4634,18.805,28.97,81.48,DANGER,co2_buildup
2026-01-01 08:22:55,L04,narrow_tunnel,0.5436,15.21,0.4676,18.802,28.91,81.46,DANGER,co2_buildup
2026-01-01 08:23:00,L04,narrow_tunnel,0.5352,16.3,0.4698,18.81,29.04,81.37,DANGER,co2_buildup
2026-01-01 08:23:05,L04,narrow_tunnel,0.5355,16.03,0.4734,18.808,29.01,81.12,DANGER,co2_buildup
2026-01-01 08:23:10,L04,narrow_tunnel,0.5396,16.34,0.4709,18.823,29.05,81.17,DANGER,co2_buildup
2026-01-01 08:23:15,L04,narrow_tunnel,0.5291,16.35,0.4743,18.827,29.05,80.77,DANGER,co2_buildup
2026-01-01 08:23:20,L04,narrow_tunnel,0.5198,17.01,0.475,18.835,29.09,80.74,DANGER,co2_buildup
2026-01-01 08:23:25,L04,narrow_tunnel,0.5223,17.06,0.4757,18.851,29.13,80.61,DANGER,co2_buildup
2026-01-01 08:23:30,L04,narrow_tunnel,0.5076,17.08,0.4787,18.848,29.15,80.35,DANGER,co2_buildup
2026-01-01 08:23:35,L04,narrow_tunnel,0.5077,17.36,0.4766,18.848,29.21,80.32,DANGER,co2_buildup
2026-01-01 08:23:40,L04,narrow_tunnel,0.5009,17.95,0.4779,18.855,29.24,79.99,DANGER,co2_buildup
2026-01-01 08:23:45,L04,narrow_tunnel,0.5013,17.83,0.4803,18.869,29.34,79.86,DANGER,co2_buildup
2026-01-01 08:23:50,L04,narrow_tunnel,0.4824,18.01,0.4801,18.88,29.28,79.6,DANGER,co2_buildup
2026-01-01 08:23:55,L04,narrow_tunnel,0.4814,18.07,0.4837,18.879,29.35,79.66,DANGER,co2_buildup
2026-01-01 08:24:00,L04,narrow_tunnel,0.4717,18.09,0.4823,18.888,29.39,79.52,DANGER,co2_buildup
2026-01-01 08:24:05,L04,narrow_tunnel,0.4744,18.62,0.4854,18.893,29.38,79.49,DANGER,co2_buildup
2026-01-01 08:24:10,L04,narrow_tunnel,0.4777,18.91,0.4859,18.905,29.47,79.29,DANGER,co2_buildup
2026-01-01 08:24:15,L04,narrow_tunnel,0.4625,19.26,0.4878,18.889,29.47,79.0,DANGER,co2_buildup
2026-01-01 08:24:20,L04,narrow_tunnel,0.4573,18.84,0.4875,18.912,29.44,78.74,DANGER,co2_buildup
2026-01-01 08:24:25,L04,narrow_tunnel,0.4601,19.25,0.4889,18.92,29.57,78.81,DANGER,co2_buildup
2026-01-01 08:24:30,L04,narrow_tunnel,0.456,19.55,0.491,18.911,29.55,78.75,DANGER,co2_buildup
2026-01-01 08:24:35,L04,narrow_tunnel,0.4441,19.86,0.4924,18.92,29.58,78.56,DANGER,co2_buildup
2026-01-01 08:24:40,L04,narrow_tunnel,0.4433,20.04,0.4932,18.926,29.67,78.46,DANGER,co2_buildup
2026-01-01 08:24:45,L04,narrow_tunnel,0.428,20.25,0.4979,18.933,29.67,78.13,DANGER,co2_buildup
2026-01-01 08:24:50,L04,narrow_tunnel,0.4369,20.55,0.4935,18.94,29.75,77.95,DANGER,co2_buildup
2026-01-01 08:24:55,L04,narrow_tunnel,0.4361,20.51,0.4965,18.951,29.79,77.77,DANGER,co2_buildup
2026-01-01 08:25:00,L04,narrow_tunnel,0.4215,21.05,0.4946,18.961,29.76,77.72,DANGER,co2_buildup
2026-01-01 08:25:05,L04,narrow_tunnel,0.4013,21.16,0.4998,18.969,29.84,77.57,DANGER,co2_buildup
2026-01-01 08:25:10,L04,narrow_tunnel,0.4049,21.22,0.4979,18.962,29.83,77.46,DANGER,co2_buildup
2026-01-01 08:25:15,L04,narrow_tunnel,0.4064,21.78,0.5008,18.968,29.95,77.27,DANGER,co2_buildup
2026-01-01 08:25:20,L04,narrow_tunnel,0.3952,21.98,0.5018,18.988,29.9,77.12,DANGER,co2_buildup
2026-01-01 08:25:25,L04,narrow_tunnel,0.3998,22.06,0.5043,18.99,29.98,76.89,DANGER,co2_buildup
2026-01-01 08:25:30,L04,narrow_tunnel,0.3906,21.53,0.5037,18.992,30.01,76.97,DANGER,co2_buildup
2026-01-01 08:25:35,L04,narrow_tunnel,0.3779,22.59,0.5048,19.001,30.03,76.71,DANGER,co2_buildup
2026-01-01 08:25:40,L04,narrow_tunnel,0.377,22.65,0.5102,19.004,30.03,76.53,DANGER,co2_buildup
2026-01-01 08:25:45,L04,narrow_tunnel,0.3664,23.08,0.509,19.013,30.08,76.3,DANGER,co2_buildup
2026-01-01 08:25:50,L04,narrow_tunnel,0.3798,22.99,0.5065,19.011,30.21,76.44,DANGER,ventilation_failure
2026-01-01 08:25:55,L04,narrow_tunnel,0.3922,22.93,0.5075,19.014,30.12,76.54,DANGER,ventilation_failure
2026-01-01 08:26:00,L04,narrow_tunnel,0.3943,23.23,0.5013,19.014,30.18,76.45,DANGER,ventilation_failure
2026-01-01 08:26:05,L04,narrow_tunnel,0.4209,23.41,0.5053,19.013,30.36,76.55,DANGER,ventilation_failure
2026-01-01 08:26:10,L04,narrow_tunnel,0.4167,23.01,0.5008,19.016,30.43,76.69,DANGER,ventilation_failure
2026-01-01 08:26:15,L04,narrow_tunnel,0.4097,24.25,0.4981,19.016,30.51,76.7,DANGER,ventilation_failure
2026-01-01 08:26:20,L04,narrow_tunnel,0.4396,24.24,0.494,19.017,30.67,77.02,DANGER,ventilation_failure
2026-01-01 08:26:25,L04,narrow_tunnel,0.449,24.45,0.4888,19.02,30.61,76.91,DANGER,ventilation_failure
2026-01-01 08:26:30,L04,narrow_tunnel,0.4506,24.6,0.4908,19.021,30.71,76.94,DANGER,ventilation_failure
2026-01-01 08:26:35,L04,narrow_tunnel,0.4739,24.89,0.4948,19.019,30.69,76.98,DANGER,ventilation_failure
2026-01-01 08:26:40,L04,narrow_tunnel,0.4605,24.96,0.4888,19.022,30.98,77.05,DANGER,ventilation_failure
2026-01-01 08:26:45,L04,narrow_tunnel,0.4998,25.46,0.4876,19.021,30.89,77.14,DANGER,ventilation_failure
2026-01-01 08:26:50,L04,narrow_tunnel,0.4903,25.28,0.488,19.021,30.96,77.22,DANGER,ventilation_failure
2026-01-01 08:26:55,L04,narrow_tunnel,0.4999,25.85,0.4892,19.024,31.04,77.25,DANGER,ventilation_failure
2026-01-01 08:27:00,L04,narrow_tunnel,0.5199,26.17,0.4861,19.025,31.09,77.33,DANGER,ventilation_failure
2026-01-01 08:27:05,L04,narrow_tunnel,0.5365,26.24,0.4781,19.023,31.16,77.49,DANGER,ventilation_failure
2026-01-01 08:27:10,L04,narrow_tunnel,0.5443,26.61,0.4736,19.029,31.25,77.56,DANGER,ventilation_failure
2026-01-01 08:27:15,L04,narrow_tunnel,0.5452,26.55,0.4833,19.023,31.27,77.56,DANGER,ventilation_failure
2026-01-01 08:27:20,L04,narrow_tunnel,0.5584,26.79,0.4812,19.035,31.38,77.53,DANGER,ventilation_failure
2026-01-01 08:27:25,L04,narrow_tunnel,0.5624,27.29,0.4738,19.034,31.65,77.71,DANGER,ventilation_failure
2026-01-01 08:27:30,L04,narrow_tunnel,0.5828,27.63,0.468,19.031,31.64,77.84,DANGER,ventilation_failure
2026-01-01 08:27:35,L04,narrow_tunnel,0.6075,27.31,0.4722,19.033,31.73,77.9,DANGER,ventilation_failure
2026-01-01 08:27:40,L04,narrow_tunnel,0.6066,28.07,0.4675,19.035,31.82,77.92,DANGER,ventilation_failure
2026-01-01 08:27:45,L04,narrow_tunnel,0.6266,28.08,0.4656,19.034,31.94,78.03,DANGER,ventilation_failure
2026-01-01 08:27:50,L04,narrow_tunnel,0.6437,28.39,0.4665,19.037,31.76,78.02,DANGER,ventilation_failure
2026-01-01 08:27:55,L04,narrow_tunnel,0.6323,28.38,0.4631,19.037,31.88,78.12,DANGER,ventilation_failure
2026-01-01 08:28:00,L04,narrow_tunnel,0.6474,28.73,0.4572,19.038,31.98,78.1,DANGER,ventilation_failure
2026-01-01 08:28:05,L04,narrow_tunnel,0.6834,29.36,0.4576,19.04,32.08,78.23,CRITICAL,ventilation_failure
2026-01-01 08:28:10,L04,narrow_tunnel,0.6863,29.4,0.4584,19.038,32.17,78.36,CRITICAL,ventilation_failure
2026-01-01 08:28:15,L04,narrow_tunnel,0.6634,29.55,0.4562,19.042,32.23,78.31,CRITICAL,ventilation_failure
2026-01-01 08:28:20,L04,narrow_tunnel,0.6963,29.84,0.4537,19.043,32.35,78.36,CRITICAL,ventilation_failure
2026-01-01 08:28:25,L04,narrow_tunnel,0.7028,30.22,0.4536,19.044,32.42,78.49,CRITICAL,ventilation_failure
2026-01-01 08:28:30,L04,narrow_tunnel,0.7224,30.44,0.4483,19.045,32.44,78.53,CRITICAL,ventilation_failure
2026-01-01 08:28:35,L04,narrow_tunnel,0.7161,30.57,0.4479,19.049,32.41,78.66,CRITICAL,ventilation_failure
2026-01-01 08:28:40,L04,narrow_tunnel,0.7258,31.06,0.4365,19.047,32.57,78.65,CRITICAL,ventilation_failure
2026-01-01 08:28:45,L04,narrow_tunnel,0.7382,31.28,0.4425,19.049,32.68,78.86,CRITICAL,ventilation_failure
2026-01-01 08:28:50,L04,narrow_tunnel,0.75,31.39,0.4439,19.052,32.77,78.74,CRITICAL,ventilation_failure
2026-01-01 08:28:55,L04,narrow_tunnel,0.7757,31.55,0.439,19.051,32.79,78.96,CRITICAL,ventilation_failure
2026-01-01 08:29:00,L04,narrow_tunnel,0.7648,31.92,0.4369,19.052,32.9,78.9,CRITICAL,ventilation_failure
2026-01-01 08:29:05,L04,narrow_tunnel,0.7815,32.09,0.4335,19.053,32.94,78.91,CRITICAL,ventilation_failure
2026-01-01 08:29:10,L04,narrow_tunnel,0.7797,32.49,0.4372,19.057,33.08,79.1,CRITICAL,ventilation_failure
2026-01-01 08:29:15,L04,narrow_tunnel,0.8205,32.69,0.4341,19.055,33.09,79.13,CRITICAL,ventilation_failure
2026-01-01 08:29:20,L04,narrow_tunnel,0.834,32.51,0.433,19.059,33.18,79.15,CRITICAL,ventilation_failure
2026-01-01 08:29:25,L04,narrow_tunnel,0.8275,32.74,0.4243,19.057,33.22,79.18,CRITICAL,ventilation_failure
2026-01-01 08:29:30,L04,narrow_tunnel,0.8385,33.06,0.4267,19.057,33.38,79.35,CRITICAL,ventilation_failure
2026-01-01 08:29:35,L04,narrow_tunnel,0.8572,33.67,0.4245,19.061,33.4,79.48,CRITICAL,ventilation_failure
2026-01-01 08:29:40,L04,narrow_tunnel,0.8789,33.35,0.4226,19.06,33.6,79.52,CRITICAL,ventilation_failure
2026-01-01 08:29:45,L04,narrow_tunnel,0.8781,34.02,0.4199,19.063,33.64,79.56,CRITICAL,ventilation_failure
2026-01-01 08:29:50,L04,narrow_tunnel,0.8769,34.25,0.4188,19.057,33.69,79.65,CRITICAL,ventilation_failure
2026-01-01 08:29:55,L04,narrow_tunnel,0.8776,34.66,0.4201,19.064,33.71,79.68,CRITICAL,ventilation_failure
2026-01-01 08:30:00,L04,narrow_tunnel,0.8938,34.69,0.4109,19.064,33.87,79.66,CRITICAL,ventilation_failure
2026-01-01 08:30:05,L04,narrow_tunnel,0.9172,34.59,0.4189,19.064,33.96,79.73,CRITICAL,ventilation_failure
2026-01-01 08:30:10,L04,narrow_tunnel,0.9201,34.91,0.4136,19.066,34.0,79.87,CRITICAL,ventilation_failure
2026-01-01 08:30:15,L04,narrow_tunnel,0.9399,35.1,0.4104,19.067,34.18,79.94,CRITICAL,ventilation_failure
2026-01-01 08:30:20,L04,narrow_tunnel,0.9426,35.48,0.4111,19.07,34.17,80.07,CRITICAL,ventilation_failure
2026-01-01 08:30:25,L04,narrow_tunnel,0.9478,35.8,0.4029,19.068,34.28,80.14,CRITICAL,ventilation_failure
2026-01-01 08:30:30,L04,narrow_tunnel,0.9572,35.82,0.4031,19.072,34.3,80.19,CRITICAL,ventilation_failure
2026-01-01 08:30:35,L04,narrow_tunnel,0.9974,36.64,0.4027,19.076,34.41,80.2,CRITICAL,ventilation_failure
2026-01-01 08:30:40,L04,narrow_tunnel,1.0008,36.27,0.4049,19.075,34.39,80.2,CRITICAL,ventilation_failure
2026-01-01 08:30:45,L04,narrow_tunnel,1.0206,37.09,0.3993,19.077,34.49,80.38,CRITICAL,ventilation_failure
2026-01-01 08:30:50,L04,narrow_tunnel,1.0184,37.3,0.3987,19.078,34.62,80.46,CRITICAL,ventilation_failure
2026-01-01 08:30:55,L04,narrow_tunnel,1.0187,37.47,0.3941,19.08,34.69,80.34,CRITICAL,ventilation_failure
2026-01-01 08:31:00,L04,narrow_tunnel,1.0232,37.73,0.3923,19.078,34.69,80.5,CRITICAL,fire_heat
2026-01-01 08:31:05,L04,narrow_tunnel,1.0197,38.46,0.3912,19.078,34.68,80.5,CRITICAL,fire_heat
2026-01-01 08:31:10,L04,narrow_tunnel,1.017,38.51,0.3896,19.074,34.71,80.54,CRITICAL,fire_heat
2026-01-01 08:31:15,L04,narrow_tunnel,1.0121,38.64,0.3909,19.072,34.74,80.53,CRITICAL,fire_heat
2026-01-01 08:31:20,L04,narrow_tunnel,1.0096,43.18,0.3888,19.073,34.77,80.55,CRITICAL,fire_heat
2026-01-01 08:31:25,L04,narrow_tunnel,1.0051,41.38,0.3872,19.07,34.76,80.55,CRITICAL,fire_heat
2026-01-01 08:31:30,L04,narrow_tunnel,1.0075,42.08,0.3858,19.072,34.78,80.57,CRITICAL,fire_heat
2026-01-01 08:31:35,L04,narrow_tunnel,1.0053,43.26,0.3796,19.068,34.83,80.55,CRITICAL,fire_heat
2026-01-01 08:31:40,L04,narrow_tunnel,0.9976,43.83,0.377,19.074,34.78,80.59,CRITICAL,fire_heat
2026-01-01 08:31:45,L04,narrow_tunnel,1.0031,44.95,0.3795,19.07,34.82,80.59,CRITICAL,fire_heat
2026-01-01 08:31:50,L04,narrow_tunnel,0.9936,46.69,0.3748,19.067,34.88,80.6,CRITICAL,fire_heat
2026-01-01 08:31:55,L04,narrow_tunnel,0.9974,46.45,0.3703,19.067,34.89,80.65,CRITICAL,fire_heat
2026-01-01 08:32:00,L04,narrow_tunnel,0.9867,46.49,0.3753,19.061,34.9,80.63,CRITICAL,fire_heat
2026-01-01 08:32:05,L04,narrow_tunnel,0.9788,48.1,0.3746,19.069,34.9,80.64,CRITICAL,fire_heat
2026-01-01 08:32:10,L04,narrow_tunnel,0.9847,48.71,0.3731,19.061,34.91,80.66,CRITICAL,fire_heat
2026-01-01 08:32:15,L04,narrow_tunnel,0.9813,51.01,0.3674,19.061,34.94,80.66,CRITICAL,fire_heat
2026-01-01 08:32:20,L04,narrow_tunnel,0.9777,51.66,0.3667,19.057,34.99,80.7,CRITICAL,fire_heat
2026-01-01 08:32:25,L04,narrow_tunnel,0.9724,51.68,0.3668,19.06,34.97,80.69,CRITICAL,fire_heat
2026-01-01 08:32:30,L04,narrow_tunnel,0.9717,51.45,0.3594,19.056,35.01,80.72,CRITICAL,fire_heat
2026-01-01 08:32:35,L04,narrow_tunnel,0.9671,52.34,0.3623,19.057,35.01,80.74,CRITICAL,fire_heat
2026-01-01 08:32:40,L04,narrow_tunnel,0.965,54.14,0.3581,19.055,35.06,80.73,CRITICAL,fire_heat
2026-01-01 08:32:45,L04,narrow_tunnel,0.9663,55.23,0.3579,19.053,35.05,80.75,CRITICAL,fire_heat
2026-01-01 08:32:50,L04,narrow_tunnel,0.9611,55.52,0.354,19.053,35.08,80.75,CRITICAL,fire_heat
2026-01-01 08:32:55,L04,narrow_tunnel,0.9597,56.28,0.3551,19.054,35.07,80.8,CRITICAL,fire_heat
2026-01-01 08:33:00,L04,narrow_tunnel,0.9538,57.04,0.3503,19.049,35.09,80.79,CRITICAL,fire_heat
2026-01-01 08:33:05,L04,narrow_tunnel,0.9506,58.32,0.3436,19.049,35.13,80.79,CRITICAL,fire_heat
2026-01-01 08:33:10,L04,narrow_tunnel,0.9448,57.34,0.3498,19.051,35.13,80.8,CRITICAL,fire_heat
2026-01-01 08:33:15,L04,narrow_tunnel,0.9448,59.17,0.3413,19.054,35.21,80.82,CRITICAL,fire_heat
2026-01-01 08:33:20,L04,narrow_tunnel,0.9312,60.38,0.3454,19.049,35.15,80.83,CRITICAL,fire_heat
2026-01-01 08:33:25,L04,narrow_tunnel,0.9382,62.64,0.3398,19.045,35.19,80.87,CRITICAL,fire_heat
2026-01-01 08:33:30,L04,narrow_tunnel,0.9372,61.92,0.3414,19.045,35.23,80.84,CRITICAL,fire_heat
2026-01-01 08:33:35,L04,narrow_tunnel,0.9367,63.53,0.3393,19.045,35.24,80.87,CRITICAL,fire_heat
2026-01-01 08:33:40,L04,narrow_tunnel,0.9308,64.41,0.3355,19.043,35.24,80.88,CRITICAL,fire_heat
2026-01-01 08:33:45,L04,narrow_tunnel,0.9302,66.08,0.3338,19.044,35.27,80.89,CRITICAL,fire_heat
2026-01-01 08:33:50,L04,narrow_tunnel,0.9182,66.9,0.3316,19.042,35.28,80.9,CRITICAL,fire_heat
2026-01-01 08:33:55,L04,narrow_tunnel,0.923,66.72,0.323,19.042,35.32,80.92,CRITICAL,fire_heat
2026-01-01 08:34:00,L04,narrow_tunnel,0.9143,67.24,0.3269,19.039,35.37,80.94,CRITICAL,fire_heat
2026-01-01 08:34:05,L04,narrow_tunnel,0.9131,67.94,0.3216,19.041,35.36,80.95,CRITICAL,fire_heat
2026-01-01 08:34:10,L04,narrow_tunnel,0.914,69.1,0.3232,19.037,35.4,80.96,CRITICAL,fire_heat
2026-01-01 08:34:15,L04,narrow_tunnel,0.9164,69.8,0.3177,19.034,35.4,80.93,CRITICAL,fire_heat
2026-01-01 08:34:20,L04,narrow_tunnel,0.9103,71.4,0.3157,19.039,35.43,80.98,CRITICAL,fire_heat
2026-01-01 08:34:25,L04,narrow_tunnel,0.9061,72.14,0.3214,19.03,35.38,80.97,CRITICAL,fire_heat
2026-01-01 08:34:30,L04,narrow_tunnel,0.9031,73.12,0.318,19.032,35.45,81.01,CRITICAL,fire_heat
2026-01-01 08:34:35,L04,narrow_tunnel,0.8978,74.48,0.3132,19.031,35.49,81.03,CRITICAL,fire_heat
2026-01-01 08:34:40,L04,narrow_tunnel,0.8955,75.78,0.3118,19.036,35.48,81.02,CRITICAL,fire_heat
2026-01-01 08:34:45,L04,narrow_tunnel,0.8962,75.28,0.3087,19.033,35.54,81.04,CRITICAL,fire_heat
2026-01-01 08:34:50,L04,narrow_tunnel,0.8868,76.88,0.309,19.032,35.55,81.05,CRITICAL,fire_heat
2026-01-01 08:34:55,L04,narrow_tunnel,0.8911,76.6,0.3036,19.027,35.54,81.08,CRITICAL,fire_heat
2026-01-01 08:35:00,L04,narrow_tunnel,0.8847,78.63,0.3063,19.031,35.55,81.08,CRITICAL,fire_heat
2026-01-01 08:35:05,L04,narrow_tunnel,0.8862,79.38,0.301,19.026,35.56,81.11,CRITICAL,fire_heat
2026-01-01 08:35:10,L04,narrow_tunnel,0.8838,80.18,0.2986,19.026,35.59,81.11,CRITICAL,fire_heat
2026-01-01 08:35:15,L04,narrow_tunnel,0.8714,80.32,0.2979,19.024,35.6,81.12,CRITICAL,fire_heat
2026-01-01 08:35:20,L04,narrow_tunnel,0.8725,80.57,0.2943,19.022,35.65,81.13,CRITICAL,fire_heat
2026-01-01 08:35:25,L04,narrow_tunnel,0.8687,80.85,0.2949,19.021,35.63,81.15,CRITICAL,fire_heat
2026-01-01 08:35:30,L04,narrow_tunnel,0.8623,82.74,0.2906,19.02,35.69,81.13,CRITICAL,fire_heat
2026-01-01 08:35:35,L04,narrow_tunnel,0.8623,84.8,0.2915,19.02,35.7,81.16,CRITICAL,fire_heat
2026-01-01 08:35:40,L04,narrow_tunnel,0.872,84.22,0.2916,19.019,35.68,81.17,CRITICAL,fire_heat
2026-01-01 08:35:45,L04,narrow_tunnel,0.8625,85.9,0.2843,19.017,35.76,81.2,CRITICAL,fire_heat
2026-01-01 08:35:50,L04,narrow_tunnel,0.8644,86.79,0.284,19.019,35.76,81.2,CRITICAL,fire_heat
2026-01-01 08:35:55,L04,narrow_tunnel,0.8576,86.76,0.2838,19.009,35.78,81.2,CRITICAL,fire_heat
2026-01-01 08:36:00,L04,narrow_tunnel,0.8491,88.84,0.2794,19.015,35.77,81.22,CRITICAL,fire_heat
2026-01-01 08:36:05,L04,narrow_tunnel,0.8475,86.42,0.2799,19.014,35.82,81.22,CRITICAL,fire_heat
2026-01-01 08:36:10,L04,narrow_tunnel,0.8556,88.86,0.2804,19.011,35.99,81.32,CRITICAL,combined_hazard
2026-01-01 08:36:15,L04,narrow_tunnel,0.8497,88.01,0.2751,19.01,35.8,81.21,CRITICAL,combined_hazard
2026-01-01 08:36:20,L04,narrow_tunnel,0.85,88.25,0.281,19.009,36.05,81.59,CRITICAL,combined_hazard
2026-01-01 08:36:25,L04,narrow_tunnel,0.8613,87.49,0.2852,19.006,36.11,82.19,CRITICAL,combined_hazard
2026-01-01 08:36:30,L04,narrow_tunnel,0.8641,87.35,0.2885,19.008,36.22,82.03,CRITICAL,combined_hazard
2026-01-01 08:36:35,L04,narrow_tunnel,0.8658,86.96,0.2857,19.004,36.42,82.14,CRITICAL,combined_hazard
2026-01-01 08:36:40,L04,narrow_tunnel,0.8739,87.0,0.2917,19.006,36.62,82.48,CRITICAL,combined_hazard
2026-01-01 08:36:45,L04,narrow_tunnel,0.8754,85.89,0.2921,19.009,36.58,82.73,CRITICAL,combined_hazard
2026-01-01 08:36:50,L04,narrow_tunnel,0.8734,85.24,0.2931,19.0,36.73,82.69,CRITICAL,combined_hazard
2026-01-01 08:36:55,L04,narrow_tunnel,0.8848,85.58,0.2998,19.001,36.8,83.06,CRITICAL,combined_hazard
2026-01-01 08:37:00,L04,narrow_tunnel,0.8855,85.47,0.3037,18.995,36.98,83.1,CRITICAL,combined_hazard
2026-01-01 08:37:05,L04,narrow_tunnel,0.8967,85.03,0.3061,18.999,36.93,83.49,CRITICAL,combined_hazard
2026-01-01 08:37:10,L04,narrow_tunnel,0.8964,85.05,0.3075,18.999,37.2,83.58,CRITICAL,combined_hazard
2026-01-01 08:37:15,L04,narrow_tunnel,0.9097,84.46,0.3063,18.998,37.31,83.83,CRITICAL,combined_hazard
2026-01-01 08:37:20,L04,narrow_tunnel,0.9165,83.79,0.3125,18.996,37.41,83.79,CRITICAL,combined_hazard
2026-01-01 08:37:25,L04,narrow_tunnel,0.916,82.88,0.3134,18.996,37.33,83.97,CRITICAL,combined_hazard
2026-01-01 08:37:30,L04,narrow_tunnel,0.9088,83.23,0.3151,18.999,37.49,84.49,CRITICAL,combined_hazard
2026-01-01 08:37:35,L04,narrow_tunnel,0.9287,83.31,0.315,18.996,37.64,84.49,CRITICAL,combined_hazard
2026-01-01 08:37:40,L04,narrow_tunnel,0.9333,82.51,0.3176,18.989,37.58,84.75,CRITICAL,combined_hazard
2026-01-01 08:37:45,L04,narrow_tunnel,0.9296,82.31,0.3217,18.986,38.0,84.83,CRITICAL,combined_hazard
2026-01-01 08:37:50,L04,narrow_tunnel,0.9405,82.11,0.3315,18.987,37.94,85.25,CRITICAL,combined_hazard
2026-01-01 08:37:55,L04,narrow_tunnel,0.9351,81.3,0.3269,18.985,38.07,85.16,CRITICAL,combined_hazard
2026-01-01 08:38:00,L04,narrow_tunnel,0.9326,81.5,0.3263,18.987,38.09,85.44,CRITICAL,combined_hazard
2026-01-01 08:38:05,L04,narrow_tunnel,0.9425,81.5,0.3278,18.982,38.12,85.81,CRITICAL,combined_hazard
2026-01-01 08:38:10,L04,narrow_tunnel,0.9595,80.57,0.3311,18.983,38.3,86.08,CRITICAL,combined_hazard
2026-01-01 08:38:15,L04,narrow_tunnel,0.9472,79.92,0.3419,18.984,38.49,85.95,CRITICAL,combined_hazard
2026-01-01 08:38:20,L04,narrow_tunnel,0.9591,79.93,0.3359,18.98,38.65,86.61,CRITICAL,combined_hazard
2026-01-01 08:38:25,L04,narrow_tunnel,0.9636,78.89,0.3424,18.977,38.7,86.49,CRITICAL,combined_hazard
2026-01-01 08:38:30,L04,narrow_tunnel,0.965,79.4,0.3405,18.981,38.83,86.43,CRITICAL,combined_hazard
2026-01-01 08:38:35,L04,narrow_tunnel,0.9696,79.1,0.3448,18.973,38.86,86.89,CRITICAL,combined_hazard
2026-01-01 08:38:40,L04,narrow_tunnel,0.9765,79.17,0.3488,18.975,39.05,86.94,CRITICAL,combined_hazard
2026-01-01 08:38:45,L04,narrow_tunnel,0.9775,78.22,0.3467,18.974,39.27,87.28,CRITICAL,combined_hazard
2026-01-01 08:38:50,L04,narrow_tunnel,0.9773,78.08,0.3487,18.973,39.29,87.39,CRITICAL,combined_hazard
2026-01-01 08:38:55,L04,narrow_tunnel,0.9899,77.33,0.3583,18.972,39.41,87.6,CRITICAL,combined_hazard
2026-01-01 08:39:00,L04,narrow_tunnel,0.9986,77.16,0.3584,18.972,39.46,87.61,CRITICAL,combined_hazard
2026-01-01 08:39:05,L04,narrow_tunnel,1.0018,76.44,0.36,18.969,39.38,88.16,CRITICAL,combined_hazard
2026-01-01 08:39:10,L04,narrow_tunnel,0.9974,76.54,0.3623,18.967,39.53,87.95,CRITICAL,combined_hazard
2026-01-01 08:39:15,L04,narrow_tunnel,0.9994,76.17,0.3635,18.966,39.8,88.15,CRITICAL,combined_hazard
2026-01-01 08:39:20,L04,narrow_tunnel,1.0086,76.03,0.3707,18.964,39.85,88.62,CRITICAL,combined_hazard
2026-01-01 08:39:25,L04,narrow_tunnel,1.0223,75.4,0.3666,18.966,40.01,89.04,CRITICAL,combined_hazard
2026-01-01 08:39:30,L04,narrow_tunnel,1.0218,75.29,0.3706,18.962,40.24,88.87,CRITICAL,combined_hazard
2026-01-01 08:39:35,L04,narrow_tunnel,1.0264,74.82,0.3664,18.964,40.25,89.26,CRITICAL,combined_hazard
2026-01-01 08:39:40,L04,narrow_tunnel,1.0316,74.49,0.3706,18.961,40.41,89.52,CRITICAL,combined_hazard
2026-01-01 08:39:45,L04,narrow_tunnel,1.0334,74.29,0.3717,18.958,40.4,89.66,CRITICAL,combined_hazard
2026-01-01 08:39:50,L04,narrow_tunnel,1.0361,73.94,0.3818,18.96,40.41,89.64,CRITICAL,combined_hazard
2026-01-01 08:39:55,L04,narrow_tunnel,1.0431,73.84,0.3719,18.955,40.6,89.69,CRITICAL,combined_hazard
2026-01-01 08:40:00,L04,narrow_tunnel,1.0411,73.22,0.381,18.957,40.62,89.67,CRITICAL,combined_hazard
2026-01-01 08:40:05,L04,narrow_tunnel,1.0409,72.8,0.375,18.955,40.98,90.23,CRITICAL,combined_hazard
2026-01-01 08:40:10,L04,narrow_tunnel,1.0561,72.53,0.3841,18.952,41.0,90.7,CRITICAL,combined_hazard
2026-01-01 08:40:15,L04,narrow_tunnel,1.063,72.02,0.3875,18.953,41.08,90.45,CRITICAL,combined_hazard
2026-01-01 08:40:20,L04,narrow_tunnel,1.0552,71.8,0.3957,18.952,41.26,90.99,CRITICAL,combined_hazard
2026-01-01 08:40:25,L04,narrow_tunnel,1.0694,72.24,0.3948,18.952,41.03,90.87,CRITICAL,combined_hazard
2026-01-01 08:40:30,L04,narrow_tunnel,1.078,70.94,0.3931,18.95,41.41,91.26,CRITICAL,combined_hazard
2026-01-01 08:40:35,L04,narrow_tunnel,1.0736,70.82,0.4015,18.948,41.32,91.57,CRITICAL,combined_hazard
2026-01-01 08:40:40,L04,narrow_tunnel,1.0737,70.45,0.4004,18.943,41.56,91.5,CRITICAL,combined_hazard
2026-01-01 08:40:45,L04,narrow_tunnel,1.0827,70.16,0.4027,18.95,41.63,91.85,CRITICAL,combined_hazard
2026-01-01 08:40:50,L04,narrow_tunnel,1.0835,69.8,0.401,18.94,41.84,91.93,CRITICAL,combined_hazard
2026-01-01 08:40:55,L04,narrow_tunnel,1.0874,69.66,0.4039,18.944,41.9,92.34,CRITICAL,combined_hazard
2026-01-01 08:41:00,L04,narrow_tunnel,1.0971,68.67,0.4067,18.942,42.13,92.44,CRITICAL,combined_hazard
2026-01-01 08:41:05,L04,narrow_tunnel,1.0908,69.24,0.4117,18.937,42.03,92.6,CRITICAL,combined_hazard
2026-01-01 08:41:10,L04,narrow_tunnel,1.0959,68.77,0.4141,18.938,42.27,93.08,CRITICAL,combined_hazard
2026-01-01 08:41:15,L04,narrow_tunnel,1.1076,67.82,0.421,18.937,42.32,93.1,CRITICAL,combined_hazard
2026-01-01 08:41:20,L04,narrow_tunnel,1.1117,67.15,0.4196,18.939,42.24,93.04,CRITICAL,combined_hazard
2026-01-01 08:41:25,L04,narrow_tunnel,1.1178,67.24,0.4119,18.933,42.42,93.34,CRITICAL,combined_hazard
2026-01-01 08:41:30,L04,narrow_tunnel,1.1299,67.14,0.4237,18.933,42.61,93.54,CRITICAL,combined_hazard
2026-01-01 08:41:35,L04,narrow_tunnel,1.125,67.73,0.4204,18.927,42.85,93.76,CRITICAL,combined_hazard
2026-01-01 08:00:00,L05,equipment_zone,0.1415,6.02,0.0685,20.539,26.94,68.99,SAFE,normal
2026-01-01 08:00:05,L05,equipment_zone,0.1399,6.08,0.0697,20.536,26.99,69.03,SAFE,normal
2026-01-01 08:00:10,L05,equipment_zone,0.1461,6.04,0.0696,20.531,26.9,69.17,SAFE,normal
2026-01-01 08:00:15,L05,equipment_zone,0.1511,6.04,0.0724,20.526,27.04,69.19,SAFE,normal
2026-01-01 08:00:20,L05,equipment_zone,0.149,6.1,0.0726,20.526,27.04,69.32,SAFE,normal
2026-01-01 08:00:25,L05,equipment_zone,0.1485,6.1,0.0714,20.517,27.11,69.37,SAFE,normal
2026-01-01 08:00:30,L05,equipment_zone,0.1477,6.16,0.07,20.514,27.19,69.38,SAFE,normal
2026-01-01 08:00:35,L05,equipment_zone,0.1505,6.13,0.0699,20.514,27.22,69.38,SAFE,normal
2026-01-01 08:00:40,L05,equipment_zone,0.1554,6.24,0.072,20.512,27.29,69.53,SAFE,normal
2026-01-01 08:00:45,L05,equipment_zone,0.1585,6.23,0.0744,20.501,27.36,69.51,SAFE,normal
2026-01-01 08:00:50,L05,equipment_zone,0.1581,6.2,0.0768,20.506,27.39,69.58,SAFE,normal
2026-01-01 08:00:55,L05,equipment_zone,0.161,6.24,0.0752,20.504,27.4,69.62,SAFE,normal
2026-01-01 08:01:00,L05,equipment_zone,0.1623,6.31,0.077,20.498,27.45,69.72,SAFE,normal
2026-01-01 08:01:05,L05,equipment_zone,0.1634,6.34,0.0754,20.504,27.46,69.85,SAFE,normal
2026-01-01 08:01:10,L05,equipment_zone,0.1621,6.31,0.0774,20.489,27.54,69.84,SAFE,normal
2026-01-01 08:01:15,L05,equipment_zone,0.1657,6.38,0.0784,20.487,27.72,69.88,SAFE,normal
2026-01-01 08:01:20,L05,equipment_zone,0.1648,6.34,0.0746,20.484,27.64,69.88,SAFE,normal
2026-01-01 08:01:25,L05,equipment_zone,0.1685,6.41,0.0777,20.482,27.67,70.04,SAFE,normal
2026-01-01 08:01:30,L05,equipment_zone,0.1708,6.46,0.0805,20.478,27.8,70.03,SAFE,normal
2026-01-01 08:01:35,L05,equipment_zone,0.1757,6.45,0.0801,20.471,27.83,70.13,SAFE,normal
2026-01-01 08:01:40,L05,equipment_zone,0.17,6.45,0.0784,20.471,27.87,70.17,SAFE,normal
2026-01-01 08:01:45,L05,equipment_zone,0.1759,6.51,0.0771,20.469,28.0,70.29,SAFE,normal
2026-01-01 08:01:50,L05,equipment_zone,0.1799,6.52,0.081,20.471,28.01,70.29,SAFE,normal
2026-01-01 08:01:55,L05,equipment_zone,0.1797,6.58,0.0821,20.472,28.01,70.35,SAFE,normal
2026-01-01 08:02:00,L05,equipment_zone,0.1815,6.57,0.0815,20.465,28.06,70.44,SAFE,normal
2026-01-01 08:02:05,L05,equipment_zone,0.1825,6.59,0.0837,20.454,28.11,70.58,SAFE,normal
2026-01-01 08:02:10,L05,equipment_zone,0.1858,6.59,0.085,20.451,28.23,70.57,SAFE,normal
2026-01-01 08:02:15,L05,equipment_zone,0.1815,6.67,0.0859,20.45,28.22,70.58,SAFE,normal
2026-01-01 08:02:20,L05,equipment_zone,0.1824,6.68,0.0817,20.454,28.2,70.64,SAFE,normal
2026-01-01 08:02:25,L05,equipment_zone,0.1873,6.68,0.084,20.444,28.33,70.67,SAFE,normal
2026-01-01 08:02:30,L05,equipment_zone,0.1836,6.74,0.0862,20.436,28.32,70.7,SAFE,normal
2026-01-01 08:02:35,L05,equipment_zone,0.1935,6.79,0.0883,20.436,28.54,70.78,SAFE,normal
2026-01-01 08:02:40,L05,equipment_zone,0.195,6.78,0.0888,20.438,28.44,70.83,SAFE,normal
2026-01-01 08:02:45,L05,equipment_zone,0.1925,6.82,0.0894,20.434,28.53,70.96,SAFE,normal
2026-01-01 08:02:50,L05,equipment_zone,0.1943,6.84,0.0887,20.428,28.6,70.92,SAFE,normal
2026-01-01 08:02:55,L05,equipment_zone,0.1966,6.83,0.0894,20.428,28.63,71.11,SAFE,normal
2026-01-01 08:03:00,L05,equipment_zone,0.1984,6.94,0.0894,20.413,28.68,71.13,SAFE,normal
2026-01-01 08:03:05,L05,equipment_zone,0.2002,6.9,0.0924,20.419,28.76,71.15,SAFE,normal
2026-01-01 08:03:10,L05,equipment_zone,0.2028,6.95,0.0904,20.419,28.86,71.21,SAFE,normal
2026-01-01 08:03:15,L05,equipment_zone,0.2026,6.98,0.0938,20.409,28.88,71.23,SAFE,normal
2026-01-01 08:03:20,L05,equipment_zone,0.2069,6.98,0.0935,20.406,28.96,71.33,SAFE,normal
2026-01-01 08:03:25,L05,equipment_zone,0.2073,7.03,0.0937,20.399,28.89,71.43,SAFE,normal
2026-01-01 08:03:30,L05,equipment_zone,0.2063,7.04,0.0934,20.409,29.01,71.4,SAFE,normal
2026-01-01 08:03:35,L05,equipment_zone,0.2126,7.03,0.0929,20.397,29.05,71.41,SAFE,normal
2026-01-01 08:03:40,L05,equipment_zone,0.2076,7.08,0.0947,20.398,29.11,71.58,SAFE,normal
2026-01-01 08:03:45,L05,equipment_zone,0.2122,7.1,0.0958,20.396,29.21,71.62,SAFE,normal
2026-01-01 08:03:50,L05,equipment_zone,0.2164,7.13,0.0932,20.396,29.19,71.6,SAFE,normal
2026-01-01 08:03:55,L05,equipment_zone,0.2138,7.13,0.0973,20.387,29.23,71.68,SAFE,normal
2026-01-01 08:04:00,L05,equipment_zone,0.2179,7.21,0.0997,20.382,29.32,71.73,SAFE,normal
2026-01-01 08:04:05,L05,equipment_zone,0.2201,7.25,0.0998,20.382,29.26,71.79,SAFE,normal
2026-01-01 08:04:10,L05,equipment_zone,0.2182,7.26,0.0988,20.383,29.39,71.87,SAFE,normal
2026-01-01 08:04:15,L05,equipment_zone,0.2217,7.29,0.1003,20.374,29.44,71.93,SAFE,normal
2026-01-01 08:04:20,L05,equipment_zone,0.2231,7.28,0.1,20.368,29.46,71.97,SAFE,normal
2026-01-01 08:04:25,L05,equipment_zone,0.2237,7.3,0.1017,20.362,29.6,72.02,SAFE,normal
2026-01-01 08:04:30,L05,equipment_zone,0.2322,7.32,0.1046,20.36,29.55,72.1,SAFE,normal
2026-01-01 08:04:35,L05,equipment_zone,0.2263,7.38,0.1043,20.365,29.64,72.18,SAFE,normal
2026-01-01 08:04:40,L05,equipment_zone,0.2322,7.39,0.1042,20.357,29.72,72.21,SAFE,normal
2026-01-01 08:04:45,L05,equipment_zone,0.2304,7.41,0.1033,20.353,29.82,72.35,SAFE,normal
2026-01-01 08:04:50,L05,equipment_zone,0.2303,7.47,0.1059,20.349,29.8,72.37,SAFE,normal
2026-01-01 08:04:55,L05,equipment_zone,0.2347,7.47,0.1027,20.349,29.9,72.32,SAFE,normal
2026-01-01 08:05:00,L05,equipment_zone,0.2376,7.47,0.1056,20.345,29.94,72.48,SAFE,normal
2026-01-01 08:05:05,L05,equipment_zone,0.2399,7.5,0.1075,20.342,29.96,72.55,SAFE,normal
2026-01-01 08:05:10,L05,equipment_zone,0.2377,7.58,0.1073,20.349,29.91,72.57,SAFE,methane_buildup
2026-01-01 08:05:15,L05,equipment_zone,0.2509,7.75,0.1073,20.337,29.83,72.71,SAFE,methane_buildup
2026-01-01 08:05:20,L05,equipment_zone,0.2496,7.81,0.1086,20.335,29.85,72.94,SAFE,methane_buildup
2026-01-01 08:05:25,L05,equipment_zone,0.2586,8.08,0.1058,20.328,29.8,72.86,SAFE,methane_buildup
2026-01-01 08:05:30,L05,equipment_zone,0.2901,8.15,0.1072,20.334,29.75,73.24,SAFE,methane_buildup
2026-01-01 08:05:35,L05,equipment_zone,0.3016,8.46,0.1113,20.315,29.73,73.41,SAFE,methane_buildup
2026-01-01 08:05:40,L05,equipment_zone,0.3126,8.25,0.1059,20.315,29.73,73.6,SAFE,methane_buildup
2026-01-01 08:05:45,L05,equipment_zone,0.3304,8.92,0.1098,20.307,29.61,73.75,SAFE,methane_buildup
2026-01-01 08:05:50,L05,equipment_zone,0.3303,9.02,0.1121,20.297,29.58,73.71,SAFE,methane_buildup
2026-01-01 08:05:55,L05,equipment_zone,0.3526,9.17,0.1108,20.312,29.56,73.88,SAFE,methane_buildup
2026-01-01 08:06:00,L05,equipment_zone,0.3789,9.46,0.1108,20.289,29.5,73.91,SAFE,methane_buildup
2026-01-01 08:06:05,L05,equipment_zone,0.3806,9.36,0.1121,20.292,29.41,74.57,SAFE,methane_buildup
2026-01-01 08:06:10,L05,equipment_zone,0.3764,10.14,0.1118,20.277,29.39,74.75,SAFE,methane_buildup
2026-01-01 08:06:15,L05,equipment_zone,0.4058,9.97,0.1129,20.279,29.36,74.92,SAFE,methane_buildup
2026-01-01 08:06:20,L05,equipment_zone,0.4112,10.15,0.1123,20.279,29.24,75.01,SAFE,methane_buildup
2026-01-01 08:06:25,L05,equipment_zone,0.4424,10.2,0.1154,20.267,29.3,74.79,SAFE,methane_buildup
2026-01-01 08:06:30,L05,equipment_zone,0.4565,10.57,0.1163,20.27,29.26,75.15,SAFE,methane_buildup
2026-01-01 08:06:35,L05,equipment_zone,0.4437,11.0,0.1145,20.261,29.12,75.52,SAFE,methane_buildup
2026-01-01 08:06:40,L05,equipment_zone,0.4892,11.12,0.1132,20.264,29.11,75.69,SAFE,methane_buildup
2026-01-01 08:06:45,L05,equipment_zone,0.4778,11.28,0.1149,20.26,29.08,75.8,SAFE,methane_buildup
2026-01-01 08:06:50,L05,equipment_zone,0.5266,11.42,0.1159,20.245,28.98,76.07,WARNING,methane_buildup
2026-01-01 08:06:55,L05,equipment_zone,0.5187,11.45,0.1174,20.244,28.98,76.19,WARNING,methane_buildup
2026-01-01 08:07:00,L05,equipment_zone,0.5162,11.45,0.1157,20.24,28.92,76.38,WARNING,methane_buildup
2026-01-01 08:07:05,L05,equipment_zone,0.531,11.86,0.1165,20.237,28.8,76.44,WARNING,methane_buildup
2026-01-01 08:07:10,L05,equipment_zone,0.5642,12.04,0.1188,20.229,28.84,76.87,WARNING,methane_buildup
2026-01-01 08:07:15,L05,equipment_zone,0.5678,12.46,0.1199,20.226,28.72,76.82,WARNING,methane_buildup
2026-01-01 08:07:20,L05,equipment_zone,0.5852,12.52,0.1181,20.219,28.76,76.85,WARNING,methane_buildup
2026-01-01 08:07:25,L05,equipment_zone,0.6213,12.94,0.1176,20.216,28.64,77.11,WARNING,methane_buildup
2026-01-01 08:07:30,L05,equipment_zone,0.604,13.06,0.1247,20.217,28.62,77.36,WARNING,methane_buildup
2026-01-01 08:07:35,L05,equipment_zone,0.6275,12.96,0.1216,20.209,28.64,77.75,WARNING,methane_buildup
2026-01-01 08:07:40,L05,equipment_zone,0.659,12.91,0.1205,20.205,28.55,77.76,WARNING,methane_buildup
2026-01-01 08:07:45,L05,equipment_zone,0.6571,13.66,0.1227,20.2,28.43,77.91,WARNING,methane_buildup
2026-01-01 08:07:50,L05,equipment_zone,0.6456,13.85,0.1217,20.191,28.39,77.91,WARNING,methane_buildup
2026-01-01 08:07:55,L05,equipment_zone,0.6871,13.56,0.1236,20.188,28.36,78.42,WARNING,methane_buildup
2026-01-01 08:08:00,L05,equipment_zone,0.6783,14.26,0.1231,20.176,28.36,78.36,WARNING,methane_buildup
2026-01-01 08:08:05,L05,equipment_zone,0.7259,14.25,0.1234,20.184,28.31,78.62,WARNING,methane_buildup
2026-01-01 08:08:10,L05,equipment_zone,0.7097,14.4,0.1236,20.158,28.21,79.05,WARNING,methane_buildup
2026-01-01 08:08:15,L05,equipment_zone,0.7734,14.85,0.1222,20.167,28.15,79.07,WARNING,methane_buildup
2026-01-01 08:08:20,L05,equipment_zone,0.7669,14.99,0.1275,20.169,28.16,78.9,WARNING,methane_buildup
2026-01-01 08:08:25,L05,equipment_zone,0.7503,15.06,0.1239,20.151,28.09,79.05,WARNING,methane_buildup
2026-01-01 08:08:30,L05,equipment_zone,0.7745,15.22,0.1237,20.156,28.15,79.5,WARNING,methane_buildup
2026-01-01 08:08:35,L05,equipment_zone,0.7977,15.43,0.1259,20.145,28.01,79.49,WARNING,methane_buildup
2026-01-01 08:08:40,L05,equipment_zone,0.8115,15.45,0.1253,20.142,28.04,79.97,WARNING,methane_buildup
2026-01-01 08:08:45,L05,equipment_zone,0.8204,15.7,0.1271,20.144,27.86,80.05,WARNING,methane_buildup
2026-01-01 08:08:50,L05,equipment_zone,0.8446,15.74,0.1286,20.136,27.8,80.24,WARNING,methane_buildup
2026-01-01 08:08:55,L05,equipment_zone,0.8397,16.03,0.1295,20.119,27.77,80.28,WARNING,methane_buildup
2026-01-01 08:09:00,L05,equipment_zone,0.8499,16.21,0.1297,20.12,27.82,80.85,WARNING,methane_buildup
2026-01-01 08:09:05,L05,equipment_zone,0.8636,16.36,0.1286,20.126,27.8,81.2,WARNING,methane_buildup
2026-01-01 08:09:10,L05,equipment_zone,0.893,16.68,0.1296,20.118,27.64,80.87,WARNING,methane_buildup
2026-01-01 08:09:15,L05,equipment_zone,0.8999,16.79,0.1306,20.12,27.61,81.15,WARNING,methane_buildup
2026-01-01 08:09:20,L05,equipment_zone,0.9123,17.13,0.1279,20.115,27.53,81.28,WARNING,methane_buildup
2026-01-01 08:09:25,L05,equipment_zone,0.9324,16.95,0.1318,20.1,27.45,81.4,WARNING,methane_buildup
2026-01-01 08:09:30,L05,equipment_zone,0.908,17.4,0.1293,20.11,27.52,81.48,WARNING,methane_buildup
2026-01-01 08:09:35,L05,equipment_zone,0.9528,17.64,0.1348,20.092,27.45,81.61,WARNING,methane_buildup
2026-01-01 08:09:40,L05,equipment_zone,0.965,17.75,0.1318,20.082,27.39,81.78,WARNING,methane_buildup
2026-01-01 08:09:45,L05,equipment_zone,0.9977,17.96,0.1326,20.079,27.28,82.2,WARNING,methane_buildup
2026-01-01 08:09:50,L05,equipment_zone,0.9686,17.91,0.1322,20.066,27.37,82.23,WARNING,methane_buildup
2026-01-01 08:09:55,L05,equipment_zone,1.023,18.44,0.1329,20.082,27.23,82.07,WARNING,methane_buildup
2026-01-01 08:10:00,L05,equipment_zone,1.0168,18.68,0.1376,20.077,27.22,82.74,WARNING,methane_buildup
2026-01-01 08:10:05,L05,equipment_zone,1.0357,18.84,0.1361,20.058,27.09,82.83,WARNING,methane_buildup
2026-01-01 08:10:10,L05,equipment_zone,1.0648,19.13,0.133,20.058,27.1,83.23,WARNING,methane_buildup
2026-01-01 08:10:15,L05,equipment_zone,1.0634,19.17,0.1379,20.055,27.07,83.25,WARNING,methane_buildup
2026-01-01 08:10:20,L05,equipment_zone,1.0662,19.68,0.1346,20.044,27.07,83.02,WARNING,co_buildup
2026-01-01 08:10:25,L05,equipment_zone,1.0452,19.38,0.1346,20.063,27.06,82.74,WARNING,co_buildup
2026-01-01 08:10:30,L05,equipment_zone,1.0468,20.05,0.1398,20.067,27.13,82.87,WARNING,co_buildup
2026-01-01 08:10:35,L05,equipment_zone,1.0094,20.33,0.1439,20.065,27.18,82.6,WARNING,co_buildup
2026-01-01 08:10:40,L05,equipment_zone,1.0235,21.71,0.1465,20.071,27.2,82.94,WARNING,co_buildup
2026-01-01 08:10:45,L05,equipment_zone,1.0101,20.98,0.1539,20.082,27.34,82.38,WARNING,co_buildup
2026-01-01 08:10:50,L05,equipment_zone,0.9697,22.0,0.1509,20.09,27.26,82.43,WARNING,co_buildup
2026-01-01 08:10:55,L05,equipment_zone,0.9951,22.7,0.1554,20.078,27.37,81.86,WARNING,co_buildup
2026-01-01 08:11:00,L05,equipment_zone,0.9711,22.24,0.1543,20.106,27.4,81.85,WARNING,co_buildup
2026-01-01 08:11:05,L05,equipment_zone,0.9636,23.02,0.1616,20.102,27.41,81.79,WARNING,co_buildup
2026-01-01 08:11:10,L05,equipment_zone,0.9392,23.83,0.1661,20.102,27.42,81.48,WARNING,co_buildup
2026-01-01 08:11:15,L05,equipment_zone,0.9516,23.98,0.1626,20.122,27.46,81.4,WARNING,co_buildup
2026-01-01 08:11:20,L05,equipment_zone,0.9142,24.49,0.1602,20.121,27.51,81.27,WARNING,co_buildup
2026-01-01 08:11:25,L05,equipment_zone,0.9253,25.17,0.1639,20.135,27.5,81.11,DANGER,co_buildup
2026-01-01 08:11:30,L05,equipment_zone,0.9145,26.08,0.1688,20.135,27.57,81.25,DANGER,co_buildup
2026-01-01 08:11:35,L05,equipment_zone,0.8843,26.12,0.1716,20.138,27.59,80.88,DANGER,co_buildup
2026-01-01 08:11:40,L05,equipment_zone,0.9056,27.22,0.1746,20.143,27.73,80.74,DANGER,co_buildup
2026-01-01 08:11:45,L05,equipment_zone,0.8759,26.79,0.1762,20.152,27.74,80.59,DANGER,co_buildup
2026-01-01 08:11:50,L05,equipment_zone,0.8697,27.15,0.1771,20.153,27.79,80.44,DANGER,co_buildup
2026-01-01 08:11:55,L05,equipment_zone,0.8353,29.02,0.1774,20.155,27.82,80.19,DANGER,co_buildup
2026-01-01 08:12:00,L05,equipment_zone,0.8641,28.36,0.1829,20.17,27.84,79.99,DANGER,co_buildup
2026-01-01 08:12:05,L05,equipment_zone,0.8171,28.55,0.1897,20.171,27.93,79.91,DANGER,co_buildup
2026-01-01 08:12:10,L05,equipment_zone,0.8307,28.84,0.1894,20.178,27.89,79.89,DANGER,co_buildup
2026-01-01 08:12:15,L05,equipment_zone,0.7981,30.55,0.1902,20.19,27.96,79.73,DANGER,co_buildup
2026-01-01 08:12:20,L05,equipment_zone,0.7914,30.4,0.1941,20.188,28.02,79.38,DANGER,co_buildup
2026-01-01 08:12:25,L05,equipment_zone,0.796,30.92,0.192,20.194,27.98,79.37,DANGER,co_buildup
2026-01-01 08:12:30,L05,equipment_zone,0.7878,31.44,0.1939,20.196,28.18,79.07,DANGER,co_buildup
2026-01-01 08:12:35,L05,equipment_zone,0.7522,32.42,0.1954,20.208,28.11,78.94,DANGER,co_buildup
2026-01-01 08:12:40,L05,equipment_zone,0.767,32.38,0.1997,20.213,28.15,78.71,DANGER,co_buildup
2026-01-01 08:12:45,L05,equipment_zone,0.7558,33.95,0.201,20.222,28.23,78.6,DANGER,co_buildup
2026-01-01 08:12:50,L05,equipment_zone,0.7235,33.47,0.2084,20.219,28.26,78.66,WARNING,co_buildup
2026-01-01 08:12:55,L05,equipment_zone,0.7403,34.35,0.2055,20.225,28.27,78.32,WARNING,co_buildup
2026-01-01 08:13:00,L05,equipment_zone,0.6964,34.71,0.2067,20.238,28.31,78.17,WARNING,co_buildup
2026-01-01 08:13:05,L05,equipment_zone,0.6947,34.82,0.2176,20.241,28.29,77.78,WARNING,co_buildup
2026-01-01 08:13:10,L05,equipment_zone,0.6959,35.05,0.2124,20.239,28.36,77.79,WARNING,co_buildup
2026-01-01 08:13:15,L05,equipment_zone,0.6707,35.93,0.2166,20.258,28.44,77.64,WARNING,co_buildup
2026-01-01 08:13:20,L05,equipment_zone,0.6721,36.48,0.2198,20.246,28.48,77.4,WARNING,co_buildup
2026-01-01 08:13:25,L05,equipment_zone,0.6611,36.49,0.2172,20.266,28.54,77.37,WARNING,co_buildup
2026-01-01 08:13:30,L05,equipment_zone,0.6457,37.29,0.2269,20.259,28.53,77.15,WARNING,co_buildup
2026-01-01 08:13:35,L05,equipment_zone,0.646,38.23,0.2273,20.284,28.53,77.06,WARNING,co_buildup
2026-01-01 08:13:40,L05,equipment_zone,0.6238,39.07,0.2325,20.269,28.65,76.91,WARNING,co_buildup
2026-01-01 08:13:45,L05,equipment_zone,0.618,39.01,0.2278,20.291,28.71,76.6,WARNING,co_buildup
2026-01-01 08:13:50,L05,equipment_zone,0.6172,39.93,0.2325,20.289,28.73,76.52,WARNING,co_buildup
2026-01-01 08:13:55,L05,equipment_zone,0.6026,39.32,0.2346,20.293,28.73,76.43,WARNING,co_buildup
2026-01-01 08:14:00,L05,equipment_zone,0.5918,40.37,0.2376,20.302,28.81,76.43,WARNING,co_buildup
2026-01-01 08:14:05,L05,equipment_zone,0.5601,41.13,0.2346,20.31,28.94,76.14,WARNING,co_buildup
2026-01-01 08:14:10,L05,equipment_zone,0.5675,40.63,0.2417,20.306,28.85,75.85,WARNING,co_buildup
2026-01-01 08:14:15,L05,equipment_zone,0.5415,41.28,0.2393,20.313,28.84,75.85,WARNING,co_buildup
2026-01-01 08:14:20,L05,equipment_zone,0.5264,42.73,0.2471,20.327,28.9,75.88,WARNING,co_buildup
2026-01-01 08:14:25,L05,equipment_zone,0.5288,42.02,0.2417,20.318,28.99,75.61,WARNING,co_buildup
2026-01-01 08:14:30,L05,equipment_zone,0.509,42.34,0.2448,20.331,28.95,75.4,WARNING,co_buildup
2026-01-01 08:14:35,L05,equipment_zone,0.5166,44.06,0.2554,20.359,29.05,75.27,WARNING,co_buildup
2026-01-01 08:14:40,L05,equipment_zone,0.5062,44.39,0.2535,20.34,29.1,75.21,WARNING,co_buildup
2026-01-01 08:14:45,L05,equipment_zone,0.466,44.54,0.2544,20.358,29.18,75.0,WARNING,co_buildup
2026-01-01 08:14:50,L05,equipment_zone,0.4669,44.8,0.2637,20.353,29.21,74.77,WARNING,co_buildup
2026-01-01 08:14:55,L05,equipment_zone,0.4493,45.11,0.2631,20.365,29.23,74.69,WARNING,co_buildup
2026-01-01 08:15:00,L05,equipment_zone,0.4493,45.9,0.2671,20.372,29.16,74.22,WARNING,co_buildup
2026-01-01 08:15:05,L05,equipment_zone,0.4485,46.94,0.2662,20.38,29.31,74.0,WARNING,co_buildup
2026-01-01 08:15:10,L05,equipment_zone,0.4302,46.83,0.2773,20.378,29.34,74.08,WARNING,co_buildup
2026-01-01 08:15:15,L05,equipment_zone,0.4157,48.15,0.2694,20.397,29.36,73.91,WARNING,co_buildup
2026-01-01 08:15:20,L05,equipment_zone,0.4255,47.29,0.279,20.387,29.33,73.66,WARNING,co_buildup
2026-01-01 08:15:25,L05,equipment_zone,0.3757,48.14,0.2757,20.397,29.4,73.71,WARNING,co_buildup
2026-01-01 08:15:30,L05,equipment_zone,0.3994,48.26,0.2744,20.359,29.44,73.82,WARNING,low_oxygen
2026-01-01 08:15:35,L05,equipment_zone,0.4039,47.66,0.277,20.402,29.44,73.82,WARNING,low_oxygen
2026-01-01 08:15:40,L05,equipment_zone,0.4046,47.1,0.2724,20.344,29.45,74.04,WARNING,low_oxygen
2026-01-01 08:15:45,L05,equipment_zone,0.4021,46.78,0.2764,20.308,29.46,74.24,WARNING,low_oxygen
2026-01-01 08:15:50,L05,equipment_zone,0.4072,45.85,0.2763,20.297,29.45,74.2,WARNING,low_oxygen
2026-01-01 08:15:55,L05,equipment_zone,0.4076,45.3,0.2747,20.265,29.47,74.71,WARNING,low_oxygen
2026-01-01 08:16:00,L05,equipment_zone,0.4133,45.68,0.2764,20.251,29.47,74.56,WARNING,low_oxygen
2026-01-01 08:16:05,L05,equipment_zone,0.4104,44.76,0.2748,20.217,29.48,75.07,WARNING,low_oxygen
2026-01-01 08:16:10,L05,equipment_zone,0.4105,44.37,0.2748,20.195,29.5,75.09,WARNING,low_oxygen
2026-01-01 08:16:15,L05,equipment_zone,0.4103,44.03,0.275,20.184,29.49,74.9,WARNING,low_oxygen
2026-01-01 08:16:20,L05,equipment_zone,0.4118,43.17,0.278,20.144,29.5,75.25,WARNING,low_oxygen
2026-01-01 08:16:25,L05,equipment_zone,0.4129,42.84,0.2758,20.089,29.5,75.26,WARNING,low_oxygen
2026-01-01 08:16:30,L05,equipment_zone,0.4189,41.12,0.2749,20.036,29.52,75.92,WARNING,low_oxygen
2026-01-01 08:16:35,L05,equipment_zone,0.4173,41.45,0.273,20.082,29.52,75.91,WARNING,low_oxygen
2026-01-01 08:16:40,L05,equipment_zone,0.4197,40.74,0.274,20.005,29.54,75.72,WARNING,low_oxygen
2026-01-01 08:16:45,L05,equipment_zone,0.423,41.11,0.2728,19.971,29.54,76.33,WARNING,low_oxygen
2026-01-01 08:16:50,L05,equipment_zone,0.4159,40.23,0.2745,19.91,29.55,76.36,WARNING,low_oxygen
2026-01-01 08:16:55,L05,equipment_zone,0.4251,38.96,0.2736,19.937,29.56,76.38,WARNING,low_oxygen
2026-01-01 08:17:00,L05,equipment_zone,0.4237,38.92,0.272,19.905,29.58,77.08,WARNING,low_oxygen
2026-01-01 08:17:05,L05,equipment_zone,0.4258,38.29,0.2732,19.834,29.58,77.0,WARNING,low_oxygen
2026-01-01 08:17:10,L05,equipment_zone,0.4243,37.91,0.272,19.858,29.57,77.12,WARNING,low_oxygen
2026-01-01 08:17:15,L05,equipment_zone,0.4258,36.68,0.273,19.805,29.58,77.28,WARNING,low_oxygen
2026-01-01 08:17:20,L05,equipment_zone,0.4298,36.82,0.2717,19.861,29.6,77.27,WARNING,low_oxygen
2026-01-01 08:17:25,L05,equipment_zone,0.4351,36.01,0.2726,19.748,29.6,77.49,WARNING,low_oxygen
2026-01-01 08:17:30,L05,equipment_zone,0.4334,35.73,0.2733,19.724,29.59,78.09,WARNING,low_oxygen
2026-01-01 08:17:35,L05,equipment_zone,0.4353,34.73,0.2722,19.685,29.63,77.98,WARNING,low_oxygen
2026-01-01 08:17:40,L05,equipment_zone,0.4334,34.27,0.2717,19.714,29.63,78.24,WARNING,low_oxygen
2026-01-01 08:17:45,L05,equipment_zone,0.4338,34.59,0.2722,19.643,29.64,78.08,WARNING,low_oxygen
2026-01-01 08:17:50,L05,equipment_zone,0.4347,33.0,0.2726,19.607,29.64,78.38,WARNING,low_oxygen
2026-01-01 08:17:55,L05,equipment_zone,0.4366,32.51,0.2705,19.617,29.65,78.88,WARNING,low_oxygen
2026-01-01 08:18:00,L05,equipment_zone,0.4344,32.43,0.2719,19.534,29.65,79.02,WARNING,low_oxygen
2026-01-01 08:18:05,L05,equipment_zone,0.4386,31.57,0.2729,19.559,29.67,79.42,WARNING,low_oxygen
2026-01-01 08:18:10,L05,equipment_zone,0.4402,30.99,0.2719,19.562,29.67,79.53,WARNING,low_oxygen
2026-01-01 08:18:15,L05,equipment_zone,0.4423,30.94,0.2712,19.503,29.69,79.45,WARNING,low_oxygen
2026-01-01 08:18:20,L05,equipment_zone,0.4443,29.64,0.2717,19.477,29.68,79.75,DANGER,low_oxygen
2026-01-01 08:18:25,L05,equipment_zone,0.4461,29.36,0.2714,19.456,29.71,79.8,DANGER,low_oxygen
2026-01-01 08:18:30,L05,equipment_zone,0.4465,30.31,0.2716,19.45,29.7,80.37,DANGER,low_oxygen
2026-01-01 08:18:35,L05,equipment_zone,0.4466,29.02,0.2683,19.41,29.71,80.4,DANGER,low_oxygen
2026-01-01 08:18:40,L05,equipment_zone,0.4448,27.92,0.2687,19.362,29.72,80.41,DANGER,low_oxygen
2026-01-01 08:18:45,L05,equipment_zone,0.4491,27.95,0.2714,19.347,29.73,80.6,DANGER,low_oxygen
2026-01-01 08:18:50,L05,equipment_zone,0.4495,27.5,0.2684,19.272,29.75,80.98,DANGER,low_oxygen
2026-01-01 08:18:55,L05,equipment_zone,0.4539,27.18,0.2705,19.288,29.74,81.02,DANGER,low_oxygen
2026-01-01 08:19:00,L05,equipment_zone,0.4562,26.12,0.2695,19.214,29.74,81.36,DANGER,low_oxygen
2026-01-01 08:19:05,L05,equipment_zone,0.4575,26.13,0.2686,19.203,29.76,80.92,DANGER,low_oxygen
2026-01-01 08:19:10,L05,equipment_zone,0.4584,24.16,0.27,19.105,29.78,81.53,WARNING,low_oxygen
2026-01-01 08:19:15,L05,equipment_zone,0.4577,24.11,0.2697,19.168,29.78,81.55,WARNING,low_oxygen
2026-01-01 08:19:20,L05,equipment_zone,0.4582,24.17,0.2717,19.114,29.79,82.11,WARNING,low_oxygen
2026-01-01 08:19:25,L05,equipment_zone,0.459,23.72,0.2684,19.132,29.79,82.25,WARNING,low_oxygen
2026-01-01 08:19:30,L05,equipment_zone,0.4586,22.61,0.2706,19.086,29.8,82.18,WARNING,low_oxygen
2026-01-01 08:19:35,L05,equipment_zone,0.4653,22.64,0.2693,19.077,29.81,82.61,WARNING,low_oxygen
2026-01-01 08:19:40,L05,equipment_zone,0.464,21.7,0.268,18.992,29.81,82.83,DANGER,low_oxygen
2026-01-01 08:19:45,L05,equipment_zone,0.463,21.34,0.2695,19.02,29.81,82.72,WARNING,low_oxygen
2026-01-01 08:19:50,L05,equipment_zone,0.4652,21.44,0.2691,19.02,29.83,83.3,WARNING,low_oxygen
2026-01-01 08:19:55,L05,equipment_zone,0.4663,20.86,0.2683,18.958,29.83,83.06,DANGER,low_oxygen
2026-01-01 08:20:00,L05,equipment_zone,0.4696,19.43,0.2684,18.931,29.83,83.21,DANGER,low_oxygen
2026-01-01 08:20:05,L05,equipment_zone,0.4731,18.87,0.2673,18.887,29.84,83.57,DANGER,low_oxygen
2026-01-01 08:20:10,L05,equipment_zone,0.4713,18.66,0.2669,18.842,29.88,83.55,DANGER,low_oxygen
2026-01-01 08:20:15,L05,equipment_zone,0.4684,18.32,0.2686,18.848,29.86,83.8,DANGER,low_oxygen
2026-01-01 08:20:20,L05,equipment_zone,0.4742,17.5,0.2673,18.761,29.87,84.2,DANGER,low_oxygen
2026-01-01 08:20:25,L05,equipment_zone,0.4755,17.79,0.2673,18.762,29.87,84.15,DANGER,low_oxygen
2026-01-01 08:20:30,L05,equipment_zone,0.4767,16.93,0.2676,18.699,29.87,84.04,DANGER,low_oxygen
2026-01-01 08:20:35,L05,equipment_zone,0.4771,16.44,0.2674,18.699,29.89,84.56,DANGER,low_oxygen
2026-01-01 08:20:40,L05,equipment_zone,0.4798,16.37,0.2765,18.741,29.9,84.53,DANGER,co2_buildup
2026-01-01 08:20:45,L05,equipment_zone,0.4807,16.22,0.2715,18.731,29.85,84.54,DANGER,co2_buildup
2026-01-01 08:20:50,L05,equipment_zone,0.4786,16.11,0.2768,18.753,29.79,84.65,DANGER,co2_buildup
2026-01-01 08:20:55,L05,equipment_zone,0.4814,16.06,0.2783,18.764,29.77,84.71,DANGER,co2_buildup
2026-01-01 08:21:00,L05,equipment_zone,0.4838,15.98,0.2823,18.747,29.8,84.75,DANGER,co2_buildup
2026-01-01 08:21:05,L05,equipment_zone,0.4803,15.95,0.2829,18.801,29.73,84.82,DANGER,co2_buildup
2026-01-01 08:21:10,L05,equipment_zone,0.4847,15.88,0.2924,18.822,29.71,85.04,DANGER,co2_buildup
2026-01-01 08:21:15,L05,equipment_zone,0.4817,15.78,0.2924,18.826,29.63,85.02,DANGER,co2_buildup
2026-01-01 08:21:20,L05,equipment_zone,0.4818,15.86,0.3024,18.832,29.53,85.19,DANGER,co2_buildup
2026-01-01 08:21:25,L05,equipment_zone,0.4842,15.62,0.3052,18.853,29.58,85.07,DANGER,co2_buildup
2026-01-01 08:21:30,L05,equipment_zone,0.4854,15.68,0.31,18.896,29.53,85.16,DANGER,co2_buildup
2026-01-01 08:21:35,L05,equipment_zone,0.4863,15.58,0.3207,18.933,29.54,85.15,DANGER,co2_buildup
2026-01-01 08:21:40,L05,equipment_zone,0.484,15.63,0.3167,18.94,29.6,85.25,DANGER,co2_buildup
2026-01-01 08:21:45,L05,equipment_zone,0.4868,15.48,0.3246,18.912,29.48,85.49,DANGER,co2_buildup
2026-01-01 08:21:50,L05,equipment_zone,0.4856,15.38,0.335,18.964,29.51,85.4,DANGER,co2_buildup
2026-01-01 08:21:55,L05,equipment_zone,0.485,15.33,0.3356,18.956,29.41,85.62,DANGER,co2_buildup
2026-01-01 08:22:00,L05,equipment_zone,0.4864,15.28,0.339,18.974,29.34,85.49,DANGER,co2_buildup
2026-01-01 08:22:05,L05,equipment_zone,0.4873,15.16,0.3361,18.993,29.34,85.57,DANGER,co2_buildup
2026-01-01 08:22:10,L05,equipment_zone,0.4899,15.12,0.3428,19.029,29.35,85.68,DANGER,co2_buildup
2026-01-01 08:22:15,L05,equipment_zone,0.4914,15.0,0.3396,19.049,29.32,85.77,DANGER,co2_buildup
2026-01-01 08:22:20,L05,equipment_zone,0.488,14.99,0.3524,19.049,29.21,85.89,DANGER,co2_buildup
2026-01-01 08:22:25,L05,equipment_zone,0.4914,14.99,0.3555,19.066,29.2,85.93,DANGER,co2_buildup
2026-01-01 08:22:30,L05,equipment_zone,0.4896,14.94,0.3584,19.091,29.11,85.94,DANGER,co2_buildup
2026-01-01 08:22:35,L05,equipment_zone,0.493,14.75,0.3674,19.109,29.15,86.03,DANGER,co2_buildup
2026-01-01 08:22:40,L05,equipment_zone,0.4916,14.8,0.3608,19.136,29.14,86.08,DANGER,co2_buildup
2026-01-01 08:22:45,L05,equipment_zone,0.4916,14.77,0.3786,19.113,29.06,86.11,DANGER,co2_buildup
2026-01-01 08:22:50,L05,equipment_zone,0.495,14.67,0.3792,19.15,29.0,86.18,DANGER,co2_buildup
2026-01-01 08:22:55,L05,equipment_zone,0.4935,14.59,0.3787,19.149,29.0,86.37,DANGER,co2_buildup
2026-01-01 08:23:00,L05,equipment_zone,0.4945,14.54,0.3825,19.183,28.97,86.26,DANGER,co2_buildup
2026-01-01 08:23:05,L05,equipment_zone,0.4921,14.47,0.3896,19.196,28.92,86.54,DANGER,co2_buildup
2026-01-01 08:23:10,L05,equipment_zone,0.4976,14.41,0.3987,19.216,28.89,86.48,DANGER,co2_buildup
2026-01-01 08:23:15,L05,equipment_zone,0.498,14.39,0.3961,19.22,28.85,86.52,DANGER,co2_buildup
2026-01-01 08:23:20,L05,equipment_zone,0.4973,14.45,0.4004,19.226,28.85,86.68,DANGER,co2_buildup
2026-01-01 08:23:25,L05,equipment_zone,0.4956,14.22,0.404,19.233,28.81,86.8,DANGER,co2_buildup
2026-01-01 08:23:30,L05,equipment_zone,0.5004,14.19,0.4166,19.281,28.72,86.84,DANGER,co2_buildup
2026-01-01 08:23:35,L05,equipment_zone,0.4981,14.14,0.4104,19.293,28.69,86.87,DANGER,co2_buildup
2026-01-01 08:23:40,L05,equipment_zone,0.499,14.05,0.4162,19.306,28.68,86.97,DANGER,co2_buildup
2026-01-01 08:23:45,L05,equipment_zone,0.5038,14.09,0.4275,19.355,28.68,86.87,DANGER,co2_buildup
2026-01-01 08:23:50,L05,equipment_zone,0.4998,13.83,0.4253,19.336,28.63,87.01,DANGER,co2_buildup
2026-01-01 08:23:55,L05,equipment_zone,0.5026,13.87,0.4342,19.389,28.57,87.05,DANGER,co2_buildup
2026-01-01 08:24:00,L05,equipment_zone,0.5029,13.89,0.4285,19.409,28.56,87.25,DANGER,co2_buildup
2026-01-01 08:24:05,L05,equipment_zone,0.5033,13.77,0.4361,19.368,28.51,87.22,DANGER,co2_buildup
2026-01-01 08:24:10,L05,equipment_zone,0.5037,13.68,0.4483,19.418,28.51,87.36,DANGER,co2_buildup
2026-01-01 08:24:15,L05,equipment_zone,0.5044,13.69,0.4421,19.426,28.46,87.41,DANGER,co2_buildup
2026-01-01 08:24:20,L05,equipment_zone,0.5048,13.65,0.4487,19.402,28.41,87.39,DANGER,co2_buildup
2026-01-01 08:24:25,L05,equipment_zone,0.5049,13.56,0.4548,19.443,28.39,87.47,DANGER,co2_buildup
2026-01-01 08:24:30,L05,equipment_zone,0.5079,13.44,0.453,19.495,28.39,87.65,DANGER,co2_buildup
2026-01-01 08:24:35,L05,equipment_zone,0.5042,13.45,0.4599,19.532,28.3,87.59,DANGER,co2_buildup
2026-01-01 08:24:40,L05,equipment_zone,0.5084,13.34,0.4666,19.531,28.3,87.72,DANGER,co2_buildup
2026-01-01 08:24:45,L05,equipment_zone,0.5086,13.35,0.4704,19.538,28.25,87.73,DANGER,co2_buildup
2026-01-01 08:24:50,L05,equipment_zone,0.509,13.33,0.4805,19.549,28.23,87.82,DANGER,co2_buildup
2026-01-01 08:24:55,L05,equipment_zone,0.5103,13.04,0.4859,19.593,28.16,87.91,DANGER,co2_buildup
2026-01-01 08:25:00,L05,equipment_zone,0.509,13.13,0.4785,19.617,28.16,87.93,DANGER,co2_buildup
2026-01-01 08:25:05,L05,equipment_zone,0.5069,12.97,0.4873,19.59,28.15,87.98,DANGER,co2_buildup
2026-01-01 08:25:10,L05,equipment_zone,0.5102,13.14,0.4941,19.583,28.05,88.13,DANGER,co2_buildup
2026-01-01 08:25:15,L05,equipment_zone,0.5094,12.92,0.5023,19.598,28.01,88.12,DANGER,co2_buildup
2026-01-01 08:25:20,L05,equipment_zone,0.5104,12.93,0.5026,19.671,27.98,88.19,DANGER,co2_buildup
2026-01-01 08:25:25,L05,equipment_zone,0.5102,12.82,0.5047,19.665,27.95,88.25,DANGER,co2_buildup
2026-01-01 08:25:30,L05,equipment_zone,0.512,12.72,0.5107,19.685,27.97,88.37,DANGER,co2_buildup
2026-01-01 08:25:35,L05,equipment_zone,0.5124,12.65,0.5149,19.67,27.87,88.5,DANGER,co2_buildup
2026-01-01 08:25:40,L05,equipment_zone,0.5102,12.73,0.5113,19.703,27.87,88.6,DANGER,co2_buildup
2026-01-01 08:25:45,L05,equipment_zone,0.5155,12.64,0.5208,19.728,27.87,88.53,DANGER,co2_buildup
2026-01-01 08:25:50,L05,equipment_zone,0.5052,13.01,0.5208,19.737,27.85,88.63,DANGER,ventilation_failure
2026-01-01 08:25:55,L05,equipment_zone,0.5171,12.75,0.5185,19.73,27.88,88.68,DANGER,ventilation_failure
2026-01-01 08:26:00,L05,equipment_zone,0.5349,13.05,0.514,19.736,27.95,88.68,DANGER,ventilation_failure
2026-01-01 08:26:05,L05,equipment_zone,0.5521,12.97,0.515,19.703,28.02,88.71,DANGER,ventilation_failure
2026-01-01 08:26:10,L05,equipment_zone,0.5636,13.51,0.5185,19.681,28.14,88.7,DANGER,ventilation_failure
2026-01-01 08:26:15,L05,equipment_zone,0.5569,13.28,0.5151,19.69,28.15,88.83,DANGER,ventilation_failure
2026-01-01 08:26:20,L05,equipment_zone,0.567,14.03,0.5131,19.69,28.27,88.81,DANGER,ventilation_failure
2026-01-01 08:26:25,L05,equipment_zone,0.5782,14.26,0.5149,19.658,28.31,88.86,DANGER,ventilation_failure
2026-01-01 08:26:30,L05,equipment_zone,0.5973,14.6,0.5094,19.659,28.37,88.87,DANGER,ventilation_failure
2026-01-01 08:26:35,L05,equipment_zone,0.6067,14.34,0.5102,19.653,28.48,88.9,DANGER,ventilation_failure
2026-01-01 08:26:40,L05,equipment_zone,0.6094,14.8,0.5098,19.641,28.4,89.0,DANGER,ventilation_failure
2026-01-01 08:26:45,L05,equipment_zone,0.6328,15.09,0.5077,19.622,28.5,89.0,DANGER,ventilation_failure
2026-01-01 08:26:50,L05,equipment_zone,0.6644,15.29,0.5077,19.603,28.69,89.07,DANGER,ventilation_failure
2026-01-01 08:26:55,L05,equipment_zone,0.6456,15.24,0.5061,19.599,28.63,89.06,DANGER,ventilation_failure
2026-01-01 08:27:00,L05,equipment_zone,0.6568,15.16,0.5027,19.594,28.55,89.06,DANGER,ventilation_failure
2026-01-01 08:27:05,L05,equipment_zone,0.6779,15.92,0.5048,19.589,28.76,89.11,DANGER,ventilation_failure
2026-01-01 08:27:10,L05,equipment_zone,0.6765,16.04,0.5008,19.573,28.84,89.17,DANGER,ventilation_failure
2026-01-01 08:27:15,L05,equipment_zone,0.7,16.18,0.5027,19.555,28.74,89.18,DANGER,ventilation_failure
2026-01-01 08:27:20,L05,equipment_zone,0.6958,16.66,0.504,19.555,29.03,89.2,DANGER,ventilation_failure
2026-01-01 08:27:25,L05,equipment_zone,0.7333,16.72,0.4997,19.548,28.97,89.32,DANGER,ventilation_failure
2026-01-01 08:27:30,L05,equipment_zone,0.7281,16.68,0.497,19.532,29.1,89.29,DANGER,ventilation_failure
2026-01-01 08:27:35,L05,equipment_zone,0.7283,16.77,0.498,19.51,29.13,89.35,DANGER,ventilation_failure
2026-01-01 08:27:40,L05,equipment_zone,0.7392,17.15,0.4956,19.506,29.13,89.39,DANGER,ventilation_failure
2026-01-01 08:27:45,L05,equipment_zone,0.7505,18.08,0.4973,19.508,29.2,89.4,DANGER,ventilation_failure
2026-01-01 08:27:50,L05,equipment_zone,0.781,17.96,0.4948,19.473,29.27,89.51,DANGER,ventilation_failure
2026-01-01 08:27:55,L05,equipment_zone,0.7634,18.07,0.4974,19.456,29.45,89.46,DANGER,ventilation_failure
2026-01-01 08:28:00,L05,equipment_zone,0.7803,18.21,0.4953,19.483,29.44,89.54,DANGER,ventilation_failure
2026-01-01 08:28:05,L05,equipment_zone,0.7919,18.42,0.4917,19.462,29.48,89.58,DANGER,ventilation_failure
2026-01-01 08:28:10,L05,equipment_zone,0.8082,18.92,0.4924,19.453,29.51,89.6,DANGER,ventilation_failure
2026-01-01 08:28:15,L05,equipment_zone,0.816,18.81,0.4892,19.426,29.7,89.6,DANGER,ventilation_failure
2026-01-01 08:28:20,L05,equipment_zone,0.8136,19.24,0.489,19.434,29.77,89.71,DANGER,ventilation_failure
2026-01-01 08:28:25,L05,equipment_zone,0.8356,19.27,0.4872,19.419,29.82,89.74,DANGER,ventilation_failure
2026-01-01 08:28:30,L05,equipment_zone,0.8493,19.95,0.4883,19.39,29.84,89.73,DANGER,ventilation_failure
2026-01-01 08:28:35,L05,equipment_zone,0.8542,19.92,0.4886,19.411,29.89,89.81,DANGER,ventilation_failure
2026-01-01 08:28:40,L05,equipment_zone,0.8787,20.24,0.4863,19.388,29.87,89.84,DANGER,ventilation_failure
2026-01-01 08:28:45,L05,equipment_zone,0.8916,20.09,0.4855,19.372,29.98,89.82,DANGER,ventilation_failure
2026-01-01 08:28:50,L05,equipment_zone,0.8915,20.64,0.4845,19.362,30.02,89.87,DANGER,ventilation_failure
2026-01-01 08:28:55,L05,equipment_zone,0.9053,20.58,0.4828,19.335,30.02,89.97,DANGER,ventilation_failure
2026-01-01 08:29:00,L05,equipment_zone,0.8904,20.89,0.4784,19.351,30.24,89.98,DANGER,ventilation_failure
2026-01-01 08:29:05,L05,equipment_zone,0.9194,21.41,0.4829,19.338,30.2,89.99,DANGER,ventilation_failure
2026-01-01 08:29:10,L05,equipment_zone,0.945,21.09,0.4821,19.323,30.37,90.01,DANGER,ventilation_failure
2026-01-01 08:29:15,L05,equipment_zone,0.9404,21.56,0.4771,19.328,30.42,90.06,DANGER,ventilation_failure
2026-01-01 08:29:20,L05,equipment_zone,0.9475,21.82,0.4758,19.29,30.46,90.1,DANGER,ventilation_failure
2026-01-01 08:29:25,L05,equipment_zone,0.99,22.06,0.4767,19.288,30.52,90.12,DANGER,ventilation_failure
2026-01-01 08:29:30,L05,equipment_zone,0.9956,22.08,0.4755,19.275,30.51,90.13,DANGER,ventilation_failure
2026-01-01 08:29:35,L05,equipment_zone,0.9918,22.81,0.473,19.271,30.72,90.27,DANGER,ventilation_failure
2026-01-01 08:29:40,L05,equipment_zone,1.0094,22.35,0.4699,19.264,30.67,90.3,DANGER,ventilation_failure
2026-01-01 08:29:45,L05,equipment_zone,0.9842,23.12,0.4719,19.258,30.75,90.26,DANGER,ventilation_failure
2026-01-01 08:29:50,L05,equipment_zone,1.01,23.29,0.4714,19.24,30.76,90.34,DANGER,ventilation_failure
2026-01-01 08:29:55,L05,equipment_zone,1.0239,23.64,0.4707,19.224,30.8,90.34,DANGER,ventilation_failure
2026-01-01 08:30:00,L05,equipment_zone,1.0368,23.16,0.4689,19.24,30.95,90.4,DANGER,ventilation_failure
2026-01-01 08:30:05,L05,equipment_zone,1.0446,23.52,0.4667,19.238,30.99,90.44,DANGER,ventilation_failure
2026-01-01 08:30:10,L05,equipment_zone,1.0333,24.21,0.4681,19.204,31.0,90.47,DANGER,ventilation_failure
2026-01-01 08:30:15,L05,equipment_zone,1.0749,23.76,0.4653,19.184,31.02,90.59,DANGER,ventilation_failure
2026-01-01 08:30:20,L05,equipment_zone,1.0871,24.03,0.4632,19.197,31.09,90.54,DANGER,ventilation_failure
2026-01-01 08:30:25,L05,equipment_zone,1.1088,24.47,0.4627,19.157,31.29,90.57,DANGER,ventilation_failure
2026-01-01 08:30:30,L05,equipment_zone,1.094,24.83,0.4587,19.158,31.25,90.6,DANGER,ventilation_failure
2026-01-01 08:30:35,L05,equipment_zone,1.1036,25.32,0.4607,19.144,31.33,90.7,CRITICAL,ventilation_failure
2026-01-01 08:30:40,L05,equipment_zone,1.0949,25.19,0.4613,19.129,31.49,90.65,CRITICAL,ventilation_failure
2026-01-01 08:30:45,L05,equipment_zone,1.1307,25.32,0.4596,19.128,31.41,90.71,CRITICAL,ventilation_failure
2026-01-01 08:30:50,L05,equipment_zone,1.1539,25.72,0.4609,19.112,31.49,90.83,CRITICAL,ventilation_failure
2026-01-01 08:30:55,L05,equipment_zone,1.1483,25.97,0.4564,19.111,31.55,90.82,CRITICAL,ventilation_failure
2026-01-01 08:31:00,L05,equipment_zone,1.1647,26.35,0.4518,19.108,31.68,91.03,CRITICAL,fire_heat
2026-01-01 08:31:05,L05,equipment_zone,1.1518,26.96,0.452,19.123,31.63,90.58,CRITICAL,fire_heat
2026-01-01 08:31:10,L05,equipment_zone,1.1486,27.51,0.4461,19.117,31.78,90.41,CRITICAL,fire_heat
2026-01-01 08:31:15,L05,equipment_zone,1.1418,27.64,0.4475,19.136,31.85,89.91,CRITICAL,fire_heat
2026-01-01 08:31:20,L05,equipment_zone,1.1214,28.59,0.4389,19.128,31.84,90.18,CRITICAL,fire_heat
2026-01-01 08:31:25,L05,equipment_zone,1.1097,28.79,0.4295,19.131,32.07,89.91,CRITICAL,fire_heat
2026-01-01 08:31:30,L05,equipment_zone,1.1092,29.8,0.4333,19.142,32.12,89.69,CRITICAL,fire_heat
2026-01-01 08:31:35,L05,equipment_zone,1.0952,29.75,0.4245,19.146,32.01,89.22,CRITICAL,fire_heat
2026-01-01 08:31:40,L05,equipment_zone,1.0958,30.63,0.4276,19.158,32.26,89.02,CRITICAL,fire_heat
2026-01-01 08:31:45,L05,equipment_zone,1.0959,31.58,0.4177,19.159,32.27,89.01,CRITICAL,fire_heat
2026-01-01 08:31:50,L05,equipment_zone,1.0781,31.84,0.417,19.169,32.49,88.63,CRITICAL,fire_heat
2026-01-01 08:31:55,L05,equipment_zone,1.0731,32.76,0.4162,19.169,32.38,88.64,CRITICAL,fire_heat
2026-01-01 08:32:00,L05,equipment_zone,1.0636,33.61,0.4107,19.172,32.54,87.94,CRITICAL,fire_heat
2026-01-01 08:32:05,L05,equipment_zone,1.0632,34.61,0.409,19.178,32.68,88.05,CRITICAL,fire_heat
2026-01-01 08:32:10,L05,equipment_zone,1.044,35.59,0.4071,19.199,32.74,88.28,CRITICAL,fire_heat
2026-01-01 08:32:15,L05,equipment_zone,1.0244,35.39,0.3952,19.194,32.87,87.82,CRITICAL,fire_heat
2026-01-01 08:32:20,L05,equipment_zone,1.0379,37.12,0.3963,19.186,32.78,87.56,CRITICAL,fire_heat
2026-01-01 08:32:25,L05,equipment_zone,1.0345,37.54,0.378,19.2,33.1,87.7,CRITICAL,fire_heat
2026-01-01 08:32:30,L05,equipment_zone,1.0227,37.93,0.3901,19.209,33.1,86.68,CRITICAL,fire_heat
2026-01-01 08:32:35,L05,equipment_zone,1.0065,38.38,0.3839,19.225,33.24,86.76,CRITICAL,fire_heat
2026-01-01 08:32:40,L05,equipment_zone,0.9951,39.13,0.3771,19.226,33.29,86.63,CRITICAL,fire_heat
2026-01-01 08:32:45,L05,equipment_zone,1.0004,40.3,0.3791,19.22,33.3,86.66,CRITICAL,fire_heat
2026-01-01 08:32:50,L05,equipment_zone,0.9901,40.98,0.3792,19.245,33.29,86.46,CRITICAL,fire_heat
2026-01-01 08:32:55,L05,equipment_zone,0.9804,41.7,0.3681,19.236,33.42,85.93,CRITICAL,fire_heat
2026-01-01 08:33:00,L05,equipment_zone,0.9883,41.57,0.3622,19.249,33.66,86.07,CRITICAL,fire_heat
2026-01-01 08:33:05,L05,equipment_zone,0.9589,42.53,0.3634,19.24,33.73,85.6,CRITICAL,fire_heat
2026-01-01 08:33:10,L05,equipment_zone,0.9728,43.66,0.3529,19.238,33.66,85.7,CRITICAL,fire_heat
2026-01-01 08:33:15,L05,equipment_zone,0.9515,43.14,0.3522,19.249,33.58,85.07,CRITICAL,fire_heat
2026-01-01 08:33:20,L05,equipment_zone,0.9293,43.97,0.3568,19.244,33.85,85.04,CRITICAL,fire_heat
2026-01-01 08:33:25,L05,equipment_zone,0.9348,44.82,0.3478,19.281,33.93,84.77,CRITICAL,fire_heat
2026-01-01 08:33:30,L05,equipment_zone,0.9363,46.01,0.3354,19.275,34.01,84.85,CRITICAL,fire_heat
2026-01-01 08:33:35,L05,equipment_zone,0.9183,46.67,0.332,19.274,34.15,84.35,CRITICAL,fire_heat
2026-01-01 08:33:40,L05,equipment_zone,0.902,46.64,0.337,19.288,34.26,84.23,CRITICAL,fire_heat
2026-01-01 08:33:45,L05,equipment_zone,0.9048,46.52,0.3363,19.291,34.35,84.13,CRITICAL,fire_heat
2026-01-01 08:33:50,L05,equipment_zone,0.8918,48.23,0.3215,19.3,34.39,83.93,CRITICAL,fire_heat
2026-01-01 08:33:55,L05,equipment_zone,0.8949,48.18,0.3269,19.308,34.3,83.79,CRITICAL,fire_heat
2026-01-01 08:34:00,L05,equipment_zone,0.8896,48.49,0.3271,19.305,34.49,83.46,CRITICAL,fire_heat
2026-01-01 08:34:05,L05,equipment_zone,0.8676,49.28,0.3258,19.307,34.78,83.14,CRITICAL,fire_heat
2026-01-01 08:34:10,L05,equipment_zone,0.8628,50.89,0.3151,19.323,34.71,82.94,CRITICAL,fire_heat
2026-01-01 08:34:15,L05,equipment_zone,0.8668,52.16,0.3121,19.328,34.79,82.81,CRITICAL,fire_heat
2026-01-01 08:34:20,L05,equipment_zone,0.8465,52.02,0.2966,19.329,34.87,82.65,CRITICAL,fire_heat
2026-01-01 08:34:25,L05,equipment_zone,0.8372,52.78,0.3117,19.347,34.96,82.37,CRITICAL,fire_heat
2026-01-01 08:34:30,L05,equipment_zone,0.8289,54.01,0.296,19.337,34.83,82.19,CRITICAL,fire_heat
2026-01-01 08:34:35,L05,equipment_zone,0.8335,53.03,0.2906,19.339,35.07,81.7,CRITICAL,fire_heat
2026-01-01 08:34:40,L05,equipment_zone,0.8256,54.92,0.2899,19.353,35.17,81.9,CRITICAL,fire_heat
2026-01-01 08:34:45,L05,equipment_zone,0.8102,55.26,0.294,19.352,35.35,81.61,CRITICAL,fire_heat
2026-01-01 08:34:50,L05,equipment_zone,0.8081,56.26,0.2933,19.364,35.34,81.56,CRITICAL,fire_heat
2026-01-01 08:34:55,L05,equipment_zone,0.8126,56.28,0.2802,19.362,35.29,81.16,CRITICAL,fire_heat
2026-01-01 08:35:00,L05,equipment_zone,0.7853,56.73,0.2804,19.37,35.53,80.63,CRITICAL,fire_heat
2026-01-01 08:35:05,L05,equipment_zone,0.7701,57.96,0.2723,19.389,35.52,80.68,CRITICAL,fire_heat
2026-01-01 08:35:10,L05,equipment_zone,0.7815,59.52,0.2638,19.38,35.57,80.51,CRITICAL,fire_heat
2026-01-01 08:35:15,L05,equipment_zone,0.7695,59.7,0.2712,19.384,35.68,80.48,CRITICAL,fire_heat
2026-01-01 08:35:20,L05,equipment_zone,0.7572,59.53,0.2581,19.401,35.86,79.74,CRITICAL,fire_heat
2026-01-01 08:35:25,L05,equipment_zone,0.7605,59.69,0.2639,19.393,36.0,79.94,CRITICAL,fire_heat
2026-01-01 08:35:30,L05,equipment_zone,0.7544,60.13,0.2591,19.4,36.02,79.82,CRITICAL,fire_heat
2026-01-01 08:35:35,L05,equipment_zone,0.7228,62.58,0.2523,19.414,36.11,79.39,CRITICAL,fire_heat
2026-01-01 08:35:40,L05,equipment_zone,0.7275,61.88,0.2539,19.421,36.18,79.33,CRITICAL,fire_heat
2026-01-01 08:35:45,L05,equipment_zone,0.7435,62.91,0.2519,19.428,36.24,78.99,CRITICAL,fire_heat
2026-01-01 08:35:50,L05,equipment_zone,0.7222,64.54,0.2374,19.422,36.36,78.77,CRITICAL,fire_heat
2026-01-01 08:35:55,L05,equipment_zone,0.7154,63.44,0.2308,19.435,36.21,78.62,CRITICAL,fire_heat
2026-01-01 08:36:00,L05,equipment_zone,0.7118,65.95,0.2224,19.435,36.48,78.36,CRITICAL,fire_heat
2026-01-01 08:36:05,L05,equipment_zone,0.6951,65.56,0.2369,19.439,36.47,78.42,CRITICAL,fire_heat
2026-01-01 08:36:10,L05,equipment_zone,0.6849,65.74,0.2319,19.454,36.55,78.15,CRITICAL,combined_hazard
2026-01-01 08:36:15,L05,equipment_zone,0.6954,65.69,0.2317,19.443,36.53,78.41,CRITICAL,combined_hazard
2026-01-01 08:36:20,L05,equipment_zone,0.7054,65.67,0.251,19.407,36.51,78.67,CRITICAL,combined_hazard
2026-01-01 08:36:25,L05,equipment_zone,0.7104,65.66,0.2443,19.401,36.49,78.57,CRITICAL,combined_hazard
2026-01-01 08:36:30,L05,equipment_zone,0.7051,65.59,0.2549,19.377,36.42,78.79,CRITICAL,combined_hazard
2026-01-01 08:36:35,L05,equipment_zone,0.7239,65.53,0.251,19.374,36.45,78.82,CRITICAL,combined_hazard
2026-01-01 08:36:40,L05,equipment_zone,0.7267,65.57,0.2652,19.374,36.38,78.8,CRITICAL,combined_hazard
2026-01-01 08:36:45,L05,equipment_zone,0.7293,65.49,0.2695,19.353,36.42,79.13,CRITICAL,combined_hazard
2026-01-01 08:36:50,L05,equipment_zone,0.7386,65.45,0.2731,19.356,36.37,79.04,CRITICAL,combined_hazard
2026-01-01 08:36:55,L05,equipment_zone,0.7382,65.39,0.276,19.309,36.32,79.27,CRITICAL,combined_hazard
2026-01-01 08:37:00,L05,equipment_zone,0.7427,65.43,0.2809,19.319,36.32,79.34,CRITICAL,combined_hazard
2026-01-01 08:37:05,L05,equipment_zone,0.7533,65.33,0.2928,19.282,36.31,79.58,CRITICAL,combined_hazard
2026-01-01 08:37:10,L05,equipment_zone,0.7553,65.33,0.301,19.287,36.33,79.48,CRITICAL,combined_hazard
2026-01-01 08:37:15,L05,equipment_zone,0.7493,65.34,0.3017,19.283,36.28,79.75,CRITICAL,combined_hazard
2026-01-01 08:37:20,L05,equipment_zone,0.7619,65.31,0.3103,19.256,36.26,79.73,CRITICAL,combined_hazard
2026-01-01 08:37:25,L05,equipment_zone,0.7594,65.24,0.314,19.254,36.26,79.87,CRITICAL,combined_hazard
2026-01-01 08:37:30,L05,equipment_zone,0.7702,65.23,0.3207,19.22,36.21,79.64,CRITICAL,combined_hazard
2026-01-01 08:37:35,L05,equipment_zone,0.7746,65.17,0.3245,19.197,36.21,80.37,CRITICAL,combined_hazard
2026-01-01 08:37:40,L05,equipment_zone,0.7691,65.15,0.3318,19.215,36.19,80.31,CRITICAL,combined_hazard
2026-01-01 08:37:45,L05,equipment_zone,0.7804,65.15,0.3555,19.218,36.12,80.28,CRITICAL,combined_hazard
2026-01-01 08:37:50,L05,equipment_zone,0.7871,65.09,0.3454,19.167,36.16,80.35,CRITICAL,combined_hazard
2026-01-01 08:37:55,L05,equipment_zone,0.7878,65.07,0.3535,19.185,36.08,80.53,CRITICAL,combined_hazard
2026-01-01 08:38:00,L05,equipment_zone,0.7964,65.01,0.3579,19.155,36.11,80.77,CRITICAL,combined_hazard
2026-01-01 08:38:05,L05,equipment_zone,0.8036,65.05,0.3591,19.123,36.03,80.6,CRITICAL,combined_hazard
2026-01-01 08:38:10,L05,equipment_zone,0.8036,65.0,0.3753,19.113,36.06,80.89,CRITICAL,combined_hazard
2026-01-01 08:38:15,L05,equipment_zone,0.8095,64.98,0.3705,19.116,36.06,81.21,CRITICAL,combined_hazard
2026-01-01 08:38:20,L05,equipment_zone,0.8203,64.97,0.3853,19.097,36.0,81.01,CRITICAL,combined_hazard
2026-01-01 08:38:25,L05,equipment_zone,0.8199,64.87,0.3819,19.071,35.98,81.24,CRITICAL,combined_hazard
2026-01-01 08:38:30,L05,equipment_zone,0.8229,64.86,0.3835,19.053,35.97,81.58,CRITICAL,combined_hazard
2026-01-01 08:38:35,L05,equipment_zone,0.8212,64.78,0.3982,19.051,35.93,81.52,CRITICAL,combined_hazard
2026-01-01 08:38:40,L05,equipment_zone,0.8346,64.9,0.3942,19.053,35.96,81.58,CRITICAL,combined_hazard
2026-01-01 08:38:45,L05,equipment_zone,0.8372,64.77,0.411,19.037,35.9,81.73,CRITICAL,combined_hazard
2026-01-01 08:38:50,L05,equipment_zone,0.8469,64.78,0.4053,19.017,35.87,81.74,CRITICAL,combined_hazard
2026-01-01 08:38:55,L05,equipment_zone,0.8448,64.68,0.4169,19.013,35.84,82.03,CRITICAL,combined_hazard
2026-01-01 08:39:00,L05,equipment_zone,0.8392,64.72,0.4153,19.012,35.81,81.96,CRITICAL,combined_hazard
2026-01-01 08:39:05,L05,equipment_zone,0.8444,64.71,0.4495,18.99,35.8,81.9,CRITICAL,combined_hazard
2026-01-01 08:39:10,L05,equipment_zone,0.8621,64.63,0.4255,18.97,35.78,82.18,CRITICAL,combined_hazard
2026-01-01 08:39:15,L05,equipment_zone,0.8595,64.57,0.4424,18.971,35.76,82.22,CRITICAL,combined_hazard
2026-01-01 08:39:20,L05,equipment_zone,0.8695,64.56,0.4558,18.932,35.73,82.41,CRITICAL,combined_hazard
2026-01-01 08:39:25,L05,equipment_zone,0.8723,64.47,0.4609,18.929,35.77,82.52,CRITICAL,combined_hazard
2026-01-01 08:39:30,L05,equipment_zone,0.8753,64.51,0.4655,18.916,35.68,82.78,CRITICAL,combined_hazard
2026-01-01 08:39:35,L05,equipment_zone,0.8802,64.5,0.4635,18.889,35.69,82.84,CRITICAL,combined_hazard
2026-01-01 08:39:40,L05,equipment_zone,0.8806,64.45,0.4805,18.887,35.68,82.9,CRITICAL,combined_hazard
2026-01-01 08:39:45,L05,equipment_zone,0.8897,64.41,0.4834,18.851,35.66,82.98,CRITICAL,combined_hazard
2026-01-01 08:39:50,L05,equipment_zone,0.8912,64.4,0.4845,18.893,35.62,82.98,CRITICAL,combined_hazard
2026-01-01 08:39:55,L05,equipment_zone,0.8969,64.37,0.4905,18.841,35.59,82.97,CRITICAL,combined_hazard
2026-01-01 08:40:00,L05,equipment_zone,0.9016,64.28,0.4927,18.862,35.59,83.32,CRITICAL,combined_hazard
2026-01-01 08:40:05,L05,equipment_zone,0.9067,64.3,0.4945,18.828,35.56,83.51,CRITICAL,combined_hazard
2026-01-01 08:40:10,L05,equipment_zone,0.9175,64.34,0.5146,18.822,35.53,83.52,CRITICAL,combined_hazard
2026-01-01 08:40:15,L05,equipment_zone,0.9163,64.2,0.521,18.794,35.48,83.58,CRITICAL,combined_hazard
2026-01-01 08:40:20,L05,equipment_zone,0.9271,64.2,0.5121,18.791,35.48,83.8,CRITICAL,combined_hazard
2026-01-01 08:40:25,L05,equipment_zone,0.9344,64.23,0.5228,18.784,35.45,83.85,CRITICAL,combined_hazard
2026-01-01 08:40:30,L05,equipment_zone,0.9352,64.18,0.5287,18.771,35.44,84.15,CRITICAL,combined_hazard
2026-01-01 08:40:35,L05,equipment_zone,0.938,64.1,0.5353,18.759,35.43,84.21,CRITICAL,combined_hazard
2026-01-01 08:40:40,L05,equipment_zone,0.9414,64.09,0.5417,18.731,35.42,84.29,CRITICAL,combined_hazard
2026-01-01 08:40:45,L05,equipment_zone,0.9489,64.06,0.5535,18.716,35.43,84.38,CRITICAL,combined_hazard
2026-01-01 08:40:50,L05,equipment_zone,0.9492,64.0,0.548,18.688,35.36,84.26,CRITICAL,combined_hazard
2026-01-01 08:40:55,L05,equipment_zone,0.9586,63.99,0.5531,18.704,35.36,84.58,CRITICAL,combined_hazard
2026-01-01 08:41:00,L05,equipment_zone,0.9611,63.96,0.5729,18.698,35.33,84.66,CRITICAL,combined_hazard
2026-01-01 08:41:05,L05,equipment_zone,0.9603,63.94,0.5673,18.692,35.33,84.8,CRITICAL,combined_hazard
2026-01-01 08:41:10,L05,equipment_zone,0.9717,63.88,0.5678,18.661,35.29,84.89,CRITICAL,combined_hazard
2026-01-01 08:41:15,L05,equipment_zone,0.9718,63.84,0.5788,18.633,35.24,85.0,CRITICAL,combined_hazard
2026-01-01 08:41:20,L05,equipment_zone,0.9753,63.84,0.5857,18.608,35.2,85.35,CRITICAL,combined_hazard
2026-01-01 08:41:25,L05,equipment_zone,0.9778,63.87,0.6041,18.632,35.23,85.16,CRITICAL,combined_hazard
2026-01-01 08:41:30,L05,equipment_zone,0.9858,63.79,0.6057,18.58,35.19,85.38,CRITICAL,combined_hazard
2026-01-01 08:41:35,L05,equipment_zone,0.9949,63.74,0.613,18.587,35.15,85.34,CRITICAL,combined_hazard
2026-01-01 08:00:00,L06,storage_area,0.1704,6.59,0.0994,20.503,27.95,72.18,SAFE,normal
2026-01-01 08:00:05,L06,storage_area,0.1703,6.58,0.102,20.506,27.94,72.16,SAFE,normal
2026-01-01 08:00:10,L06,storage_area,0.1733,6.59,0.0986,20.505,28.01,72.2,SAFE,normal
2026-01-01 08:00:15,L06,storage_area,0.1734,6.6,0.0992,20.508,28.04,72.25,SAFE,normal
2026-01-01 08:00:20,L06,storage_area,0.1751,6.59,0.1018,20.506,28.01,72.25,SAFE,normal
2026-01-01 08:00:25,L06,storage_area,0.1748,6.57,0.1017,20.508,28.05,72.23,SAFE,normal
2026-01-01 08:00:30,L06,storage_area,0.175,6.55,0.1029,20.508,28.08,72.27,SAFE,normal
2026-01-01 08:00:35,L06,storage_area,0.1761,6.56,0.104,20.512,28.12,72.29,SAFE,normal
2026-01-01 08:00:40,L06,storage_area,0.1769,6.54,0.1062,20.509,28.15,72.29,SAFE,normal
2026-01-01 08:00:45,L06,storage_area,0.1771,6.53,0.105,20.511,28.11,72.28,SAFE,normal
2026-01-01 08:00:50,L06,storage_area,0.1779,6.51,0.105,20.512,28.16,72.34,SAFE,normal
2026-01-01 08:00:55,L06,storage_area,0.1783,6.52,0.1064,20.513,28.18,72.34,SAFE,normal
2026-01-01 08:01:00,L06,storage_area,0.181,6.5,0.1064,20.516,28.18,72.35,SAFE,normal
2026-01-01 08:01:05,L06,storage_area,0.1806,6.5,0.1068,20.515,28.22,72.38,SAFE,normal
2026-01-01 08:01:10,L06,storage_area,0.1846,6.48,0.1064,20.519,28.26,72.4,SAFE,normal
2026-01-01 08:01:15,L06,storage_area,0.1819,6.49,0.1097,20.515,28.27,72.42,SAFE,normal
2026-01-01 08:01:20,L06,storage_area,0.1814,6.46,0.1093,20.518,28.26,72.42,SAFE,normal
2026-01-01 08:01:25,L06,storage_area,0.1873,6.48,0.1125,20.517,28.38,72.45,SAFE,normal
2026-01-01 08:01:30,L06,storage_area,0.1843,6.47,0.1093,20.52,28.35,72.44,SAFE,normal
2026-01-01 08:01:35,L06,storage_area,0.1859,6.45,0.1113,20.52,28.37,72.49,SAFE,normal
2026-01-01 08:01:40,L06,storage_area,0.1859,6.45,0.1158,20.521,28.36,72.45,SAFE,normal
2026-01-01 08:01:45,L06,storage_area,0.1866,6.43,0.112,20.524,28.41,72.51,SAFE,normal
2026-01-01 08:01:50,L06,storage_area,0.1872,6.43,0.1138,20.522,28.43,72.55,SAFE,normal
2026-01-01 08:01:55,L06,storage_area,0.1852,6.43,0.1129,20.525,28.41,72.53,SAFE,normal
2026-01-01 08:02:00,L06,storage_area,0.1883,6.39,0.1133,20.523,28.45,72.58,SAFE,normal
2026-01-01 08:02:05,L06,storage_area,0.1862,6.4,0.1186,20.526,28.52,72.6,SAFE,normal
2026-01-01 08:02:10,L06,storage_area,0.1887,6.4,0.117,20.524,28.56,72.55,SAFE,normal
2026-01-01 08:02:15,L06,storage_area,0.1885,6.39,0.1176,20.526,28.55,72.61,SAFE,normal
2026-01-01 08:02:20,L06,storage_area,0.1909,6.4,0.1154,20.528,28.59,72.59,SAFE,normal
2026-01-01 08:02:25,L06,storage_area,0.1916,6.37,0.1193,20.532,28.58,72.65,SAFE,normal
2026-01-01 08:02:30,L06,storage_area,0.1925,6.36,0.1212,20.53,28.61,72.67,SAFE,normal
2026-01-01 08:02:35,L06,storage_area,0.1928,6.34,0.1219,20.534,28.66,72.64,SAFE,normal
2026-01-01 08:02:40,L06,storage_area,0.1921,6.36,0.1218,20.532,28.69,72.73,SAFE,normal
2026-01-01 08:02:45,L06,storage_area,0.1933,6.34,0.1195,20.532,28.7,72.72,SAFE,normal
2026-01-01 08:02:50,L06,storage_area,0.1959,6.33,0.1225,20.536,28.68,72.72,SAFE,normal
2026-01-01 08:02:55,L06,storage_area,0.1968,6.33,0.1237,20.535,28.72,72.77,SAFE,normal
2026-01-01 08:03:00,L06,storage_area,0.1939,6.33,0.1204,20.534,28.75,72.74,SAFE,normal
2026-01-01 08:03:05,L06,storage_area,0.1939,6.32,0.1222,20.537,28.76,72.76,SAFE,normal
2026-01-01 08:03:10,L06,storage_area,0.1959,6.33,0.126,20.537,28.8,72.76,SAFE,normal
2026-01-01 08:03:15,L06,storage_area,0.1995,6.3,0.1266,20.534,28.83,72.84,SAFE,normal
2026-01-01 08:03:20,L06,storage_area,0.2004,6.29,0.1234,20.541,28.85,72.84,SAFE,normal
2026-01-01 08:03:25,L06,storage_area,0.1976,6.28,0.1278,20.542,28.89,72.86,SAFE,normal
2026-01-01 08:03:30,L06,storage_area,0.2003,6.27,0.1274,20.544,28.87,72.87,SAFE,normal
2026-01-01 08:03:35,L06,storage_area,0.2034,6.25,0.1291,20.542,28.87,72.89,SAFE,normal
2026-01-01 08:03:40,L06,storage_area,0.2018,6.26,0.1275,20.542,28.93,72.9,SAFE,normal
2026-01-01 08:03:45,L06,storage_area,0.2041,6.26,0.1302,20.545,28.98,72.92,SAFE,normal
2026-01-01 08:03:50,L06,storage_area,0.2041,6.24,0.1312,20.546,28.96,72.93,SAFE,normal
2026-01-01 08:03:55,L06,storage_area,0.2017,6.23,0.1299,20.548,29.0,72.94,SAFE,normal
2026-01-01 08:04:00,L06,storage_area,0.2035,6.24,0.1311,20.546,29.03,72.96,SAFE,normal
2026-01-01 08:04:05,L06,storage_area,0.2046,6.21,0.1307,20.546,29.04,72.99,SAFE,normal
2026-01-01 08:04:10,L06,storage_area,0.2054,6.19,0.1351,20.546,29.06,73.0,SAFE,normal
2026-01-01 08:04:15,L06,storage_area,0.2073,6.19,0.1329,20.549,29.06,72.99,SAFE,normal
2026-01-01 08:04:20,L06,storage_area,0.2072,6.18,0.1323,20.547,29.05,73.01,SAFE,normal
2026-01-01 08:04:25,L06,storage_area,0.2025,6.19,0.1332,20.552,29.1,73.06,SAFE,normal
2026-01-01 08:04:30,L06,storage_area,0.2058,6.18,0.1352,20.552,29.14,73.06,SAFE,normal
2026-01-01 08:04:35,L06,storage_area,0.205,6.17,0.1369,20.553,29.19,73.09,SAFE,normal
2026-01-01 08:04:40,L06,storage_area,0.2095,6.17,0.1342,20.553,29.19,73.08,SAFE,normal
2026-01-01 08:04:45,L06,storage_area,0.2103,6.15,0.1399,20.557,29.2,73.09,SAFE,normal
2026-01-01 08:04:50,L06,storage_area,0.211,6.15,0.1381,20.556,29.21,73.12,SAFE,normal
2026-01-01 08:04:55,L06,storage_area,0.2097,6.15,0.139,20.554,29.27,73.14,SAFE,normal
2026-01-01 08:05:00,L06,storage_area,0.213,6.13,0.1388,20.555,29.31,73.15,SAFE,normal
2026-01-01 08:05:05,L06,storage_area,0.2138,6.13,0.1396,20.556,29.32,73.2,SAFE,normal
2026-01-01 08:05:10,L06,storage_area,0.2181,6.13,0.1409,20.556,29.31,73.28,SAFE,methane_buildup
2026-01-01 08:05:15,L06,storage_area,0.1936,6.19,0.1399,20.552,29.32,73.24,SAFE,methane_buildup
2026-01-01 08:05:20,L06,storage_area,0.2545,6.72,0.1368,20.554,29.31,73.42,SAFE,methane_buildup
2026-01-01 08:05:25,L06,storage_area,0.2334,6.63,0.1371,20.548,29.34,73.4,SAFE,methane_buildup
2026-01-01 08:05:30,L06,storage_area,0.2708,7.02,0.1375,20.542,29.35,73.42,SAFE,methane_buildup
2026-01-01 08:05:35,L06,storage_area,0.2709,7.21,0.1353,20.546,29.36,73.54,SAFE,methane_buildup
2026-01-01 08:05:40,L06,storage_area,0.3243,7.55,0.1382,20.537,29.37,73.57,SAFE,methane_buildup
2026-01-01 08:05:45,L06,storage_area,0.3285,7.79,0.1318,20.534,29.35,73.67,SAFE,methane_buildup
2026-01-01 08:05:50,L06,storage_area,0.3126,7.96,0.1337,20.54,29.36,73.8,SAFE,methane_buildup
2026-01-01 08:05:55,L06,storage_area,0.3347,7.63,0.1335,20.529,29.37,73.9,SAFE,methane_buildup
2026-01-01 08:06:00,L06,storage_area,0.3535,8.49,0.1293,20.522,29.38,73.83,SAFE,methane_buildup
2026-01-01 08:06:05,L06,storage_area,0.3757,8.77,0.131,20.53,29.4,74.01,SAFE,methane_buildup
2026-01-01 08:06:10,L06,storage_area,0.3781,8.59,0.1335,20.524,29.4,74.05,SAFE,methane_buildup
2026-01-01 08:06:15,L06,storage_area,0.3775,8.94,0.132,20.522,29.43,74.12,SAFE,methane_buildup
2026-01-01 08:06:20,L06,storage_area,0.3955,8.93,0.1338,20.519,29.44,74.25,SAFE,methane_buildup
2026-01-01 08:06:25,L06,storage_area,0.4189,8.94,0.1331,20.518,29.43,74.28,SAFE,methane_buildup
2026-01-01 08:06:30,L06,storage_area,0.4495,9.39,0.1308,20.512,29.46,74.49,SAFE,methane_buildup
2026-01-01 08:06:35,L06,storage_area,0.4523,9.64,0.1301,20.517,29.46,74.55,SAFE,methane_buildup
2026-01-01 08:06:40,L06,storage_area,0.4498,9.89,0.1291,20.504,29.46,74.63,SAFE,methane_buildup
2026-01-01 08:06:45,L06,storage_area,0.4828,9.99,0.1243,20.508,29.45,74.59,SAFE,methane_buildup
2026-01-01 08:06:50,L06,storage_area,0.4825,10.24,0.1257,20.506,29.47,74.63,SAFE,methane_buildup
2026-01-01 08:06:55,L06,storage_area,0.5136,10.6,0.1274,20.498,29.48,74.78,WARNING,methane_buildup
2026-01-01 08:07:00,L06,storage_area,0.5496,10.66,0.1276,20.495,29.5,74.84,WARNING,methane_buildup
2026-01-01 08:07:05,L06,storage_area,0.5242,11.13,0.1265,20.499,29.5,74.88,WARNING,methane_buildup
2026-01-01 08:07:10,L06,storage_area,0.5537,11.37,0.1241,20.489,29.51,74.92,WARNING,methane_buildup
2026-01-01 08:07:15,L06,storage_area,0.5465,11.92,0.1263,20.488,29.53,75.07,WARNING,methane_buildup
2026-01-01 08:07:20,L06,storage_area,0.5688,11.89,0.1266,20.49,29.52,75.12,WARNING,methane_buildup
2026-01-01 08:07:25,L06,storage_area,0.5845,11.93,0.1251,20.485,29.54,75.28,WARNING,methane_buildup
2026-01-01 08:07:30,L06,storage_area,0.5952,11.97,0.1246,20.476,29.54,75.35,WARNING,methane_buildup
2026-01-01 08:07:35,L06,storage_area,0.6451,12.36,0.1216,20.485,29.56,75.46,WARNING,methane_buildup
2026-01-01 08:07:40,L06,storage_area,0.6212,12.58,0.1236,20.475,29.57,75.37,WARNING,methane_buildup
2026-01-01 08:07:45,L06,storage_area,0.6471,12.63,0.1216,20.472,29.56,75.56,WARNING,methane_buildup
2026-01-01 08:07:50,L06,storage_area,0.6267,13.1,0.1215,20.472,29.58,75.56,WARNING,methane_buildup
2026-01-01 08:07:55,L06,storage_area,0.6725,12.88,0.1207,20.471,29.59,75.6,WARNING,methane_buildup
2026-01-01 08:08:00,L06,storage_area,0.6959,13.32,0.1194,20.473,29.6,75.73,WARNING,methane_buildup
2026-01-01 08:08:05,L06,storage_area,0.687,13.69,0.1177,20.457,29.62,75.91,WARNING,methane_buildup
2026-01-01 08:08:10,L06,storage_area,0.6738,13.74,0.1183,20.463,29.61,75.88,WARNING,methane_buildup
2026-01-01 08:08:15,L06,storage_area,0.7212,13.97,0.1193,20.46,29.62,76.1,WARNING,methane_buildup
2026-01-01 08:08:20,L06,storage_area,0.7357,14.19,0.1165,20.455,29.63,76.1,WARNING,methane_buildup
2026-01-01 08:08:25,L06,storage_area,0.7591,14.27,0.118,20.455,29.66,76.11,WARNING,methane_buildup
2026-01-01 08:08:30,L06,storage_area,0.7903,14.88,0.1172,20.453,29.65,76.3,WARNING,methane_buildup
2026-01-01 08:08:35,L06,storage_area,0.7716,14.66,0.115,20.442,29.67,76.32,WARNING,methane_buildup
2026-01-01 08:08:40,L06,storage_area,0.7789,15.14,0.117,20.45,29.69,76.3,WARNING,methane_buildup
2026-01-01 08:08:45,L06,storage_area,0.7884,15.37,0.1137,20.436,29.68,76.57,WARNING,methane_buildup
2026-01-01 08:08:50,L06,storage_area,0.8207,15.31,0.116,20.435,29.7,76.54,WARNING,methane_buildup
2026-01-01 08:08:55,L06,storage_area,0.8383,15.73,0.1138,20.435,29.71,76.59,WARNING,methane_buildup
2026-01-01 08:09:00,L06,storage_area,0.8381,15.75,0.1125,20.44,29.72,76.61,WARNING,methane_buildup
2026-01-01 08:09:05,L06,storage_area,0.8699,16.41,0.1105,20.43,29.72,76.83,WARNING,methane_buildup
2026-01-01 08:09:10,L06,storage_area,0.8794,16.13,0.1112,20.428,29.73,76.86,WARNING,methane_buildup
2026-01-01 08:09:15,L06,storage_area,0.8874,16.44,0.1104,20.43,29.72,76.94,WARNING,methane_buildup
2026-01-01 08:09:20,L06,storage_area,0.8883,16.54,0.1082,20.422,29.74,76.94,WARNING,methane_buildup
2026-01-01 08:09:25,L06,storage_area,0.9078,16.73,0.1092,20.416,29.75,77.11,WARNING,methane_buildup
2026-01-01 08:09:30,L06,storage_area,0.8951,17.52,0.1077,20.416,29.78,77.19,WARNING,methane_buildup
2026-01-01 08:09:35,L06,storage_area,0.9451,17.52,0.1093,20.419,29.76,77.15,WARNING,methane_buildup
2026-01-01 08:09:40,L06,storage_area,0.956,17.66,0.1098,20.412,29.77,77.18,WARNING,methane_buildup
2026-01-01 08:09:45,L06,storage_area,0.9719,17.72,0.1053,20.416,29.78,77.39,WARNING,methane_buildup
2026-01-01 08:09:50,L06,storage_area,0.99,18.24,0.1092,20.409,29.8,77.32,WARNING,methane_buildup
2026-01-01 08:09:55,L06,storage_area,1.0021,18.11,0.1058,20.402,29.81,77.51,WARNING,methane_buildup
2026-01-01 08:10:00,L06,storage_area,1.0091,18.64,0.1039,20.401,29.82,77.55,WARNING,methane_buildup
2026-01-01 08:10:05,L06,storage_area,1.0251,18.53,0.106,20.396,29.83,77.74,WARNING,methane_buildup
2026-01-01 08:10:10,L06,storage_area,1.0191,18.78,0.1036,20.393,29.82,77.7,WARNING,methane_buildup
2026-01-01 08:10:15,L06,storage_area,1.044,19.27,0.1035,20.409,29.83,77.88,WARNING,methane_buildup
2026-01-01 08:10:20,L06,storage_area,1.0545,18.92,0.1037,20.394,29.84,77.92,WARNING,co_buildup
2026-01-01 08:10:25,L06,storage_area,1.0674,19.93,0.1107,20.385,29.81,78.04,WARNING,co_buildup
2026-01-01 08:10:30,L06,storage_area,1.0357,20.09,0.1036,20.382,29.8,78.1,WARNING,co_buildup
2026-01-01 08:10:35,L06,storage_area,1.0272,20.33,0.109,20.379,29.78,78.1,WARNING,co_buildup
2026-01-01 08:10:40,L06,storage_area,1.0251,20.45,0.1085,20.367,29.76,78.32,WARNING,co_buildup
2026-01-01 08:10:45,L06,storage_area,1.0102,21.07,0.1122,20.374,29.75,78.49,WARNING,co_buildup
2026-01-01 08:10:50,L06,storage_area,0.9866,21.57,0.1148,20.363,29.74,78.76,WARNING,co_buildup
2026-01-01 08:10:55,L06,storage_area,1.0029,22.28,0.1125,20.347,29.68,79.11,WARNING,co_buildup
2026-01-01 08:11:00,L06,storage_area,0.9672,21.98,0.1173,20.357,29.64,78.92,WARNING,co_buildup
2026-01-01 08:11:05,L06,storage_area,0.9725,22.6,0.1211,20.348,29.64,79.03,WARNING,co_buildup
2026-01-01 08:11:10,L06,storage_area,0.9783,23.11,0.1176,20.356,29.58,79.31,WARNING,co_buildup
2026-01-01 08:11:15,L06,storage_area,0.9562,23.73,0.1207,20.34,29.57,79.62,WARNING,co_buildup
2026-01-01 08:11:20,L06,storage_area,0.9449,23.55,0.1189,20.333,29.58,79.43,WARNING,co_buildup
2026-01-01 08:11:25,L06,storage_area,0.9502,23.8,0.1217,20.337,29.54,79.98,WARNING,co_buildup
2026-01-01 08:11:30,L06,storage_area,0.9267,24.92,0.1226,20.326,29.49,79.91,WARNING,co_buildup
2026-01-01 08:11:35,L06,storage_area,0.915,24.52,0.1262,20.321,29.46,79.98,WARNING,co_buildup
2026-01-01 08:11:40,L06,storage_area,0.9196,25.94,0.1285,20.323,29.47,80.01,WARNING,co_buildup
2026-01-01 08:11:45,L06,storage_area,0.9072,25.81,0.1269,20.31,29.47,80.49,WARNING,co_buildup
2026-01-01 08:11:50,L06,storage_area,0.8896,25.7,0.132,20.304,29.45,80.51,WARNING,co_buildup
2026-01-01 08:11:55,L06,storage_area,0.8975,26.49,0.1334,20.316,29.4,80.71,WARNING,co_buildup
2026-01-01 08:12:00,L06,storage_area,0.8876,27.2,0.1332,20.305,29.42,80.72,WARNING,co_buildup
2026-01-01 08:12:05,L06,storage_area,0.872,27.26,0.1315,20.296,29.35,80.95,WARNING,co_buildup
2026-01-01 08:12:10,L06,storage_area,0.8642,27.86,0.1327,20.293,29.33,81.08,WARNING,co_buildup
2026-01-01 08:12:15,L06,storage_area,0.8624,28.52,0.1336,20.291,29.25,81.28,WARNING,co_buildup
2026-01-01 08:12:20,L06,storage_area,0.8603,28.57,0.139,20.289,29.27,81.36,WARNING,co_buildup
2026-01-01 08:12:25,L06,storage_area,0.839,28.7,0.1355,20.275,29.28,81.39,WARNING,co_buildup
2026-01-01 08:12:30,L06,storage_area,0.8388,29.33,0.1412,20.277,29.27,82.14,WARNING,co_buildup
2026-01-01 08:12:35,L06,storage_area,0.8296,30.35,0.1386,20.268,29.19,81.71,WARNING,co_buildup
2026-01-01 08:12:40,L06,storage_area,0.8239,30.85,0.1443,20.265,29.2,82.08,WARNING,co_buildup
2026-01-01 08:12:45,L06,storage_area,0.8082,29.9,0.1438,20.262,29.19,81.96,WARNING,co_buildup
2026-01-01 08:12:50,L06,storage_area,0.7915,31.43,0.1482,20.257,29.14,82.08,WARNING,co_buildup
2026-01-01 08:12:55,L06,storage_area,0.787,31.52,0.1491,20.256,29.07,82.53,WARNING,co_buildup
2026-01-01 08:13:00,L06,storage_area,0.7855,32.16,0.1512,20.25,29.1,82.69,DANGER,co_buildup
2026-01-01 08:13:05,L06,storage_area,0.79,32.02,0.1526,20.235,29.09,82.99,DANGER,co_buildup
2026-01-01 08:13:10,L06,storage_area,0.7615,31.97,0.151,20.231,29.03,83.02,DANGER,co_buildup
2026-01-01 08:13:15,L06,storage_area,0.7643,33.23,0.1494,20.232,29.02,83.1,WARNING,co_buildup
2026-01-01 08:13:20,L06,storage_area,0.746,33.07,0.1511,20.239,28.98,83.14,WARNING,co_buildup
2026-01-01 08:13:25,L06,storage_area,0.7414,33.3,0.1501,20.22,28.92,83.63,WARNING,co_buildup
2026-01-01 08:13:30,L06,storage_area,0.7452,33.72,0.1538,20.219,28.98,83.71,WARNING,co_buildup
2026-01-01 08:13:35,L06,storage_area,0.7303,34.82,0.1578,20.213,28.93,83.55,WARNING,co_buildup
2026-01-01 08:13:40,L06,storage_area,0.7044,35.05,0.1577,20.208,28.95,83.88,WARNING,co_buildup
2026-01-01 08:13:45,L06,storage_area,0.7018,35.68,0.16,20.207,28.91,84.05,WARNING,co_buildup
2026-01-01 08:13:50,L06,storage_area,0.7093,36.04,0.1629,20.209,28.86,84.13,WARNING,co_buildup
2026-01-01 08:13:55,L06,storage_area,0.6912,36.04,0.1624,20.2,28.84,84.44,WARNING,co_buildup
2026-01-01 08:14:00,L06,storage_area,0.6716,36.56,0.162,20.189,28.83,84.6,WARNING,co_buildup
2026-01-01 08:14:05,L06,storage_area,0.666,36.8,0.1658,20.203,28.82,84.61,WARNING,co_buildup
2026-01-01 08:14:10,L06,storage_area,0.6708,37.3,0.1652,20.184,28.78,84.75,WARNING,co_buildup
2026-01-01 08:14:15,L06,storage_area,0.665,37.42,0.1681,20.176,28.77,85.15,WARNING,co_buildup
2026-01-01 08:14:20,L06,storage_area,0.648,38.32,0.1731,20.182,28.72,85.22,WARNING,co_buildup
2026-01-01 08:14:25,L06,storage_area,0.661,38.96,0.1708,20.168,28.68,85.26,WARNING,co_buildup
2026-01-01 08:14:30,L06,storage_area,0.6382,38.67,0.1768,20.174,28.68,85.17,WARNING,co_buildup
2026-01-01 08:14:35,L06,storage_area,0.6205,39.83,0.1774,20.157,28.66,85.6,WARNING,co_buildup
2026-01-01 08:14:40,L06,storage_area,0.6071,39.8,0.1743,20.164,28.6,85.8,WARNING,co_buildup
2026-01-01 08:14:45,L06,storage_area,0.5973,40.25,0.1744,20.153,28.58,85.47,WARNING,co_buildup
2026-01-01 08:14:50,L06,storage_area,0.6003,39.94,0.1782,20.154,28.59,86.04,WARNING,co_buildup
2026-01-01 08:14:55,L06,storage_area,0.5847,40.29,0.1823,20.153,28.55,86.1,WARNING,co_buildup
2026-01-01 08:15:00,L06,storage_area,0.5951,41.4,0.18,20.132,28.53,86.28,WARNING,co_buildup
2026-01-01 08:15:05,L06,storage_area,0.5849,42.03,0.1846,20.14,28.51,86.33,WARNING,co_buildup
2026-01-01 08:15:10,L06,storage_area,0.5692,41.9,0.1866,20.122,28.53,86.59,WARNING,co_buildup
2026-01-01 08:15:15,L06,storage_area,0.545,43.15,0.1835,20.119,28.5,86.96,WARNING,co_buildup
2026-01-01 08:15:20,L06,storage_area,0.541,43.2,0.1851,20.116,28.42,86.85,WARNING,co_buildup
2026-01-01 08:15:25,L06,storage_area,0.5494,43.0,0.1896,20.118,28.41,87.2,WARNING,co_buildup
2026-01-01 08:15:30,L06,storage_area,0.5385,43.45,0.1904,20.114,28.4,86.99,WARNING,low_oxygen
2026-01-01 08:15:35,L06,storage_area,0.5419,43.17,0.1889,20.13,28.45,86.98,WARNING,low_oxygen
2026-01-01 08:15:40,L06,storage_area,0.5432,42.97,0.1896,20.071,28.57,86.59,WARNING,low_oxygen
2026-01-01 08:15:45,L06,storage_area,0.5476,41.86,0.1906,20.071,28.52,86.78,WARNING,low_oxygen
2026-01-01 08:15:50,L06,storage_area,0.5398,42.34,0.1882,20.051,28.64,86.31,WARNING,low_oxygen
2026-01-01 08:15:55,L06,storage_area,0.5458,40.17,0.1896,20.057,28.66,86.34,WARNING,low_oxygen
2026-01-01 08:16:00,L06,storage_area,0.554,40.65,0.1934,19.999,28.77,86.25,DANGER,low_oxygen
2026-01-01 08:16:05,L06,storage_area,0.5486,39.64,0.1904,19.996,28.79,86.22,DANGER,low_oxygen
2026-01-01 08:16:10,L06,storage_area,0.5557,38.67,0.1923,20.0,28.83,85.96,WARNING,low_oxygen
2026-01-01 08:16:15,L06,storage_area,0.5596,38.94,0.1925,20.009,28.9,85.88,WARNING,low_oxygen
2026-01-01 08:16:20,L06,storage_area,0.5595,37.92,0.1896,19.976,29.07,85.66,DANGER,low_oxygen
2026-01-01 08:16:25,L06,storage_area,0.5623,38.01,0.1923,19.94,29.0,85.51,DANGER,low_oxygen
2026-01-01 08:16:30,L06,storage_area,0.5678,37.61,0.1925,19.928,29.03,85.39,DANGER,low_oxygen
2026-01-01 08:16:35,L06,storage_area,0.5725,37.61,0.1931,19.954,29.16,85.21,DANGER,low_oxygen
2026-01-01 08:16:40,L06,storage_area,0.5686,35.98,0.192,19.907,29.18,84.88,DANGER,low_oxygen
2026-01-01 08:16:45,L06,storage_area,0.5722,36.56,0.1918,19.889,29.17,84.86,DANGER,low_oxygen
2026-01-01 08:16:50,L06,storage_area,0.5741,35.73,0.193,19.908,29.41,84.85,DANGER,low_oxygen
2026-01-01 08:16:55,L06,storage_area,0.5711,35.66,0.1939,19.888,29.33,84.64,DANGER,low_oxygen
2026-01-01 08:17:00,L06,storage_area,0.5816,34.54,0.196,19.877,29.39,84.51,DANGER,low_oxygen
2026-01-01 08:17:05,L06,storage_area,0.5865,33.67,0.1971,19.832,29.47,84.35,DANGER,low_oxygen
2026-01-01 08:17:10,L06,storage_area,0.5891,33.24,0.1969,19.809,29.6,84.14,DANGER,low_oxygen
2026-01-01 08:17:15,L06,storage_area,0.5855,32.73,0.1966,19.818,29.49,84.05,DANGER,low_oxygen
2026-01-01 08:17:20,L06,storage_area,0.5866,33.03,0.1945,19.807,29.64,83.93,DANGER,low_oxygen
2026-01-01 08:17:25,L06,storage_area,0.593,32.99,0.1956,19.793,29.79,83.83,DANGER,low_oxygen
2026-01-01 08:17:30,L06,storage_area,0.598,31.62,0.1968,19.794,29.74,83.74,DANGER,low_oxygen
2026-01-01 08:17:35,L06,storage_area,0.5982,31.66,0.196,19.735,29.73,83.52,DANGER,low_oxygen
2026-01-01 08:17:40,L06,storage_area,0.601,30.24,0.198,19.757,29.81,83.27,DANGER,low_oxygen
2026-01-01 08:17:45,L06,storage_area,0.6061,30.51,0.1985,19.716,29.91,83.08,DANGER,low_oxygen
2026-01-01 08:17:50,L06,storage_area,0.6025,30.25,0.1986,19.729,30.02,83.46,DANGER,low_oxygen
2026-01-01 08:17:55,L06,storage_area,0.6065,28.84,0.1996,19.696,29.99,82.84,DANGER,low_oxygen
2026-01-01 08:18:00,L06,storage_area,0.6147,28.91,0.1974,19.677,30.11,82.78,DANGER,low_oxygen
2026-01-01 08:18:05,L06,storage_area,0.6113,28.84,0.2002,19.666,30.05,82.77,DANGER,low_oxygen
2026-01-01 08:18:10,L06,storage_area,0.6103,26.76,0.1984,19.64,30.1,82.61,DANGER,low_oxygen
2026-01-01 08:18:15,L06,storage_area,0.6146,28.15,0.1984,19.646,30.2,82.49,DANGER,low_oxygen
2026-01-01 08:18:20,L06,storage_area,0.6161,27.24,0.2007,19.621,30.36,82.22,DANGER,low_oxygen
2026-01-01 08:18:25,L06,storage_area,0.6226,26.93,0.202,19.628,30.34,82.17,DANGER,low_oxygen
2026-01-01 08:18:30,L06,storage_area,0.621,25.95,0.2014,19.612,30.41,82.01,DANGER,low_oxygen
2026-01-01 08:18:35,L06,storage_area,0.627,24.9,0.2011,19.612,30.46,81.82,WARNING,low_oxygen
2026-01-01 08:18:40,L06,storage_area,0.6262,25.41,0.2019,19.58,30.56,81.75,DANGER,low_oxygen
2026-01-01 08:18:45,L06,storage_area,0.6242,24.66,0.202,19.567,30.53,81.71,WARNING,low_oxygen
2026-01-01 08:18:50,L06,storage_area,0.6342,24.24,0.2007,19.566,30.65,81.43,WARNING,low_oxygen
2026-01-01 08:18:55,L06,storage_area,0.6361,24.22,0.2009,19.523,30.62,81.29,WARNING,low_oxygen
2026-01-01 08:19:00,L06,storage_area,0.6397,23.6,0.2028,19.497,30.82,81.29,DANGER,low_oxygen
2026-01-01 08:19:05,L06,storage_area,0.6383,23.63,0.2033,19.506,30.73,81.14,WARNING,low_oxygen
2026-01-01 08:19:10,L06,storage_area,0.6403,22.38,0.2036,19.469,30.79,81.08,DANGER,low_oxygen
2026-01-01 08:19:15,L06,storage_area,0.6464,21.53,0.2048,19.509,30.91,80.5,WARNING,low_oxygen
2026-01-01 08:19:20,L06,storage_area,0.6523,21.27,0.204,19.481,30.94,80.71,DANGER,low_oxygen
2026-01-01 08:19:25,L06,storage_area,0.6499,21.06,0.2054,19.477,31.01,80.53,DANGER,low_oxygen
2026-01-01 08:19:30,L06,storage_area,0.6536,20.85,0.2048,19.433,31.06,80.2,DANGER,low_oxygen
2026-01-01 08:19:35,L06,storage_area,0.6536,19.28,0.2077,19.426,31.05,80.2,DANGER,low_oxygen
2026-01-01 08:19:40,L06,storage_area,0.6521,19.45,0.2058,19.397,31.24,80.16,DANGER,low_oxygen
2026-01-01 08:19:45,L06,storage_area,0.6624,19.67,0.2091,19.402,31.26,79.78,DANGER,low_oxygen
2026-01-01 08:19:50,L06,storage_area,0.6646,18.38,0.2069,19.358,31.34,79.8,DANGER,low_oxygen
2026-01-01 08:19:55,L06,storage_area,0.6663,18.42,0.2065,19.325,31.3,79.72,DANGER,low_oxygen
2026-01-01 08:20:00,L06,storage_area,0.6659,17.75,0.2059,19.335,31.4,79.33,DANGER,low_oxygen
2026-01-01 08:20:05,L06,storage_area,0.6707,17.47,0.2055,19.312,31.44,79.31,DANGER,low_oxygen
2026-01-01 08:20:10,L06,storage_area,0.674,16.22,0.2065,19.339,31.54,79.22,DANGER,low_oxygen
2026-01-01 08:20:15,L06,storage_area,0.6787,15.75,0.207,19.329,31.6,78.94,DANGER,low_oxygen
2026-01-01 08:20:20,L06,storage_area,0.6791,15.63,0.209,19.27,31.61,78.79,DANGER,low_oxygen
2026-01-01 08:20:25,L06,storage_area,0.6785,14.47,0.2082,19.294,31.57,78.74,DANGER,low_oxygen
2026-01-01 08:20:30,L06,storage_area,0.6765,14.55,0.2095,19.274,31.8,78.72,DANGER,low_oxygen
2026-01-01 08:20:35,L06,storage_area,0.6835,14.3,0.2113,19.225,31.79,78.56,DANGER,low_oxygen
2026-01-01 08:20:40,L06,storage_area,0.6816,14.16,0.208,19.249,31.71,78.48,DANGER,co2_buildup
2026-01-01 08:20:45,L06,storage_area,0.6843,14.12,0.2159,19.257,31.7,78.46,DANGER,co2_buildup
2026-01-01 08:20:50,L06,storage_area,0.6793,14.07,0.2219,19.234,31.67,78.56,DANGER,co2_buildup
2026-01-01 08:20:55,L06,storage_area,0.6736,14.11,0.2282,19.232,31.55,78.61,DANGER,co2_buildup
2026-01-01 08:21:00,L06,storage_area,0.6688,13.99,0.2385,19.225,31.48,78.65,DANGER,co2_buildup
2026-01-01 08:21:05,L06,storage_area,0.6657,13.93,0.2352,19.227,31.52,78.66,DANGER,co2_buildup
2026-01-01 08:21:10,L06,storage_area,0.6645,13.93,0.2392,19.225,31.5,78.68,DANGER,co2_buildup
2026-01-01 08:21:15,L06,storage_area,0.6568,13.87,0.2387,19.218,31.39,78.79,DANGER,co2_buildup
2026-01-01 08:21:20,L06,storage_area,0.6564,13.84,0.2509,19.214,31.31,78.8,DANGER,co2_buildup
2026-01-01 08:21:25,L06,storage_area,0.6538,13.86,0.2571,19.213,31.29,78.86,DANGER,co2_buildup
2026-01-01 08:21:30,L06,storage_area,0.6462,13.78,0.2573,19.206,31.23,78.88,DANGER,co2_buildup
2026-01-01 08:21:35,L06,storage_area,0.645,13.69,0.2662,19.206,31.19,78.93,DANGER,co2_buildup
2026-01-01 08:21:40,L06,storage_area,0.6467,13.59,0.2665,19.206,31.0,78.95,DANGER,co2_buildup
2026-01-01 08:21:45,L06,storage_area,0.642,13.58,0.2766,19.2,31.02,78.98,DANGER,co2_buildup
2026-01-01 08:21:50,L06,storage_area,0.6376,13.59,0.2828,19.197,30.98,79.07,DANGER,co2_buildup
2026-01-01 08:21:55,L06,storage_area,0.6321,13.46,0.2876,19.194,30.97,79.07,DANGER,co2_buildup
2026-01-01 08:22:00,L06,storage_area,0.6386,13.56,0.2882,19.187,30.92,79.14,DANGER,co2_buildup
2026-01-01 08:22:05,L06,storage_area,0.626,13.42,0.2868,19.181,30.89,79.19,DANGER,co2_buildup
2026-01-01 08:22:10,L06,storage_area,0.6271,13.38,0.294,19.174,30.82,79.2,DANGER,co2_buildup
2026-01-01 08:22:15,L06,storage_area,0.6211,13.3,0.3054,19.172,30.69,79.21,DANGER,co2_buildup
2026-01-01 08:22:20,L06,storage_area,0.62,13.31,0.3204,19.168,30.77,79.39,DANGER,co2_buildup
2026-01-01 08:22:25,L06,storage_area,0.6184,13.19,0.3101,19.17,30.71,79.32,DANGER,co2_buildup
2026-01-01 08:22:30,L06,storage_area,0.6082,13.29,0.3193,19.164,30.53,79.41,DANGER,co2_buildup
2026-01-01 08:22:35,L06,storage_area,0.6103,13.21,0.3187,19.162,30.56,79.5,DANGER,co2_buildup
2026-01-01 08:22:40,L06,storage_area,0.6118,13.15,0.3212,19.15,30.46,79.49,DANGER,co2_buildup
2026-01-01 08:22:45,L06,storage_area,0.6109,13.0,0.3277,19.157,30.44,79.49,DANGER,co2_buildup
2026-01-01 08:22:50,L06,storage_area,0.6003,13.03,0.3249,19.145,30.43,79.54,DANGER,co2_buildup
2026-01-01 08:22:55,L06,storage_area,0.5978,13.02,0.3486,19.138,30.43,79.56,DANGER,co2_buildup
2026-01-01 08:23:00,L06,storage_area,0.6031,12.95,0.3339,19.138,30.31,79.66,DANGER,co2_buildup
2026-01-01 08:23:05,L06,storage_area,0.5958,12.84,0.3495,19.147,30.24,79.69,DANGER,co2_buildup
2026-01-01 08:23:10,L06,storage_area,0.5858,12.81,0.3494,19.13,30.15,79.69,DANGER,co2_buildup
2026-01-01 08:23:15,L06,storage_area,0.5826,12.77,0.3559,19.127,30.13,79.71,DANGER,co2_buildup
2026-01-01 08:23:20,L06,storage_area,0.5856,12.72,0.3731,19.123,30.13,79.74,DANGER,co2_buildup
2026-01-01 08:23:25,L06,storage_area,0.5748,12.77,0.3715,19.12,30.01,79.87,DANGER,co2_buildup
2026-01-01 08:23:30,L06,storage_area,0.5798,12.57,0.37,19.113,29.91,79.88,DANGER,co2_buildup
2026-01-01 08:23:35,L06,storage_area,0.5737,12.64,0.377,19.113,29.82,79.92,DANGER,co2_buildup
2026-01-01 08:23:40,L06,storage_area,0.5712,12.51,0.3809,19.114,29.88,79.92,DANGER,co2_buildup
2026-01-01 08:23:45,L06,storage_area,0.5651,12.48,0.3897,19.106,29.81,79.94,DANGER,co2_buildup
2026-01-01 08:23:50,L06,storage_area,0.5604,12.39,0.3958,19.096,29.71,80.08,DANGER,co2_buildup
2026-01-01 08:23:55,L06,storage_area,0.5654,12.41,0.41,19.096,29.74,80.08,DANGER,co2_buildup
2026-01-01 08:24:00,L06,storage_area,0.5556,12.45,0.3941,19.091,29.62,80.16,DANGER,co2_buildup
2026-01-01 08:24:05,L06,storage_area,0.5518,12.35,0.4092,19.09,29.58,80.15,DANGER,co2_buildup
2026-01-01 08:24:10,L06,storage_area,0.5499,12.24,0.4126,19.092,29.53,80.19,DANGER,co2_buildup
2026-01-01 08:24:15,L06,storage_area,0.5478,12.29,0.4244,19.081,29.46,80.27,DANGER,co2_buildup
2026-01-01 08:24:20,L06,storage_area,0.5399,12.26,0.426,19.078,29.44,80.31,DANGER,co2_buildup
2026-01-01 08:24:25,L06,storage_area,0.5386,12.16,0.4322,19.082,29.43,80.36,DANGER,co2_buildup
2026-01-01 08:24:30,L06,storage_area,0.5352,12.2,0.4357,19.074,29.26,80.36,DANGER,co2_buildup
2026-01-01 08:24:35,L06,storage_area,0.5377,12.1,0.4336,19.069,29.29,80.43,DANGER,co2_buildup
2026-01-01 08:24:40,L06,storage_area,0.5278,12.05,0.4502,19.072,29.22,80.49,DANGER,co2_buildup
2026-01-01 08:24:45,L06,storage_area,0.5213,11.95,0.4528,19.061,29.17,80.49,DANGER,co2_buildup
2026-01-01 08:24:50,L06,storage_area,0.5173,11.96,0.4583,19.046,29.15,80.51,DANGER,co2_buildup
2026-01-01 08:24:55,L06,storage_area,0.5161,11.9,0.4651,19.055,29.06,80.62,DANGER,co2_buildup
2026-01-01 08:25:00,L06,storage_area,0.5239,11.87,0.4653,19.04,29.03,80.59,DANGER,co2_buildup
2026-01-01 08:25:05,L06,storage_area,0.5155,11.77,0.476,19.046,28.99,80.68,DANGER,co2_buildup
2026-01-01 08:25:10,L06,storage_area,0.5143,11.76,0.4749,19.032,28.87,80.69,DANGER,co2_buildup
2026-01-01 08:25:15,L06,storage_area,0.5112,11.67,0.4765,19.034,28.86,80.67,DANGER,co2_buildup
2026-01-01 08:25:20,L06,storage_area,0.5062,11.57,0.4825,19.03,28.78,80.82,DANGER,co2_buildup
2026-01-01 08:25:25,L06,storage_area,0.5025,11.66,0.4873,19.025,28.73,80.71,DANGER,co2_buildup
2026-01-01 08:25:30,L06,storage_area,0.5037,11.51,0.4895,19.023,28.67,80.78,DANGER,co2_buildup
2026-01-01 08:25:35,L06,storage_area,0.4971,11.53,0.5061,19.025,28.65,80.92,DANGER,co2_buildup
2026-01-01 08:25:40,L06,storage_area,0.4988,11.5,0.5037,19.013,28.58,80.96,DANGER,co2_buildup
2026-01-01 08:25:45,L06,storage_area,0.4926,11.45,0.5074,19.015,28.55,80.96,DANGER,co2_buildup
2026-01-01 08:25:50,L06,storage_area,0.4937,11.53,0.5085,19.008,28.59,80.97,DANGER,ventilation_failure
2026-01-01 08:25:55,L06,storage_area,0.4967,11.55,0.5083,19.014,28.6,80.97,DANGER,ventilation_failure
2026-01-01 08:26:00,L06,storage_area,0.4902,12.21,0.5057,19.024,28.59,80.96,DANGER,ventilation_failure
2026-01-01 08:26:05,L06,storage_area,0.526,12.89,0.5082,19.023,28.8,80.96,DANGER,ventilation_failure
2026-01-01 08:26:10,L06,storage_area,0.5256,13.0,0.5079,19.051,28.89,80.96,DANGER,ventilation_failure
2026-01-01 08:26:15,L06,storage_area,0.5146,13.45,0.5099,19.056,28.92,80.95,DANGER,ventilation_failure
2026-01-01 08:26:20,L06,storage_area,0.528,15.5,0.5101,19.055,29.16,80.95,DANGER,ventilation_failure
2026-01-01 08:26:25,L06,storage_area,0.5355,15.17,0.5108,19.057,28.98,80.94,DANGER,ventilation_failure
2026-01-01 08:26:30,L06,storage_area,0.5516,15.15,0.508,19.064,29.01,80.93,DANGER,ventilation_failure
2026-01-01 08:26:35,L06,storage_area,0.5352,16.44,0.5087,19.077,29.21,80.93,DANGER,ventilation_failure
2026-01-01 08:26:40,L06,storage_area,0.5538,16.01,0.5114,19.09,29.4,80.93,DANGER,ventilation_failure
2026-01-01 08:26:45,L06,storage_area,0.5515,16.56,0.5095,19.08,29.35,80.92,DANGER,ventilation_failure
2026-01-01 08:26:50,L06,storage_area,0.5687,17.21,0.5087,19.083,29.44,80.91,DANGER,ventilation_failure
2026-01-01 08:26:55,L06,storage_area,0.5741,18.88,0.5116,19.108,29.67,80.91,DANGER,ventilation_failure
2026-01-01 08:27:00,L06,storage_area,0.5848,18.5,0.5105,19.092,29.71,80.91,DANGER,ventilation_failure
2026-01-01 08:27:05,L06,storage_area,0.5866,17.98,0.5138,19.103,29.79,80.89,DANGER,ventilation_failure
2026-01-01 08:27:10,L06,storage_area,0.5923,20.21,0.5122,19.115,29.9,80.89,DANGER,ventilation_failure
2026-01-01 08:27:15,L06,storage_area,0.6088,20.01,0.5124,19.113,29.89,80.9,DANGER,ventilation_failure
2026-01-01 08:27:20,L06,storage_area,0.6143,19.8,0.512,19.138,29.98,80.89,DANGER,ventilation_failure
2026-01-01 08:27:25,L06,storage_area,0.6218,21.03,0.5148,19.142,30.15,80.88,DANGER,ventilation_failure
2026-01-01 08:27:30,L06,storage_area,0.6233,21.93,0.5135,19.139,30.07,80.87,DANGER,ventilation_failure
2026-01-01 08:27:35,L06,storage_area,0.6272,22.39,0.5129,19.158,30.09,80.87,DANGER,ventilation_failure
2026-01-01 08:27:40,L06,storage_area,0.6371,23.56,0.5127,19.166,30.3,80.87,DANGER,ventilation_failure
2026-01-01 08:27:45,L06,storage_area,0.6483,22.83,0.5139,19.162,30.49,80.85,DANGER,ventilation_failure
2026-01-01 08:27:50,L06,storage_area,0.6358,23.76,0.513,19.166,30.52,80.84,DANGER,ventilation_failure
2026-01-01 08:27:55,L06,storage_area,0.6609,23.92,0.5159,19.191,30.65,80.84,DANGER,ventilation_failure
2026-01-01 08:28:00,L06,storage_area,0.6671,24.04,0.5126,19.187,30.51,80.85,DANGER,ventilation_failure
2026-01-01 08:28:05,L06,storage_area,0.672,25.69,0.515,19.19,30.77,80.82,CRITICAL,ventilation_failure
2026-01-01 08:28:10,L06,storage_area,0.6772,26.01,0.5163,19.204,30.88,80.82,CRITICAL,ventilation_failure
2026-01-01 08:28:15,L06,storage_area,0.6667,26.44,0.5163,19.204,30.81,80.81,CRITICAL,ventilation_failure
2026-01-01 08:28:20,L06,storage_area,0.6886,27.02,0.5152,19.204,31.06,80.81,CRITICAL,ventilation_failure
2026-01-01 08:28:25,L06,storage_area,0.7112,27.01,0.5173,19.215,31.06,80.8,CRITICAL,ventilation_failure
2026-01-01 08:28:30,L06,storage_area,0.7052,27.37,0.5156,19.228,31.39,80.8,CRITICAL,ventilation_failure
2026-01-01 08:28:35,L06,storage_area,0.7097,28.37,0.517,19.214,31.07,80.78,CRITICAL,ventilation_failure
2026-01-01 08:28:40,L06,storage_area,0.7187,29.41,0.5182,19.232,31.42,80.79,CRITICAL,ventilation_failure
2026-01-01 08:28:45,L06,storage_area,0.7278,30.13,0.5183,19.25,31.37,80.79,CRITICAL,ventilation_failure
2026-01-01 08:28:50,L06,storage_area,0.7367,30.26,0.5171,19.243,31.36,80.78,CRITICAL,ventilation_failure
2026-01-01 08:28:55,L06,storage_area,0.7371,30.42,0.5198,19.264,31.53,80.77,CRITICAL,ventilation_failure
2026-01-01 08:29:00,L06,storage_area,0.7485,31.04,0.5187,19.27,31.67,80.77,CRITICAL,ventilation_failure
2026-01-01 08:29:05,L06,storage_area,0.7642,31.43,0.5198,19.266,31.81,80.76,CRITICAL,ventilation_failure
2026-01-01 08:29:10,L06,storage_area,0.7661,31.46,0.5212,19.269,31.94,80.76,CRITICAL,ventilation_failure
2026-01-01 08:29:15,L06,storage_area,0.7823,32.46,0.5209,19.278,32.0,80.75,CRITICAL,ventilation_failure
2026-01-01 08:29:20,L06,storage_area,0.7676,32.34,0.5213,19.305,31.9,80.75,CRITICAL,ventilation_failure
2026-01-01 08:29:25,L06,storage_area,0.791,33.42,0.5204,19.306,32.14,80.73,CRITICAL,ventilation_failure
2026-01-01 08:29:30,L06,storage_area,0.7801,34.76,0.5214,19.3,32.17,80.73,CRITICAL,ventilation_failure
2026-01-01 08:29:35,L06,storage_area,0.795,34.89,0.521,19.301,32.17,80.73,CRITICAL,ventilation_failure
2026-01-01 08:29:40,L06,storage_area,0.8044,34.58,0.5195,19.313,32.29,80.71,CRITICAL,ventilation_failure
2026-01-01 08:29:45,L06,storage_area,0.8023,35.49,0.5217,19.32,32.33,80.7,CRITICAL,ventilation_failure
2026-01-01 08:29:50,L06,storage_area,0.8133,35.65,0.522,19.316,32.47,80.71,CRITICAL,ventilation_failure
2026-01-01 08:29:55,L06,storage_area,0.8259,36.52,0.5227,19.332,32.5,80.71,CRITICAL,ventilation_failure
2026-01-01 08:30:00,L06,storage_area,0.821,37.56,0.5221,19.347,32.56,80.69,CRITICAL,ventilation_failure
2026-01-01 08:30:05,L06,storage_area,0.8447,37.89,0.5216,19.332,32.75,80.69,CRITICAL,ventilation_failure
2026-01-01 08:30:10,L06,storage_area,0.8296,39.26,0.5237,19.357,32.85,80.68,CRITICAL,ventilation_failure
2026-01-01 08:30:15,L06,storage_area,0.8601,39.16,0.5215,19.367,32.87,80.68,CRITICAL,ventilation_failure
2026-01-01 08:30:20,L06,storage_area,0.8601,39.21,0.5254,19.36,33.07,80.68,CRITICAL,ventilation_failure
2026-01-01 08:30:25,L06,storage_area,0.859,39.95,0.5235,19.382,33.02,80.66,CRITICAL,ventilation_failure
2026-01-01 08:30:30,L06,storage_area,0.8635,40.05,0.5244,19.372,33.1,80.66,CRITICAL,ventilation_failure
2026-01-01 08:30:35,L06,storage_area,0.8695,40.12,0.5251,19.387,33.26,80.65,CRITICAL,ventilation_failure
2026-01-01 08:30:40,L06,storage_area,0.8789,41.78,0.5255,19.388,33.28,80.64,CRITICAL,ventilation_failure
2026-01-01 08:30:45,L06,storage_area,0.8862,42.15,0.5232,19.394,33.38,80.65,CRITICAL,ventilation_failure
2026-01-01 08:30:50,L06,storage_area,0.9022,42.08,0.5264,19.399,33.26,80.64,CRITICAL,ventilation_failure
2026-01-01 08:30:55,L06,storage_area,0.9141,42.83,0.526,19.414,33.54,80.64,CRITICAL,ventilation_failure
2026-01-01 08:31:00,L06,storage_area,0.9027,42.86,0.5215,19.407,33.59,80.56,CRITICAL,fire_heat
2026-01-01 08:31:05,L06,storage_area,0.89,42.78,0.523,19.412,33.71,80.45,CRITICAL,fire_heat
2026-01-01 08:31:10,L06,storage_area,0.8935,43.37,0.512,19.41,33.75,80.45,CRITICAL,fire_heat
2026-01-01 08:31:15,L06,storage_area,0.8764,43.24,0.5176,19.408,33.83,80.45,CRITICAL,fire_heat
2026-01-01 08:31:20,L06,storage_area,0.877,43.18,0.5159,19.404,33.8,80.3,CRITICAL,fire_heat
2026-01-01 08:31:25,L06,storage_area,0.8667,43.42,0.514,19.403,33.84,80.26,CRITICAL,fire_heat
2026-01-01 08:31:30,L06,storage_area,0.872,43.82,0.5055,19.398,34.17,80.35,CRITICAL,fire_heat
2026-01-01 08:31:35,L06,storage_area,0.8537,44.02,0.5089,19.402,34.38,80.02,CRITICAL,fire_heat
2026-01-01 08:31:40,L06,storage_area,0.8498,44.51,0.5023,19.399,34.39,80.02,CRITICAL,fire_heat
2026-01-01 08:31:45,L06,storage_area,0.8522,44.18,0.5005,19.398,34.52,80.12,CRITICAL,fire_heat
2026-01-01 08:31:50,L06,storage_area,0.8334,44.55,0.503,19.399,34.72,79.92,CRITICAL,fire_heat
2026-01-01 08:31:55,L06,storage_area,0.8346,44.55,0.5048,19.393,34.7,79.81,CRITICAL,fire_heat
2026-01-01 08:32:00,L06,storage_area,0.8163,44.83,0.4959,19.392,34.76,79.86,CRITICAL,fire_heat
2026-01-01 08:32:05,L06,storage_area,0.8151,45.38,0.4905,19.392,34.8,79.71,CRITICAL,fire_heat
2026-01-01 08:32:10,L06,storage_area,0.8186,45.09,0.4913,19.388,35.17,79.62,CRITICAL,fire_heat
2026-01-01 08:32:15,L06,storage_area,0.8037,45.56,0.4913,19.388,35.13,79.58,CRITICAL,fire_heat
2026-01-01 08:32:20,L06,storage_area,0.8006,45.72,0.4878,19.388,35.09,79.45,CRITICAL,fire_heat
2026-01-01 08:32:25,L06,storage_area,0.8014,45.83,0.4922,19.385,35.17,79.36,CRITICAL,fire_heat
2026-01-01 08:32:30,L06,storage_area,0.7884,46.1,0.4784,19.387,35.51,79.35,CRITICAL,fire_heat
2026-01-01 08:32:35,L06,storage_area,0.7915,46.0,0.4791,19.379,35.39,79.22,CRITICAL,fire_heat
2026-01-01 08:32:40,L06,storage_area,0.7816,46.67,0.4808,19.384,35.77,79.21,CRITICAL,fire_heat
2026-01-01 08:32:45,L06,storage_area,0.777,46.89,0.4781,19.381,35.44,79.16,CRITICAL,fire_heat
2026-01-01 08:32:50,L06,storage_area,0.7763,46.76,0.4643,19.377,35.94,79.13,CRITICAL,fire_heat
2026-01-01 08:32:55,L06,storage_area,0.7643,47.35,0.4682,19.375,35.95,79.07,CRITICAL,fire_heat
2026-01-01 08:33:00,L06,storage_area,0.7662,47.05,0.4706,19.371,36.02,78.9,CRITICAL,fire_heat
2026-01-01 08:33:05,L06,storage_area,0.7562,47.37,0.4727,19.372,36.09,78.89,CRITICAL,fire_heat
2026-01-01 08:33:10,L06,storage_area,0.7409,47.73,0.4631,19.375,36.39,78.82,CRITICAL,fire_heat
2026-01-01 08:33:15,L06,storage_area,0.7467,47.6,0.4571,19.371,36.38,78.73,CRITICAL,fire_heat
2026-01-01 08:33:20,L06,storage_area,0.734,47.62,0.4525,19.372,36.33,78.61,CRITICAL,fire_heat
2026-01-01 08:33:25,L06,storage_area,0.7237,47.77,0.4606,19.367,36.36,78.5,CRITICAL,fire_heat
2026-01-01 08:33:30,L06,storage_area,0.7221,48.57,0.4532,19.369,36.64,78.53,CRITICAL,fire_heat
2026-01-01 08:33:35,L06,storage_area,0.7215,48.32,0.4455,19.364,36.73,78.31,CRITICAL,fire_heat
2026-01-01 08:33:40,L06,storage_area,0.7113,48.56,0.4451,19.362,36.68,78.34,CRITICAL,fire_heat
2026-01-01 08:33:45,L06,storage_area,0.7142,48.59,0.4443,19.362,36.93,78.12,CRITICAL,fire_heat
2026-01-01 08:33:50,L06,storage_area,0.7034,49.12,0.4426,19.36,36.98,78.13,CRITICAL,fire_heat
2026-01-01 08:33:55,L06,storage_area,0.6938,49.01,0.4353,19.356,37.14,78.08,CRITICAL,fire_heat
2026-01-01 08:34:00,L06,storage_area,0.6777,49.25,0.4338,19.358,37.31,78.14,CRITICAL,fire_heat
2026-01-01 08:34:05,L06,storage_area,0.6772,49.56,0.4279,19.357,37.48,78.05,CRITICAL,fire_heat
2026-01-01 08:34:10,L06,storage_area,0.6729,49.52,0.4342,19.358,37.53,77.89,CRITICAL,fire_heat
2026-01-01 08:34:15,L06,storage_area,0.6709,49.85,0.4272,19.356,37.48,77.91,CRITICAL,fire_heat
2026-01-01 08:34:20,L06,storage_area,0.6645,50.3,0.4274,19.356,37.69,77.85,CRITICAL,fire_heat
2026-01-01 08:34:25,L06,storage_area,0.6555,50.32,0.428,19.353,37.76,77.7,CRITICAL,fire_heat
2026-01-01 08:34:30,L06,storage_area,0.6492,50.46,0.4216,19.351,37.73,77.55,CRITICAL,fire_heat
2026-01-01 08:34:35,L06,storage_area,0.6471,50.65,0.418,19.346,38.0,77.56,CRITICAL,fire_heat
2026-01-01 08:34:40,L06,storage_area,0.6309,50.74,0.4165,19.347,38.24,77.49,CRITICAL,fire_heat
2026-01-01 08:34:45,L06,storage_area,0.6415,51.32,0.4135,19.347,38.17,77.35,CRITICAL,fire_heat
2026-01-01 08:34:50,L06,storage_area,0.6112,51.03,0.4149,19.348,38.12,77.38,CRITICAL,fire_heat
2026-01-01 08:34:55,L06,storage_area,0.6279,51.39,0.4094,19.344,38.37,77.31,CRITICAL,fire_heat
2026-01-01 08:35:00,L06,storage_area,0.6122,51.56,0.4041,19.344,38.36,77.25,CRITICAL,fire_heat
2026-01-01 08:35:05,L06,storage_area,0.613,51.89,0.4068,19.338,38.66,77.16,CRITICAL,fire_heat
2026-01-01 08:35:10,L06,storage_area,0.6029,52.09,0.4049,19.338,38.73,77.12,CRITICAL,fire_heat
2026-01-01 08:35:15,L06,storage_area,0.5968,52.08,0.394,19.338,38.77,76.99,CRITICAL,fire_heat
2026-01-01 08:35:20,L06,storage_area,0.5921,52.32,0.4009,19.338,38.85,76.94,CRITICAL,fire_heat
2026-01-01 08:35:25,L06,storage_area,0.5878,52.51,0.3946,19.334,38.97,76.83,CRITICAL,fire_heat
2026-01-01 08:35:30,L06,storage_area,0.5744,52.26,0.3918,19.333,39.09,76.75,CRITICAL,fire_heat
2026-01-01 08:35:35,L06,storage_area,0.5773,52.56,0.3917,19.333,39.12,76.81,CRITICAL,fire_heat
2026-01-01 08:35:40,L06,storage_area,0.5576,52.91,0.384,19.327,39.17,76.51,CRITICAL,fire_heat
2026-01-01 08:35:45,L06,storage_area,0.5586,53.1,0.3865,19.332,39.51,76.63,CRITICAL,fire_heat
2026-01-01 08:35:50,L06,storage_area,0.558,53.17,0.3797,19.325,39.47,76.46,CRITICAL,fire_heat
2026-01-01 08:35:55,L06,storage_area,0.5531,53.69,0.3736,19.321,39.62,76.38,CRITICAL,fire_heat
2026-01-01 08:36:00,L06,storage_area,0.5436,53.75,0.3726,19.324,39.74,76.38,CRITICAL,fire_heat
2026-01-01 08:36:05,L06,storage_area,0.5321,53.89,0.3753,19.327,39.84,76.19,CRITICAL,fire_heat
2026-01-01 08:36:10,L06,storage_area,0.532,53.98,0.3753,19.327,39.74,76.22,CRITICAL,combined_hazard
2026-01-01 08:36:15,L06,storage_area,0.5363,55.1,0.376,19.299,39.79,76.36,CRITICAL,combined_hazard
2026-01-01 08:36:20,L06,storage_area,0.5761,54.04,0.3767,19.309,39.8,76.54,CRITICAL,combined_hazard
2026-01-01 08:36:25,L06,storage_area,0.5896,55.87,0.3756,19.266,39.59,76.63,CRITICAL,combined_hazard
2026-01-01 08:36:30,L06,storage_area,0.5553,57.11,0.375,19.245,39.69,76.98,CRITICAL,combined_hazard
2026-01-01 08:36:35,L06,storage_area,0.5971,56.73,0.3773,19.239,39.62,77.04,CRITICAL,combined_hazard
2026-01-01 08:36:40,L06,storage_area,0.6121,57.01,0.3792,19.182,39.56,77.08,CRITICAL,combined_hazard
2026-01-01 08:36:45,L06,storage_area,0.6195,58.3,0.3801,19.141,39.59,77.38,CRITICAL,combined_hazard
2026-01-01 08:36:50,L06,storage_area,0.6164,59.02,0.3783,19.174,39.58,77.39,CRITICAL,combined_hazard
2026-01-01 08:36:55,L06,storage_area,0.6325,59.13,0.3803,19.128,39.51,77.53,CRITICAL,combined_hazard
2026-01-01 08:37:00,L06,storage_area,0.6377,61.66,0.3782,19.106,39.43,77.72,CRITICAL,combined_hazard
2026-01-01 08:37:05,L06,storage_area,0.6528,60.69,0.3828,19.067,39.38,77.93,CRITICAL,combined_hazard
2026-01-01 08:37:10,L06,storage_area,0.6546,60.91,0.3805,19.046,39.38,78.06,CRITICAL,combined_hazard
2026-01-01 08:37:15,L06,storage_area,0.6788,62.21,0.3839,19.056,39.37,78.1,CRITICAL,combined_hazard
2026-01-01 08:37:20,L06,storage_area,0.6735,63.48,0.3813,19.038,39.29,78.41,CRITICAL,combined_hazard
2026-01-01 08:37:25,L06,storage_area,0.7002,63.56,0.3857,19.011,39.26,78.4,CRITICAL,combined_hazard
2026-01-01 08:37:30,L06,storage_area,0.6989,64.5,0.3852,18.989,39.33,78.48,CRITICAL,combined_hazard
2026-01-01 08:37:35,L06,storage_area,0.7275,64.29,0.3841,18.962,39.23,78.51,CRITICAL,combined_hazard
2026-01-01 08:37:40,L06,storage_area,0.7281,66.41,0.3872,18.931,39.2,79.0,CRITICAL,combined_hazard
2026-01-01 08:37:45,L06,storage_area,0.7509,66.47,0.3858,18.902,39.07,79.0,CRITICAL,combined_hazard
2026-01-01 08:37:50,L06,storage_area,0.7715,67.42,0.3888,18.911,39.06,79.18,CRITICAL,combined_hazard
2026-01-01 08:37:55,L06,storage_area,0.7887,67.63,0.3877,18.853,39.05,79.44,CRITICAL,combined_hazard
2026-01-01 08:38:00,L06,storage_area,0.7509,68.56,0.386,18.848,38.98,79.36,CRITICAL,combined_hazard
2026-01-01 08:38:05,L06,storage_area,0.7822,68.14,0.3879,18.8,39.03,79.38,CRITICAL,combined_hazard
2026-01-01 08:38:10,L06,storage_area,0.7998,69.02,0.3896,18.781,38.99,79.73,CRITICAL,combined_hazard
2026-01-01 08:38:15,L06,storage_area,0.8201,70.81,0.3933,18.769,38.88,79.9,CRITICAL,combined_hazard
2026-01-01 08:38:20,L06,storage_area,0.8061,71.59,0.3932,18.734,38.93,79.97,CRITICAL,combined_hazard
2026-01-01 08:38:25,L06,storage_area,0.8253,70.53,0.3952,18.748,38.83,80.35,CRITICAL,combined_hazard
2026-01-01 08:38:30,L06,storage_area,0.8497,72.05,0.3959,18.678,38.89,79.94,CRITICAL,combined_hazard
2026-01-01 08:38:35,L06,storage_area,0.8604,72.27,0.3929,18.688,38.76,80.59,CRITICAL,combined_hazard
2026-01-01 08:38:40,L06,storage_area,0.8751,72.74,0.3942,18.667,38.74,80.68,CRITICAL,combined_hazard
2026-01-01 08:38:45,L06,storage_area,0.887,74.0,0.3945,18.602,38.74,80.78,CRITICAL,combined_hazard
2026-01-01 08:38:50,L06,storage_area,0.897,75.18,0.3948,18.61,38.7,80.39,CRITICAL,combined_hazard
2026-01-01 08:38:55,L06,storage_area,0.9065,75.39,0.3935,18.604,38.63,81.18,CRITICAL,combined_hazard
2026-01-01 08:39:00,L06,storage_area,0.916,75.55,0.3973,18.586,38.57,81.0,CRITICAL,combined_hazard
2026-01-01 08:39:05,L06,storage_area,0.9345,76.71,0.3959,18.55,38.56,81.22,CRITICAL,combined_hazard
2026-01-01 08:39:10,L06,storage_area,0.9111,76.8,0.3987,18.548,38.47,81.41,CRITICAL,combined_hazard
2026-01-01 08:39:15,L06,storage_area,0.9673,77.93,0.403,18.508,38.47,81.63,CRITICAL,combined_hazard
2026-01-01 08:39:20,L06,storage_area,0.9339,79.19,0.3993,18.489,38.39,81.81,CRITICAL,combined_hazard
2026-01-01 08:39:25,L06,storage_area,0.9585,77.65,0.4012,18.472,38.33,81.98,CRITICAL,combined_hazard
2026-01-01 08:39:30,L06,storage_area,0.9798,80.09,0.4031,18.465,38.36,82.12,CRITICAL,combined_hazard
2026-01-01 08:39:35,L06,storage_area,1.0017,79.27,0.4027,18.408,38.37,82.18,CRITICAL,combined_hazard
2026-01-01 08:39:40,L06,storage_area,0.9692,81.65,0.4035,18.39,38.32,82.35,CRITICAL,combined_hazard
2026-01-01 08:39:45,L06,storage_area,1.0158,81.12,0.4031,18.364,38.25,82.28,CRITICAL,combined_hazard
2026-01-01 08:39:50,L06,storage_area,1.0368,81.4,0.404,18.349,38.28,82.47,CRITICAL,combined_hazard
2026-01-01 08:39:55,L06,storage_area,1.0504,83.24,0.4035,18.367,38.16,82.84,CRITICAL,combined_hazard
2026-01-01 08:40:00,L06,storage_area,1.0414,83.67,0.4072,18.326,38.07,82.98,CRITICAL,combined_hazard
2026-01-01 08:40:05,L06,storage_area,1.0573,83.46,0.4036,18.266,38.03,83.1,CRITICAL,combined_hazard
2026-01-01 08:40:10,L06,storage_area,1.0648,83.94,0.4088,18.256,38.03,83.07,CRITICAL,combined_hazard
2026-01-01 08:40:15,L06,storage_area,1.0786,85.25,0.4055,18.255,38.06,83.41,CRITICAL,combined_hazard
2026-01-01 08:40:20,L06,storage_area,1.0822,85.26,0.4102,18.205,37.97,83.27,CRITICAL,combined_hazard
2026-01-01 08:40:25,L06,storage_area,1.0951,85.99,0.4087,18.187,37.98,83.72,CRITICAL,combined_hazard
2026-01-01 08:40:30,L06,storage_area,1.1221,87.37,0.4079,18.211,37.98,83.68,CRITICAL,combined_hazard
2026-01-01 08:40:35,L06,storage_area,1.1297,87.33,0.4117,18.146,37.85,84.09,CRITICAL,combined_hazard
2026-01-01 08:40:40,L06,storage_area,1.1452,88.85,0.413,18.159,37.87,83.79,CRITICAL,combined_hazard
2026-01-01 08:40:45,L06,storage_area,1.153,90.15,0.4114,18.144,37.83,84.39,CRITICAL,combined_hazard
2026-01-01 08:40:50,L06,storage_area,1.1701,89.77,0.414,18.077,37.75,84.24,CRITICAL,combined_hazard
2026-01-01 08:40:55,L06,storage_area,1.1834,90.58,0.4097,18.052,37.79,84.38,CRITICAL,combined_hazard
2026-01-01 08:41:00,L06,storage_area,1.1633,92.41,0.412,18.043,37.69,84.6,CRITICAL,combined_hazard
2026-01-01 08:41:05,L06,storage_area,1.1851,91.04,0.4171,18.003,37.66,84.62,CRITICAL,combined_hazard
2026-01-01 08:41:10,L06,storage_area,1.2037,93.17,0.4153,18.008,37.71,84.85,CRITICAL,combined_hazard
2026-01-01 08:41:15,L06,storage_area,1.2174,93.74,0.4132,17.979,37.62,84.9,CRITICAL,combined_hazard
2026-01-01 08:41:20,L06,storage_area,1.2209,94.25,0.4159,17.97,37.59,85.04,CRITICAL,combined_hazard
2026-01-01 08:41:25,L06,storage_area,1.2509,95.16,0.4162,17.971,37.57,85.35,CRITICAL,combined_hazard
2026-01-01 08:41:30,L06,storage_area,1.2749,95.17,0.4182,17.936,37.46,85.3,CRITICAL,combined_hazard
2026-01-01 08:41:35,L06,storage_area,1.2647,95.27,0.4185,17.907,37.5,85.46,CRITICAL,combined_hazard
2026-01-01 08:00:00,L07,transport_tunnel,0.1286,4.12,0.0615,20.697,27.44,65.98,SAFE,normal
2026-01-01 08:00:05,L07,transport_tunnel,0.1298,4.13,0.0598,20.689,27.46,66.47,SAFE,normal
2026-01-01 08:00:10,L07,transport_tunnel,0.1394,4.26,0.064,20.686,27.5,66.25,SAFE,normal
2026-01-01 08:00:15,L07,transport_tunnel,0.1349,4.37,0.0649,20.671,27.53,66.59,SAFE,normal
2026-01-01 08:00:20,L07,transport_tunnel,0.1363,4.38,0.0648,20.667,27.55,66.83,SAFE,normal
2026-01-01 08:00:25,L07,transport_tunnel,0.1381,4.51,0.0683,20.67,27.56,66.86,SAFE,normal
2026-01-01 08:00:30,L07,transport_tunnel,0.137,4.61,0.0696,20.656,27.58,67.0,SAFE,normal
2026-01-01 08:00:35,L07,transport_tunnel,0.1477,4.62,0.0732,20.663,27.63,66.98,SAFE,normal
2026-01-01 08:00:40,L07,transport_tunnel,0.1399,4.68,0.0684,20.648,27.65,67.56,SAFE,normal
2026-01-01 08:00:45,L07,transport_tunnel,0.1499,4.8,0.0731,20.647,27.66,67.49,SAFE,normal
2026-01-01 08:00:50,L07,transport_tunnel,0.1518,4.76,0.0729,20.651,27.68,67.76,SAFE,normal
2026-01-01 08:00:55,L07,transport_tunnel,0.1621,4.82,0.0779,20.63,27.72,67.94,SAFE,normal
2026-01-01 08:01:00,L07,transport_tunnel,0.1514,4.94,0.079,20.629,27.72,67.91,SAFE,normal
2026-01-01 08:01:05,L07,transport_tunnel,0.1569,4.99,0.0798,20.63,27.77,68.14,SAFE,normal
2026-01-01 08:01:10,L07,transport_tunnel,0.1618,5.04,0.0785,20.624,27.75,68.53,SAFE,normal
2026-01-01 08:01:15,L07,transport_tunnel,0.164,5.28,0.0834,20.611,27.79,68.32,SAFE,normal
2026-01-01 08:01:20,L07,transport_tunnel,0.1654,5.37,0.0793,20.605,27.84,68.97,SAFE,normal
2026-01-01 08:01:25,L07,transport_tunnel,0.1693,5.28,0.0802,20.601,27.83,68.71,SAFE,normal
2026-01-01 08:01:30,L07,transport_tunnel,0.168,5.37,0.0826,20.606,27.84,68.8,SAFE,normal
2026-01-01 08:01:35,L07,transport_tunnel,0.1757,5.43,0.0867,20.591,27.9,69.16,SAFE,normal
2026-01-01 08:01:40,L07,transport_tunnel,0.1694,5.58,0.0896,20.588,27.88,69.63,SAFE,normal
2026-01-01 08:01:45,L07,transport_tunnel,0.1793,5.66,0.0828,20.58,27.92,69.18,SAFE,normal
2026-01-01 08:01:50,L07,transport_tunnel,0.1799,5.53,0.0938,20.581,27.99,69.61,SAFE,normal
2026-01-01 08:01:55,L07,transport_tunnel,0.1876,5.74,0.0925,20.572,27.99,69.86,SAFE,normal
2026-01-01 08:02:00,L07,transport_tunnel,0.1925,5.7,0.09,20.561,28.05,69.96,SAFE,normal
2026-01-01 08:02:05,L07,transport_tunnel,0.1881,5.97,0.0951,20.556,28.02,70.17,SAFE,normal
2026-01-01 08:02:10,L07,transport_tunnel,0.1962,5.95,0.0987,20.544,28.06,70.17,SAFE,normal
2026-01-01 08:02:15,L07,transport_tunnel,0.1931,5.94,0.0989,20.546,28.1,70.35,SAFE,normal
2026-01-01 08:02:20,L07,transport_tunnel,0.1934,6.04,0.1014,20.55,28.09,70.58,SAFE,normal
2026-01-01 08:02:25,L07,transport_tunnel,0.2047,6.11,0.0972,20.548,28.16,70.6,SAFE,normal
2026-01-01 08:02:30,L07,transport_tunnel,0.2032,6.23,0.1007,20.539,28.17,70.92,SAFE,normal
2026-01-01 08:02:35,L07,transport_tunnel,0.204,6.33,0.1009,20.533,28.15,71.03,SAFE,normal
2026-01-01 08:02:40,L07,transport_tunnel,0.2086,6.26,0.1082,20.524,28.21,71.18,SAFE,normal
2026-01-01 08:02:45,L07,transport_tunnel,0.2097,6.52,0.1071,20.524,28.24,71.46,SAFE,normal
2026-01-01 08:02:50,L07,transport_tunnel,0.2111,6.58,0.1134,20.516,28.24,71.31,SAFE,normal
2026-01-01 08:02:55,L07,transport_tunnel,0.2095,6.49,0.1073,20.519,28.25,71.71,SAFE,normal
2026-01-01 08:03:00,L07,transport_tunnel,0.2153,6.62,0.1081,20.503,28.31,72.25,SAFE,normal
2026-01-01 08:03:05,L07,transport_tunnel,0.2207,6.79,0.1108,20.506,28.38,71.9,SAFE,normal
2026-01-01 08:03:10,L07,transport_tunnel,0.2207,6.83,0.1155,20.498,28.35,72.42,SAFE,normal
2026-01-01 08:03:15,L07,transport_tunnel,0.2265,6.8,0.113,20.492,28.41,72.4,SAFE,normal
2026-01-01 08:03:20,L07,transport_tunnel,0.2273,6.94,0.1154,20.471,28.38,72.46,SAFE,normal
2026-01-01 08:03:25,L07,transport_tunnel,0.2256,7.15,0.1167,20.483,28.43,72.52,SAFE,normal
2026-01-01 08:03:30,L07,transport_tunnel,0.2267,7.03,0.1179,20.472,28.47,72.9,SAFE,normal
2026-01-01 08:03:35,L07,transport_tunnel,0.2329,7.06,0.1177,20.465,28.47,73.26,SAFE,normal
2026-01-01 08:03:40,L07,transport_tunnel,0.2341,7.18,0.1202,20.454,28.49,73.14,SAFE,normal
2026-01-01 08:03:45,L07,transport_tunnel,0.2394,7.25,0.1215,20.457,28.54,73.35,SAFE,normal
2026-01-01 08:03:50,L07,transport_tunnel,0.2384,7.27,0.1232,20.452,28.59,73.68,SAFE,normal
2026-01-01 08:03:55,L07,transport_tunnel,0.2412,7.4,0.1267,20.439,28.58,73.74,SAFE,normal
2026-01-01 08:04:00,L07,transport_tunnel,0.2491,7.36,0.1299,20.433,28.58,73.62,SAFE,normal
2026-01-01 08:04:05,L07,transport_tunnel,0.2486,7.47,0.1254,20.439,28.61,74.03,SAFE,normal
2026-01-01 08:04:10,L07,transport_tunnel,0.2483,7.63,0.1277,20.436,28.7,74.4,SAFE,normal
2026-01-01 08:04:15,L07,transport_tunnel,0.2531,7.54,0.1281,20.427,28.67,74.33,SAFE,normal
2026-01-01 08:04:20,L07,transport_tunnel,0.2599,7.78,0.1317,20.427,28.68,74.09,SAFE,normal
2026-01-01 08:04:25,L07,transport_tunnel,0.2589,7.66,0.1315,20.415,28.69,74.72,SAFE,normal
2026-01-01 08:04:30,L07,transport_tunnel,0.2623,7.74,0.1345,20.41,28.7,74.8,SAFE,normal
2026-01-01 08:04:35,L07,transport_tunnel,0.2604,7.89,0.1378,20.4,28.77,74.71,SAFE,normal
2026-01-01 08:04:40,L07,transport_tunnel,0.2686,8.01,0.1311,20.391,28.8,74.9,SAFE,normal
2026-01-01 08:04:45,L07,transport_tunnel,0.2753,8.15,0.1392,20.405,28.8,75.46,SAFE,normal
2026-01-01 08:04:50,L07,transport_tunnel,0.2676,8.14,0.1384,20.396,28.83,75.37,SAFE,normal
2026-01-01 08:04:55,L07,transport_tunnel,0.2688,8.19,0.1418,20.376,28.83,75.5,SAFE,normal
2026-01-01 08:05:00,L07,transport_tunnel,0.2757,8.31,0.1401,20.38,28.88,75.8,SAFE,normal
2026-01-01 08:05:05,L07,transport_tunnel,0.2804,8.28,0.1461,20.373,28.92,75.87,SAFE,normal
2026-01-01 08:05:10,L07,transport_tunnel,0.2769,8.14,0.1421,20.379,28.91,75.87,SAFE,methane_buildup
2026-01-01 08:05:15,L07,transport_tunnel,0.2997,8.64,0.1424,20.359,28.9,76.13,SAFE,methane_buildup
2026-01-01 08:05:20,L07,transport_tunnel,0.2978,8.47,0.145,20.366,28.91,76.17,SAFE,methane_buildup
2026-01-01 08:05:25,L07,transport_tunnel,0.306,8.84,0.1434,20.349,28.93,76.29,SAFE,methane_buildup
2026-01-01 08:05:30,L07,transport_tunnel,0.3055,8.76,0.1437,20.327,28.92,76.44,SAFE,methane_buildup
2026-01-01 08:05:35,L07,transport_tunnel,0.3157,9.18,0.1456,20.339,28.93,76.74,SAFE,methane_buildup
2026-01-01 08:05:40,L07,transport_tunnel,0.318,9.43,0.1434,20.322,28.93,76.8,SAFE,methane_buildup
2026-01-01 08:05:45,L07,transport_tunnel,0.3346,9.08,0.1452,20.315,28.95,76.9,SAFE,methane_buildup
2026-01-01 08:05:50,L07,transport_tunnel,0.3351,9.29,0.1451,20.312,28.94,77.13,SAFE,methane_buildup
2026-01-01 08:05:55,L07,transport_tunnel,0.345,9.66,0.1453,20.303,28.94,77.18,SAFE,methane_buildup
2026-01-01 08:06:00,L07,transport_tunnel,0.3518,9.76,0.1449,20.299,28.96,77.53,SAFE,methane_buildup
2026-01-01 08:06:05,L07,transport_tunnel,0.3577,9.93,0.145,20.291,28.95,77.39,SAFE,methane_buildup
2026-01-01 08:06:10,L07,transport_tunnel,0.3877,9.9,0.1446,20.27,28.96,77.64,SAFE,methane_buildup
2026-01-01 08:06:15,L07,transport_tunnel,0.3673,10.35,0.1467,20.289,28.96,77.62,SAFE,methane_buildup
2026-01-01 08:06:20,L07,transport_tunnel,0.3746,10.26,0.1455,20.262,28.97,77.9,SAFE,methane_buildup
2026-01-01 08:06:25,L07,transport_tunnel,0.3924,10.22,0.1476,20.255,28.97,77.87,SAFE,methane_buildup
2026-01-01 08:06:30,L07,transport_tunnel,0.3898,10.48,0.1464,20.252,28.98,78.33,SAFE,methane_buildup
2026-01-01 08:06:35,L07,transport_tunnel,0.3994,10.5,0.1456,20.246,28.98,78.47,SAFE,methane_buildup
2026-01-01 08:06:40,L07,transport_tunnel,0.4006,10.98,0.1468,20.251,28.98,78.62,SAFE,methane_buildup
2026-01-01 08:06:45,L07,transport_tunnel,0.42,10.84,0.1468,20.234,28.99,78.66,SAFE,methane_buildup
2026-01-01 08:06:50,L07,transport_tunnel,0.4274,11.12,0.1487,20.229,28.99,78.68,SAFE,methane_buildup
2026-01-01 08:06:55,L07,transport_tunnel,0.4285,11.13,0.1473,20.219,28.99,78.83,SAFE,methane_buildup
2026-01-01 08:07:00,L07,transport_tunnel,0.4437,11.25,0.1476,20.212,29.01,79.28,SAFE,methane_buildup
2026-01-01 08:07:05,L07,transport_tunnel,0.4312,11.22,0.1498,20.205,29.01,79.41,SAFE,methane_buildup
2026-01-01 08:07:10,L07,transport_tunnel,0.4474,11.67,0.1489,20.18,29.02,79.38,SAFE,methane_buildup
2026-01-01 08:07:15,L07,transport_tunnel,0.4588,11.9,0.1505,20.186,29.01,79.44,WARNING,methane_buildup
2026-01-01 08:07:20,L07,transport_tunnel,0.4584,11.75,0.1502,20.189,29.02,79.83,WARNING,methane_buildup
2026-01-01 08:07:25,L07,transport_tunnel,0.4613,11.81,0.1479,20.203,29.02,79.7,SAFE,methane_buildup
2026-01-01 08:07:30,L07,transport_tunnel,0.4796,12.24,0.1503,20.156,29.03,79.96,WARNING,methane_buildup
2026-01-01 08:07:35,L07,transport_tunnel,0.4946,12.07,0.1511,20.161,29.03,80.25,WARNING,methane_buildup
2026-01-01 08:07:40,L07,transport_tunnel,0.5064,12.57,0.1513,20.146,29.04,80.1,WARNING,methane_buildup
2026-01-01 08:07:45,L07,transport_tunnel,0.4997,12.44,0.1509,20.159,29.04,80.46,WARNING,methane_buildup
2026-01-01 08:07:50,L07,transport_tunnel,0.5168,12.55,0.1511,20.125,29.04,80.57,WARNING,methane_buildup
2026-01-01 08:07:55,L07,transport_tunnel,0.5234,12.85,0.1498,20.133,29.05,80.63,WARNING,methane_buildup
2026-01-01 08:08:00,L07,transport_tunnel,0.5352,12.83,0.1493,20.11,29.06,80.65,WARNING,methane_buildup
2026-01-01 08:08:05,L07,transport_tunnel,0.5304,13.0,0.1501,20.111,29.06,80.83,WARNING,methane_buildup
2026-01-01 08:08:10,L07,transport_tunnel,0.5266,13.27,0.1488,20.105,29.06,81.1,WARNING,methane_buildup
2026-01-01 08:08:15,L07,transport_tunnel,0.5482,13.06,0.1525,20.107,29.06,81.02,WARNING,methane_buildup
2026-01-01 08:08:20,L07,transport_tunnel,0.5472,13.7,0.1508,20.082,29.08,81.36,WARNING,methane_buildup
2026-01-01 08:08:25,L07,transport_tunnel,0.5567,13.64,0.1529,20.089,29.07,81.56,WARNING,methane_buildup
2026-01-01 08:08:30,L07,transport_tunnel,0.5673,13.61,0.1501,20.076,29.08,81.76,WARNING,methane_buildup
2026-01-01 08:08:35,L07,transport_tunnel,0.5743,13.78,0.153,20.071,29.09,81.59,WARNING,methane_buildup
2026-01-01 08:08:40,L07,transport_tunnel,0.5853,14.17,0.1514,20.069,29.09,82.09,WARNING,methane_buildup
2026-01-01 08:08:45,L07,transport_tunnel,0.5969,14.25,0.1506,20.044,29.09,82.28,WARNING,methane_buildup
2026-01-01 08:08:50,L07,transport_tunnel,0.596,14.49,0.1543,20.052,29.1,82.25,WARNING,methane_buildup
2026-01-01 08:08:55,L07,transport_tunnel,0.6091,14.36,0.1539,20.034,29.11,82.2,WARNING,methane_buildup
2026-01-01 08:09:00,L07,transport_tunnel,0.6135,14.62,0.153,20.04,29.11,82.44,WARNING,methane_buildup
2026-01-01 08:09:05,L07,transport_tunnel,0.6279,14.77,0.153,20.026,29.12,82.62,WARNING,methane_buildup
2026-01-01 08:09:10,L07,transport_tunnel,0.6266,14.94,0.1537,20.015,29.12,82.8,WARNING,methane_buildup
2026-01-01 08:09:15,L07,transport_tunnel,0.6347,15.13,0.1536,20.004,29.13,82.91,WARNING,methane_buildup
2026-01-01 08:09:20,L07,transport_tunnel,0.6397,15.04,0.1526,20.008,29.13,83.08,WARNING,methane_buildup
2026-01-01 08:09:25,L07,transport_tunnel,0.6487,15.25,0.1533,20.004,29.14,83.18,WARNING,methane_buildup
2026-01-01 08:09:30,L07,transport_tunnel,0.6512,15.32,0.1563,19.982,29.15,83.37,WARNING,methane_buildup
2026-01-01 08:09:35,L07,transport_tunnel,0.6577,15.53,0.1573,19.97,29.15,83.41,WARNING,methane_buildup
2026-01-01 08:09:40,L07,transport_tunnel,0.6778,15.76,0.1562,19.977,29.15,83.57,WARNING,methane_buildup
2026-01-01 08:09:45,L07,transport_tunnel,0.6708,15.6,0.1551,19.953,29.15,83.68,WARNING,methane_buildup
2026-01-01 08:09:50,L07,transport_tunnel,0.684,16.08,0.1544,19.947,29.15,84.15,WARNING,methane_buildup
2026-01-01 08:09:55,L07,transport_tunnel,0.7015,15.94,0.154,19.941,29.16,84.23,WARNING,methane_buildup
2026-01-01 08:10:00,L07,transport_tunnel,0.6983,16.18,0.1543,19.939,29.17,84.25,WARNING,methane_buildup
2026-01-01 08:10:05,L07,transport_tunnel,0.7147,16.51,0.1547,19.924,29.17,84.5,WARNING,methane_buildup
2026-01-01 08:10:10,L07,transport_tunnel,0.7111,16.53,0.1581,19.912,29.17,84.57,WARNING,methane_buildup
2026-01-01 08:10:15,L07,transport_tunnel,0.7149,16.66,0.1579,19.911,29.18,84.63,WARNING,methane_buildup
2026-01-01 08:10:20,L07,transport_tunnel,0.7144,17.04,0.1559,19.919,29.17,85.02,WARNING,co_buildup
2026-01-01 08:10:25,L07,transport_tunnel,0.7206,17.37,0.1586,19.92,29.2,84.18,WARNING,co_buildup
2026-01-01 08:10:30,L07,transport_tunnel,0.7145,17.21,0.1565,19.918,29.26,84.26,WARNING,co_buildup
2026-01-01 08:10:35,L07,transport_tunnel,0.7008,17.29,0.1534,19.919,29.39,83.79,WARNING,co_buildup
2026-01-01 08:10:40,L07,transport_tunnel,0.698,17.94,0.1526,19.919,29.37,83.93,WARNING,co_buildup
2026-01-01 08:10:45,L07,transport_tunnel,0.7038,18.3,0.1575,19.918,29.38,83.37,WARNING,co_buildup
2026-01-01 08:10:50,L07,transport_tunnel,0.687,18.97,0.1549,19.918,29.46,83.31,WARNING,co_buildup
2026-01-01 08:10:55,L07,transport_tunnel,0.6878,19.16,0.1539,19.917,29.54,82.88,WARNING,co_buildup
2026-01-01 08:11:00,L07,transport_tunnel,0.6806,19.3,0.1528,19.917,29.52,82.99,WARNING,co_buildup
2026-01-01 08:11:05,L07,transport_tunnel,0.6794,20.3,0.1527,19.918,29.71,82.43,WARNING,co_buildup
2026-01-01 08:11:10,L07,transport_tunnel,0.6664,20.34,0.1499,19.917,29.73,82.69,WARNING,co_buildup
2026-01-01 08:11:15,L07,transport_tunnel,0.6667,20.81,0.1518,19.917,29.81,81.9,WARNING,co_buildup
2026-01-01 08:11:20,L07,transport_tunnel,0.662,20.45,0.1513,19.914,29.81,81.6,WARNING,co_buildup
2026-01-01 08:11:25,L07,transport_tunnel,0.6572,20.58,0.1496,19.916,29.74,81.86,WARNING,co_buildup
2026-01-01 08:11:30,L07,transport_tunnel,0.6512,21.28,0.1497,19.916,29.96,81.31,WARNING,co_buildup
2026-01-01 08:11:35,L07,transport_tunnel,0.6475,21.97,0.1521,19.914,29.9,81.2,WARNING,co_buildup
2026-01-01 08:11:40,L07,transport_tunnel,0.6529,22.69,0.1495,19.917,29.95,80.91,WARNING,co_buildup
2026-01-01 08:11:45,L07,transport_tunnel,0.6499,22.07,0.1521,19.911,30.05,80.48,WARNING,co_buildup
2026-01-01 08:11:50,L07,transport_tunnel,0.6264,23.76,0.1465,19.915,30.16,80.51,WARNING,co_buildup
2026-01-01 08:11:55,L07,transport_tunnel,0.6117,23.65,0.1478,19.914,30.19,80.56,WARNING,co_buildup
2026-01-01 08:12:00,L07,transport_tunnel,0.6232,24.42,0.146,19.914,30.24,80.28,WARNING,co_buildup
2026-01-01 08:12:05,L07,transport_tunnel,0.6157,24.03,0.1461,19.913,30.23,79.89,WARNING,co_buildup
2026-01-01 08:12:10,L07,transport_tunnel,0.6155,24.87,0.1462,19.913,30.28,79.85,WARNING,co_buildup
2026-01-01 08:12:15,L07,transport_tunnel,0.6059,25.09,0.1474,19.913,30.36,79.17,WARNING,co_buildup
2026-01-01 08:12:20,L07,transport_tunnel,0.5995,25.71,0.1469,19.911,30.39,79.09,WARNING,co_buildup
2026-01-01 08:12:25,L07,transport_tunnel,0.6004,25.72,0.1453,19.912,30.49,79.02,WARNING,co_buildup
2026-01-01 08:12:30,L07,transport_tunnel,0.5961,26.32,0.1428,19.911,30.54,78.68,WARNING,co_buildup
2026-01-01 08:12:35,L07,transport_tunnel,0.5757,26.9,0.1474,19.91,30.58,78.43,WARNING,co_buildup
2026-01-01 08:12:40,L07,transport_tunnel,0.5738,26.68,0.1446,19.912,30.48,78.0,WARNING,co_buildup
2026-01-01 08:12:45,L07,transport_tunnel,0.5727,27.35,0.1431,19.91,30.66,77.59,WARNING,co_buildup
2026-01-01 08:12:50,L07,transport_tunnel,0.5687,27.0,0.1446,19.908,30.7,77.97,WARNING,co_buildup
2026-01-01 08:12:55,L07,transport_tunnel,0.5617,28.24,0.1442,19.909,30.76,77.62,WARNING,co_buildup
2026-01-01 08:13:00,L07,transport_tunnel,0.5603,29.03,0.1431,19.908,30.77,77.53,WARNING,co_buildup
2026-01-01 08:13:05,L07,transport_tunnel,0.5584,28.31,0.1433,19.91,30.79,77.03,WARNING,co_buildup
2026-01-01 08:13:10,L07,transport_tunnel,0.5574,29.07,0.1412,19.909,30.93,76.74,WARNING,co_buildup
2026-01-01 08:13:15,L07,transport_tunnel,0.5457,29.76,0.1434,19.91,30.94,76.67,WARNING,co_buildup
2026-01-01 08:13:20,L07,transport_tunnel,0.5323,29.85,0.1406,19.907,31.03,76.62,WARNING,co_buildup
2026-01-01 08:13:25,L07,transport_tunnel,0.5312,30.26,0.1408,19.909,31.03,76.16,WARNING,co_buildup
2026-01-01 08:13:30,L07,transport_tunnel,0.5265,30.44,0.1421,19.911,31.18,76.15,WARNING,co_buildup
2026-01-01 08:13:35,L07,transport_tunnel,0.5247,30.79,0.1424,19.908,31.21,75.55,WARNING,co_buildup
2026-01-01 08:13:40,L07,transport_tunnel,0.5188,31.27,0.1426,19.908,31.22,75.5,WARNING,co_buildup
2026-01-01 08:13:45,L07,transport_tunnel,0.5232,31.68,0.1415,19.907,31.25,75.29,WARNING,co_buildup
2026-01-01 08:13:50,L07,transport_tunnel,0.5036,31.64,0.1392,19.904,31.35,75.33,WARNING,co_buildup
2026-01-01 08:13:55,L07,transport_tunnel,0.5033,32.38,0.1372,19.907,31.38,74.89,WARNING,co_buildup
2026-01-01 08:14:00,L07,transport_tunnel,0.5094,33.3,0.1408,19.906,31.42,74.99,WARNING,co_buildup
2026-01-01 08:14:05,L07,transport_tunnel,0.4874,33.0,0.1404,19.905,31.51,74.11,WARNING,co_buildup
2026-01-01 08:14:10,L07,transport_tunnel,0.4865,33.09,0.1372,19.904,31.58,74.2,WARNING,co_buildup
2026-01-01 08:14:15,L07,transport_tunnel,0.4751,33.82,0.139,19.905,31.51,73.98,WARNING,co_buildup
2026-01-01 08:14:20,L07,transport_tunnel,0.4758,34.0,0.1369,19.903,31.57,73.84,WARNING,co_buildup
2026-01-01 08:14:25,L07,transport_tunnel,0.4657,34.16,0.139,19.907,31.63,73.32,WARNING,co_buildup
2026-01-01 08:14:30,L07,transport_tunnel,0.471,35.02,0.1359,19.904,31.65,73.61,WARNING,co_buildup
2026-01-01 08:14:35,L07,transport_tunnel,0.4607,35.1,0.1389,19.902,31.77,73.04,WARNING,co_buildup
2026-01-01 08:14:40,L07,transport_tunnel,0.4493,35.5,0.1369,19.902,31.85,72.58,WARNING,co_buildup
2026-01-01 08:14:45,L07,transport_tunnel,0.4543,36.13,0.1379,19.902,31.87,72.58,WARNING,co_buildup
2026-01-01 08:14:50,L07,transport_tunnel,0.4454,35.92,0.1344,19.905,31.9,72.29,WARNING,co_buildup
2026-01-01 08:14:55,L07,transport_tunnel,0.4447,36.22,0.1352,19.901,32.03,72.71,WARNING,co_buildup
2026-01-01 08:15:00,L07,transport_tunnel,0.4275,37.4,0.133,19.901,32.03,72.12,WARNING,co_buildup
2026-01-01 08:15:05,L07,transport_tunnel,0.431,36.89,0.135,19.901,32.09,71.68,WARNING,co_buildup
2026-01-01 08:15:10,L07,transport_tunnel,0.4282,37.58,0.1347,19.902,32.18,71.42,WARNING,co_buildup
2026-01-01 08:15:15,L07,transport_tunnel,0.4162,37.67,0.1364,19.9,32.17,71.42,WARNING,co_buildup
2026-01-01 08:15:20,L07,transport_tunnel,0.4062,38.48,0.1334,19.899,32.32,71.2,WARNING,co_buildup
2026-01-01 08:15:25,L07,transport_tunnel,0.408,39.15,0.1333,19.9,32.26,70.16,WARNING,co_buildup
2026-01-01 08:15:30,L07,transport_tunnel,0.411,38.92,0.1349,19.92,32.28,70.66,WARNING,low_oxygen
2026-01-01 08:15:35,L07,transport_tunnel,0.4144,38.8,0.1319,19.881,32.2,71.03,WARNING,low_oxygen
2026-01-01 08:15:40,L07,transport_tunnel,0.4095,38.56,0.1346,19.835,32.18,71.24,WARNING,low_oxygen
2026-01-01 08:15:45,L07,transport_tunnel,0.4085,38.58,0.1439,19.815,32.21,71.31,WARNING,low_oxygen
2026-01-01 08:15:50,L07,transport_tunnel,0.4164,38.53,0.1477,19.817,32.21,71.68,WARNING,low_oxygen
2026-01-01 08:15:55,L07,transport_tunnel,0.4158,38.39,0.1506,19.808,32.15,72.09,DANGER,low_oxygen
2026-01-01 08:16:00,L07,transport_tunnel,0.4146,37.98,0.1537,19.825,32.1,72.15,DANGER,low_oxygen
2026-01-01 08:16:05,L07,transport_tunnel,0.4195,37.91,0.1664,19.764,32.05,72.38,DANGER,low_oxygen
2026-01-01 08:16:10,L07,transport_tunnel,0.4231,37.77,0.1644,19.696,32.08,72.41,DANGER,low_oxygen
2026-01-01 08:16:15,L07,transport_tunnel,0.4226,37.63,0.1751,19.682,32.02,73.18,DANGER,low_oxygen
2026-01-01 08:16:20,L07,transport_tunnel,0.4226,37.24,0.1757,19.725,32.03,72.87,DANGER,low_oxygen
2026-01-01 08:16:25,L07,transport_tunnel,0.4257,37.48,0.1814,19.649,31.99,72.88,WARNING,low_oxygen
2026-01-01 08:16:30,L07,transport_tunnel,0.4278,37.18,0.1728,19.632,31.97,73.63,WARNING,low_oxygen
2026-01-01 08:16:35,L07,transport_tunnel,0.4247,37.02,0.184,19.588,31.93,73.65,WARNING,low_oxygen
2026-01-01 08:16:40,L07,transport_tunnel,0.4308,36.9,0.1832,19.62,31.91,73.83,WARNING,low_oxygen
2026-01-01 08:16:45,L07,transport_tunnel,0.4294,36.63,0.1815,19.575,31.88,74.01,WARNING,low_oxygen
2026-01-01 08:16:50,L07,transport_tunnel,0.436,36.23,0.1993,19.525,31.84,74.73,WARNING,low_oxygen
2026-01-01 08:16:55,L07,transport_tunnel,0.4321,36.2,0.1951,19.498,31.8,74.64,DANGER,low_oxygen
2026-01-01 08:17:00,L07,transport_tunnel,0.4402,35.81,0.1955,19.503,31.74,74.9,WARNING,low_oxygen
2026-01-01 08:17:05,L07,transport_tunnel,0.4383,35.96,0.2021,19.475,31.77,75.05,DANGER,low_oxygen
2026-01-01 08:17:10,L07,transport_tunnel,0.4396,35.71,0.2042,19.47,31.78,75.29,DANGER,low_oxygen
2026-01-01 08:17:15,L07,transport_tunnel,0.4433,35.56,0.2084,19.441,31.74,75.75,DANGER,low_oxygen
2026-01-01 08:17:20,L07,transport_tunnel,0.442,35.58,0.2143,19.401,31.7,75.63,DANGER,low_oxygen
2026-01-01 08:17:25,L07,transport_tunnel,0.4465,35.17,0.2268,19.373,31.65,75.61,DANGER,low_oxygen
2026-01-01 08:17:30,L07,transport_tunnel,0.4456,35.04,0.2199,19.359,31.66,76.31,DANGER,low_oxygen
2026-01-01 08:17:35,L07,transport_tunnel,0.4477,34.91,0.234,19.328,31.61,76.46,DANGER,low_oxygen
2026-01-01 08:17:40,L07,transport_tunnel,0.4517,34.47,0.2342,19.315,31.63,76.6,DANGER,low_oxygen
2026-01-01 08:17:45,L07,transport_tunnel,0.4495,34.54,0.2359,19.295,31.54,76.9,DANGER,low_oxygen
2026-01-01 08:17:50,L07,transport_tunnel,0.4508,34.04,0.2413,19.253,31.51,76.95,DANGER,low_oxygen
2026-01-01 08:17:55,L07,transport_tunnel,0.4562,34.17,0.2418,19.264,31.49,77.26,DANGER,low_oxygen
2026-01-01 08:18:00,L07,transport_tunnel,0.4572,34.22,0.2512,19.22,31.44,77.45,DANGER,low_oxygen
2026-01-01 08:18:05,L07,transport_tunnel,0.4593,33.99,0.2518,19.187,31.43,77.58,DANGER,low_oxygen
2026-01-01 08:18:10,L07,transport_tunnel,0.4613,33.67,0.2456,19.175,31.43,78.17,DANGER,low_oxygen
2026-01-01 08:18:15,L07,transport_tunnel,0.4623,33.61,0.2581,19.166,31.38,77.86,DANGER,low_oxygen
2026-01-01 08:18:20,L07,transport_tunnel,0.4653,33.27,0.264,19.14,31.28,78.86,DANGER,low_oxygen
2026-01-01 08:18:25,L07,transport_tunnel,0.4656,33.27,0.263,19.125,31.37,78.77,DANGER,low_oxygen
2026-01-01 08:18:30,L07,transport_tunnel,0.462,33.55,0.2687,19.113,31.28,78.45,DANGER,low_oxygen
2026-01-01 08:18:35,L07,transport_tunnel,0.4643,33.22,0.2691,19.099,31.31,78.99,DANGER,low_oxygen
2026-01-01 08:18:40,L07,transport_tunnel,0.4751,32.79,0.2695,19.055,31.27,79.23,DANGER,low_oxygen
2026-01-01 08:18:45,L07,transport_tunnel,0.4719,32.64,0.2725,19.003,31.3,79.57,DANGER,low_oxygen
2026-01-01 08:18:50,L07,transport_tunnel,0.4759,32.3,0.2763,18.998,31.24,79.51,DANGER,low_oxygen
2026-01-01 08:18:55,L07,transport_tunnel,0.4743,32.17,0.2899,18.96,31.18,79.94,DANGER,low_oxygen
2026-01-01 08:19:00,L07,transport_tunnel,0.4767,32.18,0.2796,18.995,31.14,80.13,DANGER,low_oxygen
2026-01-01 08:19:05,L07,transport_tunnel,0.4773,31.88,0.2915,18.979,31.17,80.23,DANGER,low_oxygen
2026-01-01 08:19:10,L07,transport_tunnel,0.4862,31.93,0.2948,18.928,31.07,80.43,DANGER,low_oxygen
2026-01-01 08:19:15,L07,transport_tunnel,0.4823,31.87,0.3008,18.91,31.09,81.02,DANGER,low_oxygen
2026-01-01 08:19:20,L07,transport_tunnel,0.482,31.52,0.2975,18.875,31.05,80.7,DANGER,low_oxygen
2026-01-01 08:19:25,L07,transport_tunnel,0.4809,31.32,0.3114,18.855,31.02,81.38,DANGER,low_oxygen
2026-01-01 08:19:30,L07,transport_tunnel,0.4915,30.89,0.3077,18.79,31.01,81.66,DANGER,low_oxygen
2026-01-01 08:19:35,L07,transport_tunnel,0.4878,31.09,0.3221,18.8,30.98,81.68,DANGER,low_oxygen
2026-01-01 08:19:40,L07,transport_tunnel,0.4917,30.64,0.3181,18.761,30.96,81.96,DANGER,low_oxygen
2026-01-01 08:19:45,L07,transport_tunnel,0.4936,30.58,0.3242,18.763,30.93,82.41,DANGER,low_oxygen
2026-01-01 08:19:50,L07,transport_tunnel,0.492,30.63,0.3284,18.733,30.91,82.25,DANGER,low_oxygen
2026-01-01 08:19:55,L07,transport_tunnel,0.4965,30.48,0.3333,18.754,30.87,82.5,DANGER,low_oxygen
2026-01-01 08:20:00,L07,transport_tunnel,0.4949,30.09,0.3361,18.71,30.83,82.74,DANGER,low_oxygen
2026-01-01 08:20:05,L07,transport_tunnel,0.4956,29.93,0.3378,18.674,30.82,83.31,DANGER,low_oxygen
2026-01-01 08:20:10,L07,transport_tunnel,0.5026,29.72,0.345,18.639,30.77,83.56,CRITICAL,low_oxygen
2026-01-01 08:20:15,L07,transport_tunnel,0.5009,29.48,0.3493,18.659,30.74,83.23,CRITICAL,low_oxygen
2026-01-01 08:20:20,L07,transport_tunnel,0.5042,29.4,0.3476,18.6,30.73,83.94,CRITICAL,low_oxygen
2026-01-01 08:20:25,L07,transport_tunnel,0.5056,29.09,0.3567,18.585,30.71,84.13,CRITICAL,low_oxygen
2026-01-01 08:20:30,L07,transport_tunnel,0.5078,29.27,0.3639,18.556,30.69,84.5,CRITICAL,low_oxygen
2026-01-01 08:20:35,L07,transport_tunnel,0.504,29.07,0.3655,18.524,30.68,84.49,CRITICAL,low_oxygen
2026-01-01 08:20:40,L07,transport_tunnel,0.506,29.35,0.3657,18.513,30.64,84.42,CRITICAL,co2_buildup
2026-01-01 08:20:45,L07,transport_tunnel,0.5075,28.75,0.3612,18.505,30.67,84.44,CRITICAL,co2_buildup
2026-01-01 08:20:50,L07,transport_tunnel,0.5068,28.57,0.367,18.6,30.66,84.36,CRITICAL,co2_buildup
2026-01-01 08:20:55,L07,transport_tunnel,0.5093,28.61,0.3681,18.597,30.62,84.67,CRITICAL,co2_buildup
2026-01-01 08:21:00,L07,transport_tunnel,0.5116,28.15,0.3734,18.604,30.6,84.77,CRITICAL,co2_buildup
2026-01-01 08:21:05,L07,transport_tunnel,0.5108,28.25,0.3742,18.612,30.58,84.69,CRITICAL,co2_buildup
2026-01-01 08:21:10,L07,transport_tunnel,0.513,27.86,0.3749,18.591,30.56,84.73,CRITICAL,co2_buildup
2026-01-01 08:21:15,L07,transport_tunnel,0.5125,27.09,0.375,18.648,30.58,84.85,CRITICAL,co2_buildup
2026-01-01 08:21:20,L07,transport_tunnel,0.5119,27.56,0.3733,18.691,30.57,84.91,CRITICAL,co2_buildup
2026-01-01 08:21:25,L07,transport_tunnel,0.5133,27.3,0.3813,18.714,30.52,85.05,CRITICAL,co2_buildup
2026-01-01 08:21:30,L07,transport_tunnel,0.5145,27.1,0.3841,18.727,30.52,85.06,CRITICAL,co2_buildup
2026-01-01 08:21:35,L07,transport_tunnel,0.5146,26.34,0.3801,18.736,30.5,85.07,CRITICAL,co2_buildup
2026-01-01 08:21:40,L07,transport_tunnel,0.5152,26.37,0.3831,18.775,30.49,85.1,CRITICAL,co2_buildup
2026-01-01 08:21:45,L07,transport_tunnel,0.5143,26.18,0.3894,18.764,30.49,85.3,CRITICAL,co2_buildup
2026-01-01 08:21:50,L07,transport_tunnel,0.5154,25.92,0.3917,18.807,30.45,85.35,CRITICAL,co2_buildup
2026-01-01 08:21:55,L07,transport_tunnel,0.5202,26.21,0.3899,18.8,30.46,85.44,CRITICAL,co2_buildup
2026-01-01 08:22:00,L07,transport_tunnel,0.5192,25.66,0.3931,18.809,30.45,85.38,CRITICAL,co2_buildup
2026-01-01 08:22:05,L07,transport_tunnel,0.5156,25.45,0.3916,18.825,30.42,85.62,CRITICAL,co2_buildup
2026-01-01 08:22:10,L07,transport_tunnel,0.5148,25.35,0.4028,18.842,30.42,85.47,CRITICAL,co2_buildup
2026-01-01 08:22:15,L07,transport_tunnel,0.5192,25.15,0.3971,18.891,30.4,85.68,CRITICAL,co2_buildup
2026-01-01 08:22:20,L07,transport_tunnel,0.521,24.19,0.4044,18.884,30.4,85.59,DANGER,co2_buildup
2026-01-01 08:22:25,L07,transport_tunnel,0.5195,24.5,0.4048,18.897,30.35,85.72,DANGER,co2_buildup
2026-01-01 08:22:30,L07,transport_tunnel,0.5224,24.14,0.4106,18.947,30.35,85.92,DANGER,co2_buildup
2026-01-01 08:22:35,L07,transport_tunnel,0.5215,24.28,0.4067,18.958,30.34,85.94,DANGER,co2_buildup
2026-01-01 08:22:40,L07,transport_tunnel,0.5218,23.94,0.4112,18.987,30.29,85.93,DANGER,co2_buildup
2026-01-01 08:22:45,L07,transport_tunnel,0.5238,23.79,0.4082,18.998,30.3,85.99,DANGER,co2_buildup
2026-01-01 08:22:50,L07,transport_tunnel,0.5224,23.18,0.4095,18.994,30.29,86.09,DANGER,co2_buildup
2026-01-01 08:22:55,L07,transport_tunnel,0.5234,23.31,0.4188,19.026,30.3,86.18,DANGER,co2_buildup
2026-01-01 08:23:00,L07,transport_tunnel,0.5254,23.37,0.414,19.046,30.26,86.29,DANGER,co2_buildup
2026-01-01 08:23:05,L07,transport_tunnel,0.5249,23.22,0.4205,19.045,30.24,86.26,DANGER,co2_buildup
2026-01-01 08:23:10,L07,transport_tunnel,0.5285,22.88,0.426,19.06,30.25,86.25,DANGER,co2_buildup
2026-01-01 08:23:15,L07,transport_tunnel,0.5272,22.27,0.4273,19.086,30.21,86.42,DANGER,co2_buildup
2026-01-01 08:23:20,L07,transport_tunnel,0.5277,22.56,0.4253,19.152,30.19,86.45,DANGER,co2_buildup
2026-01-01 08:23:25,L07,transport_tunnel,0.5273,22.25,0.4247,19.127,30.2,86.46,DANGER,co2_buildup
2026-01-01 08:23:30,L07,transport_tunnel,0.5293,21.88,0.4327,19.174,30.17,86.62,DANGER,co2_buildup
2026-01-01 08:23:35,L07,transport_tunnel,0.528,21.31,0.4371,19.163,30.15,86.66,DANGER,co2_buildup
2026-01-01 08:23:40,L07,transport_tunnel,0.5296,21.67,0.4334,19.205,30.17,86.75,DANGER,co2_buildup
2026-01-01 08:23:45,L07,transport_tunnel,0.5283,21.16,0.435,19.223,30.16,86.75,DANGER,co2_buildup
2026-01-01 08:23:50,L07,transport_tunnel,0.5319,21.14,0.4379,19.242,30.14,86.89,DANGER,co2_buildup
2026-01-01 08:23:55,L07,transport_tunnel,0.5313,20.87,0.443,19.251,30.13,86.85,DANGER,co2_buildup
2026-01-01 08:24:00,L07,transport_tunnel,0.5345,20.95,0.4469,19.286,30.12,86.94,DANGER,co2_buildup
2026-01-01 08:24:05,L07,transport_tunnel,0.5358,20.42,0.4419,19.287,30.06,87.04,DANGER,co2_buildup
2026-01-01 08:24:10,L07,transport_tunnel,0.5339,20.23,0.4432,19.329,30.08,87.23,DANGER,co2_buildup
2026-01-01 08:24:15,L07,transport_tunnel,0.5334,20.33,0.4562,19.288,30.05,87.23,DANGER,co2_buildup
2026-01-01 08:24:20,L07,transport_tunnel,0.5324,19.69,0.451,19.341,30.04,87.32,DANGER,co2_buildup
2026-01-01 08:24:25,L07,transport_tunnel,0.5358,19.76,0.4543,19.358,30.04,87.4,DANGER,co2_buildup
2026-01-01 08:24:30,L07,transport_tunnel,0.5354,19.36,0.4536,19.355,30.0,87.6,DANGER,co2_buildup
2026-01-01 08:24:35,L07,transport_tunnel,0.5365,19.0,0.459,19.4,29.98,87.45,DANGER,co2_buildup
2026-01-01 08:24:40,L07,transport_tunnel,0.5389,18.98,0.4624,19.381,30.0,87.6,DANGER,co2_buildup
2026-01-01 08:24:45,L07,transport_tunnel,0.5355,18.9,0.4625,19.414,29.99,87.64,DANGER,co2_buildup
2026-01-01 08:24:50,L07,transport_tunnel,0.536,18.82,0.4686,19.409,29.97,87.7,DANGER,co2_buildup
2026-01-01 08:24:55,L07,transport_tunnel,0.5376,18.64,0.4648,19.49,29.94,87.81,DANGER,co2_buildup
2026-01-01 08:25:00,L07,transport_tunnel,0.5399,18.09,0.467,19.477,29.95,87.74,DANGER,co2_buildup
2026-01-01 08:25:05,L07,transport_tunnel,0.54,17.75,0.4704,19.537,29.93,87.8,DANGER,co2_buildup
2026-01-01 08:25:10,L07,transport_tunnel,0.5384,17.66,0.4731,19.531,29.91,87.92,DANGER,co2_buildup
2026-01-01 08:25:15,L07,transport_tunnel,0.5415,17.29,0.4745,19.543,29.88,87.95,DANGER,co2_buildup
2026-01-01 08:25:20,L07,transport_tunnel,0.5391,17.27,0.4722,19.543,29.88,88.05,DANGER,co2_buildup
2026-01-01 08:25:25,L07,transport_tunnel,0.5403,17.03,0.4787,19.553,29.88,88.19,DANGER,co2_buildup
2026-01-01 08:25:30,L07,transport_tunnel,0.542,17.03,0.4788,19.599,29.87,88.13,DANGER,co2_buildup
2026-01-01 08:25:35,L07,transport_tunnel,0.5419,16.26,0.4802,19.607,29.84,88.2,DANGER,co2_buildup
2026-01-01 08:25:40,L07,transport_tunnel,0.5447,16.33,0.484,19.603,29.82,88.3,DANGER,co2_buildup
2026-01-01 08:25:45,L07,transport_tunnel,0.5444,16.12,0.4832,19.618,29.81,88.34,DANGER,co2_buildup
2026-01-01 08:25:50,L07,transport_tunnel,0.5362,15.64,0.4854,19.637,29.77,88.3,DANGER,ventilation_failure
2026-01-01 08:25:55,L07,transport_tunnel,0.5424,16.13,0.4865,19.646,29.95,88.12,DANGER,ventilation_failure
2026-01-01 08:26:00,L07,transport_tunnel,0.5566,17.03,0.4901,19.632,30.09,87.99,DANGER,ventilation_failure
2026-01-01 08:26:05,L07,transport_tunnel,0.5487,17.26,0.489,19.614,30.05,87.9,DANGER,ventilation_failure
2026-01-01 08:26:10,L07,transport_tunnel,0.5658,17.52,0.4899,19.61,30.17,87.89,DANGER,ventilation_failure
2026-01-01 08:26:15,L07,transport_tunnel,0.5634,17.8,0.4891,19.614,30.19,87.51,DANGER,ventilation_failure
2026-01-01 08:26:20,L07,transport_tunnel,0.5904,18.85,0.4953,19.61,30.18,87.68,DANGER,ventilation_failure
2026-01-01 08:26:25,L07,transport_tunnel,0.5823,18.32,0.4929,19.586,30.29,87.58,DANGER,ventilation_failure
2026-01-01 08:26:30,L07,transport_tunnel,0.6047,19.18,0.4932,19.551,30.47,87.19,DANGER,ventilation_failure
2026-01-01 08:26:35,L07,transport_tunnel,0.6073,19.23,0.4971,19.569,30.38,87.16,DANGER,ventilation_failure
2026-01-01 08:26:40,L07,transport_tunnel,0.6018,19.54,0.4963,19.566,30.42,87.16,DANGER,ventilation_failure
2026-01-01 08:26:45,L07,transport_tunnel,0.6052,20.24,0.498,19.551,30.48,87.02,DANGER,ventilation_failure
2026-01-01 08:26:50,L07,transport_tunnel,0.6173,20.65,0.5008,19.547,30.6,86.97,DANGER,ventilation_failure
2026-01-01 08:26:55,L07,transport_tunnel,0.6241,20.47,0.5008,19.535,30.62,86.78,DANGER,ventilation_failure
2026-01-01 08:27:00,L07,transport_tunnel,0.6333,21.11,0.5075,19.512,30.85,86.81,DANGER,ventilation_failure
2026-01-01 08:27:05,L07,transport_tunnel,0.632,21.31,0.5037,19.506,30.83,86.52,DANGER,ventilation_failure
2026-01-01 08:27:10,L07,transport_tunnel,0.6484,21.53,0.5063,19.503,30.95,86.32,DANGER,ventilation_failure
2026-01-01 08:27:15,L07,transport_tunnel,0.6514,21.92,0.5022,19.506,30.93,86.2,DANGER,ventilation_failure
2026-01-01 08:27:20,L07,transport_tunnel,0.6536,21.98,0.5056,19.481,30.95,86.28,DANGER,ventilation_failure
2026-01-01 08:27:25,L07,transport_tunnel,0.6573,22.42,0.5063,19.484,31.0,86.08,DANGER,ventilation_failure
2026-01-01 08:27:30,L07,transport_tunnel,0.6671,22.67,0.5078,19.474,31.1,86.02,DANGER,ventilation_failure
2026-01-01 08:27:35,L07,transport_tunnel,0.6691,23.45,0.5119,19.476,31.24,85.9,DANGER,ventilation_failure
2026-01-01 08:27:40,L07,transport_tunnel,0.6811,23.48,0.5144,19.453,31.32,85.49,DANGER,ventilation_failure
2026-01-01 08:27:45,L07,transport_tunnel,0.6875,23.44,0.5141,19.429,31.39,85.47,DANGER,ventilation_failure
2026-01-01 08:27:50,L07,transport_tunnel,0.6949,23.94,0.5141,19.442,31.33,85.36,DANGER,ventilation_failure
2026-01-01 08:27:55,L07,transport_tunnel,0.7112,23.52,0.5144,19.447,31.49,85.26,DANGER,ventilation_failure
2026-01-01 08:28:00,L07,transport_tunnel,0.7047,24.67,0.5193,19.425,31.49,85.19,DANGER,ventilation_failure
2026-01-01 08:28:05,L07,transport_tunnel,0.7186,25.16,0.5225,19.403,31.65,85.23,CRITICAL,ventilation_failure
2026-01-01 08:28:10,L07,transport_tunnel,0.7196,25.44,0.5196,19.392,31.72,85.13,CRITICAL,ventilation_failure
2026-01-01 08:28:15,L07,transport_tunnel,0.7227,26.41,0.5225,19.384,31.68,84.84,CRITICAL,ventilation_failure
2026-01-01 08:28:20,L07,transport_tunnel,0.7297,26.31,0.5224,19.402,31.88,84.73,CRITICAL,ventilation_failure
2026-01-01 08:28:25,L07,transport_tunnel,0.7363,26.63,0.5245,19.372,32.04,84.56,CRITICAL,ventilation_failure
2026-01-01 08:28:30,L07,transport_tunnel,0.7448,26.3,0.5217,19.361,32.01,84.53,CRITICAL,ventilation_failure
2026-01-01 08:28:35,L07,transport_tunnel,0.7427,27.01,0.5243,19.356,32.01,84.42,CRITICAL,ventilation_failure
2026-01-01 08:28:40,L07,transport_tunnel,0.7456,27.31,0.5273,19.346,32.07,84.37,CRITICAL,ventilation_failure
2026-01-01 08:28:45,L07,transport_tunnel,0.766,27.54,0.5302,19.354,32.14,84.24,CRITICAL,ventilation_failure
2026-01-01 08:28:50,L07,transport_tunnel,0.7738,27.87,0.5272,19.323,32.18,83.78,CRITICAL,ventilation_failure
2026-01-01 08:28:55,L07,transport_tunnel,0.779,27.89,0.5258,19.334,32.31,83.9,CRITICAL,ventilation_failure
2026-01-01 08:29:00,L07,transport_tunnel,0.7813,28.38,0.5302,19.315,32.29,83.95,CRITICAL,ventilation_failure
2026-01-01 08:29:05,L07,transport_tunnel,0.7916,29.36,0.5346,19.316,32.31,83.63,CRITICAL,ventilation_failure
2026-01-01 08:29:10,L07,transport_tunnel,0.7975,29.38,0.5303,19.311,32.51,83.68,CRITICAL,ventilation_failure
2026-01-01 08:29:15,L07,transport_tunnel,0.8042,29.6,0.5324,19.289,32.56,83.4,CRITICAL,ventilation_failure
2026-01-01 08:29:20,L07,transport_tunnel,0.7994,30.08,0.5364,19.277,32.59,83.34,CRITICAL,ventilation_failure
2026-01-01 08:29:25,L07,transport_tunnel,0.804,30.77,0.537,19.271,32.61,83.07,CRITICAL,ventilation_failure
2026-01-01 08:29:30,L07,transport_tunnel,0.815,30.75,0.5397,19.261,32.78,82.96,CRITICAL,ventilation_failure
2026-01-01 08:29:35,L07,transport_tunnel,0.8237,31.24,0.537,19.239,32.77,83.04,CRITICAL,ventilation_failure
2026-01-01 08:29:40,L07,transport_tunnel,0.8284,31.15,0.5401,19.259,32.89,82.94,CRITICAL,ventilation_failure
2026-01-01 08:29:45,L07,transport_tunnel,0.8237,31.54,0.5445,19.238,33.07,82.72,CRITICAL,ventilation_failure
2026-01-01 08:29:50,L07,transport_tunnel,0.854,32.17,0.5407,19.217,33.07,82.46,CRITICAL,ventilation_failure
2026-01-01 08:29:55,L07,transport_tunnel,0.8469,32.96,0.5475,19.2,33.01,82.48,CRITICAL,ventilation_failure
2026-01-01 08:30:00,L07,transport_tunnel,0.8561,33.15,0.5433,19.189,33.08,82.5,CRITICAL,ventilation_failure
2026-01-01 08:30:05,L07,transport_tunnel,0.8695,33.22,0.5485,19.208,33.24,82.43,CRITICAL,ventilation_failure
2026-01-01 08:30:10,L07,transport_tunnel,0.8517,33.42,0.5472,19.187,33.21,82.08,CRITICAL,ventilation_failure
2026-01-01 08:30:15,L07,transport_tunnel,0.8701,34.13,0.5468,19.18,33.24,81.82,CRITICAL,ventilation_failure
2026-01-01 08:30:20,L07,transport_tunnel,0.8772,34.28,0.5493,19.18,33.46,81.97,CRITICAL,ventilation_failure
2026-01-01 08:30:25,L07,transport_tunnel,0.8838,33.67,0.5527,19.162,33.52,81.73,CRITICAL,ventilation_failure
2026-01-01 08:30:30,L07,transport_tunnel,0.8911,34.37,0.5527,19.163,33.59,81.74,CRITICAL,ventilation_failure
2026-01-01 08:30:35,L07,transport_tunnel,0.9081,35.12,0.5563,19.15,33.65,81.55,CRITICAL,ventilation_failure
2026-01-01 08:30:40,L07,transport_tunnel,0.9092,34.81,0.5581,19.14,33.7,81.3,CRITICAL,ventilation_failure
2026-01-01 08:30:45,L07,transport_tunnel,0.9173,35.41,0.5538,19.118,33.72,81.29,CRITICAL,ventilation_failure
2026-01-01 08:30:50,L07,transport_tunnel,0.9174,35.8,0.5549,19.116,33.87,81.31,CRITICAL,ventilation_failure
2026-01-01 08:30:55,L07,transport_tunnel,0.914,36.26,0.556,19.12,34.0,81.02,CRITICAL,ventilation_failure
2026-01-01 08:31:00,L07,transport_tunnel,0.9304,36.18,0.5601,19.113,33.99,81.02,CRITICAL,fire_heat
2026-01-01 08:31:05,L07,transport_tunnel,0.9054,36.64,0.5569,19.115,34.1,81.07,CRITICAL,fire_heat
2026-01-01 08:31:10,L07,transport_tunnel,0.9201,36.35,0.5505,19.112,34.14,80.8,CRITICAL,fire_heat
2026-01-01 08:31:15,L07,transport_tunnel,0.8869,36.91,0.5456,19.117,34.02,80.62,CRITICAL,fire_heat
2026-01-01 08:31:20,L07,transport_tunnel,0.9101,37.03,0.5487,19.118,34.08,80.49,CRITICAL,fire_heat
2026-01-01 08:31:25,L07,transport_tunnel,0.8966,37.07,0.545,19.122,34.17,80.23,CRITICAL,fire_heat
2026-01-01 08:31:30,L07,transport_tunnel,0.8747,37.01,0.5324,19.121,34.32,80.11,CRITICAL,fire_heat
2026-01-01 08:31:35,L07,transport_tunnel,0.851,37.09,0.53,19.124,34.2,80.06,CRITICAL,fire_heat
2026-01-01 08:31:40,L07,transport_tunnel,0.8564,37.35,0.525,19.119,34.41,79.98,CRITICAL,fire_heat
2026-01-01 08:31:45,L07,transport_tunnel,0.8452,37.63,0.5125,19.124,34.6,79.93,CRITICAL,fire_heat
2026-01-01 08:31:50,L07,transport_tunnel,0.8293,37.69,0.5144,19.128,34.64,79.69,CRITICAL,fire_heat
2026-01-01 08:31:55,L07,transport_tunnel,0.8344,37.69,0.5197,19.127,34.62,79.71,CRITICAL,fire_heat
2026-01-01 08:32:00,L07,transport_tunnel,0.8165,38.1,0.5039,19.131,34.69,79.6,CRITICAL,fire_heat
2026-01-01 08:32:05,L07,transport_tunnel,0.8092,38.3,0.5137,19.126,34.82,79.36,CRITICAL,fire_heat
2026-01-01 08:32:10,L07,transport_tunnel,0.8052,38.2,0.5048,19.133,34.91,79.28,CRITICAL,fire_heat
2026-01-01 08:32:15,L07,transport_tunnel,0.7937,38.37,0.4968,19.131,34.89,78.87,CRITICAL,fire_heat
2026-01-01 08:32:20,L07,transport_tunnel,0.8083,38.31,0.4933,19.132,34.98,78.71,CRITICAL,fire_heat
2026-01-01 08:32:25,L07,transport_tunnel,0.7775,38.58,0.4818,19.137,35.02,78.78,CRITICAL,fire_heat
2026-01-01 08:32:30,L07,transport_tunnel,0.7776,38.83,0.4807,19.139,35.04,78.41,CRITICAL,fire_heat
2026-01-01 08:32:35,L07,transport_tunnel,0.7667,38.94,0.4848,19.14,35.18,78.41,CRITICAL,fire_heat
2026-01-01 08:32:40,L07,transport_tunnel,0.7602,38.97,0.4705,19.143,35.25,78.4,CRITICAL,fire_heat
2026-01-01 08:32:45,L07,transport_tunnel,0.7525,39.14,0.4744,19.143,35.25,78.35,CRITICAL,fire_heat
2026-01-01 08:32:50,L07,transport_tunnel,0.7481,39.25,0.4582,19.14,35.44,78.0,CRITICAL,fire_heat
2026-01-01 08:32:55,L07,transport_tunnel,0.7345,39.4,0.4548,19.143,35.5,77.82,CRITICAL,fire_heat
2026-01-01 08:33:00,L07,transport_tunnel,0.7258,39.63,0.4658,19.143,35.58,77.8,CRITICAL,fire_heat
2026-01-01 08:33:05,L07,transport_tunnel,0.7161,39.46,0.4521,19.149,35.56,77.49,CRITICAL,fire_heat
2026-01-01 08:33:10,L07,transport_tunnel,0.7061,39.83,0.4453,19.148,35.55,77.47,CRITICAL,fire_heat
2026-01-01 08:33:15,L07,transport_tunnel,0.6911,40.02,0.4503,19.147,35.77,77.35,CRITICAL,fire_heat
2026-01-01 08:33:20,L07,transport_tunnel,0.6901,40.04,0.4455,19.15,35.77,77.21,CRITICAL,fire_heat
2026-01-01 08:33:25,L07,transport_tunnel,0.6844,40.19,0.4397,19.147,35.82,77.09,CRITICAL,fire_heat
2026-01-01 08:33:30,L07,transport_tunnel,0.6775,40.33,0.4281,19.152,35.87,76.84,CRITICAL,fire_heat
2026-01-01 08:33:35,L07,transport_tunnel,0.6673,40.46,0.4252,19.15,36.0,76.71,CRITICAL,fire_heat
2026-01-01 08:33:40,L07,transport_tunnel,0.6554,40.65,0.4239,19.15,36.18,76.57,CRITICAL,fire_heat
2026-01-01 08:33:45,L07,transport_tunnel,0.6486,40.8,0.4215,19.156,36.12,76.33,CRITICAL,fire_heat
2026-01-01 08:33:50,L07,transport_tunnel,0.636,40.66,0.4114,19.158,36.15,76.44,CRITICAL,fire_heat
2026-01-01 08:33:55,L07,transport_tunnel,0.6352,41.14,0.4104,19.158,36.33,76.37,CRITICAL,fire_heat
2026-01-01 08:34:00,L07,transport_tunnel,0.6223,41.16,0.4066,19.158,36.37,76.22,CRITICAL,fire_heat
2026-01-01 08:34:05,L07,transport_tunnel,0.6174,41.57,0.4074,19.157,36.29,75.95,CRITICAL,fire_heat
2026-01-01 08:34:10,L07,transport_tunnel,0.6162,41.31,0.4005,19.158,36.54,75.75,CRITICAL,fire_heat
2026-01-01 08:34:15,L07,transport_tunnel,0.5932,41.49,0.3852,19.16,36.7,75.8,CRITICAL,fire_heat
2026-01-01 08:34:20,L07,transport_tunnel,0.5961,41.71,0.3872,19.163,36.46,75.66,CRITICAL,fire_heat
2026-01-01 08:34:25,L07,transport_tunnel,0.5829,41.92,0.3795,19.167,36.62,75.47,CRITICAL,fire_heat
2026-01-01 08:34:30,L07,transport_tunnel,0.5917,41.76,0.3826,19.168,36.59,75.52,CRITICAL,fire_heat
2026-01-01 08:34:35,L07,transport_tunnel,0.5642,42.03,0.38,19.163,36.83,75.16,CRITICAL,fire_heat
2026-01-01 08:34:40,L07,transport_tunnel,0.5637,42.34,0.3717,19.167,36.97,75.0,CRITICAL,fire_heat
2026-01-01 08:34:45,L07,transport_tunnel,0.5495,42.29,0.3657,19.168,36.98,74.84,CRITICAL,fire_heat
2026-01-01 08:34:50,L07,transport_tunnel,0.5292,42.71,0.3631,19.165,37.13,74.56,CRITICAL,fire_heat
2026-01-01 08:34:55,L07,transport_tunnel,0.5283,42.62,0.3595,19.173,37.16,74.7,CRITICAL,fire_heat
2026-01-01 08:35:00,L07,transport_tunnel,0.5321,42.7,0.3511,19.172,37.28,74.47,CRITICAL,fire_heat
2026-01-01 08:35:05,L07,transport_tunnel,0.5125,43.02,0.344,19.174,37.32,74.41,CRITICAL,fire_heat
2026-01-01 08:35:10,L07,transport_tunnel,0.4888,43.28,0.3356,19.178,37.29,74.44,CRITICAL,fire_heat
2026-01-01 08:35:15,L07,transport_tunnel,0.4993,43.26,0.3476,19.177,37.38,74.02,CRITICAL,fire_heat
2026-01-01 08:35:20,L07,transport_tunnel,0.4818,43.5,0.3396,19.177,37.39,73.64,CRITICAL,fire_heat
2026-01-01 08:35:25,L07,transport_tunnel,0.4841,43.69,0.3347,19.18,37.5,73.86,CRITICAL,fire_heat
2026-01-01 08:35:30,L07,transport_tunnel,0.488,43.5,0.3348,19.183,37.59,73.68,CRITICAL,fire_heat
2026-01-01 08:35:35,L07,transport_tunnel,0.4729,43.87,0.3182,19.182,37.65,73.43,CRITICAL,fire_heat
2026-01-01 08:35:40,L07,transport_tunnel,0.4712,43.7,0.3116,19.184,37.81,73.44,CRITICAL,fire_heat
2026-01-01 08:35:45,L07,transport_tunnel,0.4449,44.07,0.3178,19.184,37.77,73.35,CRITICAL,fire_heat
2026-01-01 08:35:50,L07,transport_tunnel,0.4402,44.15,0.313,19.185,37.8,73.0,CRITICAL,fire_heat
2026-01-01 08:35:55,L07,transport_tunnel,0.4241,44.45,0.2989,19.187,37.87,72.94,DANGER,fire_heat
2026-01-01 08:36:00,L07,transport_tunnel,0.4189,44.57,0.3049,19.186,38.04,73.03,CRITICAL,fire_heat
2026-01-01 08:36:05,L07,transport_tunnel,0.4085,44.63,0.2969,19.188,37.97,72.61,DANGER,fire_heat
2026-01-01 08:36:10,L07,transport_tunnel,0.4296,44.98,0.2999,19.176,38.12,72.49,DANGER,combined_hazard
2026-01-01 08:36:15,L07,transport_tunnel,0.4118,45.29,0.2988,19.196,38.07,72.82,DANGER,combined_hazard
2026-01-01 08:36:20,L07,transport_tunnel,0.4372,45.45,0.3173,19.117,38.11,73.25,CRITICAL,combined_hazard
2026-01-01 08:36:25,L07,transport_tunnel,0.4423,46.04,0.3083,19.173,38.13,73.08,CRITICAL,combined_hazard
2026-01-01 08:36:30,L07,transport_tunnel,0.4665,46.85,0.3319,19.096,38.22,73.37,CRITICAL,combined_hazard
2026-01-01 08:36:35,L07,transport_tunnel,0.4532,47.34,0.336,19.084,38.28,73.66,CRITICAL,combined_hazard
2026-01-01 08:36:40,L07,transport_tunnel,0.4809,46.15,0.3448,19.061,38.31,73.89,CRITICAL,combined_hazard
2026-01-01 08:36:45,L07,transport_tunnel,0.4792,47.73,0.3402,19.028,38.26,73.94,CRITICAL,combined_hazard
2026-01-01 08:36:50,L07,transport_tunnel,0.4986,48.22,0.3439,19.069,38.36,74.36,CRITICAL,combined_hazard
2026-01-01 08:36:55,L07,transport_tunnel,0.5069,49.1,0.354,19.026,38.42,74.52,CRITICAL,combined_hazard
2026-01-01 08:37:00,L07,transport_tunnel,0.5134,49.23,0.3589,19.015,38.42,74.81,CRITICAL,combined_hazard
2026-01-01 08:37:05,L07,transport_tunnel,0.5312,50.06,0.361,18.946,38.46,74.77,CRITICAL,combined_hazard
2026-01-01 08:37:10,L07,transport_tunnel,0.5365,49.71,0.3677,18.955,38.46,74.88,CRITICAL,combined_hazard
2026-01-01 08:37:15,L07,transport_tunnel,0.5446,50.79,0.3751,18.942,38.52,75.04,CRITICAL,combined_hazard
2026-01-01 08:37:20,L07,transport_tunnel,0.5522,51.55,0.3756,18.917,38.59,75.41,CRITICAL,combined_hazard
2026-01-01 08:37:25,L07,transport_tunnel,0.5668,50.93,0.3944,18.868,38.59,75.47,CRITICAL,combined_hazard
2026-01-01 08:37:30,L07,transport_tunnel,0.5783,53.24,0.3954,18.894,38.57,75.63,CRITICAL,combined_hazard
2026-01-01 08:37:35,L07,transport_tunnel,0.5753,53.1,0.3997,18.854,38.63,75.84,CRITICAL,combined_hazard
2026-01-01 08:37:40,L07,transport_tunnel,0.5921,53.02,0.4002,18.813,38.72,75.98,CRITICAL,combined_hazard
2026-01-01 08:37:45,L07,transport_tunnel,0.5945,53.11,0.406,18.774,38.73,76.34,CRITICAL,combined_hazard
2026-01-01 08:37:50,L07,transport_tunnel,0.6154,53.88,0.4334,18.805,38.76,76.23,CRITICAL,combined_hazard
2026-01-01 08:37:55,L07,transport_tunnel,0.6194,54.47,0.4218,18.822,38.77,76.73,CRITICAL,combined_hazard
2026-01-01 08:38:00,L07,transport_tunnel,0.644,55.1,0.4364,18.732,38.86,76.99,CRITICAL,combined_hazard
2026-01-01 08:38:05,L07,transport_tunnel,0.6529,56.06,0.4393,18.736,38.91,76.95,CRITICAL,combined_hazard
2026-01-01 08:38:10,L07,transport_tunnel,0.6458,55.62,0.4251,18.736,38.93,77.6,CRITICAL,combined_hazard
2026-01-01 08:38:15,L07,transport_tunnel,0.6656,56.57,0.4627,18.667,38.97,77.44,CRITICAL,combined_hazard
2026-01-01 08:38:20,L07,transport_tunnel,0.6824,56.19,0.4611,18.664,38.95,77.34,CRITICAL,combined_hazard
2026-01-01 08:38:25,L07,transport_tunnel,0.6837,57.06,0.4572,18.636,38.98,77.76,CRITICAL,combined_hazard
2026-01-01 08:38:30,L07,transport_tunnel,0.6877,57.89,0.4683,18.654,39.02,78.01,CRITICAL,combined_hazard
2026-01-01 08:38:35,L07,transport_tunnel,0.6938,58.51,0.4666,18.641,39.06,78.28,CRITICAL,combined_hazard
2026-01-01 08:38:40,L07,transport_tunnel,0.7246,58.32,0.4933,18.597,39.15,78.33,CRITICAL,combined_hazard
2026-01-01 08:38:45,L07,transport_tunnel,0.7351,58.93,0.4804,18.557,39.17,78.38,CRITICAL,combined_hazard
2026-01-01 08:38:50,L07,transport_tunnel,0.7332,60.27,0.4892,18.545,39.18,78.56,CRITICAL,combined_hazard
2026-01-01 08:38:55,L07,transport_tunnel,0.7536,60.61,0.4938,18.522,39.15,78.83,CRITICAL,combined_hazard
2026-01-01 08:39:00,L07,transport_tunnel,0.7236,60.64,0.5054,18.495,39.18,79.04,CRITICAL,combined_hazard
2026-01-01 08:39:05,L07,transport_tunnel,0.7795,59.98,0.5204,18.493,39.28,79.12,CRITICAL,combined_hazard
2026-01-01 08:39:10,L07,transport_tunnel,0.7736,62.64,0.5294,18.487,39.33,79.38,CRITICAL,combined_hazard
2026-01-01 08:39:15,L07,transport_tunnel,0.7868,61.94,0.5203,18.465,39.34,79.83,CRITICAL,combined_hazard
2026-01-01 08:39:20,L07,transport_tunnel,0.7918,62.28,0.5317,18.435,39.44,80.2,CRITICAL,combined_hazard
2026-01-01 08:39:25,L07,transport_tunnel,0.8201,62.65,0.5358,18.417,39.37,80.22,CRITICAL,combined_hazard
2026-01-01 08:39:30,L07,transport_tunnel,0.8038,63.54,0.5345,18.394,39.4,80.52,CRITICAL,combined_hazard
2026-01-01 08:39:35,L07,transport_tunnel,0.8409,64.01,0.5641,18.35,39.45,80.64,CRITICAL,combined_hazard
2026-01-01 08:39:40,L07,transport_tunnel,0.8393,64.74,0.5628,18.359,39.49,80.81,CRITICAL,combined_hazard
2026-01-01 08:39:45,L07,transport_tunnel,0.8517,64.35,0.5607,18.324,39.56,80.78,CRITICAL,combined_hazard
2026-01-01 08:39:50,L07,transport_tunnel,0.8515,65.1,0.5764,18.289,39.56,81.06,CRITICAL,combined_hazard
2026-01-01 08:39:55,L07,transport_tunnel,0.8509,66.65,0.5799,18.304,39.56,81.14,CRITICAL,combined_hazard
2026-01-01 08:40:00,L07,transport_tunnel,0.8849,66.29,0.5782,18.264,39.68,81.37,CRITICAL,combined_hazard
2026-01-01 08:40:05,L07,transport_tunnel,0.8882,66.57,0.5859,18.262,39.62,81.61,CRITICAL,combined_hazard
2026-01-01 08:40:10,L07,transport_tunnel,0.9095,66.69,0.6002,18.254,39.68,81.92,CRITICAL,combined_hazard
2026-01-01 08:40:15,L07,transport_tunnel,0.9028,67.83,0.5893,18.198,39.7,82.06,CRITICAL,combined_hazard
2026-01-01 08:40:20,L07,transport_tunnel,0.9103,68.54,0.6134,18.199,39.79,82.14,CRITICAL,combined_hazard
2026-01-01 08:40:25,L07,transport_tunnel,0.9396,68.93,0.6064,18.141,39.83,82.37,CRITICAL,combined_hazard
2026-01-01 08:40:30,L07,transport_tunnel,0.9552,68.88,0.6245,18.189,39.92,82.63,CRITICAL,combined_hazard
2026-01-01 08:40:35,L07,transport_tunnel,0.9448,69.64,0.62,18.11,39.92,82.86,CRITICAL,combined_hazard
2026-01-01 08:40:40,L07,transport_tunnel,0.9466,70.71,0.6284,18.108,39.97,82.64,CRITICAL,combined_hazard
2026-01-01 08:40:45,L07,transport_tunnel,0.9733,70.9,0.6319,18.126,39.97,82.91,CRITICAL,combined_hazard
2026-01-01 08:40:50,L07,transport_tunnel,0.9719,70.52,0.6345,18.074,39.96,83.51,CRITICAL,combined_hazard
2026-01-01 08:40:55,L07,transport_tunnel,0.991,70.18,0.6424,18.034,40.03,83.48,CRITICAL,combined_hazard
2026-01-01 08:41:00,L07,transport_tunnel,0.9918,71.96,0.6599,18.053,40.08,83.6,CRITICAL,combined_hazard
2026-01-01 08:41:05,L07,transport_tunnel,1.0213,72.66,0.6404,18.033,40.12,83.82,CRITICAL,combined_hazard
2026-01-01 08:41:10,L07,transport_tunnel,1.007,72.26,0.6539,17.986,40.11,84.01,CRITICAL,combined_hazard
2026-01-01 08:41:15,L07,transport_tunnel,1.0296,73.23,0.6635,17.969,40.18,84.35,CRITICAL,combined_hazard
2026-01-01 08:41:20,L07,transport_tunnel,1.0292,73.58,0.6671,17.951,40.17,84.23,CRITICAL,combined_hazard
2026-01-01 08:41:25,L07,transport_tunnel,1.0414,74.22,0.6911,17.936,40.2,84.63,CRITICAL,combined_hazard
2026-01-01 08:41:30,L07,transport_tunnel,1.0499,74.39,0.6954,17.881,40.23,84.86,CRITICAL,combined_hazard
2026-01-01 08:41:35,L07,transport_tunnel,1.0722,75.71,0.6969,17.896,40.3,85.08,CRITICAL,combined_hazard
2026-01-01 08:00:00,L08,junction,0.196,6.41,0.0512,20.519,26.95,72.87,SAFE,normal
2026-01-01 08:00:05,L08,junction,0.1915,6.43,0.0506,20.519,26.94,73.02,SAFE,normal
2026-01-01 08:00:10,L08,junction,0.1925,6.47,0.0542,20.529,26.94,73.03,SAFE,normal
2026-01-01 08:00:15,L08,junction,0.1941,6.47,0.054,20.542,26.93,73.09,SAFE,normal
2026-01-01 08:00:20,L08,junction,0.2054,6.52,0.0575,20.54,26.92,73.26,SAFE,normal
2026-01-01 08:00:25,L08,junction,0.1994,6.56,0.0565,20.551,26.93,73.39,SAFE,normal
2026-01-01 08:00:30,L08,junction,0.205,6.59,0.0561,20.549,26.92,73.43,SAFE,normal
2026-01-01 08:00:35,L08,junction,0.2044,6.56,0.0559,20.549,26.91,73.43,SAFE,normal
2026-01-01 08:00:40,L08,junction,0.2053,6.59,0.0564,20.563,26.89,73.83,SAFE,normal
2026-01-01 08:00:45,L08,junction,0.2113,6.64,0.064,20.562,26.9,73.73,SAFE,normal
2026-01-01 08:00:50,L08,junction,0.2116,6.62,0.0615,20.569,26.9,73.79,SAFE,normal
2026-01-01 08:00:55,L08,junction,0.2147,6.66,0.0643,20.564,26.9,73.78,SAFE,normal
2026-01-01 08:01:00,L08,junction,0.2257,6.64,0.0683,20.578,26.87,73.84,SAFE,normal
2026-01-01 08:01:05,L08,junction,0.223,6.68,0.0647,20.582,26.87,73.95,SAFE,normal
2026-01-01 08:01:10,L08,junction,0.227,6.73,0.0657,20.583,26.88,74.14,SAFE,normal
2026-01-01 08:01:15,L08,junction,0.229,6.71,0.0678,20.582,26.86,74.06,SAFE,normal
2026-01-01 08:01:20,L08,junction,0.2285,6.75,0.0693,20.59,26.85,74.14,SAFE,normal
2026-01-01 08:01:25,L08,junction,0.2297,6.74,0.0742,20.597,26.84,74.34,SAFE,normal
2026-01-01 08:01:30,L08,junction,0.2343,6.83,0.0747,20.599,26.84,74.41,SAFE,normal
2026-01-01 08:01:35,L08,junction,0.2364,6.84,0.0739,20.605,26.83,74.41,SAFE,normal
2026-01-01 08:01:40,L08,junction,0.2364,6.84,0.0767,20.611,26.84,74.47,SAFE,normal
2026-01-01 08:01:45,L08,junction,0.241,6.86,0.0746,20.607,26.84,74.74,SAFE,normal
2026-01-01 08:01:50,L08,junction,0.2407,6.88,0.0767,20.609,26.82,74.74,SAFE,normal
2026-01-01 08:01:55,L08,junction,0.2448,6.92,0.0766,20.619,26.82,74.69,SAFE,normal
2026-01-01 08:02:00,L08,junction,0.2466,6.91,0.0757,20.621,26.82,74.78,SAFE,normal
2026-01-01 08:02:05,L08,junction,0.2461,6.95,0.0819,20.631,26.81,74.93,SAFE,normal
2026-01-01 08:02:10,L08,junction,0.245,6.98,0.0817,20.626,26.79,75.1,SAFE,normal
2026-01-01 08:02:15,L08,junction,0.2518,7.0,0.0818,20.64,26.8,75.17,SAFE,normal
2026-01-01 08:02:20,L08,junction,0.2629,6.95,0.0829,20.646,26.79,75.3,SAFE,normal
2026-01-01 08:02:25,L08,junction,0.2586,7.01,0.0809,20.644,26.79,75.18,SAFE,normal
2026-01-01 08:02:30,L08,junction,0.2644,7.02,0.0831,20.648,26.78,75.39,SAFE,normal
2026-01-01 08:02:35,L08,junction,0.2576,7.07,0.0869,20.648,26.78,75.57,SAFE,normal
2026-01-01 08:02:40,L08,junction,0.2635,7.04,0.0863,20.654,26.77,75.64,SAFE,normal
2026-01-01 08:02:45,L08,junction,0.2647,7.06,0.0881,20.658,26.78,75.65,SAFE,normal
2026-01-01 08:02:50,L08,junction,0.2707,7.17,0.0895,20.671,26.76,75.89,SAFE,normal
2026-01-01 08:02:55,L08,junction,0.2814,7.16,0.0894,20.668,26.76,75.84,SAFE,normal
2026-01-01 08:03:00,L08,junction,0.2776,7.17,0.09,20.666,26.75,75.95,SAFE,normal
2026-01-01 08:03:05,L08,junction,0.2838,7.19,0.0898,20.678,26.74,75.96,SAFE,normal
2026-01-01 08:03:10,L08,junction,0.28,7.21,0.0939,20.685,26.74,75.98,SAFE,normal
2026-01-01 08:03:15,L08,junction,0.2875,7.25,0.0966,20.685,26.72,76.05,SAFE,normal
2026-01-01 08:03:20,L08,junction,0.2921,7.24,0.0931,20.696,26.73,76.22,SAFE,normal
2026-01-01 08:03:25,L08,junction,0.2876,7.27,0.0976,20.697,26.71,76.27,SAFE,normal
2026-01-01 08:03:30,L08,junction,0.2886,7.3,0.0993,20.693,26.71,76.23,SAFE,normal
2026-01-01 08:03:35,L08,junction,0.2885,7.29,0.0979,20.699,26.71,76.37,SAFE,normal
2026-01-01 08:03:40,L08,junction,0.2941,7.36,0.1039,20.707,26.71,76.51,SAFE,normal
2026-01-01 08:03:45,L08,junction,0.2977,7.35,0.1014,20.702,26.71,76.67,SAFE,normal
2026-01-01 08:03:50,L08,junction,0.3062,7.4,0.1031,20.716,26.69,76.7,SAFE,normal
2026-01-01 08:03:55,L08,junction,0.2981,7.4,0.1041,20.71,26.69,76.78,SAFE,normal
2026-01-01 08:04:00,L08,junction,0.3047,7.45,0.1019,20.728,26.69,76.79,SAFE,normal
2026-01-01 08:04:05,L08,junction,0.3011,7.42,0.1087,20.731,26.67,76.95,SAFE,normal
2026-01-01 08:04:10,L08,junction,0.3079,7.44,0.1059,20.733,26.67,77.13,SAFE,normal
2026-01-01 08:04:15,L08,junction,0.3126,7.46,0.1085,20.732,26.66,77.13,SAFE,normal
2026-01-01 08:04:20,L08,junction,0.3156,7.5,0.1113,20.74,26.66,77.08,SAFE,normal
2026-01-01 08:04:25,L08,junction,0.3182,7.55,0.1142,20.741,26.65,77.18,SAFE,normal
2026-01-01 08:04:30,L08,junction,0.32,7.57,0.1102,20.743,26.65,77.41,SAFE,normal
2026-01-01 08:04:35,L08,junction,0.3229,7.52,0.1126,20.75,26.65,77.43,SAFE,normal
2026-01-01 08:04:40,L08,junction,0.3236,7.59,0.1175,20.759,26.64,77.52,SAFE,normal
2026-01-01 08:04:45,L08,junction,0.3225,7.54,0.1167,20.76,26.63,77.56,SAFE,normal
2026-01-01 08:04:50,L08,junction,0.3223,7.64,0.1183,20.771,26.63,77.73,SAFE,normal
2026-01-01 08:04:55,L08,junction,0.3288,7.67,0.1159,20.772,26.63,77.75,SAFE,normal
2026-01-01 08:05:00,L08,junction,0.3325,7.67,0.1184,20.776,26.61,77.84,SAFE,normal
2026-01-01 08:05:05,L08,junction,0.3393,7.69,0.12,20.769,26.62,77.88,SAFE,normal
2026-01-01 08:05:10,L08,junction,0.3507,7.82,0.1191,20.779,26.62,78.12,SAFE,methane_buildup
2026-01-01 08:05:15,L08,junction,0.3553,7.95,0.1217,20.79,26.61,78.12,SAFE,methane_buildup
2026-01-01 08:05:20,L08,junction,0.3356,8.32,0.1198,20.77,26.66,78.09,SAFE,methane_buildup
2026-01-01 08:05:25,L08,junction,0.3541,8.18,0.1196,20.745,26.67,78.29,SAFE,methane_buildup
2026-01-01 08:05:30,L08,junction,0.3741,8.24,0.1221,20.714,26.67,78.42,SAFE,methane_buildup
2026-01-01 08:05:35,L08,junction,0.3668,8.47,0.122,20.729,26.72,78.37,SAFE,methane_buildup
2026-01-01 08:05:40,L08,junction,0.386,8.68,0.1195,20.722,26.72,78.54,SAFE,methane_buildup
2026-01-01 08:05:45,L08,junction,0.3996,8.76,0.1227,20.705,26.73,78.78,SAFE,methane_buildup
2026-01-01 08:05:50,L08,junction,0.4028,9.34,0.121,20.691,26.74,78.6,SAFE,methane_buildup
2026-01-01 08:05:55,L08,junction,0.4179,9.53,0.1216,20.691,26.76,78.76,SAFE,methane_buildup
2026-01-01 08:06:00,L08,junction,0.4156,9.45,0.1225,20.671,26.75,78.97,SAFE,methane_buildup
2026-01-01 08:06:05,L08,junction,0.4104,9.6,0.1232,20.689,26.78,79.12,SAFE,methane_buildup
2026-01-01 08:06:10,L08,junction,0.4478,9.55,0.1232,20.676,26.8,79.06,SAFE,methane_buildup
2026-01-01 08:06:15,L08,junction,0.4564,10.14,0.1228,20.657,26.8,79.29,SAFE,methane_buildup
2026-01-01 08:06:20,L08,junction,0.4787,10.48,0.1226,20.642,26.83,79.51,SAFE,methane_buildup
2026-01-01 08:06:25,L08,junction,0.4453,10.28,0.1237,20.625,26.86,79.51,SAFE,methane_buildup
2026-01-01 08:06:30,L08,junction,0.4803,10.55,0.1233,20.622,26.85,79.7,SAFE,methane_buildup
2026-01-01 08:06:35,L08,junction,0.4647,10.82,0.1258,20.628,26.87,79.66,SAFE,methane_buildup
2026-01-01 08:06:40,L08,junction,0.5066,11.21,0.1245,20.611,26.87,79.74,WARNING,methane_buildup
2026-01-01 08:06:45,L08,junction,0.5039,11.14,0.123,20.595,26.87,80.01,WARNING,methane_buildup
2026-01-01 08:06:50,L08,junction,0.4997,11.32,0.1237,20.592,26.93,80.06,SAFE,methane_buildup
2026-01-01 08:06:55,L08,junction,0.5238,11.49,0.1245,20.579,26.93,80.02,WARNING,methane_buildup
2026-01-01 08:07:00,L08,junction,0.5206,11.41,0.1262,20.568,26.94,80.16,WARNING,methane_buildup
2026-01-01 08:07:05,L08,junction,0.5368,11.59,0.1265,20.564,26.94,80.49,WARNING,methane_buildup
2026-01-01 08:07:10,L08,junction,0.5446,11.87,0.1246,20.55,26.97,80.36,WARNING,methane_buildup
2026-01-01 08:07:15,L08,junction,0.567,12.35,0.1241,20.543,27.01,80.64,WARNING,methane_buildup
2026-01-01 08:07:20,L08,junction,0.5763,12.31,0.1242,20.527,27.01,80.61,WARNING,methane_buildup
2026-01-01 08:07:25,L08,junction,0.5634,12.46,0.1259,20.513,27.02,80.76,WARNING,methane_buildup
2026-01-01 08:07:30,L08,junction,0.5868,12.63,0.1285,20.501,27.04,80.89,WARNING,methane_buildup
2026-01-01 08:07:35,L08,junction,0.5892,12.88,0.1267,20.49,27.03,80.77,WARNING,methane_buildup
2026-01-01 08:07:40,L08,junction,0.5821,13.37,0.1243,20.471,27.08,80.93,WARNING,methane_buildup
2026-01-01 08:07:45,L08,junction,0.5971,13.24,0.1256,20.468,27.06,81.19,WARNING,methane_buildup
2026-01-01 08:07:50,L08,junction,0.6328,13.31,0.1259,20.458,27.08,81.21,WARNING,methane_buildup
2026-01-01 08:07:55,L08,junction,0.6238,13.63,0.1258,20.453,27.1,81.48,WARNING,methane_buildup
2026-01-01 08:08:00,L08,junction,0.6382,14.09,0.1265,20.463,27.12,81.34,WARNING,methane_buildup
2026-01-01 08:08:05,L08,junction,0.636,13.9,0.1276,20.437,27.14,81.65,WARNING,methane_buildup
2026-01-01 08:08:10,L08,junction,0.6418,13.97,0.1282,20.431,27.16,81.57,WARNING,methane_buildup
2026-01-01 08:08:15,L08,junction,0.6555,14.26,0.1289,20.422,27.16,81.77,WARNING,methane_buildup
2026-01-01 08:08:20,L08,junction,0.6615,14.54,0.1284,20.425,27.2,81.81,WARNING,methane_buildup
2026-01-01 08:08:25,L08,junction,0.6592,14.82,0.1257,20.394,27.22,82.2,WARNING,methane_buildup
2026-01-01 08:08:30,L08,junction,0.6722,15.05,0.1269,20.388,27.22,81.99,WARNING,methane_buildup
2026-01-01 08:08:35,L08,junction,0.6961,14.89,0.1282,20.379,27.23,82.21,WARNING,methane_buildup
2026-01-01 08:08:40,L08,junction,0.6951,15.09,0.1288,20.382,27.24,82.16,WARNING,methane_buildup
2026-01-01 08:08:45,L08,junction,0.7073,15.37,0.1298,20.374,27.26,82.58,WARNING,methane_buildup
2026-01-01 08:08:50,L08,junction,0.7178,15.72,0.129,20.356,27.26,82.57,WARNING,methane_buildup
2026-01-01 08:08:55,L08,junction,0.7272,15.57,0.1292,20.354,27.28,82.65,WARNING,methane_buildup
2026-01-01 08:09:00,L08,junction,0.7432,15.86,0.1296,20.334,27.32,82.89,WARNING,methane_buildup
2026-01-01 08:09:05,L08,junction,0.7319,16.04,0.1293,20.321,27.33,82.86,WARNING,methane_buildup
2026-01-01 08:09:10,L08,junction,0.7554,16.48,0.1299,20.324,27.36,82.97,WARNING,methane_buildup
2026-01-01 08:09:15,L08,junction,0.7657,16.59,0.1313,20.308,27.35,83.07,WARNING,methane_buildup
2026-01-01 08:09:20,L08,junction,0.7764,16.83,0.1301,20.286,27.36,83.22,WARNING,methane_buildup
2026-01-01 08:09:25,L08,junction,0.7637,17.08,0.1303,20.293,27.38,83.22,WARNING,methane_buildup
2026-01-01 08:09:30,L08,junction,0.7872,16.99,0.1305,20.272,27.4,83.35,WARNING,methane_buildup
2026-01-01 08:09:35,L08,junction,0.8088,17.03,0.1323,20.261,27.41,83.55,WARNING,methane_buildup
2026-01-01 08:09:40,L08,junction,0.8013,17.21,0.1296,20.263,27.44,83.61,WARNING,methane_buildup
2026-01-01 08:09:45,L08,junction,0.8152,17.28,0.1332,20.244,27.45,83.67,WARNING,methane_buildup
2026-01-01 08:09:50,L08,junction,0.8264,17.69,0.13,20.239,27.45,83.65,WARNING,methane_buildup
2026-01-01 08:09:55,L08,junction,0.819,17.88,0.1308,20.232,27.5,84.04,WARNING,methane_buildup
2026-01-01 08:10:00,L08,junction,0.8531,18.25,0.1326,20.208,27.52,83.93,WARNING,methane_buildup
2026-01-01 08:10:05,L08,junction,0.8499,18.3,0.1331,20.21,27.52,84.2,WARNING,methane_buildup
2026-01-01 08:10:10,L08,junction,0.8587,18.4,0.1305,20.21,27.53,84.22,WARNING,methane_buildup
2026-01-01 08:10:15,L08,junction,0.8479,18.64,0.131,20.178,27.55,84.18,WARNING,methane_buildup
2026-01-01 08:10:20,L08,junction,0.8591,18.69,0.1299,20.182,27.48,84.23,WARNING,co_buildup
2026-01-01 08:10:25,L08,junction,0.8467,18.77,0.1327,20.187,27.59,84.18,WARNING,co_buildup
2026-01-01 08:10:30,L08,junction,0.8464,21.16,0.1335,20.193,27.59,84.2,WARNING,co_buildup
2026-01-01 08:10:35,L08,junction,0.8457,21.25,0.1358,20.189,27.6,84.12,WARNING,co_buildup
2026-01-01 08:10:40,L08,junction,0.8312,22.03,0.1365,20.2,27.68,84.08,WARNING,co_buildup
2026-01-01 08:10:45,L08,junction,0.835,21.97,0.1387,20.201,27.7,83.98,WARNING,co_buildup
2026-01-01 08:10:50,L08,junction,0.8158,23.02,0.1372,20.198,27.8,83.84,WARNING,co_buildup
2026-01-01 08:10:55,L08,junction,0.8215,24.17,0.1356,20.199,27.82,83.89,WARNING,co_buildup
2026-01-01 08:11:00,L08,junction,0.8178,24.58,0.1419,20.204,27.8,83.73,WARNING,co_buildup
2026-01-01 08:11:05,L08,junction,0.8089,26.27,0.1393,20.202,27.86,83.77,WARNING,co_buildup
2026-01-01 08:11:10,L08,junction,0.7923,25.8,0.1399,20.202,27.91,83.59,WARNING,co_buildup
2026-01-01 08:11:15,L08,junction,0.7726,26.33,0.1429,20.209,27.96,83.56,WARNING,co_buildup
2026-01-01 08:11:20,L08,junction,0.7854,27.81,0.1445,20.212,28.03,83.51,WARNING,co_buildup
2026-01-01 08:11:25,L08,junction,0.7735,27.27,0.1439,20.214,28.06,83.51,WARNING,co_buildup
2026-01-01 08:11:30,L08,junction,0.7605,29.46,0.1449,20.214,28.07,83.41,WARNING,co_buildup
2026-01-01 08:11:35,L08,junction,0.7568,28.7,0.1461,20.222,28.1,83.34,WARNING,co_buildup
2026-01-01 08:11:40,L08,junction,0.7643,30.72,0.1505,20.216,28.09,83.39,DANGER,co_buildup
2026-01-01 08:11:45,L08,junction,0.739,30.59,0.1488,20.219,28.23,83.1,WARNING,co_buildup
2026-01-01 08:11:50,L08,junction,0.7438,32.07,0.1479,20.226,28.21,83.08,WARNING,co_buildup
2026-01-01 08:11:55,L08,junction,0.7352,33.09,0.1489,20.223,28.32,83.01,WARNING,co_buildup
2026-01-01 08:12:00,L08,junction,0.7242,33.31,0.1512,20.225,28.31,82.91,WARNING,co_buildup
2026-01-01 08:12:05,L08,junction,0.7247,33.14,0.1531,20.231,28.41,82.91,WARNING,co_buildup
2026-01-01 08:12:10,L08,junction,0.725,34.06,0.1545,20.23,28.4,82.93,WARNING,co_buildup
2026-01-01 08:12:15,L08,junction,0.7043,34.9,0.1548,20.235,28.36,82.78,WARNING,co_buildup
2026-01-01 08:12:20,L08,junction,0.6979,34.85,0.154,20.235,28.43,82.73,WARNING,co_buildup
2026-01-01 08:12:25,L08,junction,0.6973,37.6,0.1557,20.237,28.49,82.59,WARNING,co_buildup
2026-01-01 08:12:30,L08,junction,0.6927,37.65,0.1589,20.235,28.5,82.58,WARNING,co_buildup
2026-01-01 08:12:35,L08,junction,0.6783,37.54,0.1563,20.244,28.56,82.53,WARNING,co_buildup
2026-01-01 08:12:40,L08,junction,0.6702,40.0,0.1586,20.242,28.56,82.53,WARNING,co_buildup
2026-01-01 08:12:45,L08,junction,0.6496,39.29,0.1615,20.247,28.65,82.33,WARNING,co_buildup
2026-01-01 08:12:50,L08,junction,0.6532,40.65,0.163,20.248,28.69,82.34,WARNING,co_buildup
2026-01-01 08:12:55,L08,junction,0.6438,40.66,0.162,20.251,28.69,82.37,WARNING,co_buildup
2026-01-01 08:13:00,L08,junction,0.6502,40.59,0.1625,20.253,28.83,82.21,WARNING,co_buildup
2026-01-01 08:13:05,L08,junction,0.6367,41.75,0.1618,20.257,28.8,82.04,WARNING,co_buildup
2026-01-01 08:13:10,L08,junction,0.6296,43.09,0.1662,20.256,28.81,82.18,WARNING,co_buildup
2026-01-01 08:13:15,L08,junction,0.6248,44.72,0.1687,20.264,28.82,82.09,WARNING,co_buildup
2026-01-01 08:13:20,L08,junction,0.6118,45.08,0.172,20.257,28.92,82.03,WARNING,co_buildup
2026-01-01 08:13:25,L08,junction,0.6225,45.67,0.1689,20.264,28.94,81.81,WARNING,co_buildup
2026-01-01 08:13:30,L08,junction,0.6139,44.96,0.169,20.269,29.02,81.94,WARNING,co_buildup
2026-01-01 08:13:35,L08,junction,0.6094,47.87,0.1684,20.27,29.02,81.74,WARNING,co_buildup
2026-01-01 08:13:40,L08,junction,0.5958,47.9,0.1675,20.268,29.02,81.69,WARNING,co_buildup
2026-01-01 08:13:45,L08,junction,0.5839,48.4,0.1724,20.27,29.16,81.61,WARNING,co_buildup
2026-01-01 08:13:50,L08,junction,0.589,49.96,0.1774,20.272,29.16,81.64,WARNING,co_buildup
2026-01-01 08:13:55,L08,junction,0.5656,50.77,0.1764,20.279,29.17,81.51,DANGER,co_buildup
2026-01-01 08:14:00,L08,junction,0.5574,51.43,0.177,20.277,29.22,81.49,DANGER,co_buildup
2026-01-01 08:14:05,L08,junction,0.5526,51.23,0.1764,20.282,29.27,81.4,DANGER,co_buildup
2026-01-01 08:14:10,L08,junction,0.5539,51.45,0.1776,20.284,29.24,81.32,DANGER,co_buildup
2026-01-01 08:14:15,L08,junction,0.5378,53.51,0.1733,20.292,29.34,81.21,DANGER,co_buildup
2026-01-01 08:14:20,L08,junction,0.5354,52.66,0.1803,20.288,29.36,81.31,DANGER,co_buildup
2026-01-01 08:14:25,L08,junction,0.5182,55.6,0.1787,20.287,29.43,81.05,DANGER,co_buildup
2026-01-01 08:14:30,L08,junction,0.5264,55.05,0.1794,20.287,29.42,81.09,DANGER,co_buildup
2026-01-01 08:14:35,L08,junction,0.5052,55.05,0.1811,20.293,29.46,81.03,DANGER,co_buildup
2026-01-01 08:14:40,L08,junction,0.5026,55.66,0.182,20.295,29.58,81.01,DANGER,co_buildup
2026-01-01 08:14:45,L08,junction,0.5113,56.36,0.1823,20.291,29.61,80.96,DANGER,co_buildup
2026-01-01 08:14:50,L08,junction,0.5043,58.03,0.1847,20.298,29.48,80.8,DANGER,co_buildup
2026-01-01 08:14:55,L08,junction,0.4917,58.66,0.1845,20.303,29.68,80.78,WARNING,co_buildup
2026-01-01 08:15:00,L08,junction,0.4841,58.57,0.1868,20.303,29.67,80.79,WARNING,co_buildup
2026-01-01 08:15:05,L08,junction,0.4715,59.88,0.1847,20.309,29.69,80.61,WARNING,co_buildup
2026-01-01 08:15:10,L08,junction,0.463,59.94,0.1881,20.304,29.72,80.49,WARNING,co_buildup
2026-01-01 08:15:15,L08,junction,0.4592,61.97,0.1874,20.312,29.76,80.46,WARNING,co_buildup
2026-01-01 08:15:20,L08,junction,0.444,62.27,0.1892,20.315,29.81,80.34,WARNING,co_buildup
2026-01-01 08:15:25,L08,junction,0.45,62.78,0.1917,20.317,29.83,80.38,WARNING,co_buildup
2026-01-01 08:15:30,L08,junction,0.4455,61.08,0.1934,20.284,29.85,80.36,WARNING,low_oxygen
2026-01-01 08:15:35,L08,junction,0.4464,62.19,0.1922,20.295,29.86,80.35,WARNING,low_oxygen
2026-01-01 08:15:40,L08,junction,0.449,61.12,0.1932,20.294,29.9,80.34,WARNING,low_oxygen
2026-01-01 08:15:45,L08,junction,0.4503,60.85,0.1925,20.212,29.93,80.34,WARNING,low_oxygen
2026-01-01 08:15:50,L08,junction,0.4511,60.62,0.1933,20.139,29.93,80.34,WARNING,low_oxygen
2026-01-01 08:15:55,L08,junction,0.4509,60.3,0.1938,20.138,29.96,80.32,WARNING,low_oxygen
2026-01-01 08:16:00,L08,junction,0.4543,59.67,0.1948,20.077,30.0,80.32,WARNING,low_oxygen
2026-01-01 08:16:05,L08,junction,0.4523,59.52,0.1944,20.055,29.99,80.31,WARNING,low_oxygen
2026-01-01 08:16:10,L08,junction,0.4543,58.7,0.1973,20.032,30.0,80.3,WARNING,low_oxygen
2026-01-01 08:16:15,L08,junction,0.4545,58.09,0.1953,19.978,30.05,80.31,DANGER,low_oxygen
2026-01-01 08:16:20,L08,junction,0.4519,57.31,0.1939,19.949,30.06,80.29,DANGER,low_oxygen
2026-01-01 08:16:25,L08,junction,0.4542,57.3,0.2008,19.942,30.08,80.29,DANGER,low_oxygen
2026-01-01 08:16:30,L08,junction,0.4583,55.86,0.1969,19.913,30.11,80.28,DANGER,low_oxygen
2026-01-01 08:16:35,L08,junction,0.4548,55.29,0.1997,19.826,30.12,80.27,DANGER,low_oxygen
2026-01-01 08:16:40,L08,junction,0.4551,53.85,0.2004,19.85,30.14,80.25,DANGER,low_oxygen
2026-01-01 08:16:45,L08,junction,0.457,54.85,0.2002,19.791,30.2,80.27,DANGER,low_oxygen
2026-01-01 08:16:50,L08,junction,0.4566,53.66,0.199,19.793,30.15,80.25,DANGER,low_oxygen
2026-01-01 08:16:55,L08,junction,0.4567,54.68,0.2002,19.761,30.18,80.24,DANGER,low_oxygen
2026-01-01 08:17:00,L08,junction,0.4577,52.32,0.1984,19.684,30.23,80.25,DANGER,low_oxygen
2026-01-01 08:17:05,L08,junction,0.4612,52.0,0.2037,19.687,30.23,80.23,DANGER,low_oxygen
2026-01-01 08:17:10,L08,junction,0.4594,51.66,0.2,19.606,30.26,80.22,DANGER,low_oxygen
2026-01-01 08:17:15,L08,junction,0.4582,50.19,0.2014,19.642,30.27,80.24,DANGER,low_oxygen
2026-01-01 08:17:20,L08,junction,0.4584,50.39,0.2024,19.539,30.31,80.2,DANGER,low_oxygen
2026-01-01 08:17:25,L08,junction,0.4647,49.64,0.2026,19.542,30.29,80.2,WARNING,low_oxygen
2026-01-01 08:17:30,L08,junction,0.4616,48.87,0.2023,19.491,30.35,80.2,DANGER,low_oxygen
2026-01-01 08:17:35,L08,junction,0.4631,49.08,0.2058,19.43,30.37,80.19,DANGER,low_oxygen
2026-01-01 08:17:40,L08,junction,0.4619,47.38,0.2056,19.458,30.34,80.18,DANGER,low_oxygen
2026-01-01 08:17:45,L08,junction,0.4641,47.43,0.2052,19.375,30.39,80.18,DANGER,low_oxygen
2026-01-01 08:17:50,L08,junction,0.4664,47.48,0.2046,19.306,30.4,80.19,DANGER,low_oxygen
2026-01-01 08:17:55,L08,junction,0.4638,45.74,0.2073,19.234,30.41,80.17,DANGER,low_oxygen
2026-01-01 08:18:00,L08,junction,0.466,45.38,0.2055,19.264,30.41,80.17,DANGER,low_oxygen
2026-01-01 08:18:05,L08,junction,0.4638,46.21,0.209,19.303,30.44,80.16,DANGER,low_oxygen
2026-01-01 08:18:10,L08,junction,0.4695,44.62,0.2074,19.265,30.49,80.15,DANGER,low_oxygen
2026-01-01 08:18:15,L08,junction,0.4674,43.52,0.2095,19.167,30.51,80.15,DANGER,low_oxygen
2026-01-01 08:18:20,L08,junction,0.467,43.63,0.208,19.144,30.51,80.13,DANGER,low_oxygen
2026-01-01 08:18:25,L08,junction,0.4677,42.32,0.2088,19.107,30.55,80.13,DANGER,low_oxygen
2026-01-01 08:18:30,L08,junction,0.468,41.2,0.2109,19.045,30.57,80.13,DANGER,low_oxygen
2026-01-01 08:18:35,L08,junction,0.4686,42.19,0.2128,19.024,30.58,80.13,DANGER,low_oxygen
2026-01-01 08:18:40,L08,junction,0.4662,40.28,0.2124,19.052,30.58,80.13,DANGER,low_oxygen
2026-01-01 08:18:45,L08,junction,0.4703,41.6,0.2119,19.002,30.62,80.11,DANGER,low_oxygen
2026-01-01 08:18:50,L08,junction,0.4708,39.44,0.212,18.961,30.64,80.11,DANGER,low_oxygen
2026-01-01 08:18:55,L08,junction,0.4724,40.26,0.2109,18.875,30.66,80.08,DANGER,low_oxygen
2026-01-01 08:19:00,L08,junction,0.4714,37.81,0.2126,18.887,30.69,80.1,DANGER,low_oxygen
2026-01-01 08:19:05,L08,junction,0.4716,38.5,0.2113,18.776,30.66,80.08,DANGER,low_oxygen
2026-01-01 08:19:10,L08,junction,0.4733,37.64,0.2137,18.843,30.7,80.07,DANGER,low_oxygen
2026-01-01 08:19:15,L08,junction,0.4714,37.24,0.2142,18.79,30.69,80.07,DANGER,low_oxygen
2026-01-01 08:19:20,L08,junction,0.4747,36.72,0.2113,18.704,30.76,80.06,DANGER,low_oxygen
2026-01-01 08:19:25,L08,junction,0.4722,35.36,0.2147,18.765,30.76,80.06,DANGER,low_oxygen
2026-01-01 08:19:30,L08,junction,0.4773,34.34,0.2157,18.622,30.79,80.06,DANGER,low_oxygen
2026-01-01 08:19:35,L08,junction,0.4772,34.43,0.2155,18.662,30.78,80.04,DANGER,low_oxygen
2026-01-01 08:19:40,L08,junction,0.4753,33.99,0.2166,18.629,30.85,80.03,DANGER,low_oxygen
2026-01-01 08:19:45,L08,junction,0.4783,33.04,0.2146,18.537,30.82,80.04,DANGER,low_oxygen
2026-01-01 08:19:50,L08,junction,0.4781,32.85,0.2159,18.542,30.87,80.03,DANGER,low_oxygen
2026-01-01 08:19:55,L08,junction,0.4769,32.3,0.2191,18.456,30.88,80.03,DANGER,low_oxygen
2026-01-01 08:20:00,L08,junction,0.476,31.05,0.2181,18.383,30.9,80.02,DANGER,low_oxygen
2026-01-01 08:20:05,L08,junction,0.4801,31.17,0.219,18.407,30.91,80.0,DANGER,low_oxygen
2026-01-01 08:20:10,L08,junction,0.479,30.23,0.2182,18.387,30.93,80.0,DANGER,low_oxygen
2026-01-01 08:20:15,L08,junction,0.4824,29.42,0.2196,18.394,30.98,79.98,DANGER,low_oxygen
2026-01-01 08:20:20,L08,junction,0.4813,29.63,0.2167,18.341,30.98,79.99,DANGER,low_oxygen
2026-01-01 08:20:25,L08,junction,0.4808,28.21,0.2217,18.308,30.97,79.98,DANGER,low_oxygen
2026-01-01 08:20:30,L08,junction,0.4852,27.8,0.2236,18.238,31.01,79.96,DANGER,low_oxygen
2026-01-01 08:20:35,L08,junction,0.4839,27.5,0.22,18.219,31.03,79.96,DANGER,low_oxygen
2026-01-01 08:20:40,L08,junction,0.4822,27.54,0.2279,18.28,31.04,79.93,DANGER,co2_buildup
2026-01-01 08:20:45,L08,junction,0.4816,27.39,0.2236,18.231,31.02,80.01,DANGER,co2_buildup
2026-01-01 08:20:50,L08,junction,0.4827,27.24,0.2259,18.304,31.01,79.99,DANGER,co2_buildup
2026-01-01 08:20:55,L08,junction,0.4784,27.05,0.2387,18.346,31.0,80.05,DANGER,co2_buildup
2026-01-01 08:21:00,L08,junction,0.4764,27.03,0.2367,18.35,31.0,80.11,DANGER,co2_buildup
2026-01-01 08:21:05,L08,junction,0.4719,26.92,0.2499,18.415,30.99,80.07,DANGER,co2_buildup
2026-01-01 08:21:10,L08,junction,0.4735,26.72,0.2559,18.47,30.97,80.21,DANGER,co2_buildup
2026-01-01 08:21:15,L08,junction,0.4722,26.41,0.2477,18.448,30.97,80.15,DANGER,co2_buildup
2026-01-01 08:21:20,L08,junction,0.4733,26.21,0.2732,18.461,30.99,80.28,DANGER,co2_buildup
2026-01-01 08:21:25,L08,junction,0.4704,26.14,0.2746,18.523,30.97,80.25,DANGER,co2_buildup
2026-01-01 08:21:30,L08,junction,0.4751,26.32,0.2896,18.549,30.96,80.32,DANGER,co2_buildup
2026-01-01 08:21:35,L08,junction,0.4669,25.96,0.2893,18.485,30.95,80.38,DANGER,co2_buildup
2026-01-01 08:21:40,L08,junction,0.471,26.06,0.2987,18.583,30.94,80.48,DANGER,co2_buildup
2026-01-01 08:21:45,L08,junction,0.4672,25.63,0.3077,18.601,30.93,80.44,DANGER,co2_buildup
2026-01-01 08:21:50,L08,junction,0.4672,25.48,0.3051,18.652,30.93,80.41,DANGER,co2_buildup
2026-01-01 08:21:55,L08,junction,0.4658,25.36,0.312,18.665,30.92,80.54,DANGER,co2_buildup
2026-01-01 08:22:00,L08,junction,0.4581,25.22,0.3078,18.697,30.91,80.54,DANGER,co2_buildup
2026-01-01 08:22:05,L08,junction,0.4616,24.99,0.3322,18.704,30.91,80.59,DANGER,co2_buildup
2026-01-01 08:22:10,L08,junction,0.4598,24.81,0.3292,18.777,30.88,80.64,DANGER,co2_buildup
2026-01-01 08:22:15,L08,junction,0.4567,24.88,0.3296,18.831,30.9,80.58,DANGER,co2_buildup
2026-01-01 08:22:20,L08,junction,0.4589,24.81,0.347,18.791,30.88,80.69,DANGER,co2_buildup
2026-01-01 08:22:25,L08,junction,0.4603,24.85,0.334,18.805,30.88,80.72,DANGER,co2_buildup
2026-01-01 08:22:30,L08,junction,0.4496,24.34,0.3515,18.873,30.86,80.81,DANGER,co2_buildup
2026-01-01 08:22:35,L08,junction,0.4529,24.21,0.3662,18.901,30.86,80.83,DANGER,co2_buildup
2026-01-01 08:22:40,L08,junction,0.4502,24.02,0.3635,18.962,30.86,80.78,DANGER,co2_buildup
2026-01-01 08:22:45,L08,junction,0.4517,24.12,0.3677,18.925,30.86,80.92,DANGER,co2_buildup
2026-01-01 08:22:50,L08,junction,0.4496,23.94,0.3757,18.973,30.83,80.93,DANGER,co2_buildup
2026-01-01 08:22:55,L08,junction,0.4478,23.59,0.3713,18.958,30.84,80.89,DANGER,co2_buildup
2026-01-01 08:23:00,L08,junction,0.4493,23.45,0.3951,19.084,30.83,80.99,DANGER,co2_buildup
2026-01-01 08:23:05,L08,junction,0.4501,23.54,0.3957,19.082,30.82,81.06,DANGER,co2_buildup
2026-01-01 08:23:10,L08,junction,0.451,23.33,0.4008,19.091,30.82,81.02,DANGER,co2_buildup
2026-01-01 08:23:15,L08,junction,0.4424,23.24,0.4068,19.096,30.8,81.14,DANGER,co2_buildup
2026-01-01 08:23:20,L08,junction,0.4389,22.89,0.4147,19.128,30.8,81.08,DANGER,co2_buildup
2026-01-01 08:23:25,L08,junction,0.4427,22.63,0.4249,19.202,30.78,81.14,DANGER,co2_buildup
2026-01-01 08:23:30,L08,junction,0.4437,22.61,0.4263,19.189,30.78,81.17,DANGER,co2_buildup
2026-01-01 08:23:35,L08,junction,0.4407,22.68,0.4238,19.251,30.78,81.29,DANGER,co2_buildup
2026-01-01 08:23:40,L08,junction,0.4412,22.72,0.4425,19.333,30.78,81.26,DANGER,co2_buildup
2026-01-01 08:23:45,L08,junction,0.436,22.25,0.448,19.296,30.76,81.27,DANGER,co2_buildup
2026-01-01 08:23:50,L08,junction,0.4339,22.46,0.4521,19.308,30.73,81.36,DANGER,co2_buildup
2026-01-01 08:23:55,L08,junction,0.4342,22.14,0.4639,19.374,30.75,81.41,DANGER,co2_buildup
2026-01-01 08:24:00,L08,junction,0.432,21.71,0.4631,19.359,30.74,81.44,DANGER,co2_buildup
2026-01-01 08:24:05,L08,junction,0.4329,21.78,0.4762,19.469,30.73,81.45,DANGER,co2_buildup
2026-01-01 08:24:10,L08,junction,0.4323,21.72,0.4841,19.489,30.73,81.5,DANGER,co2_buildup
2026-01-01 08:24:15,L08,junction,0.4312,21.16,0.4848,19.475,30.71,81.51,DANGER,co2_buildup
2026-01-01 08:24:20,L08,junction,0.4288,21.42,0.4821,19.484,30.72,81.62,DANGER,co2_buildup
2026-01-01 08:24:25,L08,junction,0.4269,21.35,0.4922,19.526,30.69,81.64,WARNING,co2_buildup
2026-01-01 08:24:30,L08,junction,0.4269,21.11,0.5072,19.558,30.71,81.68,DANGER,co2_buildup
2026-01-01 08:24:35,L08,junction,0.4197,20.91,0.4953,19.606,30.7,81.7,WARNING,co2_buildup
2026-01-01 08:24:40,L08,junction,0.4231,20.76,0.5086,19.652,30.67,81.73,DANGER,co2_buildup
2026-01-01 08:24:45,L08,junction,0.4215,20.61,0.5149,19.624,30.67,81.71,DANGER,co2_buildup
2026-01-01 08:24:50,L08,junction,0.4206,20.35,0.5176,19.709,30.67,81.81,DANGER,co2_buildup
2026-01-01 08:24:55,L08,junction,0.4187,20.27,0.5349,19.728,30.65,81.82,DANGER,co2_buildup
2026-01-01 08:25:00,L08,junction,0.4185,20.17,0.5377,19.726,30.65,81.9,DANGER,co2_buildup
2026-01-01 08:25:05,L08,junction,0.4151,20.1,0.5367,19.739,30.65,81.92,DANGER,co2_buildup
2026-01-01 08:25:10,L08,junction,0.4175,19.87,0.5513,19.801,30.64,81.95,DANGER,co2_buildup
2026-01-01 08:25:15,L08,junction,0.4149,19.69,0.5524,19.797,30.64,81.91,DANGER,co2_buildup
2026-01-01 08:25:20,L08,junction,0.4129,19.76,0.5536,19.883,30.62,82.0,DANGER,co2_buildup
2026-01-01 08:25:25,L08,junction,0.4098,19.57,0.5608,19.853,30.61,82.02,DANGER,co2_buildup
2026-01-01 08:25:30,L08,junction,0.4118,19.32,0.5743,19.928,30.61,82.08,DANGER,co2_buildup
2026-01-01 08:25:35,L08,junction,0.4092,19.31,0.5836,19.94,30.6,82.1,DANGER,co2_buildup
2026-01-01 08:25:40,L08,junction,0.4059,19.05,0.5804,19.955,30.59,82.14,DANGER,co2_buildup
2026-01-01 08:25:45,L08,junction,0.4062,18.98,0.5931,19.997,30.59,82.2,DANGER,co2_buildup
2026-01-01 08:25:50,L08,junction,0.4189,19.01,0.5887,20.012,30.58,82.03,WARNING,ventilation_failure
2026-01-01 08:25:55,L08,junction,0.4261,18.98,0.5897,19.972,30.6,82.31,DANGER,ventilation_failure
2026-01-01 08:26:00,L08,junction,0.4235,19.12,0.5815,19.966,30.61,82.45,DANGER,ventilation_failure
2026-01-01 08:26:05,L08,junction,0.4665,19.39,0.5776,19.955,30.62,82.53,DANGER,ventilation_failure
2026-01-01 08:26:10,L08,junction,0.4587,19.62,0.5802,19.931,30.64,82.64,DANGER,ventilation_failure
2026-01-01 08:26:15,L08,junction,0.4465,19.58,0.5721,19.926,30.62,82.63,DANGER,ventilation_failure
2026-01-01 08:26:20,L08,junction,0.4736,19.77,0.5754,19.891,30.65,82.84,DANGER,ventilation_failure
2026-01-01 08:26:25,L08,junction,0.4767,19.92,0.5708,19.862,30.65,82.93,DANGER,ventilation_failure
2026-01-01 08:26:30,L08,junction,0.4782,20.05,0.571,19.827,30.67,83.19,DANGER,ventilation_failure
2026-01-01 08:26:35,L08,junction,0.4852,19.97,0.5622,19.812,30.67,83.23,DANGER,ventilation_failure
2026-01-01 08:26:40,L08,junction,0.516,20.11,0.5686,19.817,30.7,83.28,DANGER,ventilation_failure
2026-01-01 08:26:45,L08,junction,0.5099,20.25,0.5612,19.753,30.69,83.6,DANGER,ventilation_failure
2026-01-01 08:26:50,L08,junction,0.5249,20.67,0.5618,19.783,30.69,83.5,DANGER,ventilation_failure
2026-01-01 08:26:55,L08,junction,0.5266,20.63,0.5599,19.737,30.71,83.7,DANGER,ventilation_failure
2026-01-01 08:27:00,L08,junction,0.5383,20.75,0.5503,19.707,30.72,83.74,DANGER,ventilation_failure
2026-01-01 08:27:05,L08,junction,0.5545,20.86,0.5546,19.682,30.73,84.04,DANGER,ventilation_failure
2026-01-01 08:27:10,L08,junction,0.5697,20.79,0.5444,19.696,30.74,83.99,DANGER,ventilation_failure
2026-01-01 08:27:15,L08,junction,0.5496,21.28,0.5421,19.663,30.76,84.1,DANGER,ventilation_failure
2026-01-01 08:27:20,L08,junction,0.5859,21.24,0.5506,19.674,30.75,84.19,DANGER,ventilation_failure
2026-01-01 08:27:25,L08,junction,0.5881,21.39,0.5452,19.6,30.76,84.34,DANGER,ventilation_failure
2026-01-01 08:27:30,L08,junction,0.6199,21.23,0.5459,19.593,30.76,84.55,DANGER,ventilation_failure
2026-01-01 08:27:35,L08,junction,0.6454,21.64,0.5352,19.582,30.78,84.63,DANGER,ventilation_failure
2026-01-01 08:27:40,L08,junction,0.622,21.64,0.5343,19.55,30.79,84.65,DANGER,ventilation_failure
2026-01-01 08:27:45,L08,junction,0.6181,21.65,0.5332,19.545,30.8,84.94,DANGER,ventilation_failure
2026-01-01 08:27:50,L08,junction,0.6467,21.82,0.5288,19.531,30.81,84.97,DANGER,ventilation_failure
2026-01-01 08:27:55,L08,junction,0.6534,21.91,0.5239,19.514,30.81,84.94,DANGER,ventilation_failure
2026-01-01 08:28:00,L08,junction,0.6854,22.03,0.5209,19.514,30.82,84.96,DANGER,ventilation_failure
2026-01-01 08:28:05,L08,junction,0.6923,22.3,0.522,19.441,30.83,85.17,DANGER,ventilation_failure
2026-01-01 08:28:10,L08,junction,0.6942,22.37,0.5152,19.452,30.85,85.37,DANGER,ventilation_failure
2026-01-01 08:28:15,L08,junction,0.6894,22.58,0.5126,19.414,30.86,85.5,DANGER,ventilation_failure
2026-01-01 08:28:20,L08,junction,0.7122,22.86,0.515,19.414,30.86,85.69,DANGER,ventilation_failure
2026-01-01 08:28:25,L08,junction,0.718,22.77,0.5109,19.395,30.86,85.55,DANGER,ventilation_failure
2026-01-01 08:28:30,L08,junction,0.7277,22.66,0.5118,19.348,30.88,85.73,DANGER,ventilation_failure
2026-01-01 08:28:35,L08,junction,0.7195,23.01,0.5047,19.33,30.91,85.76,DANGER,ventilation_failure
2026-01-01 08:28:40,L08,junction,0.756,23.29,0.5017,19.337,30.91,85.86,CRITICAL,ventilation_failure
2026-01-01 08:28:45,L08,junction,0.7563,23.27,0.5025,19.308,30.91,86.04,CRITICAL,ventilation_failure
2026-01-01 08:28:50,L08,junction,0.7641,23.58,0.4958,19.283,30.92,86.26,DANGER,ventilation_failure
2026-01-01 08:28:55,L08,junction,0.7691,23.58,0.4938,19.28,30.94,86.41,DANGER,ventilation_failure
2026-01-01 08:29:00,L08,junction,0.7771,23.44,0.4914,19.262,30.92,86.35,DANGER,ventilation_failure
2026-01-01 08:29:05,L08,junction,0.7983,23.79,0.4903,19.218,30.94,86.47,DANGER,ventilation_failure
2026-01-01 08:29:10,L08,junction,0.7873,23.93,0.4943,19.192,30.95,86.49,DANGER,ventilation_failure
2026-01-01 08:29:15,L08,junction,0.823,24.14,0.4813,19.164,30.97,86.81,DANGER,ventilation_failure
2026-01-01 08:29:20,L08,junction,0.8143,24.35,0.4877,19.169,30.97,86.82,DANGER,ventilation_failure
2026-01-01 08:29:25,L08,junction,0.8141,24.37,0.4833,19.122,30.99,87.18,DANGER,ventilation_failure
2026-01-01 08:29:30,L08,junction,0.8634,24.44,0.4835,19.131,30.98,87.16,DANGER,ventilation_failure
2026-01-01 08:29:35,L08,junction,0.8462,24.59,0.4862,19.133,31.01,87.21,DANGER,ventilation_failure
2026-01-01 08:29:40,L08,junction,0.8575,24.62,0.478,19.083,31.01,87.28,DANGER,ventilation_failure
2026-01-01 08:29:45,L08,junction,0.8863,24.59,0.4738,19.06,31.02,87.3,DANGER,ventilation_failure
2026-01-01 08:29:50,L08,junction,0.9036,24.89,0.4638,19.088,31.04,87.43,DANGER,ventilation_failure
2026-01-01 08:29:55,L08,junction,0.8792,25.05,0.4617,19.059,31.04,87.62,CRITICAL,ventilation_failure
2026-01-01 08:30:00,L08,junction,0.8951,24.99,0.4643,18.996,31.05,87.72,CRITICAL,ventilation_failure
2026-01-01 08:30:05,L08,junction,0.9058,25.4,0.455,18.993,31.06,87.8,CRITICAL,ventilation_failure
2026-01-01 08:30:10,L08,junction,0.9341,25.49,0.4601,18.977,31.08,88.06,CRITICAL,ventilation_failure
2026-01-01 08:30:15,L08,junction,0.9512,25.34,0.4485,18.955,31.07,88.18,CRITICAL,ventilation_failure
2026-01-01 08:30:20,L08,junction,0.9337,25.78,0.4568,18.966,31.07,88.19,CRITICAL,ventilation_failure
2026-01-01 08:30:25,L08,junction,0.9689,25.71,0.4494,18.913,31.09,88.55,CRITICAL,ventilation_failure
2026-01-01 08:30:30,L08,junction,0.9574,25.78,0.4484,18.896,31.1,88.28,CRITICAL,ventilation_failure
2026-01-01 08:30:35,L08,junction,0.9779,26.11,0.4429,18.885,31.08,88.58,CRITICAL,ventilation_failure
2026-01-01 08:30:40,L08,junction,0.9716,26.11,0.4366,18.875,31.12,88.67,CRITICAL,ventilation_failure
2026-01-01 08:30:45,L08,junction,0.9932,26.45,0.4444,18.85,31.13,88.74,CRITICAL,ventilation_failure
2026-01-01 08:30:50,L08,junction,1.0033,26.26,0.4423,18.823,31.14,88.84,CRITICAL,ventilation_failure
2026-01-01 08:30:55,L08,junction,1.0112,26.29,0.4341,18.763,31.14,89.03,CRITICAL,ventilation_failure
2026-01-01 08:31:00,L08,junction,1.0122,26.59,0.4343,18.799,31.18,88.67,CRITICAL,fire_heat
2026-01-01 08:31:05,L08,junction,1.0024,27.0,0.4367,18.791,31.13,89.23,CRITICAL,fire_heat
2026-01-01 08:31:10,L08,junction,0.987,27.06,0.4279,18.809,31.2,88.68,CRITICAL,fire_heat
2026-01-01 08:31:15,L08,junction,0.9795,28.01,0.4322,18.819,31.57,88.3,CRITICAL,fire_heat
2026-01-01 08:31:20,L08,junction,0.9617,28.39,0.4298,18.812,31.37,88.04,CRITICAL,fire_heat
2026-01-01 08:31:25,L08,junction,0.9768,28.58,0.4246,18.822,31.68,87.59,CRITICAL,fire_heat
2026-01-01 08:31:30,L08,junction,0.9406,29.37,0.4263,18.827,31.63,87.42,CRITICAL,fire_heat
2026-01-01 08:31:35,L08,junction,0.9344,29.5,0.4196,18.844,31.68,87.78,CRITICAL,fire_heat
2026-01-01 08:31:40,L08,junction,0.9197,30.19,0.4152,18.845,31.85,86.91,CRITICAL,fire_heat
2026-01-01 08:31:45,L08,junction,0.9087,30.37,0.4196,18.85,31.99,86.66,CRITICAL,fire_heat
2026-01-01 08:31:50,L08,junction,0.9062,30.94,0.4145,18.85,31.88,86.49,CRITICAL,fire_heat
2026-01-01 08:31:55,L08,junction,0.894,31.52,0.4145,18.865,32.01,86.15,CRITICAL,fire_heat
2026-01-01 08:32:00,L08,junction,0.8792,31.57,0.4159,18.868,32.2,86.18,CRITICAL,fire_heat
2026-01-01 08:32:05,L08,junction,0.8703,31.67,0.4065,18.88,32.24,86.17,CRITICAL,fire_heat
2026-01-01 08:32:10,L08,junction,0.8547,32.71,0.4062,18.877,32.38,85.56,CRITICAL,fire_heat
2026-01-01 08:32:15,L08,junction,0.8561,33.52,0.409,18.893,32.42,85.16,CRITICAL,fire_heat
2026-01-01 08:32:20,L08,junction,0.8633,33.6,0.4044,18.895,32.6,85.28,CRITICAL,fire_heat
2026-01-01 08:32:25,L08,junction,0.8205,34.04,0.3984,18.896,32.56,84.97,CRITICAL,fire_heat
2026-01-01 08:32:30,L08,junction,0.8235,34.33,0.3956,18.902,32.65,84.96,CRITICAL,fire_heat
2026-01-01 08:32:35,L08,junction,0.8089,35.09,0.3948,18.909,32.74,84.41,CRITICAL,fire_heat
2026-01-01 08:32:40,L08,junction,0.8048,35.15,0.3921,18.923,32.78,84.21,CRITICAL,fire_heat
2026-01-01 08:32:45,L08,junction,0.7943,35.48,0.3929,18.932,32.94,84.0,CRITICAL,fire_heat
2026-01-01 08:32:50,L08,junction,0.7781,36.54,0.3904,18.939,32.98,83.81,CRITICAL,fire_heat
2026-01-01 08:32:55,L08,junction,0.7646,36.32,0.3889,18.946,33.1,83.47,CRITICAL,fire_heat
2026-01-01 08:33:00,L08,junction,0.7494,37.33,0.3836,18.945,33.2,83.2,CRITICAL,fire_heat
2026-01-01 08:33:05,L08,junction,0.7349,37.86,0.3838,18.964,33.24,82.67,CRITICAL,fire_heat
2026-01-01 08:33:10,L08,junction,0.7314,38.08,0.376,18.96,33.33,82.72,CRITICAL,fire_heat
2026-01-01 08:33:15,L08,junction,0.7076,37.79,0.3803,18.973,33.29,82.76,CRITICAL,fire_heat
2026-01-01 08:33:20,L08,junction,0.7043,38.73,0.3812,18.976,33.41,82.55,CRITICAL,fire_heat
2026-01-01 08:33:25,L08,junction,0.712,39.08,0.3717,18.986,33.6,82.03,CRITICAL,fire_heat
2026-01-01 08:33:30,L08,junction,0.6902,39.4,0.3751,18.988,33.73,82.17,CRITICAL,fire_heat
2026-01-01 08:33:35,L08,junction,0.688,40.09,0.3699,18.999,33.55,81.65,CRITICAL,fire_heat
2026-01-01 08:33:40,L08,junction,0.6834,40.78,0.3719,19.003,33.74,81.12,CRITICAL,fire_heat
2026-01-01 08:33:45,L08,junction,0.6546,40.73,0.368,19.015,33.87,80.82,CRITICAL,fire_heat
2026-01-01 08:33:50,L08,junction,0.648,41.28,0.3667,19.01,33.88,81.21,CRITICAL,fire_heat
2026-01-01 08:33:55,L08,junction,0.6316,41.69,0.3637,19.01,33.97,80.62,CRITICAL,fire_heat
2026-01-01 08:34:00,L08,junction,0.6151,42.69,0.3652,19.022,34.15,80.2,CRITICAL,fire_heat
2026-01-01 08:34:05,L08,junction,0.6028,42.56,0.3604,19.043,34.32,79.73,CRITICAL,fire_heat
2026-01-01 08:34:10,L08,junction,0.6115,42.6,0.3553,19.041,34.12,79.9,CRITICAL,fire_heat
2026-01-01 08:34:15,L08,junction,0.5938,42.9,0.3556,19.05,34.35,79.84,CRITICAL,fire_heat
2026-01-01 08:34:20,L08,junction,0.6008,44.12,0.3522,19.048,34.48,79.36,CRITICAL,fire_heat
2026-01-01 08:34:25,L08,junction,0.5804,44.1,0.3516,19.063,34.59,79.04,CRITICAL,fire_heat
2026-01-01 08:34:30,L08,junction,0.551,45.11,0.3479,19.061,34.63,78.92,CRITICAL,fire_heat
2026-01-01 08:34:35,L08,junction,0.5573,44.75,0.3451,19.069,34.83,79.07,CRITICAL,fire_heat
2026-01-01 08:34:40,L08,junction,0.5339,45.5,0.3456,19.079,34.78,78.26,CRITICAL,fire_heat
2026-01-01 08:34:45,L08,junction,0.5397,45.62,0.3431,19.091,34.96,78.18,CRITICAL,fire_heat
2026-01-01 08:34:50,L08,junction,0.5103,46.77,0.344,19.099,34.89,78.35,CRITICAL,fire_heat
2026-01-01 08:34:55,L08,junction,0.4933,47.29,0.3377,19.105,35.03,77.95,CRITICAL,fire_heat
2026-01-01 08:35:00,L08,junction,0.4852,47.6,0.3311,19.097,35.01,77.65,CRITICAL,fire_heat
2026-01-01 08:35:05,L08,junction,0.4749,47.47,0.3337,19.115,35.26,77.23,CRITICAL,fire_heat
2026-01-01 08:35:10,L08,junction,0.463,48.04,0.328,19.12,35.26,77.14,CRITICAL,fire_heat
2026-01-01 08:35:15,L08,junction,0.4551,48.87,0.3318,19.117,35.38,76.78,CRITICAL,fire_heat
2026-01-01 08:35:20,L08,junction,0.4599,48.54,0.3238,19.134,35.41,76.47,CRITICAL,fire_heat
2026-01-01 08:35:25,L08,junction,0.4593,49.56,0.3237,19.139,35.56,76.18,CRITICAL,fire_heat
2026-01-01 08:35:30,L08,junction,0.4143,50.7,0.3234,19.151,35.63,76.35,CRITICAL,fire_heat
2026-01-01 08:35:35,L08,junction,0.4318,50.46,0.3269,19.155,35.61,75.93,CRITICAL,fire_heat
2026-01-01 08:35:40,L08,junction,0.4019,50.37,0.3173,19.157,35.69,75.77,CRITICAL,fire_heat
2026-01-01 08:35:45,L08,junction,0.4001,51.16,0.3184,19.174,35.85,75.5,CRITICAL,fire_heat
2026-01-01 08:35:50,L08,junction,0.3674,51.59,0.3179,19.158,35.98,75.33,CRITICAL,fire_heat
2026-01-01 08:35:55,L08,junction,0.3804,53.14,0.3185,19.18,36.16,74.94,CRITICAL,fire_heat
2026-01-01 08:36:00,L08,junction,0.3419,53.38,0.3144,19.174,36.12,74.65,CRITICAL,fire_heat
2026-01-01 08:36:05,L08,junction,0.3564,53.44,0.3133,19.187,36.26,74.34,CRITICAL,fire_heat
2026-01-01 08:36:10,L08,junction,0.3555,53.29,0.3082,19.193,36.23,74.96,CRITICAL,combined_hazard
2026-01-01 08:36:15,L08,junction,0.3584,53.53,0.3144,19.191,36.28,74.49,CRITICAL,combined_hazard
2026-01-01 08:36:20,L08,junction,0.4001,53.51,0.3148,19.178,36.32,75.04,CRITICAL,combined_hazard
2026-01-01 08:36:25,L08,junction,0.3661,53.82,0.3165,19.17,36.4,75.07,CRITICAL,combined_hazard
2026-01-01 08:36:30,L08,junction,0.4066,54.01,0.3263,19.148,36.43,75.09,CRITICAL,combined_hazard
2026-01-01 08:36:35,L08,junction,0.4049,53.99,0.3294,19.135,36.52,75.42,CRITICAL,combined_hazard
2026-01-01 08:36:40,L08,junction,0.4258,54.43,0.325,19.108,36.72,75.36,CRITICAL,combined_hazard
2026-01-01 08:36:45,L08,junction,0.4287,54.82,0.323,19.092,36.6,75.69,CRITICAL,combined_hazard
2026-01-01 08:36:50,L08,junction,0.4168,54.71,0.3241,19.098,36.82,75.97,CRITICAL,combined_hazard
2026-01-01 08:36:55,L08,junction,0.4498,55.01,0.3357,19.066,36.88,75.88,CRITICAL,combined_hazard
2026-01-01 08:37:00,L08,junction,0.4632,55.22,0.3399,19.061,37.03,76.43,CRITICAL,combined_hazard
2026-01-01 08:37:05,L08,junction,0.4451,55.32,0.3405,19.067,36.95,76.35,CRITICAL,combined_hazard
2026-01-01 08:37:10,L08,junction,0.5028,55.72,0.3427,19.051,37.15,76.44,CRITICAL,combined_hazard
2026-01-01 08:37:15,L08,junction,0.4949,55.65,0.3428,19.025,37.26,76.69,CRITICAL,combined_hazard
2026-01-01 08:37:20,L08,junction,0.5096,56.25,0.3509,19.004,37.16,77.46,CRITICAL,combined_hazard
2026-01-01 08:37:25,L08,junction,0.4994,56.32,0.3574,18.993,37.3,76.9,CRITICAL,combined_hazard
2026-01-01 08:37:30,L08,junction,0.5311,56.21,0.3458,18.993,37.46,77.51,CRITICAL,combined_hazard
2026-01-01 08:37:35,L08,junction,0.5463,56.93,0.3564,18.968,37.59,77.48,CRITICAL,combined_hazard
2026-01-01 08:37:40,L08,junction,0.5475,56.83,0.3559,18.947,37.65,77.73,CRITICAL,combined_hazard
2026-01-01 08:37:45,L08,junction,0.5551,56.86,0.3567,18.959,37.76,78.09,CRITICAL,combined_hazard
2026-01-01 08:37:50,L08,junction,0.5557,57.43,0.3608,18.931,37.71,78.26,CRITICAL,combined_hazard
2026-01-01 08:37:55,L08,junction,0.5741,57.51,0.369,18.907,37.75,78.22,CRITICAL,combined_hazard
2026-01-01 08:38:00,L08,junction,0.5813,57.26,0.3719,18.909,37.96,78.28,CRITICAL,combined_hazard
2026-01-01 08:38:05,L08,junction,0.6043,57.71,0.3785,18.902,37.94,78.82,CRITICAL,combined_hazard
2026-01-01 08:38:10,L08,junction,0.5988,58.07,0.3759,18.861,38.05,78.99,CRITICAL,combined_hazard
2026-01-01 08:38:15,L08,junction,0.6255,57.79,0.3722,18.859,38.27,79.02,CRITICAL,combined_hazard
2026-01-01 08:38:20,L08,junction,0.6202,58.44,0.3805,18.845,38.29,79.33,CRITICAL,combined_hazard
2026-01-01 08:38:25,L08,junction,0.6374,58.66,0.379,18.842,38.31,79.36,CRITICAL,combined_hazard
2026-01-01 08:38:30,L08,junction,0.658,58.59,0.3824,18.831,38.38,79.47,CRITICAL,combined_hazard
2026-01-01 08:38:35,L08,junction,0.6537,59.08,0.3917,18.801,38.57,79.8,CRITICAL,combined_hazard
2026-01-01 08:38:40,L08,junction,0.6797,59.23,0.393,18.775,38.62,80.07,CRITICAL,combined_hazard
2026-01-01 08:38:45,L08,junction,0.6893,59.2,0.3972,18.797,38.58,80.22,CRITICAL,combined_hazard
2026-01-01 08:38:50,L08,junction,0.6905,59.82,0.3965,18.754,38.61,80.44,CRITICAL,combined_hazard
2026-01-01 08:38:55,L08,junction,0.7175,60.01,0.4034,18.76,38.99,80.39,CRITICAL,combined_hazard
2026-01-01 08:39:00,L08,junction,0.7158,59.99,0.4018,18.741,38.82,80.99,CRITICAL,combined_hazard
2026-01-01 08:39:05,L08,junction,0.7381,60.21,0.4101,18.732,39.04,80.83,CRITICAL,combined_hazard
2026-01-01 08:39:10,L08,junction,0.7566,60.59,0.41,18.739,39.2,81.05,CRITICAL,combined_hazard
2026-01-01 08:39:15,L08,junction,0.7441,60.61,0.4107,18.745,39.18,81.02,CRITICAL,combined_hazard
2026-01-01 08:39:20,L08,junction,0.7648,60.47,0.415,18.667,39.2,81.4,CRITICAL,combined_hazard
2026-01-01 08:39:25,L08,junction,0.7609,61.15,0.4169,18.69,39.21,81.72,CRITICAL,combined_hazard
2026-01-01 08:39:30,L08,junction,0.767,61.1,0.4256,18.661,39.29,81.94,CRITICAL,combined_hazard
2026-01-01 08:39:35,L08,junction,0.7872,61.39,0.4233,18.665,39.52,82.26,CRITICAL,combined_hazard
2026-01-01 08:39:40,L08,junction,0.7846,61.95,0.4252,18.65,39.68,82.26,CRITICAL,combined_hazard
2026-01-01 08:39:45,L08,junction,0.8001,61.84,0.4271,18.643,39.62,82.4,CRITICAL,combined_hazard
2026-01-01 08:39:50,L08,junction,0.8281,62.07,0.4338,18.614,39.68,82.45,CRITICAL,combined_hazard
2026-01-01 08:39:55,L08,junction,0.8262,62.37,0.436,18.585,39.86,82.6,CRITICAL,combined_hazard
2026-01-01 08:40:00,L08,junction,0.8508,62.58,0.4351,18.597,39.84,83.07,CRITICAL,combined_hazard
2026-01-01 08:40:05,L08,junction,0.8567,62.5,0.4346,18.572,39.99,83.25,CRITICAL,combined_hazard
2026-01-01 08:40:10,L08,junction,0.885,62.87,0.4383,18.554,40.05,83.07,CRITICAL,combined_hazard
2026-01-01 08:40:15,L08,junction,0.8806,63.09,0.4437,18.538,40.1,83.57,CRITICAL,combined_hazard
2026-01-01 08:40:20,L08,junction,0.8979,63.34,0.4521,18.545,40.21,83.74,CRITICAL,combined_hazard
2026-01-01 08:40:25,L08,junction,0.9005,63.55,0.4489,18.54,40.43,83.61,CRITICAL,combined_hazard
2026-01-01 08:40:30,L08,junction,0.9101,64.21,0.4504,18.488,40.42,84.09,CRITICAL,combined_hazard
2026-01-01 08:40:35,L08,junction,0.9304,63.66,0.4489,18.5,40.54,83.98,CRITICAL,combined_hazard
2026-01-01 08:40:40,L08,junction,0.9354,64.29,0.4636,18.473,40.46,83.92,CRITICAL,combined_hazard
2026-01-01 08:40:45,L08,junction,0.9409,64.54,0.4629,18.444,40.7,84.51,CRITICAL,combined_hazard
2026-01-01 08:40:50,L08,junction,0.9515,64.6,0.4665,18.453,40.75,84.76,CRITICAL,combined_hazard
2026-01-01 08:40:55,L08,junction,0.9659,64.58,0.4698,18.427,40.66,84.88,CRITICAL,combined_hazard
2026-01-01 08:41:00,L08,junction,0.9628,65.24,0.4684,18.403,40.9,85.59,CRITICAL,combined_hazard
2026-01-01 08:41:05,L08,junction,0.9729,64.68,0.4721,18.401,40.9,85.33,CRITICAL,combined_hazard
2026-01-01 08:41:10,L08,junction,1.0079,65.18,0.48,18.384,40.9,85.47,CRITICAL,combined_hazard
2026-01-01 08:41:15,L08,junction,1.0236,65.75,0.4779,18.376,41.11,85.71,CRITICAL,combined_hazard
2026-01-01 08:41:20,L08,junction,1.0024,65.65,0.4821,18.353,41.22,85.73,CRITICAL,combined_hazard
2026-01-01 08:41:25,L08,junction,1.016,66.24,0.4859,18.353,41.27,86.16,CRITICAL,combined_hazard
2026-01-01 08:41:30,L08,junction,1.0473,65.82,0.4878,18.335,41.33,86.24,CRITICAL,combined_hazard
2026-01-01 08:41:35,L08,junction,1.051,66.11,0.4877,18.337,41.4,86.41,CRITICAL,combined_hazard
2026-01-01 08:00:00,L09,maintenance_area,0.1119,5.02,0.0817,20.439,28.03,66.41,SAFE,normal
2026-01-01 08:00:05,L09,maintenance_area,0.1228,5.01,0.0849,20.438,27.99,66.5,SAFE,normal
2026-01-01 08:00:10,L09,maintenance_area,0.1135,5.1,0.0859,20.427,27.99,66.52,SAFE,normal
2026-01-01 08:00:15,L09,maintenance_area,0.1239,5.08,0.0827,20.426,27.98,66.58,SAFE,normal
2026-01-01 08:00:20,L09,maintenance_area,0.1305,5.14,0.0849,20.432,27.97,66.76,SAFE,normal
2026-01-01 08:00:25,L09,maintenance_area,0.1405,5.17,0.0841,20.423,27.96,66.76,SAFE,normal
2026-01-01 08:00:30,L09,maintenance_area,0.1321,5.21,0.0865,20.421,27.93,66.98,SAFE,normal
2026-01-01 08:00:35,L09,maintenance_area,0.1351,5.29,0.0858,20.421,27.91,66.86,SAFE,normal
2026-01-01 08:00:40,L09,maintenance_area,0.1364,5.32,0.0865,20.416,27.92,67.08,SAFE,normal
2026-01-01 08:00:45,L09,maintenance_area,0.15,5.34,0.0865,20.416,27.88,67.05,SAFE,normal
2026-01-01 08:00:50,L09,maintenance_area,0.145,5.37,0.0885,20.412,27.85,67.14,SAFE,normal
2026-01-01 08:00:55,L09,maintenance_area,0.1507,5.4,0.0882,20.41,27.87,67.31,SAFE,normal
2026-01-01 08:01:00,L09,maintenance_area,0.148,5.34,0.0886,20.404,27.81,67.3,SAFE,normal
2026-01-01 08:01:05,L09,maintenance_area,0.1633,5.45,0.0889,20.404,27.77,67.39,SAFE,normal
2026-01-01 08:01:10,L09,maintenance_area,0.1681,5.43,0.0898,20.405,27.82,67.44,SAFE,normal
2026-01-01 08:01:15,L09,maintenance_area,0.1704,5.52,0.0891,20.396,27.8,67.7,SAFE,normal
2026-01-01 08:01:20,L09,maintenance_area,0.1635,5.48,0.0922,20.398,27.78,67.61,SAFE,normal
2026-01-01 08:01:25,L09,maintenance_area,0.1766,5.57,0.0886,20.392,27.74,67.73,SAFE,normal
2026-01-01 08:01:30,L09,maintenance_area,0.1704,5.62,0.0883,20.392,27.74,67.79,SAFE,normal
2026-01-01 08:01:35,L09,maintenance_area,0.1815,5.6,0.0886,20.387,27.72,67.89,SAFE,normal
2026-01-01 08:01:40,L09,maintenance_area,0.1857,5.69,0.0886,20.384,27.7,67.91,SAFE,normal
2026-01-01 08:01:45,L09,maintenance_area,0.1898,5.71,0.0927,20.383,27.72,68.01,SAFE,normal
2026-01-01 08:01:50,L09,maintenance_area,0.1943,5.74,0.093,20.383,27.67,68.13,SAFE,normal
2026-01-01 08:01:55,L09,maintenance_area,0.1956,5.78,0.0943,20.377,27.67,68.12,SAFE,normal
2026-01-01 08:02:00,L09,maintenance_area,0.1908,5.78,0.0916,20.375,27.67,68.33,SAFE,normal
2026-01-01 08:02:05,L09,maintenance_area,0.2052,5.82,0.0944,20.369,27.64,68.41,SAFE,normal
2026-01-01 08:02:10,L09,maintenance_area,0.2069,5.85,0.0939,20.373,27.64,68.45,SAFE,normal
2026-01-01 08:02:15,L09,maintenance_area,0.2062,5.88,0.0944,20.367,27.61,68.49,SAFE,normal
2026-01-01 08:02:20,L09,maintenance_area,0.2069,5.89,0.0954,20.362,27.6,68.35,SAFE,normal
2026-01-01 08:02:25,L09,maintenance_area,0.2239,5.91,0.0939,20.359,27.58,68.66,SAFE,normal
2026-01-01 08:02:30,L09,maintenance_area,0.2262,5.96,0.0989,20.36,27.57,68.68,SAFE,normal
2026-01-01 08:02:35,L09,maintenance_area,0.2276,5.99,0.0976,20.351,27.54,68.77,SAFE,normal
2026-01-01 08:02:40,L09,maintenance_area,0.2252,6.01,0.0954,20.344,27.51,68.73,SAFE,normal
2026-01-01 08:02:45,L09,maintenance_area,0.2209,6.09,0.0951,20.348,27.53,68.97,SAFE,normal
2026-01-01 08:02:50,L09,maintenance_area,0.2387,6.06,0.0968,20.349,27.51,68.91,SAFE,normal
2026-01-01 08:02:55,L09,maintenance_area,0.2406,6.12,0.0976,20.348,27.48,69.1,SAFE,normal
2026-01-01 08:03:00,L09,maintenance_area,0.241,6.19,0.0992,20.339,27.46,69.23,SAFE,normal
2026-01-01 08:03:05,L09,maintenance_area,0.2511,6.22,0.0965,20.337,27.43,69.21,SAFE,normal
2026-01-01 08:03:10,L09,maintenance_area,0.2535,6.26,0.0989,20.336,27.44,69.4,SAFE,normal
2026-01-01 08:03:15,L09,maintenance_area,0.2542,6.24,0.0968,20.33,27.4,69.34,SAFE,normal
2026-01-01 08:03:20,L09,maintenance_area,0.2572,6.31,0.0999,20.33,27.38,69.51,SAFE,normal
2026-01-01 08:03:25,L09,maintenance_area,0.2609,6.28,0.0995,20.326,27.39,69.45,SAFE,normal
2026-01-01 08:03:30,L09,maintenance_area,0.2672,6.34,0.1027,20.327,27.36,69.69,SAFE,normal
2026-01-01 08:03:35,L09,maintenance_area,0.2642,6.37,0.0984,20.323,27.36,69.76,SAFE,normal
2026-01-01 08:03:40,L09,maintenance_area,0.2733,6.39,0.1027,20.32,27.34,69.8,SAFE,normal
2026-01-01 08:03:45,L09,maintenance_area,0.2711,6.43,0.0989,20.314,27.32,69.82,SAFE,normal
2026-01-01 08:03:50,L09,maintenance_area,0.2845,6.46,0.0999,20.319,27.28,69.82,SAFE,normal
2026-01-01 08:03:55,L09,maintenance_area,0.2846,6.47,0.0998,20.311,27.28,69.97,SAFE,normal
2026-01-01 08:04:00,L09,maintenance_area,0.283,6.56,0.1028,20.307,27.27,70.15,SAFE,normal
2026-01-01 08:04:05,L09,maintenance_area,0.2899,6.56,0.1012,20.301,27.25,70.16,SAFE,normal
2026-01-01 08:04:10,L09,maintenance_area,0.2895,6.6,0.1014,20.3,27.24,70.12,SAFE,normal
2026-01-01 08:04:15,L09,maintenance_area,0.3032,6.63,0.1039,20.298,27.22,70.22,SAFE,normal
2026-01-01 08:04:20,L09,maintenance_area,0.3074,6.66,0.1046,20.292,27.21,70.47,SAFE,normal
2026-01-01 08:04:25,L09,maintenance_area,0.307,6.69,0.1045,20.291,27.21,70.49,SAFE,normal
2026-01-01 08:04:30,L09,maintenance_area,0.3143,6.71,0.1046,20.289,27.17,70.44,SAFE,normal
2026-01-01 08:04:35,L09,maintenance_area,0.3119,6.79,0.1077,20.287,27.18,70.48,SAFE,normal
2026-01-01 08:04:40,L09,maintenance_area,0.3181,6.8,0.1058,20.278,27.13,70.64,SAFE,normal
2026-01-01 08:04:45,L09,maintenance_area,0.3237,6.81,0.1071,20.281,27.12,70.63,SAFE,normal
2026-01-01 08:04:50,L09,maintenance_area,0.322,6.83,0.1066,20.277,27.12,70.82,SAFE,normal
2026-01-01 08:04:55,L09,maintenance_area,0.326,6.87,0.1053,20.276,27.12,71.08,SAFE,normal
2026-01-01 08:05:00,L09,maintenance_area,0.3333,6.92,0.1079,20.277,27.11,70.87,SAFE,normal
2026-01-01 08:05:05,L09,maintenance_area,0.3357,6.98,0.1067,20.278,27.1,71.05,SAFE,normal
2026-01-01 08:05:10,L09,maintenance_area,0.3311,6.77,0.1106,20.271,27.09,71.06,SAFE,methane_buildup
2026-01-01 08:05:15,L09,maintenance_area,0.3433,7.07,0.109,20.269,27.08,71.06,SAFE,methane_buildup
2026-01-01 08:05:20,L09,maintenance_area,0.3432,7.3,0.1092,20.269,27.08,71.05,SAFE,methane_buildup
2026-01-01 08:05:25,L09,maintenance_area,0.3663,7.44,0.1095,20.27,27.09,71.06,SAFE,methane_buildup
2026-01-01 08:05:30,L09,maintenance_area,0.3847,7.73,0.1108,20.269,27.09,71.06,SAFE,methane_buildup
2026-01-01 08:05:35,L09,maintenance_area,0.4074,7.84,0.1167,20.267,27.1,71.05,SAFE,methane_buildup
2026-01-01 08:05:40,L09,maintenance_area,0.3986,7.78,0.1175,20.269,27.1,71.06,SAFE,methane_buildup
2026-01-01 08:05:45,L09,maintenance_area,0.4161,8.04,0.1176,20.265,27.11,71.05,SAFE,methane_buildup
2026-01-01 08:05:50,L09,maintenance_area,0.4191,8.18,0.1203,20.267,27.11,71.05,SAFE,methane_buildup
2026-01-01 08:05:55,L09,maintenance_area,0.4456,8.39,0.1209,20.267,27.11,71.05,SAFE,methane_buildup
2026-01-01 08:06:00,L09,maintenance_area,0.4646,8.55,0.1243,20.266,27.12,71.05,SAFE,methane_buildup
2026-01-01 08:06:05,L09,maintenance_area,0.4749,8.81,0.1257,20.264,27.12,71.05,SAFE,methane_buildup
2026-01-01 08:06:10,L09,maintenance_area,0.4652,8.91,0.1225,20.267,27.13,71.05,SAFE,methane_buildup
2026-01-01 08:06:15,L09,maintenance_area,0.4935,9.22,0.127,20.264,27.13,71.05,SAFE,methane_buildup
2026-01-01 08:06:20,L09,maintenance_area,0.4957,9.24,0.124,20.265,27.14,71.05,SAFE,methane_buildup
2026-01-01 08:06:25,L09,maintenance_area,0.5284,9.24,0.1296,20.265,27.13,71.05,SAFE,methane_buildup
2026-01-01 08:06:30,L09,maintenance_area,0.5264,9.46,0.1322,20.264,27.13,71.05,SAFE,methane_buildup
2026-01-01 08:06:35,L09,maintenance_area,0.5221,9.78,0.1292,20.265,27.15,71.05,SAFE,methane_buildup
2026-01-01 08:06:40,L09,maintenance_area,0.5501,9.61,0.1327,20.263,27.14,71.05,SAFE,methane_buildup
2026-01-01 08:06:45,L09,maintenance_area,0.5706,9.81,0.1351,20.264,27.14,71.05,SAFE,methane_buildup
2026-01-01 08:06:50,L09,maintenance_area,0.5802,10.18,0.1371,20.263,27.15,71.04,WARNING,methane_buildup
2026-01-01 08:06:55,L09,maintenance_area,0.5832,10.48,0.1374,20.263,27.15,71.04,WARNING,methane_buildup
2026-01-01 08:07:00,L09,maintenance_area,0.5945,10.69,0.1367,20.264,27.16,71.04,WARNING,methane_buildup
2026-01-01 08:07:05,L09,maintenance_area,0.6018,10.63,0.1408,20.262,27.16,71.04,WARNING,methane_buildup
2026-01-01 08:07:10,L09,maintenance_area,0.6213,10.98,0.1385,20.262,27.17,71.04,WARNING,methane_buildup
2026-01-01 08:07:15,L09,maintenance_area,0.6279,11.0,0.1433,20.263,27.17,71.04,WARNING,methane_buildup
2026-01-01 08:07:20,L09,maintenance_area,0.6623,10.92,0.1442,20.262,27.18,71.04,WARNING,methane_buildup
2026-01-01 08:07:25,L09,maintenance_area,0.6518,11.31,0.1464,20.26,27.18,71.04,WARNING,methane_buildup
2026-01-01 08:07:30,L09,maintenance_area,0.6764,11.38,0.1469,20.261,27.18,71.04,WARNING,methane_buildup
2026-01-01 08:07:35,L09,maintenance_area,0.6878,11.77,0.1461,20.26,27.19,71.04,WARNING,methane_buildup
2026-01-01 08:07:40,L09,maintenance_area,0.7109,11.79,0.1502,20.26,27.19,71.04,WARNING,methane_buildup
2026-01-01 08:07:45,L09,maintenance_area,0.7249,11.77,0.1547,20.259,27.19,71.03,WARNING,methane_buildup
2026-01-01 08:07:50,L09,maintenance_area,0.7323,11.9,0.1569,20.259,27.2,71.04,WARNING,methane_buildup
2026-01-01 08:07:55,L09,maintenance_area,0.7403,12.28,0.1611,20.258,27.2,71.03,WARNING,methane_buildup
2026-01-01 08:08:00,L09,maintenance_area,0.7355,12.08,0.1608,20.258,27.21,71.03,WARNING,methane_buildup
2026-01-01 08:08:05,L09,maintenance_area,0.7474,12.53,0.1555,20.257,27.2,71.04,WARNING,methane_buildup
2026-01-01 08:08:10,L09,maintenance_area,0.7624,12.8,0.1588,20.256,27.21,71.03,WARNING,methane_buildup
2026-01-01 08:08:15,L09,maintenance_area,0.794,12.77,0.1612,20.256,27.21,71.03,WARNING,methane_buildup
2026-01-01 08:08:20,L09,maintenance_area,0.798,13.24,0.1625,20.258,27.22,71.03,WARNING,methane_buildup
2026-01-01 08:08:25,L09,maintenance_area,0.8199,13.43,0.1643,20.256,27.23,71.03,WARNING,methane_buildup
2026-01-01 08:08:30,L09,maintenance_area,0.8337,13.27,0.1712,20.254,27.23,71.03,WARNING,methane_buildup
2026-01-01 08:08:35,L09,maintenance_area,0.8249,13.53,0.1645,20.254,27.23,71.03,WARNING,methane_buildup
2026-01-01 08:08:40,L09,maintenance_area,0.8464,13.89,0.1668,20.256,27.24,71.03,WARNING,methane_buildup
2026-01-01 08:08:45,L09,maintenance_area,0.858,13.9,0.1737,20.253,27.24,71.03,WARNING,methane_buildup
2026-01-01 08:08:50,L09,maintenance_area,0.8664,13.86,0.1699,20.252,27.24,71.03,WARNING,methane_buildup
2026-01-01 08:08:55,L09,maintenance_area,0.8761,14.21,0.1737,20.251,27.24,71.03,WARNING,methane_buildup
2026-01-01 08:09:00,L09,maintenance_area,0.9093,14.26,0.1767,20.251,27.25,71.02,WARNING,methane_buildup
2026-01-01 08:09:05,L09,maintenance_area,0.9077,14.72,0.1768,20.251,27.25,71.03,WARNING,methane_buildup
2026-01-01 08:09:10,L09,maintenance_area,0.9194,14.8,0.1776,20.251,27.26,71.02,WARNING,methane_buildup
2026-01-01 08:09:15,L09,maintenance_area,0.9217,14.83,0.1808,20.254,27.26,71.02,WARNING,methane_buildup
2026-01-01 08:09:20,L09,maintenance_area,0.9519,15.06,0.178,20.251,27.27,71.02,WARNING,methane_buildup
2026-01-01 08:09:25,L09,maintenance_area,0.9437,15.0,0.1804,20.251,27.27,71.02,WARNING,methane_buildup
2026-01-01 08:09:30,L09,maintenance_area,0.9737,15.25,0.1842,20.249,27.27,71.02,WARNING,methane_buildup
2026-01-01 08:09:35,L09,maintenance_area,0.9862,15.76,0.1796,20.25,27.27,71.02,WARNING,methane_buildup
2026-01-01 08:09:40,L09,maintenance_area,0.9875,15.69,0.1892,20.248,27.28,71.02,WARNING,methane_buildup
2026-01-01 08:09:45,L09,maintenance_area,1.0086,15.99,0.188,20.249,27.28,71.02,WARNING,methane_buildup
2026-01-01 08:09:50,L09,maintenance_area,1.0193,16.04,0.1891,20.252,27.29,71.02,WARNING,methane_buildup
2026-01-01 08:09:55,L09,maintenance_area,1.0287,16.37,0.1864,20.25,27.29,71.02,WARNING,methane_buildup
2026-01-01 08:10:00,L09,maintenance_area,1.0416,16.04,0.1887,20.248,27.29,71.02,WARNING,methane_buildup
2026-01-01 08:10:05,L09,maintenance_area,1.0544,16.47,0.1922,20.249,27.29,71.02,WARNING,methane_buildup
2026-01-01 08:10:10,L09,maintenance_area,1.0674,16.9,0.1964,20.247,27.3,71.01,WARNING,methane_buildup
2026-01-01 08:10:15,L09,maintenance_area,1.0788,16.96,0.1912,20.246,27.3,71.01,WARNING,methane_buildup
2026-01-01 08:10:20,L09,maintenance_area,1.0804,17.21,0.1942,20.245,27.25,71.06,WARNING,co_buildup
2026-01-01 08:10:25,L09,maintenance_area,1.0681,17.12,0.197,20.248,27.31,71.07,WARNING,co_buildup
2026-01-01 08:10:30,L09,maintenance_area,1.0615,17.3,0.1998,20.244,27.39,71.05,WARNING,co_buildup
2026-01-01 08:10:35,L09,maintenance_area,1.0632,18.05,0.1979,20.231,27.41,71.14,WARNING,co_buildup
2026-01-01 08:10:40,L09,maintenance_area,1.0233,17.98,0.1982,20.229,27.43,71.12,WARNING,co_buildup
2026-01-01 08:10:45,L09,maintenance_area,1.0336,18.49,0.1967,20.228,27.52,71.25,WARNING,co_buildup
2026-01-01 08:10:50,L09,maintenance_area,1.0163,18.74,0.2026,20.222,27.54,71.26,WARNING,co_buildup
2026-01-01 08:10:55,L09,maintenance_area,1.0129,18.91,0.2014,20.23,27.53,71.26,WARNING,co_buildup
2026-01-01 08:11:00,L09,maintenance_area,1.0347,19.46,0.201,20.218,27.55,71.34,WARNING,co_buildup
2026-01-01 08:11:05,L09,maintenance_area,1.0119,19.92,0.2035,20.219,27.65,71.28,WARNING,co_buildup
2026-01-01 08:11:10,L09,maintenance_area,1.0069,19.96,0.2041,20.214,27.65,71.35,WARNING,co_buildup
2026-01-01 08:11:15,L09,maintenance_area,0.9905,20.19,0.2049,20.21,27.68,71.4,WARNING,co_buildup
2026-01-01 08:11:20,L09,maintenance_area,0.9895,20.55,0.205,20.205,27.83,71.52,WARNING,co_buildup
2026-01-01 08:11:25,L09,maintenance_area,0.9608,20.29,0.2089,20.207,27.82,71.44,WARNING,co_buildup
2026-01-01 08:11:30,L09,maintenance_area,0.976,21.37,0.2067,20.194,27.86,71.46,WARNING,co_buildup
2026-01-01 08:11:35,L09,maintenance_area,0.9528,21.25,0.2105,20.202,27.9,71.5,WARNING,co_buildup
2026-01-01 08:11:40,L09,maintenance_area,0.9473,22.11,0.2095,20.185,27.91,71.62,WARNING,co_buildup
2026-01-01 08:11:45,L09,maintenance_area,0.9479,22.22,0.2099,20.191,28.01,71.6,WARNING,co_buildup
2026-01-01 08:11:50,L09,maintenance_area,0.9384,22.59,0.2099,20.178,28.03,71.65,WARNING,co_buildup
2026-01-01 08:11:55,L09,maintenance_area,0.9286,23.09,0.2125,20.179,28.04,71.72,WARNING,co_buildup
2026-01-01 08:12:00,L09,maintenance_area,0.9088,22.93,0.2118,20.177,28.09,71.72,WARNING,co_buildup
2026-01-01 08:12:05,L09,maintenance_area,0.913,23.63,0.2108,20.171,28.11,71.77,WARNING,co_buildup
2026-01-01 08:12:10,L09,maintenance_area,0.9121,23.92,0.2115,20.169,28.18,71.82,WARNING,co_buildup
2026-01-01 08:12:15,L09,maintenance_area,0.892,24.1,0.2147,20.16,28.22,71.82,WARNING,co_buildup
2026-01-01 08:12:20,L09,maintenance_area,0.8993,24.2,0.2132,20.159,28.26,71.87,WARNING,co_buildup
2026-01-01 08:12:25,L09,maintenance_area,0.8733,24.97,0.2154,20.161,28.32,71.91,WARNING,co_buildup
2026-01-01 08:12:30,L09,maintenance_area,0.8727,25.32,0.2181,20.156,28.35,71.97,DANGER,co_buildup
2026-01-01 08:12:35,L09,maintenance_area,0.8774,25.46,0.2176,20.149,28.4,71.95,DANGER,co_buildup
2026-01-01 08:12:40,L09,maintenance_area,0.8512,25.44,0.2166,20.154,28.47,71.91,DANGER,co_buildup
2026-01-01 08:12:45,L09,maintenance_area,0.8576,25.91,0.2211,20.14,28.5,72.07,DANGER,co_buildup
2026-01-01 08:12:50,L09,maintenance_area,0.8573,26.37,0.2204,20.14,28.55,72.12,DANGER,co_buildup
2026-01-01 08:12:55,L09,maintenance_area,0.8345,26.91,0.222,20.136,28.52,72.13,DANGER,co_buildup
2026-01-01 08:13:00,L09,maintenance_area,0.8209,26.56,0.2171,20.137,28.58,72.17,DANGER,co_buildup
2026-01-01 08:13:05,L09,maintenance_area,0.811,27.18,0.2223,20.131,28.66,72.17,DANGER,co_buildup
2026-01-01 08:13:10,L09,maintenance_area,0.8202,27.55,0.224,20.127,28.7,72.24,DANGER,co_buildup
2026-01-01 08:13:15,L09,maintenance_area,0.812,27.96,0.2262,20.116,28.69,72.29,DANGER,co_buildup
2026-01-01 08:13:20,L09,maintenance_area,0.8055,27.92,0.2216,20.124,28.78,72.3,DANGER,co_buildup
2026-01-01 08:13:25,L09,maintenance_area,0.7854,28.56,0.227,20.116,28.76,72.42,DANGER,co_buildup
2026-01-01 08:13:30,L09,maintenance_area,0.7863,28.85,0.2285,20.114,28.86,72.32,DANGER,co_buildup
2026-01-01 08:13:35,L09,maintenance_area,0.7695,28.95,0.223,20.107,28.88,72.41,DANGER,co_buildup
2026-01-01 08:13:40,L09,maintenance_area,0.7547,29.54,0.228,20.103,28.87,72.4,DANGER,co_buildup
2026-01-01 08:13:45,L09,maintenance_area,0.7634,29.74,0.2291,20.109,28.94,72.51,DANGER,co_buildup
2026-01-01 08:13:50,L09,maintenance_area,0.7596,30.36,0.2282,20.092,29.08,72.46,DANGER,co_buildup
2026-01-01 08:13:55,L09,maintenance_area,0.7299,30.27,0.2287,20.091,29.05,72.5,WARNING,co_buildup
2026-01-01 08:14:00,L09,maintenance_area,0.7218,30.88,0.2315,20.099,29.17,72.56,WARNING,co_buildup
2026-01-01 08:14:05,L09,maintenance_area,0.7228,30.94,0.2301,20.092,29.07,72.63,WARNING,co_buildup
2026-01-01 08:14:10,L09,maintenance_area,0.7225,31.32,0.2315,20.084,29.19,72.64,WARNING,co_buildup
2026-01-01 08:14:15,L09,maintenance_area,0.6974,31.9,0.2341,20.087,29.1,72.67,WARNING,co_buildup
2026-01-01 08:14:20,L09,maintenance_area,0.7007,32.2,0.2365,20.08,29.24,72.72,WARNING,co_buildup
2026-01-01 08:14:25,L09,maintenance_area,0.686,32.33,0.2352,20.076,29.31,72.76,WARNING,co_buildup
2026-01-01 08:14:30,L09,maintenance_area,0.6888,32.69,0.2353,20.072,29.35,72.85,WARNING,co_buildup
2026-01-01 08:14:35,L09,maintenance_area,0.6685,32.66,0.2349,20.07,29.33,72.86,WARNING,co_buildup
2026-01-01 08:14:40,L09,maintenance_area,0.6735,33.82,0.2349,20.066,29.44,72.86,WARNING,co_buildup
2026-01-01 08:14:45,L09,maintenance_area,0.658,33.92,0.2393,20.07,29.42,72.98,WARNING,co_buildup
2026-01-01 08:14:50,L09,maintenance_area,0.6437,34.23,0.2379,20.056,29.48,72.96,WARNING,co_buildup
2026-01-01 08:14:55,L09,maintenance_area,0.644,33.89,0.2409,20.053,29.51,72.94,WARNING,co_buildup
2026-01-01 08:15:00,L09,maintenance_area,0.6196,34.51,0.2391,20.045,29.52,73.02,WARNING,co_buildup
2026-01-01 08:15:05,L09,maintenance_area,0.6231,34.9,0.2394,20.046,29.66,73.07,WARNING,co_buildup
2026-01-01 08:15:10,L09,maintenance_area,0.6225,34.75,0.242,20.051,29.65,73.06,WARNING,co_buildup
2026-01-01 08:15:15,L09,maintenance_area,0.5973,35.9,0.2419,20.044,29.73,73.08,WARNING,co_buildup
2026-01-01 08:15:20,L09,maintenance_area,0.5828,36.38,0.2408,20.034,29.77,73.16,WARNING,co_buildup
2026-01-01 08:15:25,L09,maintenance_area,0.5768,36.88,0.2467,20.033,29.73,73.18,WARNING,co_buildup
2026-01-01 08:15:30,L09,maintenance_area,0.5983,36.32,0.2451,20.035,29.74,73.29,WARNING,low_oxygen
2026-01-01 08:15:35,L09,maintenance_area,0.5928,36.16,0.2435,20.015,29.8,73.31,WARNING,low_oxygen
2026-01-01 08:15:40,L09,maintenance_area,0.5926,35.72,0.2432,19.978,29.84,73.38,DANGER,low_oxygen
2026-01-01 08:15:45,L09,maintenance_area,0.5935,35.47,0.2434,19.994,29.86,73.41,DANGER,low_oxygen
2026-01-01 08:15:50,L09,maintenance_area,0.5928,35.46,0.2401,19.972,29.89,73.48,DANGER,low_oxygen
2026-01-01 08:15:55,L09,maintenance_area,0.5918,35.66,0.2415,19.962,29.89,73.44,DANGER,low_oxygen
2026-01-01 08:16:00,L09,maintenance_area,0.5905,34.97,0.2415,19.933,29.96,73.58,DANGER,low_oxygen
2026-01-01 08:16:05,L09,maintenance_area,0.5897,35.13,0.2418,19.955,30.03,73.59,DANGER,low_oxygen
2026-01-01 08:16:10,L09,maintenance_area,0.5901,35.01,0.2365,19.933,30.01,73.62,DANGER,low_oxygen
2026-01-01 08:16:15,L09,maintenance_area,0.5906,34.55,0.2382,19.927,30.05,73.79,DANGER,low_oxygen
2026-01-01 08:16:20,L09,maintenance_area,0.5869,34.23,0.2354,19.909,30.08,73.9,DANGER,low_oxygen
2026-01-01 08:16:25,L09,maintenance_area,0.5912,34.24,0.2346,19.887,30.15,73.88,DANGER,low_oxygen
2026-01-01 08:16:30,L09,maintenance_area,0.5895,33.99,0.2362,19.849,30.12,73.95,DANGER,low_oxygen
2026-01-01 08:16:35,L09,maintenance_area,0.5876,33.61,0.235,19.877,30.22,73.96,DANGER,low_oxygen
2026-01-01 08:16:40,L09,maintenance_area,0.5855,33.46,0.2361,19.824,30.22,74.09,DANGER,low_oxygen
2026-01-01 08:16:45,L09,maintenance_area,0.5871,33.46,0.233,19.82,30.24,74.2,DANGER,low_oxygen
2026-01-01 08:16:50,L09,maintenance_area,0.5822,33.35,0.2327,19.819,30.31,74.27,DANGER,low_oxygen
2026-01-01 08:16:55,L09,maintenance_area,0.5804,32.94,0.2326,19.806,30.27,74.32,DANGER,low_oxygen
2026-01-01 08:17:00,L09,maintenance_area,0.5801,32.79,0.2302,19.789,30.35,74.31,DANGER,low_oxygen
2026-01-01 08:17:05,L09,maintenance_area,0.5785,32.73,0.2297,19.762,30.38,74.37,DANGER,low_oxygen
2026-01-01 08:17:10,L09,maintenance_area,0.5796,32.39,0.232,19.745,30.37,74.52,DANGER,low_oxygen
2026-01-01 08:17:15,L09,maintenance_area,0.5791,32.17,0.2287,19.774,30.44,74.59,DANGER,low_oxygen
2026-01-01 08:17:20,L09,maintenance_area,0.5781,31.9,0.2308,19.725,30.47,74.6,DANGER,low_oxygen
2026-01-01 08:17:25,L09,maintenance_area,0.5769,31.7,0.2292,19.709,30.49,74.64,DANGER,low_oxygen
2026-01-01 08:17:30,L09,maintenance_area,0.5763,32.12,0.225,19.688,30.55,74.8,DANGER,low_oxygen
2026-01-01 08:17:35,L09,maintenance_area,0.5783,31.42,0.2277,19.687,30.54,74.78,DANGER,low_oxygen
2026-01-01 08:17:40,L09,maintenance_area,0.5755,31.5,0.227,19.672,30.6,74.91,DANGER,low_oxygen
2026-01-01 08:17:45,L09,maintenance_area,0.5752,31.37,0.2262,19.656,30.62,74.92,DANGER,low_oxygen
2026-01-01 08:17:50,L09,maintenance_area,0.5731,30.84,0.2246,19.647,30.63,74.93,DANGER,low_oxygen
2026-01-01 08:17:55,L09,maintenance_area,0.569,30.75,0.2227,19.652,30.7,75.15,DANGER,low_oxygen
2026-01-01 08:18:00,L09,maintenance_area,0.5679,30.51,0.2257,19.606,30.71,75.13,DANGER,low_oxygen
2026-01-01 08:18:05,L09,maintenance_area,0.5739,30.01,0.2227,19.601,30.7,75.14,DANGER,low_oxygen
2026-01-01 08:18:10,L09,maintenance_area,0.5684,29.83,0.2208,19.577,30.72,75.17,DANGER,low_oxygen
2026-01-01 08:18:15,L09,maintenance_area,0.5675,29.92,0.2222,19.576,30.83,75.24,DANGER,low_oxygen
2026-01-01 08:18:20,L09,maintenance_area,0.5681,29.64,0.2196,19.55,30.8,75.36,DANGER,low_oxygen
2026-01-01 08:18:25,L09,maintenance_area,0.5678,29.86,0.2186,19.537,30.88,75.56,DANGER,low_oxygen
2026-01-01 08:18:30,L09,maintenance_area,0.5672,29.29,0.2189,19.51,30.91,75.47,DANGER,low_oxygen
2026-01-01 08:18:35,L09,maintenance_area,0.5683,29.48,0.2178,19.518,30.92,75.66,DANGER,low_oxygen
2026-01-01 08:18:40,L09,maintenance_area,0.567,28.86,0.2167,19.508,31.03,75.63,DANGER,low_oxygen
2026-01-01 08:18:45,L09,maintenance_area,0.5621,29.09,0.2188,19.514,31.0,75.63,DANGER,low_oxygen
2026-01-01 08:18:50,L09,maintenance_area,0.5644,28.65,0.2166,19.481,31.05,75.73,DANGER,low_oxygen
2026-01-01 08:18:55,L09,maintenance_area,0.5612,28.47,0.2182,19.454,31.07,75.75,DANGER,low_oxygen
2026-01-01 08:19:00,L09,maintenance_area,0.5608,28.08,0.2141,19.428,31.09,75.84,DANGER,low_oxygen
2026-01-01 08:19:05,L09,maintenance_area,0.5583,28.08,0.212,19.416,31.12,75.9,DANGER,low_oxygen
2026-01-01 08:19:10,L09,maintenance_area,0.5564,28.09,0.2144,19.401,31.2,75.91,DANGER,low_oxygen
2026-01-01 08:19:15,L09,maintenance_area,0.5585,27.57,0.2165,19.431,31.22,76.18,DANGER,low_oxygen
2026-01-01 08:19:20,L09,maintenance_area,0.556,27.34,0.2137,19.395,31.28,76.16,DANGER,low_oxygen
2026-01-01 08:19:25,L09,maintenance_area,0.5585,27.17,0.2173,19.369,31.26,76.17,DANGER,low_oxygen
2026-01-01 08:19:30,L09,maintenance_area,0.5555,27.3,0.212,19.35,31.26,76.29,DANGER,low_oxygen
2026-01-01 08:19:35,L09,maintenance_area,0.5557,26.98,0.2112,19.337,31.3,76.29,DANGER,low_oxygen
2026-01-01 08:19:40,L09,maintenance_area,0.5568,26.89,0.2066,19.327,31.31,76.25,DANGER,low_oxygen
2026-01-01 08:19:45,L09,maintenance_area,0.5509,26.49,0.2101,19.339,31.4,76.65,DANGER,low_oxygen
2026-01-01 08:19:50,L09,maintenance_area,0.5514,26.25,0.2091,19.307,31.39,76.55,DANGER,low_oxygen
2026-01-01 08:19:55,L09,maintenance_area,0.5522,26.13,0.2075,19.273,31.35,76.56,DANGER,low_oxygen
2026-01-01 08:20:00,L09,maintenance_area,0.5516,26.05,0.2072,19.311,31.55,76.55,DANGER,low_oxygen
2026-01-01 08:20:05,L09,maintenance_area,0.5521,25.62,0.2067,19.249,31.49,76.64,DANGER,low_oxygen
2026-01-01 08:20:10,L09,maintenance_area,0.5509,25.72,0.2058,19.243,31.52,76.89,DANGER,low_oxygen
2026-01-01 08:20:15,L09,maintenance_area,0.5487,25.35,0.2088,19.255,31.62,76.95,DANGER,low_oxygen
2026-01-01 08:20:20,L09,maintenance_area,0.5482,24.66,0.2042,19.229,31.56,76.97,DANGER,low_oxygen
2026-01-01 08:20:25,L09,maintenance_area,0.5474,25.05,0.2044,19.203,31.66,76.92,DANGER,low_oxygen
2026-01-01 08:20:30,L09,maintenance_area,0.5434,24.48,0.2028,19.178,31.64,77.14,DANGER,low_oxygen
2026-01-01 08:20:35,L09,maintenance_area,0.5449,24.66,0.204,19.168,31.65,77.14,DANGER,low_oxygen
2026-01-01 08:20:40,L09,maintenance_area,0.5428,24.51,0.1966,19.182,31.7,77.12,DANGER,co2_buildup
2026-01-01 08:20:45,L09,maintenance_area,0.5441,24.48,0.2058,19.185,31.69,77.13,DANGER,co2_buildup
2026-01-01 08:20:50,L09,maintenance_area,0.5433,24.4,0.2044,19.194,31.68,77.16,DANGER,co2_buildup
2026-01-01 08:20:55,L09,maintenance_area,0.5442,24.41,0.2182,19.205,31.68,77.16,DANGER,co2_buildup
2026-01-01 08:21:00,L09,maintenance_area,0.5432,24.39,0.2116,19.194,31.65,77.21,DANGER,co2_buildup
2026-01-01 08:21:05,L09,maintenance_area,0.5394,24.39,0.2265,19.2,31.66,77.21,DANGER,co2_buildup
2026-01-01 08:21:10,L09,maintenance_area,0.5429,24.29,0.2277,19.203,31.63,77.26,DANGER,co2_buildup
2026-01-01 08:21:15,L09,maintenance_area,0.5376,24.35,0.232,19.211,31.64,77.31,DANGER,co2_buildup
2026-01-01 08:21:20,L09,maintenance_area,0.5407,24.26,0.2382,19.217,31.62,77.31,DANGER,co2_buildup
2026-01-01 08:21:25,L09,maintenance_area,0.537,24.17,0.2341,19.223,31.6,77.33,DANGER,co2_buildup
2026-01-01 08:21:30,L09,maintenance_area,0.5375,24.15,0.233,19.223,31.61,77.37,DANGER,co2_buildup
2026-01-01 08:21:35,L09,maintenance_area,0.5368,24.19,0.2402,19.235,31.6,77.34,DANGER,co2_buildup
2026-01-01 08:21:40,L09,maintenance_area,0.5359,24.15,0.2418,19.225,31.58,77.44,DANGER,co2_buildup
2026-01-01 08:21:45,L09,maintenance_area,0.5359,24.08,0.2446,19.227,31.58,77.4,DANGER,co2_buildup
2026-01-01 08:21:50,L09,maintenance_area,0.5346,24.05,0.2516,19.241,31.57,77.47,DANGER,co2_buildup
2026-01-01 08:21:55,L09,maintenance_area,0.5345,23.98,0.2532,19.239,31.54,77.49,DANGER,co2_buildup
2026-01-01 08:22:00,L09,maintenance_area,0.5332,24.02,0.2548,19.236,31.53,77.47,DANGER,co2_buildup
2026-01-01 08:22:05,L09,maintenance_area,0.5294,23.92,0.2603,19.245,31.56,77.54,DANGER,co2_buildup
2026-01-01 08:22:10,L09,maintenance_area,0.5312,23.94,0.2671,19.251,31.53,77.55,DANGER,co2_buildup
2026-01-01 08:22:15,L09,maintenance_area,0.529,23.93,0.2722,19.251,31.54,77.61,DANGER,co2_buildup
2026-01-01 08:22:20,L09,maintenance_area,0.5272,23.85,0.265,19.253,31.53,77.59,DANGER,co2_buildup
2026-01-01 08:22:25,L09,maintenance_area,0.5278,23.85,0.2739,19.261,31.52,77.61,DANGER,co2_buildup
2026-01-01 08:22:30,L09,maintenance_area,0.5279,23.84,0.278,19.261,31.49,77.62,DANGER,co2_buildup
2026-01-01 08:22:35,L09,maintenance_area,0.5272,23.76,0.2771,19.272,31.48,77.62,DANGER,co2_buildup
2026-01-01 08:22:40,L09,maintenance_area,0.5278,23.72,0.285,19.264,31.47,77.68,DANGER,co2_buildup
2026-01-01 08:22:45,L09,maintenance_area,0.5274,23.69,0.2896,19.277,31.47,77.7,DANGER,co2_buildup
2026-01-01 08:22:50,L09,maintenance_area,0.5249,23.63,0.2945,19.283,31.44,77.74,DANGER,co2_buildup
2026-01-01 08:22:55,L09,maintenance_area,0.5244,23.6,0.2962,19.284,31.45,77.72,DANGER,co2_buildup
2026-01-01 08:23:00,L09,maintenance_area,0.5229,23.6,0.2956,19.293,31.44,77.77,DANGER,co2_buildup
2026-01-01 08:23:05,L09,maintenance_area,0.5233,23.55,0.3111,19.286,31.43,77.82,DANGER,co2_buildup
2026-01-01 08:23:10,L09,maintenance_area,0.522,23.53,0.3096,19.293,31.42,77.84,DANGER,co2_buildup
2026-01-01 08:23:15,L09,maintenance_area,0.5202,23.44,0.3119,19.298,31.42,77.81,DANGER,co2_buildup
2026-01-01 08:23:20,L09,maintenance_area,0.5232,23.45,0.3172,19.307,31.41,77.89,DANGER,co2_buildup
2026-01-01 08:23:25,L09,maintenance_area,0.5178,23.46,0.3175,19.308,31.39,77.89,DANGER,co2_buildup
2026-01-01 08:23:30,L09,maintenance_area,0.5204,23.36,0.3253,19.321,31.4,77.92,DANGER,co2_buildup
2026-01-01 08:23:35,L09,maintenance_area,0.5148,23.36,0.3236,19.311,31.39,77.89,DANGER,co2_buildup
2026-01-01 08:23:40,L09,maintenance_area,0.5177,23.27,0.3269,19.312,31.38,78.0,DANGER,co2_buildup
2026-01-01 08:23:45,L09,maintenance_area,0.518,23.25,0.3329,19.331,31.36,78.0,DANGER,co2_buildup
2026-01-01 08:23:50,L09,maintenance_area,0.5114,23.29,0.3403,19.32,31.35,77.98,DANGER,co2_buildup
2026-01-01 08:23:55,L09,maintenance_area,0.5141,23.22,0.3435,19.333,31.36,78.05,DANGER,co2_buildup
2026-01-01 08:24:00,L09,maintenance_area,0.5143,23.25,0.3431,19.33,31.35,78.07,DANGER,co2_buildup
2026-01-01 08:24:05,L09,maintenance_area,0.5127,23.18,0.3462,19.329,31.34,78.12,DANGER,co2_buildup
2026-01-01 08:24:10,L09,maintenance_area,0.5121,23.15,0.3504,19.34,31.32,78.11,DANGER,co2_buildup
2026-01-01 08:24:15,L09,maintenance_area,0.5109,23.06,0.3551,19.349,31.31,78.14,DANGER,co2_buildup
2026-01-01 08:24:20,L09,maintenance_area,0.508,23.05,0.3598,19.344,31.31,78.15,DANGER,co2_buildup
2026-01-01 08:24:25,L09,maintenance_area,0.5132,23.01,0.3569,19.356,31.28,78.2,DANGER,co2_buildup
2026-01-01 08:24:30,L09,maintenance_area,0.5074,22.96,0.3668,19.36,31.28,78.19,DANGER,co2_buildup
2026-01-01 08:24:35,L09,maintenance_area,0.5082,22.99,0.3662,19.355,31.27,78.21,DANGER,co2_buildup
2026-01-01 08:24:40,L09,maintenance_area,0.5056,22.96,0.3709,19.363,31.27,78.25,DANGER,co2_buildup
2026-01-01 08:24:45,L09,maintenance_area,0.5019,22.91,0.3774,19.375,31.25,78.25,DANGER,co2_buildup
2026-01-01 08:24:50,L09,maintenance_area,0.5035,22.84,0.3782,19.375,31.26,78.34,DANGER,co2_buildup
2026-01-01 08:24:55,L09,maintenance_area,0.5018,22.84,0.3824,19.375,31.24,78.37,DANGER,co2_buildup
2026-01-01 08:25:00,L09,maintenance_area,0.5054,22.74,0.3804,19.382,31.25,78.34,DANGER,co2_buildup
2026-01-01 08:25:05,L09,maintenance_area,0.5016,22.81,0.3917,19.38,31.25,78.34,DANGER,co2_buildup
2026-01-01 08:25:10,L09,maintenance_area,0.501,22.69,0.3918,19.392,31.21,78.41,DANGER,co2_buildup
2026-01-01 08:25:15,L09,maintenance_area,0.4992,22.67,0.3929,19.396,31.21,78.41,DANGER,co2_buildup
2026-01-01 08:25:20,L09,maintenance_area,0.5004,22.67,0.4004,19.396,31.2,78.47,DANGER,co2_buildup
2026-01-01 08:25:25,L09,maintenance_area,0.4982,22.64,0.41,19.4,31.19,78.45,DANGER,co2_buildup
2026-01-01 08:25:30,L09,maintenance_area,0.5004,22.6,0.3978,19.398,31.17,78.51,DANGER,co2_buildup
2026-01-01 08:25:35,L09,maintenance_area,0.4984,22.54,0.4028,19.4,31.16,78.52,DANGER,co2_buildup
2026-01-01 08:25:40,L09,maintenance_area,0.4961,22.57,0.4208,19.409,31.17,78.52,DANGER,co2_buildup
2026-01-01 08:25:45,L09,maintenance_area,0.4977,22.45,0.4148,19.414,31.15,78.57,DANGER,co2_buildup
2026-01-01 08:25:50,L09,maintenance_area,0.497,22.05,0.4136,19.431,31.24,78.45,DANGER,ventilation_failure
2026-01-01 08:25:55,L09,maintenance_area,0.4969,23.34,0.4102,19.406,31.26,78.92,DANGER,ventilation_failure
2026-01-01 08:26:00,L09,maintenance_area,0.5211,23.76,0.4066,19.391,31.31,78.98,DANGER,ventilation_failure
2026-01-01 08:26:05,L09,maintenance_area,0.528,24.51,0.408,19.363,31.31,79.0,DANGER,ventilation_failure
2026-01-01 08:26:10,L09,maintenance_area,0.524,24.7,0.409,19.373,31.4,79.7,DANGER,ventilation_failure
2026-01-01 08:26:15,L09,maintenance_area,0.5341,25.74,0.4051,19.347,31.35,79.78,DANGER,ventilation_failure
2026-01-01 08:26:20,L09,maintenance_area,0.5543,25.85,0.4,19.335,31.41,79.91,DANGER,ventilation_failure
2026-01-01 08:26:25,L09,maintenance_area,0.5414,26.82,0.4025,19.322,31.52,79.83,DANGER,ventilation_failure
2026-01-01 08:26:30,L09,maintenance_area,0.5633,26.77,0.3976,19.321,31.55,80.24,DANGER,ventilation_failure
2026-01-01 08:26:35,L09,maintenance_area,0.5616,27.37,0.3986,19.285,31.58,81.05,DANGER,ventilation_failure
2026-01-01 08:26:40,L09,maintenance_area,0.5884,28.44,0.3939,19.289,31.52,80.53,DANGER,ventilation_failure
2026-01-01 08:26:45,L09,maintenance_area,0.5822,28.52,0.394,19.291,31.66,81.03,DANGER,ventilation_failure
2026-01-01 08:26:50,L09,maintenance_area,0.5997,30.4,0.3899,19.252,31.68,81.3,DANGER,ventilation_failure
2026-01-01 08:26:55,L09,maintenance_area,0.5911,30.11,0.3881,19.257,31.8,81.6,DANGER,ventilation_failure
2026-01-01 08:27:00,L09,maintenance_area,0.5949,30.4,0.3835,19.235,31.82,81.45,DANGER,ventilation_failure
2026-01-01 08:27:05,L09,maintenance_area,0.6109,31.37,0.3872,19.225,31.84,82.03,DANGER,ventilation_failure
2026-01-01 08:27:10,L09,maintenance_area,0.6227,31.26,0.385,19.238,32.04,81.87,CRITICAL,ventilation_failure
2026-01-01 08:27:15,L09,maintenance_area,0.6242,32.55,0.3833,19.186,32.01,82.47,CRITICAL,ventilation_failure
2026-01-01 08:27:20,L09,maintenance_area,0.6423,33.1,0.3811,19.203,32.06,82.54,CRITICAL,ventilation_failure
2026-01-01 08:27:25,L09,maintenance_area,0.6422,33.84,0.3765,19.176,32.16,82.73,CRITICAL,ventilation_failure
2026-01-01 08:27:30,L09,maintenance_area,0.6348,33.53,0.3793,19.163,32.15,83.31,CRITICAL,ventilation_failure
2026-01-01 08:27:35,L09,maintenance_area,0.6639,33.69,0.3776,19.143,32.13,83.32,CRITICAL,ventilation_failure
2026-01-01 08:27:40,L09,maintenance_area,0.66,34.57,0.371,19.154,32.17,83.7,CRITICAL,ventilation_failure
2026-01-01 08:27:45,L09,maintenance_area,0.672,35.3,0.3727,19.13,32.3,83.93,CRITICAL,ventilation_failure
2026-01-01 08:27:50,L09,maintenance_area,0.6953,36.87,0.3718,19.116,32.21,84.32,CRITICAL,ventilation_failure
2026-01-01 08:27:55,L09,maintenance_area,0.7049,37.71,0.3664,19.109,32.35,84.03,CRITICAL,ventilation_failure
2026-01-01 08:28:00,L09,maintenance_area,0.6936,37.31,0.365,19.094,32.3,84.7,CRITICAL,ventilation_failure
2026-01-01 08:28:05,L09,maintenance_area,0.7107,37.7,0.3654,19.059,32.45,84.74,CRITICAL,ventilation_failure
2026-01-01 08:28:10,L09,maintenance_area,0.7093,38.08,0.3582,19.065,32.53,84.89,CRITICAL,ventilation_failure
2026-01-01 08:28:15,L09,maintenance_area,0.7193,39.25,0.3575,19.07,32.55,84.95,CRITICAL,ventilation_failure
2026-01-01 08:28:20,L09,maintenance_area,0.7244,40.52,0.3559,19.028,32.63,85.55,CRITICAL,ventilation_failure
2026-01-01 08:28:25,L09,maintenance_area,0.7231,40.87,0.352,19.021,32.73,85.46,CRITICAL,ventilation_failure
2026-01-01 08:28:30,L09,maintenance_area,0.7457,41.1,0.3578,19.017,32.68,85.99,CRITICAL,ventilation_failure
2026-01-01 08:28:35,L09,maintenance_area,0.755,41.65,0.3478,19.001,32.86,86.52,CRITICAL,ventilation_failure
2026-01-01 08:28:40,L09,maintenance_area,0.755,42.07,0.3522,18.997,32.79,86.55,CRITICAL,ventilation_failure
2026-01-01 08:28:45,L09,maintenance_area,0.777,42.18,0.3516,18.972,32.87,86.86,CRITICAL,ventilation_failure
2026-01-01 08:28:50,L09,maintenance_area,0.7724,42.38,0.3469,18.968,32.85,86.65,CRITICAL,ventilation_failure
2026-01-01 08:28:55,L09,maintenance_area,0.7786,43.32,0.3441,18.96,33.0,87.19,CRITICAL,ventilation_failure
2026-01-01 08:29:00,L09,maintenance_area,0.7958,44.11,0.3447,18.957,33.02,87.01,CRITICAL,ventilation_failure
2026-01-01 08:29:05,L09,maintenance_area,0.7868,43.7,0.3422,18.952,33.09,87.43,CRITICAL,ventilation_failure
2026-01-01 08:29:10,L09,maintenance_area,0.8144,44.94,0.3431,18.921,33.07,88.08,CRITICAL,ventilation_failure
2026-01-01 08:29:15,L09,maintenance_area,0.8116,45.15,0.3316,18.935,33.06,87.81,CRITICAL,ventilation_failure
2026-01-01 08:29:20,L09,maintenance_area,0.8306,46.66,0.3343,18.897,33.18,88.4,CRITICAL,ventilation_failure
2026-01-01 08:29:25,L09,maintenance_area,0.8408,46.42,0.3365,18.898,33.14,88.61,CRITICAL,ventilation_failure
2026-01-01 08:29:30,L09,maintenance_area,0.8433,47.43,0.3333,18.899,33.24,88.85,CRITICAL,ventilation_failure
2026-01-01 08:29:35,L09,maintenance_area,0.8393,47.47,0.3333,18.865,33.32,88.59,CRITICAL,ventilation_failure
2026-01-01 08:29:40,L09,maintenance_area,0.8435,49.22,0.3302,18.834,33.46,89.19,CRITICAL,ventilation_failure
2026-01-01 08:29:45,L09,maintenance_area,0.8498,48.08,0.3273,18.84,33.42,89.28,CRITICAL,ventilation_failure
2026-01-01 08:29:50,L09,maintenance_area,0.8782,49.76,0.3251,18.819,33.46,89.77,CRITICAL,ventilation_failure
2026-01-01 08:29:55,L09,maintenance_area,0.8759,49.42,0.3303,18.811,33.5,89.42,CRITICAL,ventilation_failure
2026-01-01 08:30:00,L09,maintenance_area,0.8799,50.38,0.3263,18.826,33.49,90.08,CRITICAL,ventilation_failure
2026-01-01 08:30:05,L09,maintenance_area,0.8915,51.31,0.3218,18.774,33.6,90.28,CRITICAL,ventilation_failure
2026-01-01 08:30:10,L09,maintenance_area,0.9091,51.9,0.3188,18.781,33.65,90.04,CRITICAL,ventilation_failure
2026-01-01 08:30:15,L09,maintenance_area,0.9144,52.45,0.3182,18.754,33.65,90.5,CRITICAL,ventilation_failure
2026-01-01 08:30:20,L09,maintenance_area,0.9194,52.97,0.3172,18.749,33.68,90.53,CRITICAL,ventilation_failure
2026-01-01 08:30:25,L09,maintenance_area,0.9288,53.12,0.3143,18.749,33.76,90.99,CRITICAL,ventilation_failure
2026-01-01 08:30:30,L09,maintenance_area,0.9328,53.93,0.3094,18.732,33.84,91.49,CRITICAL,ventilation_failure
2026-01-01 08:30:35,L09,maintenance_area,0.9416,54.6,0.3143,18.713,33.86,91.64,CRITICAL,ventilation_failure
2026-01-01 08:30:40,L09,maintenance_area,0.9487,55.24,0.3084,18.696,33.88,91.86,CRITICAL,ventilation_failure
2026-01-01 08:30:45,L09,maintenance_area,0.9547,55.67,0.3113,18.695,33.99,91.84,CRITICAL,ventilation_failure
2026-01-01 08:30:50,L09,maintenance_area,0.9686,56.65,0.3046,18.7,34.05,92.52,CRITICAL,ventilation_failure
2026-01-01 08:30:55,L09,maintenance_area,0.9732,56.88,0.3016,18.656,34.08,92.51,CRITICAL,ventilation_failure
2026-01-01 08:31:00,L09,maintenance_area,0.9715,56.66,0.3015,18.673,34.3,93.47,CRITICAL,fire_heat
2026-01-01 08:31:05,L09,maintenance_area,0.9665,57.11,0.2983,18.676,34.39,92.11,CRITICAL,fire_heat
2026-01-01 08:31:10,L09,maintenance_area,0.9679,57.14,0.2998,18.684,34.37,91.82,CRITICAL,fire_heat
2026-01-01 08:31:15,L09,maintenance_area,0.9653,57.6,0.2978,18.678,34.47,91.72,CRITICAL,fire_heat
2026-01-01 08:31:20,L09,maintenance_area,0.9614,57.32,0.2983,18.683,34.63,91.5,CRITICAL,fire_heat
2026-01-01 08:31:25,L09,maintenance_area,0.9592,57.45,0.2941,18.688,34.57,90.92,CRITICAL,fire_heat
2026-01-01 08:31:30,L09,maintenance_area,0.959,57.91,0.2922,18.69,34.68,90.89,CRITICAL,fire_heat
2026-01-01 08:31:35,L09,maintenance_area,0.9577,57.99,0.2908,18.697,34.92,89.86,CRITICAL,fire_heat
2026-01-01 08:31:40,L09,maintenance_area,0.9534,58.05,0.2876,18.69,34.88,89.66,CRITICAL,fire_heat
2026-01-01 08:31:45,L09,maintenance_area,0.9544,57.99,0.2918,18.703,35.14,89.91,CRITICAL,fire_heat
2026-01-01 08:31:50,L09,maintenance_area,0.9509,58.52,0.2895,18.7,35.2,89.23,CRITICAL,fire_heat
2026-01-01 08:31:55,L09,maintenance_area,0.9415,58.42,0.2822,18.706,35.21,88.52,CRITICAL,fire_heat
2026-01-01 08:32:00,L09,maintenance_area,0.9405,58.52,0.2856,18.717,35.41,88.17,CRITICAL,fire_heat
2026-01-01 08:32:05,L09,maintenance_area,0.946,58.88,0.2776,18.717,35.66,88.0,CRITICAL,fire_heat
2026-01-01 08:32:10,L09,maintenance_area,0.9397,58.87,0.2829,18.725,35.64,87.92,CRITICAL,fire_heat
2026-01-01 08:32:15,L09,maintenance_area,0.9388,58.86,0.2773,18.725,35.75,87.73,CRITICAL,fire_heat
2026-01-01 08:32:20,L09,maintenance_area,0.9395,59.17,0.2783,18.735,35.89,87.16,CRITICAL,fire_heat
2026-01-01 08:32:25,L09,maintenance_area,0.934,59.2,0.2712,18.732,36.01,87.05,CRITICAL,fire_heat
2026-01-01 08:32:30,L09,maintenance_area,0.932,59.05,0.2714,18.728,36.04,86.47,CRITICAL,fire_heat
2026-01-01 08:32:35,L09,maintenance_area,0.9272,59.48,0.2739,18.742,36.23,86.64,CRITICAL,fire_heat
2026-01-01 08:32:40,L09,maintenance_area,0.9287,59.67,0.2695,18.735,36.19,86.71,CRITICAL,fire_heat
2026-01-01 08:32:45,L09,maintenance_area,0.9272,59.74,0.2676,18.742,36.33,85.5,CRITICAL,fire_heat
2026-01-01 08:32:50,L09,maintenance_area,0.9217,60.11,0.2715,18.749,36.45,85.43,CRITICAL,fire_heat
2026-01-01 08:32:55,L09,maintenance_area,0.9185,60.08,0.2719,18.752,36.68,85.08,CRITICAL,fire_heat
2026-01-01 08:33:00,L09,maintenance_area,0.9269,60.39,0.2673,18.758,36.76,84.67,CRITICAL,fire_heat
2026-01-01 08:33:05,L09,maintenance_area,0.9167,60.31,0.2608,18.76,36.84,84.5,CRITICAL,fire_heat
2026-01-01 08:33:10,L09,maintenance_area,0.9128,60.74,0.2661,18.762,37.04,84.12,CRITICAL,fire_heat
2026-01-01 08:33:15,L09,maintenance_area,0.9148,60.59,0.2565,18.78,37.12,83.5,CRITICAL,fire_heat
2026-01-01 08:33:20,L09,maintenance_area,0.9104,60.6,0.258,18.773,37.16,83.71,CRITICAL,fire_heat
2026-01-01 08:33:25,L09,maintenance_area,0.9052,61.22,0.2573,18.77,37.2,83.05,CRITICAL,fire_heat
2026-01-01 08:33:30,L09,maintenance_area,0.9077,61.09,0.2603,18.783,37.33,82.54,CRITICAL,fire_heat
2026-01-01 08:33:35,L09,maintenance_area,0.9017,61.58,0.2563,18.783,37.37,83.07,CRITICAL,fire_heat
2026-01-01 08:33:40,L09,maintenance_area,0.9067,61.57,0.2514,18.788,37.65,81.97,CRITICAL,fire_heat
2026-01-01 08:33:45,L09,maintenance_area,0.9014,61.75,0.2487,18.799,37.66,81.75,CRITICAL,fire_heat
2026-01-01 08:33:50,L09,maintenance_area,0.897,61.93,0.2519,18.798,37.81,81.4,CRITICAL,fire_heat
2026-01-01 08:33:55,L09,maintenance_area,0.896,61.95,0.2466,18.799,37.96,80.98,CRITICAL,fire_heat
2026-01-01 08:34:00,L09,maintenance_area,0.8962,62.09,0.2469,18.81,38.19,80.82,CRITICAL,fire_heat
2026-01-01 08:34:05,L09,maintenance_area,0.892,62.39,0.2415,18.817,38.29,80.11,CRITICAL,fire_heat
2026-01-01 08:34:10,L09,maintenance_area,0.8955,62.38,0.2446,18.818,38.3,80.21,CRITICAL,fire_heat
2026-01-01 08:34:15,L09,maintenance_area,0.8905,62.42,0.2429,18.808,38.55,79.17,CRITICAL,fire_heat
2026-01-01 08:34:20,L09,maintenance_area,0.8865,62.74,0.2371,18.818,38.32,78.98,CRITICAL,fire_heat
2026-01-01 08:34:25,L09,maintenance_area,0.8801,62.52,0.2411,18.828,38.83,79.6,CRITICAL,fire_heat
2026-01-01 08:34:30,L09,maintenance_area,0.8803,63.13,0.2384,18.83,38.82,78.34,CRITICAL,fire_heat
2026-01-01 08:34:35,L09,maintenance_area,0.88,63.28,0.2372,18.834,38.87,77.8,CRITICAL,fire_heat
2026-01-01 08:34:40,L09,maintenance_area,0.8741,63.4,0.233,18.835,38.88,77.69,CRITICAL,fire_heat
2026-01-01 08:34:45,L09,maintenance_area,0.8782,63.54,0.2328,18.837,39.04,78.26,CRITICAL,fire_heat
2026-01-01 08:34:50,L09,maintenance_area,0.8694,63.52,0.2309,18.856,39.26,76.86,CRITICAL,fire_heat
2026-01-01 08:34:55,L09,maintenance_area,0.8682,63.66,0.2289,18.851,39.37,76.79,CRITICAL,fire_heat
2026-01-01 08:35:00,L09,maintenance_area,0.8663,63.66,0.2281,18.858,39.49,76.31,CRITICAL,fire_heat
2026-01-01 08:35:05,L09,maintenance_area,0.868,64.2,0.2292,18.859,39.46,76.34,CRITICAL,fire_heat
2026-01-01 08:35:10,L09,maintenance_area,0.8613,64.05,0.2272,18.863,39.55,75.96,CRITICAL,fire_heat
2026-01-01 08:35:15,L09,maintenance_area,0.8563,64.31,0.2202,18.866,39.77,75.62,CRITICAL,fire_heat
2026-01-01 08:35:20,L09,maintenance_area,0.8627,64.44,0.2239,18.865,39.94,75.99,CRITICAL,fire_heat
2026-01-01 08:35:25,L09,maintenance_area,0.856,64.37,0.2228,18.867,39.98,74.74,CRITICAL,fire_heat
2026-01-01 08:35:30,L09,maintenance_area,0.852,64.46,0.218,18.88,40.24,74.75,CRITICAL,fire_heat
2026-01-01 08:35:35,L09,maintenance_area,0.8508,64.84,0.218,18.883,40.2,74.55,CRITICAL,fire_heat
2026-01-01 08:35:40,L09,maintenance_area,0.856,64.93,0.2165,18.89,40.31,73.82,CRITICAL,fire_heat
2026-01-01 08:35:45,L09,maintenance_area,0.8469,65.12,0.2116,18.893,40.49,73.94,CRITICAL,fire_heat
2026-01-01 08:35:50,L09,maintenance_area,0.8463,65.42,0.2112,18.89,40.66,73.34,CRITICAL,fire_heat
2026-01-01 08:35:55,L09,maintenance_area,0.8432,65.46,0.2124,18.903,40.51,73.25,CRITICAL,fire_heat
2026-01-01 08:36:00,L09,maintenance_area,0.8388,65.67,0.2078,18.905,40.64,72.77,CRITICAL,fire_heat
2026-01-01 08:36:05,L09,maintenance_area,0.8381,65.78,0.2098,18.909,40.83,71.86,CRITICAL,fire_heat
2026-01-01 08:36:10,L09,maintenance_area,0.8485,65.43,0.2068,18.905,40.92,72.62,CRITICAL,combined_hazard
2026-01-01 08:36:15,L09,maintenance_area,0.8552,65.96,0.2201,18.896,40.86,72.93,CRITICAL,combined_hazard
2026-01-01 08:36:20,L09,maintenance_area,0.8485,65.82,0.2129,18.885,40.95,73.34,CRITICAL,combined_hazard
2026-01-01 08:36:25,L09,maintenance_area,0.8528,66.12,0.2095,18.874,41.0,73.54,CRITICAL,combined_hazard
2026-01-01 08:36:30,L09,maintenance_area,0.8581,66.47,0.226,18.861,41.09,73.34,CRITICAL,combined_hazard
2026-01-01 08:36:35,L09,maintenance_area,0.854,66.21,0.2295,18.843,41.17,74.31,CRITICAL,combined_hazard
2026-01-01 08:36:40,L09,maintenance_area,0.8661,66.78,0.2198,18.864,41.1,74.58,CRITICAL,combined_hazard
2026-01-01 08:36:45,L09,maintenance_area,0.8817,66.82,0.229,18.836,41.23,74.34,CRITICAL,combined_hazard
2026-01-01 08:36:50,L09,maintenance_area,0.876,66.95,0.2375,18.831,41.33,75.6,CRITICAL,combined_hazard
2026-01-01 08:36:55,L09,maintenance_area,0.8758,67.27,0.2414,18.821,41.24,75.66,CRITICAL,combined_hazard
2026-01-01 08:37:00,L09,maintenance_area,0.8888,67.41,0.2426,18.824,41.38,75.37,CRITICAL,combined_hazard
2026-01-01 08:37:05,L09,maintenance_area,0.887,67.88,0.2462,18.823,41.37,75.89,CRITICAL,combined_hazard
2026-01-01 08:37:10,L09,maintenance_area,0.8948,68.2,0.2455,18.797,41.45,76.31,CRITICAL,combined_hazard
2026-01-01 08:37:15,L09,maintenance_area,0.8928,68.1,0.2425,18.784,41.41,76.64,CRITICAL,combined_hazard
2026-01-01 08:37:20,L09,maintenance_area,0.8987,68.25,0.2657,18.765,41.66,77.25,CRITICAL,combined_hazard
2026-01-01 08:37:25,L09,maintenance_area,0.913,68.47,0.2559,18.753,41.62,77.17,CRITICAL,combined_hazard
2026-01-01 08:37:30,L09,maintenance_area,0.9141,68.53,0.2645,18.74,41.65,78.2,CRITICAL,combined_hazard
2026-01-01 08:37:35,L09,maintenance_area,0.9139,68.69,0.2665,18.741,41.76,78.5,CRITICAL,combined_hazard
2026-01-01 08:37:40,L09,maintenance_area,0.9233,68.81,0.2747,18.719,41.74,78.7,CRITICAL,combined_hazard
2026-01-01 08:37:45,L09,maintenance_area,0.9239,69.06,0.2747,18.741,41.79,78.85,CRITICAL,combined_hazard
2026-01-01 08:37:50,L09,maintenance_area,0.9275,69.79,0.2784,18.725,41.98,79.47,CRITICAL,combined_hazard
2026-01-01 08:37:55,L09,maintenance_area,0.9428,69.55,0.2696,18.709,42.05,79.41,CRITICAL,combined_hazard
2026-01-01 08:38:00,L09,maintenance_area,0.9453,69.32,0.2811,18.714,41.97,79.6,CRITICAL,combined_hazard
2026-01-01 08:38:05,L09,maintenance_area,0.9454,69.95,0.2915,18.683,42.11,80.56,CRITICAL,combined_hazard
2026-01-01 08:38:10,L09,maintenance_area,0.9509,69.95,0.2947,18.676,42.13,80.61,CRITICAL,combined_hazard
2026-01-01 08:38:15,L09,maintenance_area,0.9547,70.45,0.2911,18.656,42.09,80.61,CRITICAL,combined_hazard
2026-01-01 08:38:20,L09,maintenance_area,0.9619,70.61,0.2918,18.674,42.16,81.03,CRITICAL,combined_hazard
2026-01-01 08:38:25,L09,maintenance_area,0.9595,70.82,0.3029,18.648,42.34,81.27,CRITICAL,combined_hazard
2026-01-01 08:38:30,L09,maintenance_area,0.9732,70.99,0.2929,18.647,42.24,82.5,CRITICAL,combined_hazard
2026-01-01 08:38:35,L09,maintenance_area,0.975,71.12,0.3042,18.648,42.48,82.18,CRITICAL,combined_hazard
2026-01-01 08:38:40,L09,maintenance_area,0.9762,71.11,0.3206,18.643,42.39,82.56,CRITICAL,combined_hazard
2026-01-01 08:38:45,L09,maintenance_area,0.9795,71.55,0.3227,18.619,42.55,83.08,CRITICAL,combined_hazard
2026-01-01 08:38:50,L09,maintenance_area,0.9913,71.94,0.322,18.614,42.51,82.78,CRITICAL,combined_hazard
2026-01-01 08:38:55,L09,maintenance_area,0.9905,72.28,0.3247,18.592,42.62,83.87,CRITICAL,combined_hazard
2026-01-01 08:39:00,L09,maintenance_area,0.9921,72.09,0.3182,18.609,42.7,83.65,CRITICAL,combined_hazard
2026-01-01 08:39:05,L09,maintenance_area,0.9984,72.3,0.3271,18.581,42.75,84.78,CRITICAL,combined_hazard
2026-01-01 08:39:10,L09,maintenance_area,1.0093,72.6,0.3326,18.574,42.7,84.41,CRITICAL,combined_hazard
2026-01-01 08:39:15,L09,maintenance_area,1.0008,72.97,0.3342,18.56,42.74,85.19,CRITICAL,combined_hazard
2026-01-01 08:39:20,L09,maintenance_area,1.0123,72.8,0.3394,18.567,42.83,84.37,CRITICAL,combined_hazard
2026-01-01 08:39:25,L09,maintenance_area,1.0246,73.2,0.3502,18.548,42.82,85.13,CRITICAL,combined_hazard
2026-01-01 08:39:30,L09,maintenance_area,1.0225,73.11,0.3455,18.544,42.95,85.76,CRITICAL,combined_hazard
2026-01-01 08:39:35,L09,maintenance_area,1.0294,73.51,0.3499,18.531,42.95,85.52,CRITICAL,combined_hazard
2026-01-01 08:39:40,L09,maintenance_area,1.0385,73.82,0.3582,18.516,43.1,86.72,CRITICAL,combined_hazard
2026-01-01 08:39:45,L09,maintenance_area,1.042,73.59,0.3522,18.518,43.06,86.96,CRITICAL,combined_hazard
2026-01-01 08:39:50,L09,maintenance_area,1.0393,73.92,0.3583,18.503,43.05,86.87,CRITICAL,combined_hazard
2026-01-01 08:39:55,L09,maintenance_area,1.0455,74.38,0.3622,18.481,43.27,87.52,CRITICAL,combined_hazard
2026-01-01 08:40:00,L09,maintenance_area,1.0558,74.51,0.3693,18.471,43.26,88.12,CRITICAL,combined_hazard
2026-01-01 08:40:05,L09,maintenance_area,1.0605,74.78,0.371,18.474,43.3,87.51,CRITICAL,combined_hazard
2026-01-01 08:40:10,L09,maintenance_area,1.0595,74.93,0.3747,18.472,43.41,88.11,CRITICAL,combined_hazard
2026-01-01 08:40:15,L09,maintenance_area,1.0643,74.9,0.3766,18.47,43.45,88.75,CRITICAL,combined_hazard
2026-01-01 08:40:20,L09,maintenance_area,1.0706,75.56,0.3783,18.427,43.41,89.2,CRITICAL,combined_hazard
2026-01-01 08:40:25,L09,maintenance_area,1.0812,75.37,0.3893,18.435,43.48,89.51,CRITICAL,combined_hazard
2026-01-01 08:40:30,L09,maintenance_area,1.0841,74.96,0.3886,18.431,43.5,90.16,CRITICAL,combined_hazard
2026-01-01 08:40:35,L09,maintenance_area,1.0867,75.67,0.3963,18.42,43.53,90.36,CRITICAL,combined_hazard
2026-01-01 08:40:40,L09,maintenance_area,1.0816,75.82,0.3922,18.418,43.69,90.76,CRITICAL,combined_hazard
2026-01-01 08:40:45,L09,maintenance_area,1.0905,76.24,0.3977,18.405,43.73,90.41,CRITICAL,combined_hazard
2026-01-01 08:40:50,L09,maintenance_area,1.0954,76.2,0.4032,18.379,43.8,91.25,CRITICAL,combined_hazard
2026-01-01 08:40:55,L09,maintenance_area,1.1089,76.68,0.4071,18.37,43.88,91.44,CRITICAL,combined_hazard
2026-01-01 08:41:00,L09,maintenance_area,1.1045,76.76,0.4145,18.374,43.91,92.35,CRITICAL,combined_hazard
2026-01-01 08:41:05,L09,maintenance_area,1.1172,76.66,0.4128,18.371,43.96,92.26,CRITICAL,combined_hazard
2026-01-01 08:41:10,L09,maintenance_area,1.1118,77.01,0.4215,18.354,43.86,92.32,CRITICAL,combined_hazard
2026-01-01 08:41:15,L09,maintenance_area,1.1168,77.08,0.4233,18.327,44.01,93.15,CRITICAL,combined_hazard
2026-01-01 08:41:20,L09,maintenance_area,1.1267,77.45,0.4247,18.323,44.12,93.39,CRITICAL,combined_hazard
2026-01-01 08:41:25,L09,maintenance_area,1.1372,77.46,0.4245,18.331,44.07,93.28,CRITICAL,combined_hazard
2026-01-01 08:41:30,L09,maintenance_area,1.1321,77.81,0.4356,18.312,44.18,93.76,CRITICAL,combined_hazard
2026-01-01 08:41:35,L09,maintenance_area,1.1238,77.93,0.4316,18.307,44.26,94.1,CRITICAL,combined_hazard
2026-01-01 08:00:00,L10,return_airway,0.1506,7.19,0.0564,20.734,28.2,72.51,SAFE,normal
2026-01-01 08:00:05,L10,return_airway,0.1463,7.08,0.0596,20.733,28.15,72.5,SAFE,normal
2026-01-01 08:00:10,L10,return_airway,0.1534,7.14,0.0574,20.718,28.21,72.47,SAFE,normal
2026-01-01 08:00:15,L10,return_airway,0.1537,7.16,0.0591,20.717,28.17,72.42,SAFE,normal
2026-01-01 08:00:20,L10,return_airway,0.1554,6.99,0.0576,20.708,28.12,72.39,SAFE,normal
2026-01-01 08:00:25,L10,return_airway,0.162,7.01,0.0573,20.721,28.13,72.39,SAFE,normal
2026-01-01 08:00:30,L10,return_airway,0.1529,6.99,0.0602,20.709,28.05,72.35,SAFE,normal
2026-01-01 08:00:35,L10,return_airway,0.1613,6.98,0.0595,20.7,28.03,72.31,SAFE,normal
2026-01-01 08:00:40,L10,return_airway,0.1608,6.99,0.0613,20.677,28.0,72.33,SAFE,normal
2026-01-01 08:00:45,L10,return_airway,0.1604,6.91,0.0611,20.686,28.01,72.33,SAFE,normal
2026-01-01 08:00:50,L10,return_airway,0.1648,6.93,0.06,20.676,27.92,72.28,SAFE,normal
2026-01-01 08:00:55,L10,return_airway,0.1706,6.84,0.0632,20.676,27.92,72.21,SAFE,normal
2026-01-01 08:01:00,L10,return_airway,0.1706,6.82,0.0609,20.664,27.92,72.2,SAFE,normal
2026-01-01 08:01:05,L10,return_airway,0.1776,6.78,0.0635,20.656,27.85,72.21,SAFE,normal
2026-01-01 08:01:10,L10,return_airway,0.1765,6.78,0.065,20.651,27.84,72.11,SAFE,normal
2026-01-01 08:01:15,L10,return_airway,0.1783,6.7,0.0631,20.631,27.77,72.13,SAFE,normal
2026-01-01 08:01:20,L10,return_airway,0.1805,6.7,0.0658,20.632,27.82,72.05,SAFE,normal
2026-01-01 08:01:25,L10,return_airway,0.1833,6.61,0.0652,20.633,27.76,72.1,SAFE,normal
2026-01-01 08:01:30,L10,return_airway,0.1845,6.61,0.0664,20.632,27.72,72.02,SAFE,normal
2026-01-01 08:01:35,L10,return_airway,0.1854,6.57,0.0644,20.615,27.69,72.06,SAFE,normal
2026-01-01 08:01:40,L10,return_airway,0.1931,6.56,0.0665,20.612,27.69,72.02,SAFE,normal
2026-01-01 08:01:45,L10,return_airway,0.1905,6.51,0.0646,20.595,27.63,71.95,SAFE,normal
2026-01-01 08:01:50,L10,return_airway,0.1934,6.53,0.0696,20.61,27.69,71.9,SAFE,normal
2026-01-01 08:01:55,L10,return_airway,0.198,6.44,0.0647,20.601,27.56,71.9,SAFE,normal
2026-01-01 08:02:00,L10,return_airway,0.1998,6.38,0.0676,20.592,27.58,71.86,SAFE,normal
2026-01-01 08:02:05,L10,return_airway,0.1984,6.36,0.0673,20.584,27.57,71.83,SAFE,normal
2026-01-01 08:02:10,L10,return_airway,0.2055,6.4,0.0701,20.586,27.52,71.77,SAFE,normal
2026-01-01 08:02:15,L10,return_airway,0.207,6.31,0.0725,20.564,27.51,71.77,SAFE,normal
2026-01-01 08:02:20,L10,return_airway,0.2081,6.32,0.0711,20.557,27.46,71.73,SAFE,normal
2026-01-01 08:02:25,L10,return_airway,0.2084,6.27,0.075,20.564,27.5,71.74,SAFE,normal
2026-01-01 08:02:30,L10,return_airway,0.2107,6.27,0.0691,20.557,27.4,71.73,SAFE,normal
2026-01-01 08:02:35,L10,return_airway,0.2135,6.21,0.0698,20.536,27.34,71.69,SAFE,normal
2026-01-01 08:02:40,L10,return_airway,0.2126,6.26,0.0709,20.534,27.34,71.65,SAFE,normal
2026-01-01 08:02:45,L10,return_airway,0.2183,6.21,0.0728,20.543,27.36,71.6,SAFE,normal
2026-01-01 08:02:50,L10,return_airway,0.2233,6.11,0.0717,20.528,27.32,71.6,SAFE,normal
2026-01-01 08:02:55,L10,return_airway,0.2254,6.08,0.0726,20.525,27.31,71.58,SAFE,normal
2026-01-01 08:03:00,L10,return_airway,0.2238,6.15,0.0751,20.505,27.28,71.52,SAFE,normal
2026-01-01 08:03:05,L10,return_airway,0.2303,6.0,0.0729,20.511,27.23,71.51,SAFE,normal
2026-01-01 08:03:10,L10,return_airway,0.235,5.99,0.0735,20.491,27.2,71.48,SAFE,normal
2026-01-01 08:03:15,L10,return_airway,0.2305,5.97,0.0751,20.481,27.18,71.5,SAFE,normal
2026-01-01 08:03:20,L10,return_airway,0.2357,5.93,0.0757,20.493,27.21,71.45,SAFE,normal
2026-01-01 08:03:25,L10,return_airway,0.2291,5.85,0.0782,20.492,27.15,71.41,SAFE,normal
2026-01-01 08:03:30,L10,return_airway,0.2342,5.89,0.0759,20.474,27.16,71.32,SAFE,normal
2026-01-01 08:03:35,L10,return_airway,0.2404,5.81,0.0766,20.466,27.1,71.35,SAFE,normal
2026-01-01 08:03:40,L10,return_airway,0.2393,5.85,0.079,20.475,27.05,71.31,SAFE,normal
2026-01-01 08:03:45,L10,return_airway,0.2506,5.74,0.0799,20.456,27.0,71.28,SAFE,normal
2026-01-01 08:03:50,L10,return_airway,0.2485,5.75,0.0813,20.451,27.01,71.22,SAFE,normal
2026-01-01 08:03:55,L10,return_airway,0.2518,5.65,0.0804,20.456,26.97,71.2,SAFE,normal
2026-01-01 08:04:00,L10,return_airway,0.251,5.62,0.0804,20.436,26.95,71.2,SAFE,normal
2026-01-01 08:04:05,L10,return_airway,0.2502,5.63,0.0815,20.428,26.92,71.21,SAFE,normal
2026-01-01 08:04:10,L10,return_airway,0.2538,5.6,0.0808,20.432,26.84,71.13,SAFE,normal
2026-01-01 08:04:15,L10,return_airway,0.2583,5.64,0.0813,20.415,26.9,71.11,SAFE,normal
2026-01-01 08:04:20,L10,return_airway,0.2578,5.56,0.0796,20.413,26.84,71.14,SAFE,normal
2026-01-01 08:04:25,L10,return_airway,0.2639,5.57,0.084,20.399,26.78,71.06,SAFE,normal
2026-01-01 08:04:30,L10,return_airway,0.2662,5.49,0.0835,20.403,26.8,71.03,SAFE,normal
2026-01-01 08:04:35,L10,return_airway,0.2663,5.49,0.0848,20.396,26.74,71.01,SAFE,normal
2026-01-01 08:04:40,L10,return_airway,0.263,5.42,0.0801,20.396,26.75,70.95,SAFE,normal
2026-01-01 08:04:45,L10,return_airway,0.2757,5.38,0.0846,20.389,26.73,70.97,SAFE,normal
2026-01-01 08:04:50,L10,return_airway,0.2722,5.32,0.084,20.38,26.71,70.91,SAFE,normal
2026-01-01 08:04:55,L10,return_airway,0.2831,5.35,0.0879,20.373,26.65,70.9,SAFE,normal
2026-01-01 08:05:00,L10,return_airway,0.2791,5.32,0.0871,20.364,26.62,70.88,SAFE,normal
2026-01-01 08:05:05,L10,return_airway,0.2787,5.31,0.0871,20.362,26.58,70.9,SAFE,normal
2026-01-01 08:05:10,L10,return_airway,0.2707,5.45,0.0869,20.358,26.6,70.64,SAFE,methane_buildup
2026-01-01 08:05:15,L10,return_airway,0.2932,5.48,0.0867,20.358,26.71,70.79,SAFE,methane_buildup
2026-01-01 08:05:20,L10,return_airway,0.3061,5.52,0.0877,20.356,26.64,71.1,SAFE,methane_buildup
2026-01-01 08:05:25,L10,return_airway,0.3187,5.45,0.0898,20.354,26.77,71.29,SAFE,methane_buildup
2026-01-01 08:05:30,L10,return_airway,0.3325,5.66,0.0904,20.356,26.79,71.34,SAFE,methane_buildup
2026-01-01 08:05:35,L10,return_airway,0.3369,5.97,0.0929,20.353,26.95,71.54,SAFE,methane_buildup
2026-01-01 08:05:40,L10,return_airway,0.3519,5.84,0.0913,20.348,26.89,71.43,SAFE,methane_buildup
2026-01-01 08:05:45,L10,return_airway,0.3471,6.11,0.0908,20.351,27.05,71.56,SAFE,methane_buildup
2026-01-01 08:05:50,L10,return_airway,0.3703,6.08,0.0946,20.349,27.0,72.14,SAFE,methane_buildup
2026-01-01 08:05:55,L10,return_airway,0.3743,5.93,0.094,20.345,27.12,72.15,SAFE,methane_buildup
2026-01-01 08:06:00,L10,return_airway,0.377,6.33,0.0972,20.347,27.15,72.22,SAFE,methane_buildup
2026-01-01 08:06:05,L10,return_airway,0.3962,6.48,0.0967,20.344,27.18,72.18,SAFE,methane_buildup
2026-01-01 08:06:10,L10,return_airway,0.416,6.46,0.0987,20.342,27.2,72.36,SAFE,methane_buildup
2026-01-01 08:06:15,L10,return_airway,0.429,6.68,0.0966,20.341,27.31,72.52,SAFE,methane_buildup
2026-01-01 08:06:20,L10,return_airway,0.4211,6.51,0.0996,20.335,27.33,72.8,SAFE,methane_buildup
2026-01-01 08:06:25,L10,return_airway,0.4359,6.64,0.099,20.338,27.37,72.82,SAFE,methane_buildup
2026-01-01 08:06:30,L10,return_airway,0.4657,6.88,0.0989,20.339,27.53,72.97,SAFE,methane_buildup
2026-01-01 08:06:35,L10,return_airway,0.4744,7.0,0.1005,20.336,27.54,73.01,SAFE,methane_buildup
2026-01-01 08:06:40,L10,return_airway,0.4898,7.18,0.102,20.332,27.6,73.26,SAFE,methane_buildup
2026-01-01 08:06:45,L10,return_airway,0.5063,7.22,0.1061,20.336,27.6,73.33,SAFE,methane_buildup
2026-01-01 08:06:50,L10,return_airway,0.5082,7.15,0.1037,20.332,27.66,73.42,SAFE,methane_buildup
2026-01-01 08:06:55,L10,return_airway,0.5086,7.38,0.1034,20.329,27.71,73.46,SAFE,methane_buildup
2026-01-01 08:07:00,L10,return_airway,0.5257,7.51,0.1068,20.335,27.8,73.66,SAFE,methane_buildup
2026-01-01 08:07:05,L10,return_airway,0.5542,7.38,0.1075,20.327,27.87,73.68,SAFE,methane_buildup
2026-01-01 08:07:10,L10,return_airway,0.5777,7.65,0.1075,20.33,27.89,73.93,SAFE,methane_buildup
2026-01-01 08:07:15,L10,return_airway,0.563,7.72,0.109,20.325,27.9,74.07,SAFE,methane_buildup
2026-01-01 08:07:20,L10,return_airway,0.575,7.79,0.112,20.325,28.03,73.91,SAFE,methane_buildup
2026-01-01 08:07:25,L10,return_airway,0.5883,7.99,0.1123,20.322,28.05,74.29,SAFE,methane_buildup
2026-01-01 08:07:30,L10,return_airway,0.5916,7.94,0.1131,20.32,28.03,74.31,SAFE,methane_buildup
2026-01-01 08:07:35,L10,return_airway,0.6155,8.18,0.1107,20.322,28.05,74.64,SAFE,methane_buildup
2026-01-01 08:07:40,L10,return_airway,0.6249,8.3,0.1191,20.321,28.23,74.78,SAFE,methane_buildup
2026-01-01 08:07:45,L10,return_airway,0.6287,8.44,0.1166,20.321,28.22,74.78,SAFE,methane_buildup
2026-01-01 08:07:50,L10,return_airway,0.6323,8.34,0.1166,20.317,28.34,75.03,SAFE,methane_buildup
2026-01-01 08:07:55,L10,return_airway,0.63,8.4,0.1144,20.321,28.33,75.16,SAFE,methane_buildup
2026-01-01 08:08:00,L10,return_airway,0.6663,8.66,0.1191,20.316,28.43,75.19,SAFE,methane_buildup
2026-01-01 08:08:05,L10,return_airway,0.6717,8.71,0.1174,20.315,28.46,75.53,SAFE,methane_buildup
2026-01-01 08:08:10,L10,return_airway,0.6722,9.1,0.1189,20.31,28.62,75.39,SAFE,methane_buildup
2026-01-01 08:08:15,L10,return_airway,0.6789,8.98,0.1171,20.31,28.63,75.78,SAFE,methane_buildup
2026-01-01 08:08:20,L10,return_airway,0.7101,9.04,0.1188,20.311,28.71,75.71,SAFE,methane_buildup
2026-01-01 08:08:25,L10,return_airway,0.6959,9.12,0.1227,20.308,28.69,75.76,SAFE,methane_buildup
2026-01-01 08:08:30,L10,return_airway,0.7283,9.12,0.1247,20.308,28.79,75.95,SAFE,methane_buildup
2026-01-01 08:08:35,L10,return_airway,0.7456,9.38,0.125,20.304,28.81,75.99,SAFE,methane_buildup
2026-01-01 08:08:40,L10,return_airway,0.7534,9.42,0.1258,20.305,28.93,76.34,WARNING,methane_buildup
2026-01-01 08:08:45,L10,return_airway,0.754,9.52,0.1254,20.304,28.9,76.19,WARNING,methane_buildup
2026-01-01 08:08:50,L10,return_airway,0.7556,9.64,0.1257,20.3,28.89,76.67,WARNING,methane_buildup
2026-01-01 08:08:55,L10,return_airway,0.7873,9.75,0.1279,20.302,28.92,76.53,WARNING,methane_buildup
2026-01-01 08:09:00,L10,return_airway,0.8053,9.67,0.1297,20.296,29.15,76.86,WARNING,methane_buildup
2026-01-01 08:09:05,L10,return_airway,0.7966,10.0,0.1292,20.299,29.15,76.9,WARNING,methane_buildup
2026-01-01 08:09:10,L10,return_airway,0.8198,9.94,0.1323,20.301,29.2,77.05,WARNING,methane_buildup
2026-01-01 08:09:15,L10,return_airway,0.843,10.11,0.1306,20.297,29.3,77.08,WARNING,methane_buildup
2026-01-01 08:09:20,L10,return_airway,0.8402,10.34,0.1301,20.296,29.2,77.32,WARNING,methane_buildup
2026-01-01 08:09:25,L10,return_airway,0.8431,10.48,0.1327,20.292,29.32,77.42,WARNING,methane_buildup
2026-01-01 08:09:30,L10,return_airway,0.8703,10.26,0.1339,20.296,29.38,77.36,WARNING,methane_buildup
2026-01-01 08:09:35,L10,return_airway,0.8616,10.52,0.1344,20.294,29.48,77.55,WARNING,methane_buildup
2026-01-01 08:09:40,L10,return_airway,0.8664,10.64,0.1378,20.288,29.46,77.73,WARNING,methane_buildup
2026-01-01 08:09:45,L10,return_airway,0.9012,10.57,0.1378,20.287,29.49,77.83,WARNING,methane_buildup
2026-01-01 08:09:50,L10,return_airway,0.8987,10.88,0.1347,20.29,29.55,78.2,WARNING,methane_buildup
2026-01-01 08:09:55,L10,return_airway,0.9109,10.92,0.141,20.29,29.72,78.18,WARNING,methane_buildup
2026-01-01 08:10:00,L10,return_airway,0.9185,11.03,0.1341,20.282,29.68,78.22,WARNING,methane_buildup
2026-01-01 08:10:05,L10,return_airway,0.9314,11.02,0.1439,20.281,29.74,78.38,WARNING,methane_buildup
2026-01-01 08:10:10,L10,return_airway,0.9635,11.24,0.1404,20.282,29.85,78.51,WARNING,methane_buildup
2026-01-01 08:10:15,L10,return_airway,0.9776,11.38,0.1414,20.276,29.84,78.66,WARNING,methane_buildup
2026-01-01 08:10:20,L10,return_airway,0.9642,9.77,0.1409,20.273,29.83,78.7,WARNING,co_buildup
2026-01-01 08:10:25,L10,return_airway,0.9539,10.86,0.1434,20.262,29.98,78.57,WARNING,co_buildup
2026-01-01 08:10:30,L10,return_airway,0.9453,13.91,0.142,20.275,29.95,78.51,WARNING,co_buildup
2026-01-01 08:10:35,L10,return_airway,0.9401,15.49,0.1425,20.247,30.07,78.13,WARNING,co_buildup
2026-01-01 08:10:40,L10,return_airway,0.9334,14.59,0.1428,20.252,30.05,77.86,WARNING,co_buildup
2026-01-01 08:10:45,L10,return_airway,0.926,15.66,0.1439,20.231,30.21,78.01,WARNING,co_buildup
2026-01-01 08:10:50,L10,return_airway,0.9246,17.31,0.1435,20.217,30.16,77.89,WARNING,co_buildup
2026-01-01 08:10:55,L10,return_airway,0.9178,17.69,0.1442,20.225,30.3,77.68,WARNING,co_buildup
2026-01-01 08:11:00,L10,return_airway,0.8979,18.03,0.1437,20.205,30.33,77.56,WARNING,co_buildup
2026-01-01 08:11:05,L10,return_airway,0.9013,18.82,0.1452,20.206,30.4,77.53,WARNING,co_buildup
2026-01-01 08:11:10,L10,return_airway,0.8857,18.83,0.1455,20.198,30.44,77.22,WARNING,co_buildup
2026-01-01 08:11:15,L10,return_airway,0.8939,21.16,0.1478,20.189,30.49,77.1,WARNING,co_buildup
2026-01-01 08:11:20,L10,return_airway,0.8885,21.78,0.1452,20.173,30.58,77.0,WARNING,co_buildup
2026-01-01 08:11:25,L10,return_airway,0.8729,22.38,0.1458,20.173,30.58,76.69,WARNING,co_buildup
2026-01-01 08:11:30,L10,return_airway,0.8699,22.8,0.1467,20.15,30.64,76.69,WARNING,co_buildup
2026-01-01 08:11:35,L10,return_airway,0.8501,23.76,0.1479,20.127,30.73,76.56,WARNING,co_buildup
2026-01-01 08:11:40,L10,return_airway,0.8647,25.86,0.1456,20.147,30.79,76.64,WARNING,co_buildup
2026-01-01 08:11:45,L10,return_airway,0.8566,26.95,0.1475,20.134,30.81,76.24,WARNING,co_buildup
2026-01-01 08:11:50,L10,return_airway,0.8533,26.86,0.1444,20.118,30.97,76.17,WARNING,co_buildup
2026-01-01 08:11:55,L10,return_airway,0.8492,27.65,0.1476,20.101,30.96,76.12,WARNING,co_buildup
2026-01-01 08:12:00,L10,return_airway,0.8246,28.19,0.1497,20.087,31.03,75.75,WARNING,co_buildup
2026-01-01 08:12:05,L10,return_airway,0.8326,30.51,0.1477,20.098,31.03,75.89,WARNING,co_buildup
2026-01-01 08:12:10,L10,return_airway,0.8303,30.66,0.1492,20.103,31.27,75.8,WARNING,co_buildup
2026-01-01 08:12:15,L10,return_airway,0.8038,31.81,0.1486,20.078,31.35,75.43,WARNING,co_buildup
2026-01-01 08:12:20,L10,return_airway,0.8065,32.68,0.1485,20.068,31.23,75.22,WARNING,co_buildup
2026-01-01 08:12:25,L10,return_airway,0.7989,33.02,0.1512,20.062,31.4,75.36,DANGER,co_buildup
2026-01-01 08:12:30,L10,return_airway,0.8008,33.21,0.1489,20.073,31.39,75.11,WARNING,co_buildup
2026-01-01 08:12:35,L10,return_airway,0.7725,34.23,0.151,20.051,31.54,74.87,DANGER,co_buildup
2026-01-01 08:12:40,L10,return_airway,0.7947,36.82,0.1513,20.027,31.53,74.91,DANGER,co_buildup
2026-01-01 08:12:45,L10,return_airway,0.7754,36.2,0.1501,20.027,31.57,74.75,DANGER,co_buildup
2026-01-01 08:12:50,L10,return_airway,0.776,37.34,0.1518,20.021,31.49,74.39,DANGER,co_buildup
2026-01-01 08:12:55,L10,return_airway,0.7631,37.63,0.1507,20.0,31.63,74.33,DANGER,co_buildup
2026-01-01 08:13:00,L10,return_airway,0.7605,38.44,0.1529,20.008,31.74,74.23,DANGER,co_buildup
2026-01-01 08:13:05,L10,return_airway,0.7352,39.68,0.1509,19.985,31.81,74.01,DANGER,co_buildup
2026-01-01 08:13:10,L10,return_airway,0.742,42.54,0.1524,19.97,31.79,73.68,DANGER,co_buildup
2026-01-01 08:13:15,L10,return_airway,0.744,42.59,0.1529,19.975,31.88,73.6,DANGER,co_buildup
2026-01-01 08:13:20,L10,return_airway,0.7339,42.51,0.155,19.965,32.0,73.4,DANGER,co_buildup
2026-01-01 08:13:25,L10,return_airway,0.7146,44.69,0.154,19.957,31.96,73.51,DANGER,co_buildup
2026-01-01 08:13:30,L10,return_airway,0.7198,44.57,0.1554,19.941,32.1,73.14,DANGER,co_buildup
2026-01-01 08:13:35,L10,return_airway,0.7075,46.66,0.1552,19.934,32.22,73.18,DANGER,co_buildup
2026-01-01 08:13:40,L10,return_airway,0.7006,48.23,0.1556,19.941,32.23,73.25,DANGER,co_buildup
2026-01-01 08:13:45,L10,return_airway,0.6902,48.16,0.1547,19.926,32.28,73.06,DANGER,co_buildup
2026-01-01 08:13:50,L10,return_airway,0.6983,48.29,0.1568,19.905,32.21,72.49,DANGER,co_buildup
2026-01-01 08:13:55,L10,return_airway,0.6954,49.65,0.1554,19.887,32.34,72.42,DANGER,co_buildup
2026-01-01 08:14:00,L10,return_airway,0.6959,49.98,0.1539,19.888,32.55,72.34,DANGER,co_buildup
2026-01-01 08:14:05,L10,return_airway,0.6653,49.37,0.1562,19.888,32.47,72.15,DANGER,co_buildup
2026-01-01 08:14:10,L10,return_airway,0.6741,51.2,0.1574,19.873,32.63,71.95,DANGER,co_buildup
2026-01-01 08:14:15,L10,return_airway,0.6683,51.84,0.155,19.863,32.58,72.02,DANGER,co_buildup
2026-01-01 08:14:20,L10,return_airway,0.6524,52.94,0.1563,19.855,32.66,71.97,DANGER,co_buildup
2026-01-01 08:14:25,L10,return_airway,0.6438,55.8,0.1562,19.851,32.76,71.86,DANGER,co_buildup
2026-01-01 08:14:30,L10,return_airway,0.6364,56.14,0.1591,19.85,32.8,71.53,DANGER,co_buildup
2026-01-01 08:14:35,L10,return_airway,0.6338,56.47,0.1606,19.834,32.87,71.42,DANGER,co_buildup
2026-01-01 08:14:40,L10,return_airway,0.6325,57.65,0.1585,19.826,32.86,71.36,DANGER,co_buildup
2026-01-01 08:14:45,L10,return_airway,0.634,56.35,0.1598,19.815,32.9,71.15,DANGER,co_buildup
2026-01-01 08:14:50,L10,return_airway,0.626,59.34,0.1601,19.804,32.98,71.13,DANGER,co_buildup
2026-01-01 08:14:55,L10,return_airway,0.6012,60.39,0.1618,19.808,33.05,70.94,DANGER,co_buildup
2026-01-01 08:15:00,L10,return_airway,0.6005,58.71,0.1592,19.797,33.13,70.69,DANGER,co_buildup
2026-01-01 08:15:05,L10,return_airway,0.6084,62.01,0.1601,19.8,33.26,70.36,DANGER,co_buildup
2026-01-01 08:15:10,L10,return_airway,0.5883,61.12,0.1603,19.779,33.26,70.65,DANGER,co_buildup
2026-01-01 08:15:15,L10,return_airway,0.5866,61.56,0.1611,19.76,33.34,70.23,DANGER,co_buildup
2026-01-01 08:15:20,L10,return_airway,0.5691,65.09,0.1646,19.748,33.38,70.22,DANGER,co_buildup
2026-01-01 08:15:25,L10,return_airway,0.5821,64.09,0.1617,19.756,33.37,69.78,DANGER,co_buildup
2026-01-01 08:15:30,L10,return_airway,0.5758,64.54,0.1692,19.736,33.45,69.94,DANGER,low_oxygen
2026-01-01 08:15:35,L10,return_airway,0.5744,62.98,0.1712,19.718,33.42,70.11,DANGER,low_oxygen
2026-01-01 08:15:40,L10,return_airway,0.5807,62.43,0.1697,19.737,33.41,70.5,DANGER,low_oxygen
2026-01-01 08:15:45,L10,return_airway,0.58,64.29,0.1719,19.711,33.36,70.32,DANGER,low_oxygen
2026-01-01 08:15:50,L10,return_airway,0.585,62.11,0.1744,19.683,33.38,70.72,DANGER,low_oxygen
2026-01-01 08:15:55,L10,return_airway,0.5901,60.96,0.1705,19.695,33.32,70.77,DANGER,low_oxygen
2026-01-01 08:16:00,L10,return_airway,0.587,61.25,0.1794,19.676,33.28,70.84,DANGER,low_oxygen
2026-01-01 08:16:05,L10,return_airway,0.5878,59.11,0.1823,19.635,33.27,70.9,DANGER,low_oxygen
2026-01-01 08:16:10,L10,return_airway,0.5936,59.27,0.1827,19.617,33.22,71.05,DANGER,low_oxygen
2026-01-01 08:16:15,L10,return_airway,0.5966,58.17,0.1866,19.602,33.22,71.26,DANGER,low_oxygen
2026-01-01 08:16:20,L10,return_airway,0.5921,57.68,0.1819,19.578,33.21,71.48,DANGER,low_oxygen
2026-01-01 08:16:25,L10,return_airway,0.5954,56.37,0.1895,19.603,33.19,71.73,DANGER,low_oxygen
2026-01-01 08:16:30,L10,return_airway,0.6006,55.18,0.1997,19.546,33.14,71.76,DANGER,low_oxygen
2026-01-01 08:16:35,L10,return_airway,0.6004,54.53,0.2055,19.559,33.19,71.91,DANGER,low_oxygen
2026-01-01 08:16:40,L10,return_airway,0.6,53.8,0.1987,19.541,33.1,72.08,DANGER,low_oxygen
2026-01-01 08:16:45,L10,return_airway,0.6064,53.59,0.2057,19.51,33.05,72.3,DANGER,low_oxygen
2026-01-01 08:16:50,L10,return_airway,0.6088,51.76,0.2119,19.527,33.09,72.47,DANGER,low_oxygen
2026-01-01 08:16:55,L10,return_airway,0.6079,51.22,0.2089,19.46,33.05,72.34,CRITICAL,low_oxygen
2026-01-01 08:17:00,L10,return_airway,0.6111,51.42,0.2161,19.467,33.02,72.64,CRITICAL,low_oxygen
2026-01-01 08:17:05,L10,return_airway,0.6113,50.48,0.2164,19.446,32.98,72.99,CRITICAL,low_oxygen
2026-01-01 08:17:10,L10,return_airway,0.6118,49.95,0.2238,19.452,32.98,72.79,DANGER,low_oxygen
2026-01-01 08:17:15,L10,return_airway,0.6156,49.03,0.2177,19.427,32.98,73.13,DANGER,low_oxygen
2026-01-01 08:17:20,L10,return_airway,0.6192,50.05,0.2212,19.38,32.93,73.24,CRITICAL,low_oxygen
2026-01-01 08:17:25,L10,return_airway,0.6168,47.64,0.2291,19.41,32.87,73.34,DANGER,low_oxygen
2026-01-01 08:17:30,L10,return_airway,0.6219,46.54,0.2313,19.383,32.8,73.78,DANGER,low_oxygen
2026-01-01 08:17:35,L10,return_airway,0.6254,46.11,0.2337,19.344,32.86,73.71,DANGER,low_oxygen
2026-01-01 08:17:40,L10,return_airway,0.6306,45.99,0.2389,19.339,32.81,74.06,DANGER,low_oxygen
2026-01-01 08:17:45,L10,return_airway,0.6283,44.5,0.2363,19.309,32.8,74.0,DANGER,low_oxygen
2026-01-01 08:17:50,L10,return_airway,0.6276,44.25,0.2376,19.311,32.76,74.21,DANGER,low_oxygen
2026-01-01 08:17:55,L10,return_airway,0.6326,43.3,0.2436,19.3,32.74,74.22,DANGER,low_oxygen
2026-01-01 08:18:00,L10,return_airway,0.6337,42.07,0.2469,19.278,32.72,74.37,DANGER,low_oxygen
2026-01-01 08:18:05,L10,return_airway,0.6389,41.59,0.2502,19.26,32.7,74.65,DANGER,low_oxygen
2026-01-01 08:18:10,L10,return_airway,0.6384,41.87,0.2587,19.227,32.71,74.8,DANGER,low_oxygen
2026-01-01 08:18:15,L10,return_airway,0.6336,40.17,0.2598,19.241,32.68,74.97,DANGER,low_oxygen
2026-01-01 08:18:20,L10,return_airway,0.6539,38.57,0.2618,19.192,32.62,75.08,DANGER,low_oxygen
2026-01-01 08:18:25,L10,return_airway,0.6458,38.28,0.2636,19.206,32.6,75.0,DANGER,low_oxygen
2026-01-01 08:18:30,L10,return_airway,0.6477,36.28,0.2641,19.163,32.6,75.22,DANGER,low_oxygen
2026-01-01 08:18:35,L10,return_airway,0.6451,37.08,0.2654,19.175,32.6,75.59,DANGER,low_oxygen
2026-01-01 08:18:40,L10,return_airway,0.6473,37.14,0.2671,19.159,32.57,75.35,DANGER,low_oxygen
2026-01-01 08:18:45,L10,return_airway,0.6533,34.55,0.2718,19.15,32.5,75.81,DANGER,low_oxygen
2026-01-01 08:18:50,L10,return_airway,0.6565,34.83,0.277,19.141,32.53,75.9,DANGER,low_oxygen
2026-01-01 08:18:55,L10,return_airway,0.6596,34.65,0.2759,19.128,32.44,76.18,DANGER,low_oxygen
2026-01-01 08:19:00,L10,return_airway,0.6603,33.97,0.2836,19.073,32.45,76.26,DANGER,low_oxygen
2026-01-01 08:19:05,L10,return_airway,0.6583,33.35,0.2851,19.081,32.44,76.27,DANGER,low_oxygen
2026-01-01 08:19:10,L10,return_airway,0.6565,30.42,0.2873,19.097,32.36,76.41,DANGER,low_oxygen
2026-01-01 08:19:15,L10,return_airway,0.6655,31.3,0.2959,19.052,32.43,76.58,DANGER,low_oxygen
2026-01-01 08:19:20,L10,return_airway,0.6662,29.16,0.2855,19.023,32.39,76.88,DANGER,low_oxygen
2026-01-01 08:19:25,L10,return_airway,0.6662,28.75,0.296,19.018,32.36,76.63,DANGER,low_oxygen
2026-01-01 08:19:30,L10,return_airway,0.6742,29.26,0.2917,18.998,32.3,77.11,CRITICAL,low_oxygen
2026-01-01 08:19:35,L10,return_airway,0.6694,28.04,0.304,18.971,32.29,77.12,CRITICAL,low_oxygen
2026-01-01 08:19:40,L10,return_airway,0.6777,27.68,0.3088,18.986,32.29,77.41,CRITICAL,low_oxygen
2026-01-01 08:19:45,L10,return_airway,0.6739,25.78,0.304,18.967,32.22,77.58,CRITICAL,low_oxygen
2026-01-01 08:19:50,L10,return_airway,0.6803,26.69,0.3074,18.922,32.22,77.45,CRITICAL,low_oxygen
2026-01-01 08:19:55,L10,return_airway,0.6847,25.39,0.3085,18.925,32.22,77.8,CRITICAL,low_oxygen
2026-01-01 08:20:00,L10,return_airway,0.6831,24.78,0.3178,18.903,32.15,77.99,CRITICAL,low_oxygen
2026-01-01 08:20:05,L10,return_airway,0.6909,22.66,0.3193,18.872,32.16,78.13,CRITICAL,low_oxygen
2026-01-01 08:20:10,L10,return_airway,0.6936,23.46,0.3224,18.859,32.09,78.25,CRITICAL,low_oxygen
2026-01-01 08:20:15,L10,return_airway,0.6908,21.68,0.3249,18.846,32.09,78.25,CRITICAL,low_oxygen
2026-01-01 08:20:20,L10,return_airway,0.6937,20.72,0.3256,18.849,32.07,78.42,CRITICAL,low_oxygen
2026-01-01 08:20:25,L10,return_airway,0.6972,20.82,0.3362,18.827,32.07,78.52,CRITICAL,low_oxygen
2026-01-01 08:20:30,L10,return_airway,0.6978,20.04,0.3359,18.804,32.02,78.93,CRITICAL,low_oxygen
2026-01-01 08:20:35,L10,return_airway,0.6995,18.3,0.3335,18.797,32.02,78.99,CRITICAL,low_oxygen
2026-01-01 08:20:40,L10,return_airway,0.6855,18.95,0.3342,18.806,32.03,78.99,CRITICAL,co2_buildup
2026-01-01 08:20:45,L10,return_airway,0.6881,18.8,0.3358,18.821,31.99,78.92,DANGER,co2_buildup
2026-01-01 08:20:50,L10,return_airway,0.6744,18.77,0.3478,18.822,31.97,78.87,DANGER,co2_buildup
2026-01-01 08:20:55,L10,return_airway,0.6759,18.74,0.3476,18.847,32.0,78.81,CRITICAL,co2_buildup
2026-01-01 08:21:00,L10,return_airway,0.6661,18.7,0.3446,18.854,31.97,78.86,DANGER,co2_buildup
2026-01-01 08:21:05,L10,return_airway,0.6685,18.75,0.3524,18.86,31.96,78.78,DANGER,co2_buildup
2026-01-01 08:21:10,L10,return_airway,0.6606,18.61,0.3611,18.876,31.95,78.76,DANGER,co2_buildup
2026-01-01 08:21:15,L10,return_airway,0.6619,18.58,0.3653,18.89,31.93,78.71,DANGER,co2_buildup
2026-01-01 08:21:20,L10,return_airway,0.6461,18.62,0.3691,18.886,31.93,78.48,DANGER,co2_buildup
2026-01-01 08:21:25,L10,return_airway,0.6423,18.53,0.3725,18.908,31.93,78.56,DANGER,co2_buildup
2026-01-01 08:21:30,L10,return_airway,0.6297,18.51,0.3715,18.93,31.9,78.46,DANGER,co2_buildup
2026-01-01 08:21:35,L10,return_airway,0.6194,18.39,0.3783,18.925,31.9,78.49,DANGER,co2_buildup
2026-01-01 08:21:40,L10,return_airway,0.6263,18.37,0.3921,18.946,31.86,78.35,DANGER,co2_buildup
2026-01-01 08:21:45,L10,return_airway,0.6227,18.31,0.3955,18.997,31.88,78.29,DANGER,co2_buildup
2026-01-01 08:21:50,L10,return_airway,0.6125,18.34,0.3974,18.965,31.84,78.22,DANGER,co2_buildup
2026-01-01 08:21:55,L10,return_airway,0.6021,18.31,0.401,18.987,31.86,78.22,DANGER,co2_buildup
2026-01-01 08:22:00,L10,return_airway,0.5879,18.2,0.407,18.994,31.84,78.23,DANGER,co2_buildup
2026-01-01 08:22:05,L10,return_airway,0.5961,18.17,0.4015,19.016,31.82,78.15,DANGER,co2_buildup
2026-01-01 08:22:10,L10,return_airway,0.5858,18.13,0.411,19.02,31.81,78.02,DANGER,co2_buildup
2026-01-01 08:22:15,L10,return_airway,0.5893,18.04,0.4097,19.039,31.8,78.13,DANGER,co2_buildup
2026-01-01 08:22:20,L10,return_airway,0.5608,18.03,0.4138,19.046,31.78,78.01,DANGER,co2_buildup
2026-01-01 08:22:25,L10,return_airway,0.5683,18.05,0.4248,19.081,31.77,77.97,DANGER,co2_buildup
2026-01-01 08:22:30,L10,return_airway,0.5597,17.94,0.4316,19.081,31.79,77.94,DANGER,co2_buildup
2026-01-01 08:22:35,L10,return_airway,0.547,17.94,0.4303,19.08,31.77,77.75,DANGER,co2_buildup
2026-01-01 08:22:40,L10,return_airway,0.5524,17.84,0.443,19.116,31.73,77.73,DANGER,co2_buildup
2026-01-01 08:22:45,L10,return_airway,0.5392,17.85,0.4403,19.106,31.73,77.76,DANGER,co2_buildup
2026-01-01 08:22:50,L10,return_airway,0.5235,17.79,0.4397,19.111,31.72,77.63,DANGER,co2_buildup
2026-01-01 08:22:55,L10,return_airway,0.5227,17.73,0.4423,19.143,31.71,77.61,DANGER,co2_buildup
2026-01-01 08:23:00,L10,return_airway,0.5105,17.76,0.4563,19.18,31.68,77.57,DANGER,co2_buildup
2026-01-01 08:23:05,L10,return_airway,0.5073,17.72,0.4561,19.145,31.69,77.46,DANGER,co2_buildup
2026-01-01 08:23:10,L10,return_airway,0.509,17.61,0.4628,19.164,31.68,77.45,DANGER,co2_buildup
2026-01-01 08:23:15,L10,return_airway,0.5045,17.6,0.4511,19.203,31.65,77.46,DANGER,co2_buildup
2026-01-01 08:23:20,L10,return_airway,0.4927,17.57,0.4689,19.198,31.67,77.4,DANGER,co2_buildup
2026-01-01 08:23:25,L10,return_airway,0.4795,17.46,0.4694,19.226,31.66,77.37,DANGER,co2_buildup
2026-01-01 08:23:30,L10,return_airway,0.4808,17.43,0.4693,19.221,31.63,77.31,DANGER,co2_buildup
2026-01-01 08:23:35,L10,return_airway,0.4767,17.49,0.4796,19.246,31.6,77.23,DANGER,co2_buildup
2026-01-01 08:23:40,L10,return_airway,0.4516,17.36,0.4891,19.278,31.61,77.18,DANGER,co2_buildup
2026-01-01 08:23:45,L10,return_airway,0.4596,17.41,0.4987,19.254,31.6,77.12,DANGER,co2_buildup
2026-01-01 08:23:50,L10,return_airway,0.451,17.27,0.4932,19.294,31.59,77.03,DANGER,co2_buildup
2026-01-01 08:23:55,L10,return_airway,0.4524,17.3,0.4928,19.303,31.59,76.96,DANGER,co2_buildup
2026-01-01 08:24:00,L10,return_airway,0.442,17.23,0.4966,19.288,31.56,76.92,DANGER,co2_buildup
2026-01-01 08:24:05,L10,return_airway,0.4362,17.19,0.5088,19.326,31.57,76.89,DANGER,co2_buildup
2026-01-01 08:24:10,L10,return_airway,0.4231,17.23,0.5036,19.333,31.54,76.82,DANGER,co2_buildup
2026-01-01 08:24:15,L10,return_airway,0.42,17.07,0.5153,19.346,31.52,76.82,DANGER,co2_buildup
2026-01-01 08:24:20,L10,return_airway,0.42,17.1,0.5178,19.361,31.54,76.76,DANGER,co2_buildup
2026-01-01 08:24:25,L10,return_airway,0.4066,17.05,0.5214,19.365,31.51,76.71,DANGER,co2_buildup
2026-01-01 08:24:30,L10,return_airway,0.4017,17.12,0.5172,19.383,31.48,76.67,DANGER,co2_buildup
2026-01-01 08:24:35,L10,return_airway,0.3834,16.91,0.5269,19.398,31.48,76.65,DANGER,co2_buildup
2026-01-01 08:24:40,L10,return_airway,0.3871,16.89,0.5258,19.417,31.47,76.55,DANGER,co2_buildup
2026-01-01 08:24:45,L10,return_airway,0.3672,16.9,0.534,19.401,31.45,76.54,DANGER,co2_buildup
2026-01-01 08:24:50,L10,return_airway,0.3711,16.82,0.5451,19.449,31.45,76.47,DANGER,co2_buildup
2026-01-01 08:24:55,L10,return_airway,0.3686,16.77,0.5507,19.431,31.42,76.45,DANGER,co2_buildup
2026-01-01 08:25:00,L10,return_airway,0.367,16.78,0.5499,19.467,31.4,76.42,DANGER,co2_buildup
2026-01-01 08:25:05,L10,return_airway,0.3483,16.69,0.5503,19.472,31.41,76.32,DANGER,co2_buildup
2026-01-01 08:25:10,L10,return_airway,0.3513,16.63,0.5645,19.467,31.4,76.24,DANGER,co2_buildup
2026-01-01 08:25:15,L10,return_airway,0.3524,16.65,0.5583,19.502,31.39,76.19,DANGER,co2_buildup
2026-01-01 08:25:20,L10,return_airway,0.3314,16.6,0.5598,19.496,31.37,76.11,DANGER,co2_buildup
2026-01-01 08:25:25,L10,return_airway,0.3186,16.53,0.5725,19.534,31.35,76.06,DANGER,co2_buildup
2026-01-01 08:25:30,L10,return_airway,0.3249,16.48,0.5754,19.525,31.34,76.08,DANGER,co2_buildup
2026-01-01 08:25:35,L10,return_airway,0.3081,16.42,0.5748,19.527,31.35,75.94,DANGER,co2_buildup
2026-01-01 08:25:40,L10,return_airway,0.3043,16.44,0.5819,19.578,31.32,76.01,DANGER,co2_buildup
2026-01-01 08:25:45,L10,return_airway,0.3098,16.36,0.5875,19.574,31.31,75.87,DANGER,co2_buildup
2026-01-01 08:25:50,L10,return_airway,0.2917,16.21,0.5861,19.565,31.23,75.92,DANGER,ventilation_failure
2026-01-01 08:25:55,L10,return_airway,0.3068,17.08,0.5781,19.573,31.33,75.96,DANGER,ventilation_failure
2026-01-01 08:26:00,L10,return_airway,0.3306,17.69,0.5729,19.564,31.36,76.22,DANGER,ventilation_failure
2026-01-01 08:26:05,L10,return_airway,0.3428,18.43,0.5585,19.566,31.43,76.42,DANGER,ventilation_failure
2026-01-01 08:26:10,L10,return_airway,0.3307,18.13,0.5751,19.541,31.39,76.45,DANGER,ventilation_failure
2026-01-01 08:26:15,L10,return_airway,0.3621,19.13,0.5645,19.552,31.53,76.62,DANGER,ventilation_failure
2026-01-01 08:26:20,L10,return_airway,0.3678,19.18,0.5593,19.541,31.6,76.72,DANGER,ventilation_failure
2026-01-01 08:26:25,L10,return_airway,0.3672,19.34,0.548,19.536,31.6,76.76,DANGER,ventilation_failure
2026-01-01 08:26:30,L10,return_airway,0.379,19.73,0.5501,19.528,31.66,76.88,DANGER,ventilation_failure
2026-01-01 08:26:35,L10,return_airway,0.3763,20.05,0.5454,19.533,31.66,76.95,DANGER,ventilation_failure
2026-01-01 08:26:40,L10,return_airway,0.4265,20.66,0.5413,19.526,31.66,77.46,DANGER,ventilation_failure
2026-01-01 08:26:45,L10,return_airway,0.4296,21.91,0.5425,19.512,31.76,77.37,DANGER,ventilation_failure
2026-01-01 08:26:50,L10,return_airway,0.4157,22.2,0.5375,19.514,31.83,77.1,DANGER,ventilation_failure
2026-01-01 08:26:55,L10,return_airway,0.4483,21.83,0.5265,19.512,31.79,77.73,DANGER,ventilation_failure
2026-01-01 08:27:00,L10,return_airway,0.4442,22.08,0.5228,19.505,31.87,77.86,DANGER,ventilation_failure
2026-01-01 08:27:05,L10,return_airway,0.4705,22.81,0.5187,19.505,31.92,77.72,DANGER,ventilation_failure
2026-01-01 08:27:10,L10,return_airway,0.466,23.41,0.5293,19.492,32.08,77.99,DANGER,ventilation_failure
2026-01-01 08:27:15,L10,return_airway,0.4779,24.07,0.5237,19.477,32.02,78.12,DANGER,ventilation_failure
2026-01-01 08:27:20,L10,return_airway,0.4892,25.15,0.5087,19.485,31.98,78.27,DANGER,ventilation_failure
2026-01-01 08:27:25,L10,return_airway,0.4958,24.89,0.4994,19.48,32.01,78.66,DANGER,ventilation_failure
2026-01-01 08:27:30,L10,return_airway,0.5281,26.29,0.5052,19.476,32.16,78.62,CRITICAL,ventilation_failure
2026-01-01 08:27:35,L10,return_airway,0.5332,25.33,0.5008,19.476,32.26,78.73,CRITICAL,ventilation_failure
2026-01-01 08:27:40,L10,return_airway,0.5354,26.35,0.498,19.454,32.2,79.06,CRITICAL,ventilation_failure
2026-01-01 08:27:45,L10,return_airway,0.5556,27.29,0.496,19.459,32.24,79.12,CRITICAL,ventilation_failure
2026-01-01 08:27:50,L10,return_airway,0.5379,27.78,0.4906,19.45,32.31,78.97,CRITICAL,ventilation_failure
2026-01-01 08:27:55,L10,return_airway,0.5527,27.74,0.4791,19.444,32.3,79.26,CRITICAL,ventilation_failure
2026-01-01 08:28:00,L10,return_airway,0.5812,28.76,0.4817,19.445,32.28,79.51,CRITICAL,ventilation_failure
2026-01-01 08:28:05,L10,return_airway,0.5944,29.14,0.4803,19.445,32.45,79.49,CRITICAL,ventilation_failure
2026-01-01 08:28:10,L10,return_airway,0.6001,28.97,0.4689,19.438,32.43,80.01,CRITICAL,ventilation_failure
2026-01-01 08:28:15,L10,return_airway,0.5877,29.85,0.4696,19.427,32.53,79.9,CRITICAL,ventilation_failure
2026-01-01 08:28:20,L10,return_airway,0.6069,30.48,0.4616,19.426,32.51,79.93,CRITICAL,ventilation_failure
2026-01-01 08:28:25,L10,return_airway,0.633,30.38,0.4695,19.427,32.58,80.02,CRITICAL,ventilation_failure
2026-01-01 08:28:30,L10,return_airway,0.6648,31.82,0.4499,19.42,32.65,80.42,CRITICAL,ventilation_failure
2026-01-01 08:28:35,L10,return_airway,0.6625,31.21,0.4575,19.409,32.7,80.36,CRITICAL,ventilation_failure
2026-01-01 08:28:40,L10,return_airway,0.6768,32.08,0.4402,19.404,32.71,80.63,CRITICAL,ventilation_failure
2026-01-01 08:28:45,L10,return_airway,0.6742,31.95,0.4524,19.393,32.74,80.57,CRITICAL,ventilation_failure
2026-01-01 08:28:50,L10,return_airway,0.6846,32.99,0.4346,19.395,32.8,80.86,CRITICAL,ventilation_failure
2026-01-01 08:28:55,L10,return_airway,0.6806,32.95,0.4368,19.383,32.84,80.91,CRITICAL,ventilation_failure
2026-01-01 08:29:00,L10,return_airway,0.7121,33.74,0.4242,19.399,32.81,81.09,CRITICAL,ventilation_failure
2026-01-01 08:29:05,L10,return_airway,0.7117,33.65,0.4215,19.378,32.85,81.17,CRITICAL,ventilation_failure
2026-01-01 08:29:10,L10,return_airway,0.7303,35.12,0.428,19.384,32.86,81.54,CRITICAL,ventilation_failure
2026-01-01 08:29:15,L10,return_airway,0.7338,35.39,0.4245,19.383,33.01,81.48,CRITICAL,ventilation_failure
2026-01-01 08:29:20,L10,return_airway,0.7469,36.16,0.4168,19.37,33.01,81.66,CRITICAL,ventilation_failure
2026-01-01 08:29:25,L10,return_airway,0.7535,36.02,0.4151,19.363,33.09,81.81,CRITICAL,ventilation_failure
2026-01-01 08:29:30,L10,return_airway,0.7673,37.1,0.4125,19.352,33.12,82.16,CRITICAL,ventilation_failure
2026-01-01 08:29:35,L10,return_airway,0.786,37.1,0.4003,19.351,33.1,82.21,CRITICAL,ventilation_failure
2026-01-01 08:29:40,L10,return_airway,0.7725,37.59,0.3929,19.358,33.18,82.33,CRITICAL,ventilation_failure
2026-01-01 08:29:45,L10,return_airway,0.7806,38.9,0.3954,19.346,33.21,82.17,CRITICAL,ventilation_failure
2026-01-01 08:29:50,L10,return_airway,0.8114,38.26,0.3887,19.34,33.24,82.43,CRITICAL,ventilation_failure
2026-01-01 08:29:55,L10,return_airway,0.8327,39.44,0.3892,19.342,33.34,82.8,CRITICAL,ventilation_failure
2026-01-01 08:30:00,L10,return_airway,0.8458,39.59,0.3859,19.333,33.44,82.64,CRITICAL,ventilation_failure
2026-01-01 08:30:05,L10,return_airway,0.8254,39.6,0.3761,19.324,33.43,82.94,CRITICAL,ventilation_failure
2026-01-01 08:30:10,L10,return_airway,0.8446,39.75,0.3786,19.321,33.42,82.93,CRITICAL,ventilation_failure
2026-01-01 08:30:15,L10,return_airway,0.8437,40.33,0.3743,19.311,33.51,83.08,CRITICAL,ventilation_failure
2026-01-01 08:30:20,L10,return_airway,0.864,41.7,0.3706,19.307,33.57,83.55,CRITICAL,ventilation_failure
2026-01-01 08:30:25,L10,return_airway,0.8922,42.42,0.3612,19.304,33.49,83.57,CRITICAL,ventilation_failure
2026-01-01 08:30:30,L10,return_airway,0.8907,42.18,0.3627,19.304,33.63,83.74,CRITICAL,ventilation_failure
2026-01-01 08:30:35,L10,return_airway,0.8974,42.67,0.3575,19.289,33.66,83.85,CRITICAL,ventilation_failure
2026-01-01 08:30:40,L10,return_airway,0.9176,43.39,0.354,19.291,33.71,83.87,CRITICAL,ventilation_failure
2026-01-01 08:30:45,L10,return_airway,0.9139,43.56,0.3548,19.284,33.74,83.94,CRITICAL,ventilation_failure
2026-01-01 08:30:50,L10,return_airway,0.9497,44.45,0.3445,19.277,33.74,84.12,CRITICAL,ventilation_failure
2026-01-01 08:30:55,L10,return_airway,0.9433,44.57,0.336,19.274,33.87,84.28,CRITICAL,ventilation_failure
2026-01-01 08:31:00,L10,return_airway,0.9454,44.29,0.3366,19.279,33.71,84.35,CRITICAL,fire_heat
2026-01-01 08:31:05,L10,return_airway,0.9395,44.31,0.3389,19.279,33.89,84.2,CRITICAL,fire_heat
2026-01-01 08:31:10,L10,return_airway,0.9309,45.59,0.3327,19.274,34.03,84.25,CRITICAL,fire_heat
2026-01-01 08:31:15,L10,return_airway,0.9268,45.29,0.3345,19.27,34.12,84.17,CRITICAL,fire_heat
2026-01-01 08:31:20,L10,return_airway,0.9227,46.76,0.3332,19.264,34.44,84.15,CRITICAL,fire_heat
2026-01-01 08:31:25,L10,return_airway,0.9138,46.6,0.3309,19.26,34.4,84.08,CRITICAL,fire_heat
2026-01-01 08:31:30,L10,return_airway,0.9078,47.06,0.3265,19.252,34.35,84.01,CRITICAL,fire_heat
2026-01-01 08:31:35,L10,return_airway,0.9032,46.69,0.3251,19.257,34.59,83.95,CRITICAL,fire_heat
2026-01-01 08:31:40,L10,return_airway,0.879,47.96,0.326,19.253,34.61,83.98,CRITICAL,fire_heat
2026-01-01 08:31:45,L10,return_airway,0.8849,48.3,0.3275,19.249,34.89,83.93,CRITICAL,fire_heat
2026-01-01 08:31:50,L10,return_airway,0.8805,48.25,0.3255,19.248,35.11,83.89,CRITICAL,fire_heat
2026-01-01 08:31:55,L10,return_airway,0.8748,49.23,0.3234,19.246,35.09,83.83,CRITICAL,fire_heat
2026-01-01 08:32:00,L10,return_airway,0.8642,49.47,0.3201,19.241,35.24,83.81,CRITICAL,fire_heat
2026-01-01 08:32:05,L10,return_airway,0.8601,49.98,0.3215,19.246,35.38,83.79,CRITICAL,fire_heat
2026-01-01 08:32:10,L10,return_airway,0.8475,50.51,0.3152,19.24,35.55,83.6,CRITICAL,fire_heat
2026-01-01 08:32:15,L10,return_airway,0.8337,50.74,0.3124,19.238,35.72,83.54,CRITICAL,fire_heat
2026-01-01 08:32:20,L10,return_airway,0.8463,51.46,0.3159,19.231,35.88,83.66,CRITICAL,fire_heat
2026-01-01 08:32:25,L10,return_airway,0.8251,51.76,0.3138,19.231,36.17,83.49,CRITICAL,fire_heat
2026-01-01 08:32:30,L10,return_airway,0.8254,52.41,0.316,19.223,36.05,83.46,CRITICAL,fire_heat
2026-01-01 08:32:35,L10,return_airway,0.8148,52.45,0.3127,19.226,36.24,83.45,CRITICAL,fire_heat
2026-01-01 08:32:40,L10,return_airway,0.8245,52.67,0.3147,19.22,36.1,83.35,CRITICAL,fire_heat
2026-01-01 08:32:45,L10,return_airway,0.8065,53.24,0.3082,19.214,36.36,83.35,CRITICAL,fire_heat
2026-01-01 08:32:50,L10,return_airway,0.7984,54.53,0.3092,19.215,36.5,83.29,CRITICAL,fire_heat
2026-01-01 08:32:55,L10,return_airway,0.7993,54.76,0.3061,19.211,36.54,83.27,CRITICAL,fire_heat
2026-01-01 08:33:00,L10,return_airway,0.8025,55.3,0.3085,19.217,36.72,83.25,CRITICAL,fire_heat
2026-01-01 08:33:05,L10,return_airway,0.7839,55.76,0.3034,19.208,36.89,83.18,CRITICAL,fire_heat
2026-01-01 08:33:10,L10,return_airway,0.772,55.5,0.3045,19.209,36.97,83.13,CRITICAL,fire_heat
2026-01-01 08:33:15,L10,return_airway,0.7729,56.23,0.2987,19.205,37.45,83.11,CRITICAL,fire_heat
2026-01-01 08:33:20,L10,return_airway,0.7507,56.58,0.2988,19.198,37.34,83.1,CRITICAL,fire_heat
2026-01-01 08:33:25,L10,return_airway,0.7555,57.24,0.2981,19.193,37.63,83.08,CRITICAL,fire_heat
2026-01-01 08:33:30,L10,return_airway,0.7625,57.3,0.2998,19.186,37.7,82.96,CRITICAL,fire_heat
2026-01-01 08:33:35,L10,return_airway,0.7433,57.88,0.2905,19.186,37.58,83.0,CRITICAL,fire_heat
2026-01-01 08:33:40,L10,return_airway,0.7364,58.3,0.2934,19.189,37.78,82.92,CRITICAL,fire_heat
2026-01-01 08:33:45,L10,return_airway,0.7293,58.92,0.2919,19.183,37.85,82.78,CRITICAL,fire_heat
2026-01-01 08:33:50,L10,return_airway,0.72,59.4,0.2866,19.182,38.01,82.74,CRITICAL,fire_heat
2026-01-01 08:33:55,L10,return_airway,0.7184,59.61,0.2889,19.171,38.04,82.72,CRITICAL,fire_heat
2026-01-01 08:34:00,L10,return_airway,0.7151,60.05,0.285,19.177,38.23,82.76,CRITICAL,fire_heat
2026-01-01 08:34:05,L10,return_airway,0.7009,60.53,0.2818,19.176,38.44,82.64,CRITICAL,fire_heat
2026-01-01 08:34:10,L10,return_airway,0.6795,61.52,0.2851,19.163,38.56,82.53,CRITICAL,fire_heat
2026-01-01 08:34:15,L10,return_airway,0.6935,60.61,0.2836,19.168,38.68,82.56,CRITICAL,fire_heat
2026-01-01 08:34:20,L10,return_airway,0.6986,61.35,0.2824,19.169,38.77,82.44,CRITICAL,fire_heat
2026-01-01 08:34:25,L10,return_airway,0.6747,62.43,0.2821,19.167,39.0,82.43,CRITICAL,fire_heat
2026-01-01 08:34:30,L10,return_airway,0.6606,62.7,0.2781,19.157,38.99,82.41,CRITICAL,fire_heat
2026-01-01 08:34:35,L10,return_airway,0.669,63.13,0.2828,19.158,39.31,82.4,CRITICAL,fire_heat
2026-01-01 08:34:40,L10,return_airway,0.6699,63.73,0.2773,19.158,39.06,82.39,CRITICAL,fire_heat
2026-01-01 08:34:45,L10,return_airway,0.655,63.98,0.2789,19.151,39.47,82.33,CRITICAL,fire_heat
2026-01-01 08:34:50,L10,return_airway,0.6568,64.1,0.2707,19.152,39.58,82.21,CRITICAL,fire_heat
2026-01-01 08:34:55,L10,return_airway,0.6439,65.01,0.2712,19.144,39.57,82.2,CRITICAL,fire_heat
2026-01-01 08:35:00,L10,return_airway,0.6368,65.2,0.2733,19.143,39.73,82.17,CRITICAL,fire_heat
2026-01-01 08:35:05,L10,return_airway,0.6218,65.45,0.2698,19.137,39.95,82.11,CRITICAL,fire_heat
2026-01-01 08:35:10,L10,return_airway,0.6209,66.33,0.2665,19.135,40.13,82.07,CRITICAL,fire_heat
2026-01-01 08:35:15,L10,return_airway,0.6122,66.75,0.2633,19.135,39.94,81.96,CRITICAL,fire_heat
2026-01-01 08:35:20,L10,return_airway,0.6055,67.0,0.2678,19.128,40.34,81.94,CRITICAL,fire_heat
2026-01-01 08:35:25,L10,return_airway,0.5977,68.03,0.2662,19.127,40.34,81.93,CRITICAL,fire_heat
2026-01-01 08:35:30,L10,return_airway,0.5945,68.31,0.2639,19.127,40.65,81.77,CRITICAL,fire_heat
2026-01-01 08:35:35,L10,return_airway,0.5775,68.61,0.2608,19.129,40.43,81.88,CRITICAL,fire_heat
2026-01-01 08:35:40,L10,return_airway,0.5856,69.67,0.258,19.112,41.05,81.75,CRITICAL,fire_heat
2026-01-01 08:35:45,L10,return_airway,0.5674,69.02,0.259,19.123,40.79,81.79,CRITICAL,fire_heat
2026-01-01 08:35:50,L10,return_airway,0.5653,69.33,0.2547,19.113,41.18,81.75,CRITICAL,fire_heat
2026-01-01 08:35:55,L10,return_airway,0.5628,70.29,0.2546,19.114,41.13,81.65,CRITICAL,fire_heat
2026-01-01 08:36:00,L10,return_airway,0.5476,70.28,0.2578,19.112,41.17,81.67,CRITICAL,fire_heat
2026-01-01 08:36:05,L10,return_airway,0.5339,70.81,0.2493,19.111,41.42,81.62,CRITICAL,fire_heat
2026-01-01 08:36:10,L10,return_airway,0.5549,70.96,0.2495,19.087,41.42,82.08,CRITICAL,combined_hazard
2026-01-01 08:36:15,L10,return_airway,0.537,70.58,0.2576,19.099,41.44,81.89,CRITICAL,combined_hazard
2026-01-01 08:36:20,L10,return_airway,0.5606,70.52,0.2604,19.098,41.51,81.85,CRITICAL,combined_hazard
2026-01-01 08:36:25,L10,return_airway,0.555,70.36,0.2752,19.099,41.5,82.02,CRITICAL,combined_hazard
2026-01-01 08:36:30,L10,return_airway,0.5721,69.91,0.277,19.088,41.56,82.48,CRITICAL,combined_hazard
2026-01-01 08:36:35,L10,return_airway,0.5835,69.89,0.287,19.089,41.6,82.68,CRITICAL,combined_hazard
2026-01-01 08:36:40,L10,return_airway,0.5969,69.9,0.2926,19.077,41.63,82.84,CRITICAL,combined_hazard
2026-01-01 08:36:45,L10,return_airway,0.5842,69.75,0.2803,19.074,41.71,82.81,CRITICAL,combined_hazard
2026-01-01 08:36:50,L10,return_airway,0.5933,69.7,0.3048,19.076,41.73,83.13,CRITICAL,combined_hazard
2026-01-01 08:36:55,L10,return_airway,0.6025,69.55,0.3076,19.054,41.69,83.28,CRITICAL,combined_hazard
2026-01-01 08:37:00,L10,return_airway,0.6025,69.07,0.3048,19.063,41.78,83.27,CRITICAL,combined_hazard
2026-01-01 08:37:05,L10,return_airway,0.6224,69.26,0.3146,19.056,41.82,83.46,CRITICAL,combined_hazard
2026-01-01 08:37:10,L10,return_airway,0.6212,69.06,0.317,19.061,41.94,83.89,CRITICAL,combined_hazard
2026-01-01 08:37:15,L10,return_airway,0.6288,68.98,0.327,19.047,41.88,84.03,CRITICAL,combined_hazard
2026-01-01 08:37:20,L10,return_airway,0.6384,68.89,0.3262,19.048,41.9,84.28,CRITICAL,combined_hazard
2026-01-01 08:37:25,L10,return_airway,0.6398,68.57,0.3368,19.046,41.99,84.51,CRITICAL,combined_hazard
2026-01-01 08:37:30,L10,return_airway,0.6407,68.62,0.3396,19.029,42.03,84.83,CRITICAL,combined_hazard
2026-01-01 08:37:35,L10,return_airway,0.6522,68.17,0.3418,19.032,42.05,84.6,CRITICAL,combined_hazard
2026-01-01 08:37:40,L10,return_airway,0.6528,68.01,0.3511,19.026,42.08,85.04,CRITICAL,combined_hazard
2026-01-01 08:37:45,L10,return_airway,0.6658,68.06,0.3721,19.029,42.17,85.25,CRITICAL,combined_hazard
2026-01-01 08:37:50,L10,return_airway,0.6782,67.8,0.3563,19.023,42.14,85.24,CRITICAL,combined_hazard
2026-01-01 08:37:55,L10,return_airway,0.6691,67.74,0.3644,19.015,42.2,85.51,CRITICAL,combined_hazard
2026-01-01 08:38:00,L10,return_airway,0.6728,67.85,0.3671,19.006,42.23,85.62,CRITICAL,combined_hazard
2026-01-01 08:38:05,L10,return_airway,0.6901,67.47,0.3731,19.013,42.33,86.24,CRITICAL,combined_hazard
2026-01-01 08:38:10,L10,return_airway,0.6905,67.29,0.3871,19.003,42.34,86.06,CRITICAL,combined_hazard
2026-01-01 08:38:15,L10,return_airway,0.7023,66.99,0.3918,18.99,42.32,86.31,CRITICAL,combined_hazard
2026-01-01 08:38:20,L10,return_airway,0.7105,66.72,0.3927,18.987,42.37,86.36,CRITICAL,combined_hazard
2026-01-01 08:38:25,L10,return_airway,0.6994,66.81,0.4044,18.992,42.52,86.51,CRITICAL,combined_hazard
2026-01-01 08:38:30,L10,return_airway,0.7255,66.83,0.4083,18.979,42.52,86.54,CRITICAL,combined_hazard
2026-01-01 08:38:35,L10,return_airway,0.7186,66.48,0.4078,18.991,42.55,87.17,CRITICAL,combined_hazard
2026-01-01 08:38:40,L10,return_airway,0.7328,66.43,0.4046,18.973,42.56,87.29,CRITICAL,combined_hazard
2026-01-01 08:38:45,L10,return_airway,0.7345,66.43,0.4246,18.973,42.66,87.28,CRITICAL,combined_hazard
2026-01-01 08:38:50,L10,return_airway,0.7415,66.28,0.4259,18.97,42.59,87.36,CRITICAL,combined_hazard
2026-01-01 08:38:55,L10,return_airway,0.7634,65.99,0.4303,18.961,42.71,87.74,CRITICAL,combined_hazard
2026-01-01 08:39:00,L10,return_airway,0.76,65.81,0.4326,18.949,42.7,87.8,CRITICAL,combined_hazard
2026-01-01 08:39:05,L10,return_airway,0.7702,65.42,0.4455,18.957,42.74,88.04,CRITICAL,combined_hazard
2026-01-01 08:39:10,L10,return_airway,0.7711,65.4,0.4484,18.948,42.82,88.04,CRITICAL,combined_hazard
2026-01-01 08:39:15,L10,return_airway,0.7806,65.3,0.4501,18.948,42.83,88.49,CRITICAL,combined_hazard
2026-01-01 08:39:20,L10,return_airway,0.7854,65.07,0.4493,18.943,42.85,88.68,CRITICAL,combined_hazard
2026-01-01 08:39:25,L10,return_airway,0.7904,65.08,0.4689,18.941,42.89,89.02,CRITICAL,combined_hazard
2026-01-01 08:39:30,L10,return_airway,0.8026,65.17,0.4714,18.943,42.87,88.98,CRITICAL,combined_hazard
2026-01-01 08:39:35,L10,return_airway,0.8021,64.97,0.4746,18.928,43.02,89.13,CRITICAL,combined_hazard
2026-01-01 08:39:40,L10,return_airway,0.8232,64.64,0.4618,18.924,42.99,89.1,CRITICAL,combined_hazard
2026-01-01 08:39:45,L10,return_airway,0.8201,64.57,0.4835,18.914,43.14,89.77,CRITICAL,combined_hazard
2026-01-01 08:39:50,L10,return_airway,0.8115,64.2,0.4875,18.917,43.09,89.91,CRITICAL,combined_hazard
2026-01-01 08:39:55,L10,return_airway,0.8245,64.37,0.4905,18.916,43.19,89.94,CRITICAL,combined_hazard
2026-01-01 08:40:00,L10,return_airway,0.8347,63.78,0.5044,18.907,43.11,89.88,CRITICAL,combined_hazard
2026-01-01 08:40:05,L10,return_airway,0.8384,63.99,0.5095,18.907,43.25,90.09,CRITICAL,combined_hazard
2026-01-01 08:40:10,L10,return_airway,0.8491,63.79,0.5132,18.9,43.3,90.39,CRITICAL,combined_hazard
2026-01-01 08:40:15,L10,return_airway,0.856,63.46,0.5223,18.89,43.35,90.85,CRITICAL,combined_hazard
2026-01-01 08:40:20,L10,return_airway,0.847,63.39,0.5148,18.894,43.28,90.92,CRITICAL,combined_hazard
2026-01-01 08:40:25,L10,return_airway,0.8718,63.11,0.5237,18.887,43.35,90.78,CRITICAL,combined_hazard
2026-01-01 08:40:30,L10,return_airway,0.8655,62.96,0.5323,18.885,43.44,91.31,CRITICAL,combined_hazard
2026-01-01 08:40:35,L10,return_airway,0.871,62.74,0.5333,18.877,43.46,91.27,CRITICAL,combined_hazard
2026-01-01 08:40:40,L10,return_airway,0.8771,62.94,0.5471,18.872,43.5,91.51,CRITICAL,combined_hazard
2026-01-01 08:40:45,L10,return_airway,0.8932,62.85,0.5447,18.872,43.52,91.97,CRITICAL,combined_hazard
2026-01-01 08:40:50,L10,return_airway,0.8918,62.22,0.5613,18.866,43.63,92.12,CRITICAL,combined_hazard
2026-01-01 08:40:55,L10,return_airway,0.8952,62.65,0.5528,18.872,43.71,92.36,CRITICAL,combined_hazard
2026-01-01 08:41:00,L10,return_airway,0.9031,62.23,0.5772,18.863,43.65,92.34,CRITICAL,combined_hazard
2026-01-01 08:41:05,L10,return_airway,0.8996,62.13,0.5819,18.857,43.71,92.69,CRITICAL,combined_hazard
2026-01-01 08:41:10,L10,return_airway,0.9125,61.73,0.5741,18.849,43.73,92.61,CRITICAL,combined_hazard
2026-01-01 08:41:15,L10,return_airway,0.9159,61.98,0.5872,18.835,43.82,92.86,CRITICAL,combined_hazard
2026-01-01 08:41:20,L10,return_airway,0.9289,61.67,0.5829,18.837,43.84,93.03,CRITICAL,combined_hazard
2026-01-01 08:41:25,L10,return_airway,0.9416,61.66,0.597,18.834,43.8,93.28,CRITICAL,combined_hazard
2026-01-01 08:41:30,L10,return_airway,0.947,61.53,0.595,18.831,43.86,93.23,CRITICAL,combined_hazard
2026-01-01 08:41:35,L10,return_airway,0.9581,61.4,0.5934,18.828,43.88,93.61,CRITICAL,combined_hazard
2026-01-01 08:00:00,L11,main_tunnel,0.1227,6.41,0.0621,20.541,28.92,74.35,SAFE,normal
2026-01-01 08:00:05,L11,main_tunnel,0.1258,6.46,0.0625,20.537,28.92,74.35,SAFE,normal
2026-01-01 08:00:10,L11,main_tunnel,0.1263,6.34,0.064,20.531,28.89,74.37,SAFE,normal
2026-01-01 08:00:15,L11,main_tunnel,0.1294,6.49,0.0672,20.517,28.85,74.37,SAFE,normal
2026-01-01 08:00:20,L11,main_tunnel,0.1337,6.47,0.0647,20.517,28.79,74.37,SAFE,normal
2026-01-01 08:00:25,L11,main_tunnel,0.1318,6.6,0.0631,20.517,28.78,74.35,SAFE,normal
2026-01-01 08:00:30,L11,main_tunnel,0.1445,6.63,0.0662,20.51,28.7,74.38,SAFE,normal
2026-01-01 08:00:35,L11,main_tunnel,0.1412,6.74,0.0673,20.501,28.64,74.38,SAFE,normal
2026-01-01 08:00:40,L11,main_tunnel,0.1373,6.74,0.07,20.497,28.58,74.4,SAFE,normal
2026-01-01 08:00:45,L11,main_tunnel,0.1359,6.75,0.0682,20.503,28.51,74.4,SAFE,normal
2026-01-01 08:00:50,L11,main_tunnel,0.1433,6.85,0.0687,20.489,28.59,74.4,SAFE,normal
2026-01-01 08:00:55,L11,main_tunnel,0.1494,6.85,0.0678,20.477,28.46,74.42,SAFE,normal
2026-01-01 08:01:00,L11,main_tunnel,0.1509,6.88,0.072,20.473,28.41,74.41,SAFE,normal
2026-01-01 08:01:05,L11,main_tunnel,0.1513,6.96,0.0778,20.462,28.38,74.42,SAFE,normal
2026-01-01 08:01:10,L11,main_tunnel,0.1519,7.06,0.0724,20.476,28.35,74.43,SAFE,normal
2026-01-01 08:01:15,L11,main_tunnel,0.1532,7.07,0.0744,20.467,28.38,74.45,SAFE,normal
2026-01-01 08:01:20,L11,main_tunnel,0.1567,7.1,0.0735,20.453,28.26,74.46,SAFE,normal
2026-01-01 08:01:25,L11,main_tunnel,0.1571,7.24,0.073,20.46,28.33,74.45,SAFE,normal
2026-01-01 08:01:30,L11,main_tunnel,0.161,7.14,0.0769,20.445,28.19,74.47,SAFE,normal
2026-01-01 08:01:35,L11,main_tunnel,0.1681,7.18,0.077,20.434,28.22,74.47,SAFE,normal
2026-01-01 08:01:40,L11,main_tunnel,0.1641,7.26,0.0736,20.436,28.13,74.48,SAFE,normal
2026-01-01 08:01:45,L11,main_tunnel,0.1702,7.36,0.0814,20.428,28.07,74.48,SAFE,normal
2026-01-01 08:01:50,L11,main_tunnel,0.1728,7.3,0.0802,20.425,28.07,74.49,SAFE,normal
2026-01-01 08:01:55,L11,main_tunnel,0.1695,7.46,0.0804,20.407,28.01,74.5,SAFE,normal
2026-01-01 08:02:00,L11,main_tunnel,0.1723,7.37,0.0804,20.405,27.95,74.5,SAFE,normal
2026-01-01 08:02:05,L11,main_tunnel,0.18,7.47,0.0827,20.413,27.97,74.5,SAFE,normal
2026-01-01 08:02:10,L11,main_tunnel,0.1763,7.52,0.0836,20.409,27.82,74.51,SAFE,normal
2026-01-01 08:02:15,L11,main_tunnel,0.1809,7.53,0.0843,20.402,27.75,74.53,SAFE,normal
2026-01-01 08:02:20,L11,main_tunnel,0.1892,7.58,0.0863,20.402,27.72,74.53,SAFE,normal
2026-01-01 08:02:25,L11,main_tunnel,0.1882,7.68,0.0876,20.387,27.78,74.53,SAFE,normal
2026-01-01 08:02:30,L11,main_tunnel,0.1877,7.75,0.0897,20.381,27.72,74.55,SAFE,normal
2026-01-01 08:02:35,L11,main_tunnel,0.192,7.65,0.0855,20.368,27.6,74.54,SAFE,normal
2026-01-01 08:02:40,L11,main_tunnel,0.1915,7.79,0.0868,20.364,27.48,74.55,SAFE,normal
2026-01-01 08:02:45,L11,main_tunnel,0.1967,7.82,0.0893,20.351,27.53,74.56,SAFE,normal
2026-01-01 08:02:50,L11,main_tunnel,0.1899,7.87,0.0881,20.355,27.45,74.57,SAFE,normal
2026-01-01 08:02:55,L11,main_tunnel,0.1976,7.9,0.0892,20.34,27.43,74.55,SAFE,normal
2026-01-01 08:03:00,L11,main_tunnel,0.194,7.9,0.092,20.353,27.36,74.57,SAFE,normal
2026-01-01 08:03:05,L11,main_tunnel,0.2027,8.06,0.0936,20.344,27.3,74.58,SAFE,normal
2026-01-01 08:03:10,L11,main_tunnel,0.2036,8.09,0.0951,20.324,27.39,74.59,SAFE,normal
2026-01-01 08:03:15,L11,main_tunnel,0.2104,8.08,0.0933,20.33,27.25,74.59,SAFE,normal
2026-01-01 08:03:20,L11,main_tunnel,0.2106,8.11,0.0953,20.337,27.29,74.61,SAFE,normal
2026-01-01 08:03:25,L11,main_tunnel,0.2091,8.15,0.0957,20.32,27.18,74.61,SAFE,normal
2026-01-01 08:03:30,L11,main_tunnel,0.2115,8.11,0.0962,20.309,27.1,74.62,SAFE,normal
2026-01-01 08:03:35,L11,main_tunnel,0.2159,8.28,0.0955,20.299,27.12,74.63,SAFE,normal
2026-01-01 08:03:40,L11,main_tunnel,0.2153,8.34,0.0962,20.294,27.04,74.63,SAFE,normal
2026-01-01 08:03:45,L11,main_tunnel,0.219,8.36,0.0998,20.302,27.01,74.63,SAFE,normal
2026-01-01 08:03:50,L11,main_tunnel,0.225,8.39,0.098,20.291,26.98,74.64,SAFE,normal
2026-01-01 08:03:55,L11,main_tunnel,0.2208,8.45,0.0972,20.287,26.89,74.64,SAFE,normal
2026-01-01 08:04:00,L11,main_tunnel,0.2241,8.45,0.1011,20.281,26.82,74.64,SAFE,normal
2026-01-01 08:04:05,L11,main_tunnel,0.2266,8.51,0.1046,20.277,26.84,74.67,SAFE,normal
2026-01-01 08:04:10,L11,main_tunnel,0.2388,8.57,0.0979,20.266,26.84,74.67,SAFE,normal
2026-01-01 08:04:15,L11,main_tunnel,0.2335,8.64,0.1032,20.269,26.72,74.66,SAFE,normal
2026-01-01 08:04:20,L11,main_tunnel,0.2371,8.72,0.1057,20.254,26.72,74.68,SAFE,normal
2026-01-01 08:04:25,L11,main_tunnel,0.2382,8.69,0.1021,20.253,26.73,74.68,SAFE,normal
2026-01-01 08:04:30,L11,main_tunnel,0.2405,8.7,0.1058,20.258,26.62,74.68,SAFE,normal
2026-01-01 08:04:35,L11,main_tunnel,0.2415,8.79,0.105,20.249,26.58,74.69,SAFE,normal
2026-01-01 08:04:40,L11,main_tunnel,0.2433,8.92,0.1061,20.245,26.54,74.7,SAFE,normal
2026-01-01 08:04:45,L11,main_tunnel,0.2401,8.84,0.108,20.248,26.47,74.71,SAFE,normal
2026-01-01 08:04:50,L11,main_tunnel,0.2475,8.96,0.1075,20.23,26.41,74.72,SAFE,normal
2026-01-01 08:04:55,L11,main_tunnel,0.2482,9.02,0.1082,20.225,26.37,74.73,SAFE,normal
2026-01-01 08:05:00,L11,main_tunnel,0.2523,9.0,0.1111,20.218,26.38,74.74,SAFE,normal
2026-01-01 08:05:05,L11,main_tunnel,0.2526,9.03,0.1159,20.212,26.35,74.74,SAFE,normal
2026-01-01 08:05:10,L11,main_tunnel,0.2295,9.09,0.1122,20.214,26.24,74.86,SAFE,methane_buildup
2026-01-01 08:05:15,L11,main_tunnel,0.2596,9.11,0.1123,20.214,26.35,74.72,SAFE,methane_buildup
2026-01-01 08:05:20,L11,main_tunnel,0.2947,9.47,0.1132,20.212,26.36,74.63,SAFE,methane_buildup
2026-01-01 08:05:25,L11,main_tunnel,0.2878,9.49,0.1222,20.215,26.41,74.61,SAFE,methane_buildup
2026-01-01 08:05:30,L11,main_tunnel,0.2985,9.61,0.1167,20.212,26.52,74.43,SAFE,methane_buildup
2026-01-01 08:05:35,L11,main_tunnel,0.3196,9.59,0.1244,20.215,26.45,74.48,SAFE,methane_buildup
2026-01-01 08:05:40,L11,main_tunnel,0.3236,10.04,0.1219,20.212,26.56,74.38,SAFE,methane_buildup
2026-01-01 08:05:45,L11,main_tunnel,0.3219,9.84,0.1233,20.214,26.6,74.21,SAFE,methane_buildup
2026-01-01 08:05:50,L11,main_tunnel,0.3421,9.93,0.1269,20.213,26.63,74.29,SAFE,methane_buildup
2026-01-01 08:05:55,L11,main_tunnel,0.3403,10.21,0.1325,20.212,26.68,74.12,SAFE,methane_buildup
2026-01-01 08:06:00,L11,main_tunnel,0.3661,10.27,0.1288,20.214,26.63,74.17,SAFE,methane_buildup
2026-01-01 08:06:05,L11,main_tunnel,0.3658,10.28,0.1357,20.212,26.72,73.97,SAFE,methane_buildup
2026-01-01 08:06:10,L11,main_tunnel,0.3967,10.73,0.1341,20.211,26.85,73.84,SAFE,methane_buildup
2026-01-01 08:06:15,L11,main_tunnel,0.3918,10.72,0.1367,20.213,26.79,73.76,SAFE,methane_buildup
2026-01-01 08:06:20,L11,main_tunnel,0.3994,10.73,0.1422,20.21,26.94,73.71,SAFE,methane_buildup
2026-01-01 08:06:25,L11,main_tunnel,0.4185,11.11,0.1495,20.208,26.86,73.63,SAFE,methane_buildup
2026-01-01 08:06:30,L11,main_tunnel,0.4349,11.06,0.1426,20.212,26.9,73.68,SAFE,methane_buildup
2026-01-01 08:06:35,L11,main_tunnel,0.4285,11.09,0.1494,20.21,26.96,73.52,SAFE,methane_buildup
2026-01-01 08:06:40,L11,main_tunnel,0.4473,11.46,0.1485,20.211,27.07,73.34,SAFE,methane_buildup
2026-01-01 08:06:45,L11,main_tunnel,0.4654,11.4,0.1501,20.21,27.05,73.39,WARNING,methane_buildup
2026-01-01 08:06:50,L11,main_tunnel,0.4904,11.51,0.1566,20.208,27.12,73.31,WARNING,methane_buildup
2026-01-01 08:06:55,L11,main_tunnel,0.4582,11.52,0.1532,20.21,27.15,73.2,WARNING,methane_buildup
2026-01-01 08:07:00,L11,main_tunnel,0.5045,11.69,0.1543,20.209,27.19,73.18,WARNING,methane_buildup
2026-01-01 08:07:05,L11,main_tunnel,0.5045,11.76,0.1611,20.208,27.28,73.09,WARNING,methane_buildup
2026-01-01 08:07:10,L11,main_tunnel,0.5144,12.08,0.1665,20.208,27.3,73.06,WARNING,methane_buildup
2026-01-01 08:07:15,L11,main_tunnel,0.5234,11.86,0.1661,20.207,27.26,72.99,WARNING,methane_buildup
2026-01-01 08:07:20,L11,main_tunnel,0.5381,12.31,0.1619,20.209,27.34,72.9,WARNING,methane_buildup
2026-01-01 08:07:25,L11,main_tunnel,0.5602,12.18,0.1663,20.207,27.45,72.72,WARNING,methane_buildup
2026-01-01 08:07:30,L11,main_tunnel,0.5584,12.39,0.173,20.208,27.44,72.87,WARNING,methane_buildup
2026-01-01 08:07:35,L11,main_tunnel,0.5941,12.49,0.1768,20.207,27.41,72.56,WARNING,methane_buildup
2026-01-01 08:07:40,L11,main_tunnel,0.5937,12.58,0.175,20.206,27.45,72.58,WARNING,methane_buildup
2026-01-01 08:07:45,L11,main_tunnel,0.6,12.84,0.1747,20.205,27.58,72.45,WARNING,methane_buildup
2026-01-01 08:07:50,L11,main_tunnel,0.6071,12.88,0.1832,20.21,27.61,72.47,WARNING,methane_buildup
2026-01-01 08:07:55,L11,main_tunnel,0.6334,12.92,0.1803,20.207,27.59,72.38,WARNING,methane_buildup
2026-01-01 08:08:00,L11,main_tunnel,0.6462,13.13,0.1808,20.209,27.69,72.29,WARNING,methane_buildup
2026-01-01 08:08:05,L11,main_tunnel,0.6294,13.16,0.1824,20.208,27.76,72.33,WARNING,methane_buildup
2026-01-01 08:08:10,L11,main_tunnel,0.6456,13.3,0.1833,20.206,27.8,72.23,WARNING,methane_buildup
2026-01-01 08:08:15,L11,main_tunnel,0.6717,13.31,0.197,20.206,27.84,72.07,WARNING,methane_buildup
2026-01-01 08:08:20,L11,main_tunnel,0.6862,13.55,0.195,20.206,27.84,72.07,WARNING,methane_buildup
2026-01-01 08:08:25,L11,main_tunnel,0.6835,13.77,0.1911,20.207,27.85,72.05,WARNING,methane_buildup
2026-01-01 08:08:30,L11,main_tunnel,0.6897,13.84,0.2001,20.206,27.88,71.95,WARNING,methane_buildup
2026-01-01 08:08:35,L11,main_tunnel,0.71,14.15,0.1987,20.204,27.94,71.79,WARNING,methane_buildup
2026-01-01 08:08:40,L11,main_tunnel,0.7368,14.36,0.2006,20.205,27.95,71.63,WARNING,methane_buildup
2026-01-01 08:08:45,L11,main_tunnel,0.7318,14.14,0.1992,20.205,28.0,71.68,WARNING,methane_buildup
2026-01-01 08:08:50,L11,main_tunnel,0.7284,14.22,0.2019,20.203,28.1,71.63,WARNING,methane_buildup
2026-01-01 08:08:55,L11,main_tunnel,0.7549,14.56,0.2053,20.204,28.04,71.47,WARNING,methane_buildup
2026-01-01 08:09:00,L11,main_tunnel,0.7735,14.59,0.2018,20.205,28.08,71.45,WARNING,methane_buildup
2026-01-01 08:09:05,L11,main_tunnel,0.7748,14.8,0.2082,20.202,28.21,71.37,WARNING,methane_buildup
2026-01-01 08:09:10,L11,main_tunnel,0.8011,14.83,0.2117,20.202,28.2,71.39,WARNING,methane_buildup
2026-01-01 08:09:15,L11,main_tunnel,0.8079,14.89,0.2175,20.204,28.18,71.35,WARNING,methane_buildup
2026-01-01 08:09:20,L11,main_tunnel,0.8086,15.01,0.214,20.202,28.29,71.24,WARNING,methane_buildup
2026-01-01 08:09:25,L11,main_tunnel,0.8209,15.2,0.2202,20.201,28.33,71.08,WARNING,methane_buildup
2026-01-01 08:09:30,L11,main_tunnel,0.811,15.24,0.214,20.203,28.36,71.09,WARNING,methane_buildup
2026-01-01 08:09:35,L11,main_tunnel,0.8562,15.52,0.2254,20.202,28.44,70.99,WARNING,methane_buildup
2026-01-01 08:09:40,L11,main_tunnel,0.8501,15.36,0.2215,20.202,28.4,70.87,WARNING,methane_buildup
2026-01-01 08:09:45,L11,main_tunnel,0.8605,15.76,0.2266,20.203,28.49,70.94,WARNING,methane_buildup
2026-01-01 08:09:50,L11,main_tunnel,0.8699,15.54,0.2295,20.202,28.52,70.68,WARNING,methane_buildup
2026-01-01 08:09:55,L11,main_tunnel,0.8923,15.88,0.231,20.201,28.57,70.7,WARNING,methane_buildup
2026-01-01 08:10:00,L11,main_tunnel,0.8857,15.95,0.2321,20.203,28.54,70.64,WARNING,methane_buildup
2026-01-01 08:10:05,L11,main_tunnel,0.8985,15.94,0.2309,20.202,28.63,70.5,WARNING,methane_buildup
2026-01-01 08:10:10,L11,main_tunnel,0.92,16.0,0.234,20.198,28.69,70.48,WARNING,methane_buildup
2026-01-01 08:10:15,L11,main_tunnel,0.9247,16.22,0.2415,20.199,28.75,70.43,WARNING,methane_buildup
2026-01-01 08:10:20,L11,main_tunnel,0.9303,16.88,0.2397,20.196,28.66,70.36,WARNING,co_buildup
2026-01-01 08:10:25,L11,main_tunnel,0.9238,17.6,0.2367,20.177,28.68,70.67,WARNING,co_buildup
2026-01-01 08:10:30,L11,main_tunnel,0.92,18.15,0.2416,20.171,28.93,70.74,WARNING,co_buildup
2026-01-01 08:10:35,L11,main_tunnel,0.9215,18.1,0.243,20.168,29.05,70.97,WARNING,co_buildup
2026-01-01 08:10:40,L11,main_tunnel,0.8968,18.24,0.2411,20.15,28.93,70.92,WARNING,co_buildup
2026-01-01 08:10:45,L11,main_tunnel,0.8962,20.18,0.2437,20.135,29.09,71.01,WARNING,co_buildup
2026-01-01 08:10:50,L11,main_tunnel,0.9108,19.73,0.2432,20.146,29.15,71.37,WARNING,co_buildup
2026-01-01 08:10:55,L11,main_tunnel,0.892,21.63,0.2462,20.121,29.32,71.41,WARNING,co_buildup
2026-01-01 08:11:00,L11,main_tunnel,0.8817,22.32,0.2449,20.105,29.33,71.64,WARNING,co_buildup
2026-01-01 08:11:05,L11,main_tunnel,0.8834,22.28,0.2453,20.088,29.53,71.84,WARNING,co_buildup
2026-01-01 08:11:10,L11,main_tunnel,0.8674,23.19,0.2471,20.068,29.49,72.13,WARNING,co_buildup
2026-01-01 08:11:15,L11,main_tunnel,0.8529,24.08,0.2457,20.076,29.5,72.22,WARNING,co_buildup
2026-01-01 08:11:20,L11,main_tunnel,0.8628,24.26,0.2487,20.052,29.64,72.17,WARNING,co_buildup
2026-01-01 08:11:25,L11,main_tunnel,0.8499,24.46,0.2504,20.064,29.72,72.26,WARNING,co_buildup
2026-01-01 08:11:30,L11,main_tunnel,0.8493,26.01,0.2522,20.045,29.87,72.83,DANGER,co_buildup
2026-01-01 08:11:35,L11,main_tunnel,0.8448,26.77,0.2519,20.051,29.88,72.51,DANGER,co_buildup
2026-01-01 08:11:40,L11,main_tunnel,0.8377,28.28,0.2498,20.025,30.02,72.83,DANGER,co_buildup
2026-01-01 08:11:45,L11,main_tunnel,0.8199,27.61,0.2556,20.004,30.01,73.15,DANGER,co_buildup
2026-01-01 08:11:50,L11,main_tunnel,0.8251,29.48,0.2566,19.98,30.12,73.45,DANGER,co_buildup
2026-01-01 08:11:55,L11,main_tunnel,0.8219,28.77,0.2551,19.999,30.17,73.34,DANGER,co_buildup
2026-01-01 08:12:00,L11,main_tunnel,0.8041,29.33,0.2544,19.964,30.24,73.53,DANGER,co_buildup
2026-01-01 08:12:05,L11,main_tunnel,0.7974,30.69,0.2557,19.963,30.47,73.56,DANGER,co_buildup
2026-01-01 08:12:10,L11,main_tunnel,0.7943,30.97,0.2571,19.975,30.41,73.86,DANGER,co_buildup
2026-01-01 08:12:15,L11,main_tunnel,0.8001,31.4,0.2588,19.952,30.51,73.84,DANGER,co_buildup
2026-01-01 08:12:20,L11,main_tunnel,0.7765,34.19,0.2586,19.939,30.69,74.05,DANGER,co_buildup
2026-01-01 08:12:25,L11,main_tunnel,0.7887,33.36,0.2585,19.934,30.75,74.43,DANGER,co_buildup
2026-01-01 08:12:30,L11,main_tunnel,0.78,35.81,0.2627,19.922,30.89,74.41,DANGER,co_buildup
2026-01-01 08:12:35,L11,main_tunnel,0.7699,34.4,0.2622,19.919,30.89,74.77,DANGER,co_buildup
2026-01-01 08:12:40,L11,main_tunnel,0.7561,34.64,0.2607,19.883,30.89,74.77,DANGER,co_buildup
2026-01-01 08:12:45,L11,main_tunnel,0.7545,37.24,0.264,19.875,31.16,74.75,DANGER,co_buildup
2026-01-01 08:12:50,L11,main_tunnel,0.7588,36.65,0.2646,19.858,31.13,75.28,DANGER,co_buildup
2026-01-01 08:12:55,L11,main_tunnel,0.7559,37.89,0.2639,19.856,31.16,75.08,DANGER,co_buildup
2026-01-01 08:13:00,L11,main_tunnel,0.7352,37.63,0.2681,19.844,31.25,75.34,DANGER,co_buildup
2026-01-01 08:13:05,L11,main_tunnel,0.7433,39.16,0.2671,19.815,31.34,75.55,DANGER,co_buildup
2026-01-01 08:13:10,L11,main_tunnel,0.7344,39.01,0.2673,19.816,31.39,75.89,DANGER,co_buildup
2026-01-01 08:13:15,L11,main_tunnel,0.724,40.52,0.2684,19.829,31.38,75.82,DANGER,co_buildup
2026-01-01 08:13:20,L11,main_tunnel,0.7134,40.96,0.2702,19.804,31.68,75.92,DANGER,co_buildup
2026-01-01 08:13:25,L11,main_tunnel,0.7085,42.1,0.2701,19.798,31.64,76.24,DANGER,co_buildup
2026-01-01 08:13:30,L11,main_tunnel,0.718,43.04,0.271,19.778,31.73,76.34,DANGER,co_buildup
2026-01-01 08:13:35,L11,main_tunnel,0.7015,43.49,0.2739,19.747,31.95,76.46,DANGER,co_buildup
2026-01-01 08:13:40,L11,main_tunnel,0.7029,44.32,0.2703,19.756,31.83,76.72,DANGER,co_buildup
2026-01-01 08:13:45,L11,main_tunnel,0.69,44.65,0.2715,19.758,32.0,76.67,DANGER,co_buildup
2026-01-01 08:13:50,L11,main_tunnel,0.6796,45.14,0.2759,19.722,31.98,76.75,DANGER,co_buildup
2026-01-01 08:13:55,L11,main_tunnel,0.6803,46.41,0.2797,19.732,32.14,77.47,DANGER,co_buildup
2026-01-01 08:14:00,L11,main_tunnel,0.6845,46.73,0.2778,19.694,32.21,77.33,DANGER,co_buildup
2026-01-01 08:14:05,L11,main_tunnel,0.6606,47.45,0.2804,19.702,32.33,77.5,DANGER,co_buildup
2026-01-01 08:14:10,L11,main_tunnel,0.6647,48.44,0.2772,19.697,32.44,77.52,DANGER,co_buildup
2026-01-01 08:14:15,L11,main_tunnel,0.6541,48.22,0.2777,19.676,32.39,77.92,DANGER,co_buildup
2026-01-01 08:14:20,L11,main_tunnel,0.6376,50.48,0.2805,19.696,32.61,77.87,DANGER,co_buildup
2026-01-01 08:14:25,L11,main_tunnel,0.6315,50.1,0.2822,19.652,32.69,77.7,DANGER,co_buildup
2026-01-01 08:14:30,L11,main_tunnel,0.6322,51.03,0.279,19.64,32.65,78.18,DANGER,co_buildup
2026-01-01 08:14:35,L11,main_tunnel,0.6314,51.62,0.2819,19.638,32.74,78.38,DANGER,co_buildup
2026-01-01 08:14:40,L11,main_tunnel,0.6288,52.75,0.283,19.616,32.79,78.56,DANGER,co_buildup
2026-01-01 08:14:45,L11,main_tunnel,0.6072,53.24,0.2827,19.597,32.88,78.71,DANGER,co_buildup
2026-01-01 08:14:50,L11,main_tunnel,0.6155,53.69,0.2838,19.59,32.89,78.8,DANGER,co_buildup
2026-01-01 08:14:55,L11,main_tunnel,0.6046,55.33,0.2872,19.6,33.11,78.95,DANGER,co_buildup
2026-01-01 08:15:00,L11,main_tunnel,0.5995,53.07,0.2874,19.577,32.99,79.17,DANGER,co_buildup
2026-01-01 08:15:05,L11,main_tunnel,0.5973,56.59,0.2888,19.588,33.16,79.13,DANGER,co_buildup
2026-01-01 08:15:10,L11,main_tunnel,0.5988,57.07,0.2888,19.553,33.29,79.24,DANGER,co_buildup
2026-01-01 08:15:15,L11,main_tunnel,0.5836,56.02,0.2875,19.555,33.47,79.7,DANGER,co_buildup
2026-01-01 08:15:20,L11,main_tunnel,0.567,58.46,0.2907,19.542,33.41,79.86,DANGER,co_buildup
2026-01-01 08:15:25,L11,main_tunnel,0.5686,59.24,0.2891,19.52,33.56,80.13,DANGER,co_buildup
2026-01-01 08:15:30,L11,main_tunnel,0.5705,59.25,0.2917,19.542,33.5,80.0,DANGER,low_oxygen
2026-01-01 08:15:35,L11,main_tunnel,0.5729,58.37,0.289,19.519,33.48,80.02,DANGER,low_oxygen
2026-01-01 08:15:40,L11,main_tunnel,0.5714,58.16,0.287,19.49,33.42,80.01,CRITICAL,low_oxygen
2026-01-01 08:15:45,L11,main_tunnel,0.57,57.47,0.2878,19.496,33.37,80.03,CRITICAL,low_oxygen
2026-01-01 08:15:50,L11,main_tunnel,0.5713,56.82,0.2889,19.458,33.32,80.02,CRITICAL,low_oxygen
2026-01-01 08:15:55,L11,main_tunnel,0.5721,56.76,0.288,19.46,33.27,80.04,CRITICAL,low_oxygen
2026-01-01 08:16:00,L11,main_tunnel,0.5736,55.02,0.2851,19.448,33.15,80.05,CRITICAL,low_oxygen
2026-01-01 08:16:05,L11,main_tunnel,0.5769,54.81,0.2835,19.435,33.11,80.04,CRITICAL,low_oxygen
2026-01-01 08:16:10,L11,main_tunnel,0.5777,54.25,0.2824,19.407,33.09,80.05,CRITICAL,low_oxygen
2026-01-01 08:16:15,L11,main_tunnel,0.5762,53.99,0.2832,19.399,33.03,80.04,CRITICAL,low_oxygen
2026-01-01 08:16:20,L11,main_tunnel,0.5775,53.95,0.2828,19.393,32.92,80.05,CRITICAL,low_oxygen
2026-01-01 08:16:25,L11,main_tunnel,0.5766,52.64,0.2843,19.369,32.98,80.06,CRITICAL,low_oxygen
2026-01-01 08:16:30,L11,main_tunnel,0.5758,52.88,0.2812,19.369,32.91,80.07,CRITICAL,low_oxygen
2026-01-01 08:16:35,L11,main_tunnel,0.5824,51.89,0.2812,19.344,32.77,80.07,CRITICAL,low_oxygen
2026-01-01 08:16:40,L11,main_tunnel,0.5763,51.51,0.2779,19.352,32.75,80.09,CRITICAL,low_oxygen
2026-01-01 08:16:45,L11,main_tunnel,0.5778,51.26,0.2786,19.346,32.81,80.08,CRITICAL,low_oxygen
2026-01-01 08:16:50,L11,main_tunnel,0.5847,51.44,0.2779,19.308,32.66,80.09,CRITICAL,low_oxygen
2026-01-01 08:16:55,L11,main_tunnel,0.5824,49.86,0.2766,19.311,32.61,80.09,DANGER,low_oxygen
2026-01-01 08:17:00,L11,main_tunnel,0.5812,49.65,0.276,19.283,32.51,80.1,DANGER,low_oxygen
2026-01-01 08:17:05,L11,main_tunnel,0.585,48.71,0.2754,19.26,32.47,80.09,DANGER,low_oxygen
2026-01-01 08:17:10,L11,main_tunnel,0.5859,48.38,0.2752,19.253,32.5,80.1,DANGER,low_oxygen
2026-01-01 08:17:15,L11,main_tunnel,0.5831,47.72,0.2756,19.247,32.38,80.11,DANGER,low_oxygen
2026-01-01 08:17:20,L11,main_tunnel,0.5852,47.83,0.2688,19.209,32.31,80.12,DANGER,low_oxygen
2026-01-01 08:17:25,L11,main_tunnel,0.5883,47.42,0.2739,19.227,32.26,80.13,DANGER,low_oxygen
2026-01-01 08:17:30,L11,main_tunnel,0.5862,47.04,0.2681,19.207,32.34,80.13,DANGER,low_oxygen
2026-01-01 08:17:35,L11,main_tunnel,0.5888,45.9,0.2708,19.205,32.15,80.13,DANGER,low_oxygen
2026-01-01 08:17:40,L11,main_tunnel,0.5914,45.97,0.2736,19.187,32.05,80.13,DANGER,low_oxygen
2026-01-01 08:17:45,L11,main_tunnel,0.5858,45.3,0.2686,19.167,32.01,80.15,DANGER,low_oxygen
2026-01-01 08:17:50,L11,main_tunnel,0.59,44.73,0.2681,19.148,32.03,80.14,DANGER,low_oxygen
2026-01-01 08:17:55,L11,main_tunnel,0.5917,43.7,0.2665,19.159,31.86,80.15,DANGER,low_oxygen
2026-01-01 08:18:00,L11,main_tunnel,0.589,43.84,0.2674,19.154,31.9,80.15,DANGER,low_oxygen
2026-01-01 08:18:05,L11,main_tunnel,0.5919,43.36,0.266,19.108,31.78,80.17,DANGER,low_oxygen
2026-01-01 08:18:10,L11,main_tunnel,0.5953,42.83,0.2634,19.113,31.67,80.18,DANGER,low_oxygen
2026-01-01 08:18:15,L11,main_tunnel,0.5931,42.47,0.2635,19.077,31.66,80.17,DANGER,low_oxygen
2026-01-01 08:18:20,L11,main_tunnel,0.5925,42.11,0.261,19.065,31.66,80.18,DANGER,low_oxygen
2026-01-01 08:18:25,L11,main_tunnel,0.5976,40.81,0.2619,19.054,31.67,80.19,DANGER,low_oxygen
2026-01-01 08:18:30,L11,main_tunnel,0.5972,40.72,0.2605,19.055,31.59,80.2,DANGER,low_oxygen
2026-01-01 08:18:35,L11,main_tunnel,0.5971,40.55,0.2607,19.019,31.47,80.18,DANGER,low_oxygen
2026-01-01 08:18:40,L11,main_tunnel,0.5978,39.71,0.2584,19.04,31.48,80.2,DANGER,low_oxygen
2026-01-01 08:18:45,L11,main_tunnel,0.6004,39.77,0.2584,19.018,31.36,80.21,DANGER,low_oxygen
2026-01-01 08:18:50,L11,main_tunnel,0.5999,38.88,0.258,19.001,31.25,80.21,DANGER,low_oxygen
2026-01-01 08:18:55,L11,main_tunnel,0.6013,37.46,0.2573,18.976,31.27,80.22,DANGER,low_oxygen
2026-01-01 08:19:00,L11,main_tunnel,0.5997,38.23,0.2568,18.977,31.14,80.22,DANGER,low_oxygen
2026-01-01 08:19:05,L11,main_tunnel,0.5984,37.31,0.2552,18.914,31.2,80.23,DANGER,low_oxygen
2026-01-01 08:19:10,L11,main_tunnel,0.6034,36.07,0.2533,18.945,31.14,80.24,DANGER,low_oxygen
2026-01-01 08:19:15,L11,main_tunnel,0.605,36.26,0.254,18.928,31.0,80.24,DANGER,low_oxygen
2026-01-01 08:19:20,L11,main_tunnel,0.6035,35.31,0.2528,18.888,31.0,80.24,DANGER,low_oxygen
2026-01-01 08:19:25,L11,main_tunnel,0.6061,35.73,0.2541,18.905,30.95,80.24,DANGER,low_oxygen
2026-01-01 08:19:30,L11,main_tunnel,0.6048,34.88,0.2535,18.894,30.93,80.25,DANGER,low_oxygen
2026-01-01 08:19:35,L11,main_tunnel,0.6059,33.98,0.2482,18.849,30.76,80.26,DANGER,low_oxygen
2026-01-01 08:19:40,L11,main_tunnel,0.6098,34.28,0.2509,18.844,30.8,80.26,DANGER,low_oxygen
2026-01-01 08:19:45,L11,main_tunnel,0.6071,33.62,0.2504,18.874,30.65,80.27,DANGER,low_oxygen
2026-01-01 08:19:50,L11,main_tunnel,0.6077,32.82,0.2458,18.831,30.7,80.27,DANGER,low_oxygen
2026-01-01 08:19:55,L11,main_tunnel,0.6059,31.87,0.2484,18.833,30.66,80.27,DANGER,low_oxygen
2026-01-01 08:20:00,L11,main_tunnel,0.611,31.56,0.2481,18.821,30.52,80.28,DANGER,low_oxygen
2026-01-01 08:20:05,L11,main_tunnel,0.6094,31.06,0.244,18.798,30.56,80.28,DANGER,low_oxygen
2026-01-01 08:20:10,L11,main_tunnel,0.6115,31.29,0.2445,18.793,30.36,80.29,DANGER,low_oxygen
2026-01-01 08:20:15,L11,main_tunnel,0.6115,29.7,0.2444,18.739,30.44,80.3,DANGER,low_oxygen
2026-01-01 08:20:20,L11,main_tunnel,0.612,29.94,0.2442,18.75,30.41,80.3,DANGER,low_oxygen
2026-01-01 08:20:25,L11,main_tunnel,0.6133,29.36,0.2407,18.699,30.29,80.32,DANGER,low_oxygen
2026-01-01 08:20:30,L11,main_tunnel,0.6142,29.45,0.2436,18.704,30.21,80.31,DANGER,low_oxygen
2026-01-01 08:20:35,L11,main_tunnel,0.617,28.59,0.2372,18.706,30.18,80.32,DANGER,low_oxygen
2026-01-01 08:20:40,L11,main_tunnel,0.6138,28.63,0.2441,18.71,30.21,80.32,DANGER,co2_buildup
2026-01-01 08:20:45,L11,main_tunnel,0.618,27.96,0.247,18.689,30.17,80.37,DANGER,co2_buildup
2026-01-01 08:20:50,L11,main_tunnel,0.6013,27.93,0.2577,18.784,30.11,80.38,DANGER,co2_buildup
2026-01-01 08:20:55,L11,main_tunnel,0.5907,27.59,0.2571,18.79,30.1,80.37,DANGER,co2_buildup
2026-01-01 08:21:00,L11,main_tunnel,0.6046,27.68,0.2562,18.778,30.07,80.41,DANGER,co2_buildup
2026-01-01 08:21:05,L11,main_tunnel,0.59,27.17,0.2647,18.858,30.06,80.45,DANGER,co2_buildup
2026-01-01 08:21:10,L11,main_tunnel,0.5879,26.84,0.2669,18.837,30.01,80.51,DANGER,co2_buildup
2026-01-01 08:21:15,L11,main_tunnel,0.5875,26.96,0.2728,18.87,30.0,80.49,DANGER,co2_buildup
2026-01-01 08:21:20,L11,main_tunnel,0.5816,26.37,0.2736,18.918,30.0,80.49,DANGER,co2_buildup
2026-01-01 08:21:25,L11,main_tunnel,0.5783,26.64,0.2802,18.923,29.99,80.57,DANGER,co2_buildup
2026-01-01 08:21:30,L11,main_tunnel,0.5745,26.13,0.2955,18.97,29.96,80.56,DANGER,co2_buildup
2026-01-01 08:21:35,L11,main_tunnel,0.5565,26.0,0.2973,18.956,29.94,80.58,DANGER,co2_buildup
2026-01-01 08:21:40,L11,main_tunnel,0.5537,25.51,0.2977,19.023,29.89,80.64,DANGER,co2_buildup
2026-01-01 08:21:45,L11,main_tunnel,0.5624,26.06,0.2997,18.992,29.86,80.69,DANGER,co2_buildup
2026-01-01 08:21:50,L11,main_tunnel,0.5479,25.25,0.3082,19.061,29.81,80.67,DANGER,co2_buildup
2026-01-01 08:21:55,L11,main_tunnel,0.5439,25.25,0.306,19.005,29.83,80.73,DANGER,co2_buildup
2026-01-01 08:22:00,L11,main_tunnel,0.5364,24.76,0.3211,19.053,29.81,80.76,DANGER,co2_buildup
2026-01-01 08:22:05,L11,main_tunnel,0.5363,24.74,0.3306,19.107,29.78,80.79,DANGER,co2_buildup
2026-01-01 08:22:10,L11,main_tunnel,0.5321,25.03,0.3435,19.114,29.74,80.78,DANGER,co2_buildup
2026-01-01 08:22:15,L11,main_tunnel,0.5245,24.54,0.3292,19.144,29.76,80.79,DANGER,co2_buildup
2026-01-01 08:22:20,L11,main_tunnel,0.5194,24.13,0.3453,19.169,29.73,80.82,DANGER,co2_buildup
2026-01-01 08:22:25,L11,main_tunnel,0.522,24.05,0.3413,19.165,29.72,80.89,DANGER,co2_buildup
2026-01-01 08:22:30,L11,main_tunnel,0.5117,23.74,0.3439,19.19,29.65,80.92,DANGER,co2_buildup
2026-01-01 08:22:35,L11,main_tunnel,0.5082,23.62,0.3489,19.242,29.63,80.9,DANGER,co2_buildup
2026-01-01 08:22:40,L11,main_tunnel,0.4956,23.57,0.3609,19.245,29.65,81.01,DANGER,co2_buildup
2026-01-01 08:22:45,L11,main_tunnel,0.5122,23.15,0.36,19.311,29.6,80.95,DANGER,co2_buildup
2026-01-01 08:22:50,L11,main_tunnel,0.5026,23.04,0.3667,19.301,29.57,81.03,DANGER,co2_buildup
2026-01-01 08:22:55,L11,main_tunnel,0.4908,22.84,0.3726,19.343,29.55,81.07,DANGER,co2_buildup
2026-01-01 08:23:00,L11,main_tunnel,0.4842,22.52,0.3759,19.36,29.53,81.06,DANGER,co2_buildup
2026-01-01 08:23:05,L11,main_tunnel,0.4843,22.23,0.3805,19.36,29.53,81.07,DANGER,co2_buildup
2026-01-01 08:23:10,L11,main_tunnel,0.4797,22.06,0.3765,19.353,29.49,81.09,DANGER,co2_buildup
2026-01-01 08:23:15,L11,main_tunnel,0.4687,22.08,0.3955,19.445,29.48,81.13,DANGER,co2_buildup
2026-01-01 08:23:20,L11,main_tunnel,0.4577,21.89,0.4003,19.42,29.45,81.19,DANGER,co2_buildup
2026-01-01 08:23:25,L11,main_tunnel,0.4635,21.3,0.4005,19.455,29.4,81.16,DANGER,co2_buildup
2026-01-01 08:23:30,L11,main_tunnel,0.4537,21.26,0.4119,19.484,29.38,81.17,DANGER,co2_buildup
2026-01-01 08:23:35,L11,main_tunnel,0.4581,20.96,0.4226,19.509,29.37,81.25,WARNING,co2_buildup
2026-01-01 08:23:40,L11,main_tunnel,0.4536,21.05,0.42,19.553,29.32,81.29,WARNING,co2_buildup
2026-01-01 08:23:45,L11,main_tunnel,0.4432,20.59,0.4322,19.555,29.32,81.35,WARNING,co2_buildup
2026-01-01 08:23:50,L11,main_tunnel,0.441,20.9,0.4422,19.575,29.34,81.29,WARNING,co2_buildup
2026-01-01 08:23:55,L11,main_tunnel,0.4482,20.3,0.4488,19.623,29.28,81.35,WARNING,co2_buildup
2026-01-01 08:24:00,L11,main_tunnel,0.4387,20.28,0.4331,19.637,29.25,81.41,WARNING,co2_buildup
2026-01-01 08:24:05,L11,main_tunnel,0.4279,19.64,0.4381,19.63,29.28,81.41,WARNING,co2_buildup
2026-01-01 08:24:10,L11,main_tunnel,0.4374,19.63,0.4472,19.644,29.2,81.43,WARNING,co2_buildup
2026-01-01 08:24:15,L11,main_tunnel,0.415,19.54,0.4554,19.674,29.17,81.48,WARNING,co2_buildup
2026-01-01 08:24:20,L11,main_tunnel,0.4125,19.0,0.4684,19.713,29.2,81.47,WARNING,co2_buildup
2026-01-01 08:24:25,L11,main_tunnel,0.4116,19.0,0.4681,19.71,29.16,81.53,WARNING,co2_buildup
2026-01-01 08:24:30,L11,main_tunnel,0.3998,18.99,0.4629,19.762,29.12,81.5,WARNING,co2_buildup
2026-01-01 08:24:35,L11,main_tunnel,0.4123,18.51,0.4712,19.78,29.12,81.52,WARNING,co2_buildup
2026-01-01 08:24:40,L11,main_tunnel,0.3996,18.2,0.4793,19.75,29.09,81.58,WARNING,co2_buildup
2026-01-01 08:24:45,L11,main_tunnel,0.3901,18.5,0.4762,19.798,29.03,81.55,WARNING,co2_buildup
2026-01-01 08:24:50,L11,main_tunnel,0.3919,17.71,0.4896,19.788,28.98,81.64,WARNING,co2_buildup
2026-01-01 08:24:55,L11,main_tunnel,0.3859,17.76,0.4879,19.866,29.0,81.62,WARNING,co2_buildup
2026-01-01 08:25:00,L11,main_tunnel,0.379,17.38,0.4903,19.92,29.02,81.7,WARNING,co2_buildup
2026-01-01 08:25:05,L11,main_tunnel,0.3699,17.12,0.4991,19.878,28.96,81.73,WARNING,co2_buildup
2026-01-01 08:25:10,L11,main_tunnel,0.3642,17.24,0.5117,19.913,28.96,81.75,DANGER,co2_buildup
2026-01-01 08:25:15,L11,main_tunnel,0.3783,16.84,0.5166,19.961,28.93,81.79,DANGER,co2_buildup
2026-01-01 08:25:20,L11,main_tunnel,0.3556,16.75,0.5199,19.964,28.86,81.81,DANGER,co2_buildup
2026-01-01 08:25:25,L11,main_tunnel,0.3668,16.03,0.5298,19.987,28.87,81.82,DANGER,co2_buildup
2026-01-01 08:25:30,L11,main_tunnel,0.3492,16.35,0.5342,20.045,28.86,81.9,WARNING,co2_buildup
2026-01-01 08:25:35,L11,main_tunnel,0.3531,15.9,0.5354,20.045,28.82,81.89,WARNING,co2_buildup
2026-01-01 08:25:40,L11,main_tunnel,0.3469,15.47,0.5396,20.046,28.8,81.93,WARNING,co2_buildup
2026-01-01 08:25:45,L11,main_tunnel,0.3434,15.98,0.5449,20.056,28.8,81.96,WARNING,co2_buildup
2026-01-01 08:25:50,L11,main_tunnel,0.3318,16.5,0.5442,20.088,28.72,81.94,WARNING,ventilation_failure
2026-01-01 08:25:55,L11,main_tunnel,0.3589,15.52,0.5417,20.081,28.8,81.95,WARNING,ventilation_failure
2026-01-01 08:26:00,L11,main_tunnel,0.3522,16.54,0.5416,20.088,28.92,81.92,WARNING,ventilation_failure
2026-01-01 08:26:05,L11,main_tunnel,0.3745,16.14,0.5391,20.051,28.88,81.88,WARNING,ventilation_failure
2026-01-01 08:26:10,L11,main_tunnel,0.3911,17.63,0.5421,20.065,28.93,81.89,WARNING,ventilation_failure
2026-01-01 08:26:15,L11,main_tunnel,0.3977,17.38,0.5395,20.038,28.98,81.88,WARNING,ventilation_failure
2026-01-01 08:26:20,L11,main_tunnel,0.3972,18.9,0.5363,20.033,28.99,81.85,WARNING,ventilation_failure
2026-01-01 08:26:25,L11,main_tunnel,0.4263,18.77,0.535,20.018,29.07,81.84,WARNING,ventilation_failure
2026-01-01 08:26:30,L11,main_tunnel,0.4287,18.76,0.5344,20.024,29.21,81.85,WARNING,ventilation_failure
2026-01-01 08:26:35,L11,main_tunnel,0.4085,18.93,0.5329,20.023,29.18,81.84,WARNING,ventilation_failure
2026-01-01 08:26:40,L11,main_tunnel,0.441,19.88,0.5296,20.006,29.19,81.81,WARNING,ventilation_failure
2026-01-01 08:26:45,L11,main_tunnel,0.479,20.87,0.5263,19.997,29.29,81.82,DANGER,ventilation_failure
2026-01-01 08:26:50,L11,main_tunnel,0.4912,21.42,0.5274,19.984,29.38,81.8,DANGER,ventilation_failure
2026-01-01 08:26:55,L11,main_tunnel,0.4916,21.49,0.5276,19.979,29.32,81.8,DANGER,ventilation_failure
2026-01-01 08:27:00,L11,main_tunnel,0.5057,22.57,0.5251,19.967,29.5,81.79,DANGER,ventilation_failure
2026-01-01 08:27:05,L11,main_tunnel,0.4993,22.15,0.5271,19.925,29.44,81.76,DANGER,ventilation_failure
2026-01-01 08:27:10,L11,main_tunnel,0.5164,21.85,0.5236,19.952,29.53,81.77,DANGER,ventilation_failure
2026-01-01 08:27:15,L11,main_tunnel,0.5444,23.7,0.5269,19.941,29.58,81.73,DANGER,ventilation_failure
2026-01-01 08:27:20,L11,main_tunnel,0.5465,24.6,0.5204,19.919,29.62,81.76,DANGER,ventilation_failure
2026-01-01 08:27:25,L11,main_tunnel,0.5536,25.07,0.5207,19.893,29.69,81.71,DANGER,ventilation_failure
2026-01-01 08:27:30,L11,main_tunnel,0.562,24.42,0.5185,19.905,29.77,81.7,DANGER,ventilation_failure
2026-01-01 08:27:35,L11,main_tunnel,0.5885,25.21,0.5188,19.896,29.78,81.69,DANGER,ventilation_failure
2026-01-01 08:27:40,L11,main_tunnel,0.5991,26.22,0.5189,19.879,29.81,81.68,DANGER,ventilation_failure
2026-01-01 08:27:45,L11,main_tunnel,0.605,26.11,0.5167,19.875,29.9,81.7,DANGER,ventilation_failure
2026-01-01 08:27:50,L11,main_tunnel,0.6097,26.9,0.5097,19.874,29.94,81.65,DANGER,ventilation_failure
2026-01-01 08:27:55,L11,main_tunnel,0.6161,27.01,0.5139,19.877,29.95,81.66,DANGER,ventilation_failure
2026-01-01 08:28:00,L11,main_tunnel,0.6391,27.32,0.5094,19.845,30.03,81.63,DANGER,ventilation_failure
2026-01-01 08:28:05,L11,main_tunnel,0.6301,27.87,0.5097,19.837,30.04,81.64,DANGER,ventilation_failure
2026-01-01 08:28:10,L11,main_tunnel,0.6437,29.13,0.5106,19.815,30.08,81.61,DANGER,ventilation_failure
2026-01-01 08:28:15,L11,main_tunnel,0.6486,29.2,0.5054,19.809,30.2,81.6,DANGER,ventilation_failure
2026-01-01 08:28:20,L11,main_tunnel,0.69,30.2,0.5091,19.802,30.23,81.6,DANGER,ventilation_failure
2026-01-01 08:28:25,L11,main_tunnel,0.6792,30.35,0.5046,19.806,30.3,81.57,DANGER,ventilation_failure
2026-01-01 08:28:30,L11,main_tunnel,0.7031,31.28,0.5087,19.792,30.34,81.6,DANGER,ventilation_failure
2026-01-01 08:28:35,L11,main_tunnel,0.7083,31.41,0.503,19.793,30.32,81.56,DANGER,ventilation_failure
2026-01-01 08:28:40,L11,main_tunnel,0.7535,31.86,0.5052,19.749,30.45,81.54,CRITICAL,ventilation_failure
2026-01-01 08:28:45,L11,main_tunnel,0.7371,31.95,0.5029,19.741,30.44,81.53,DANGER,ventilation_failure
2026-01-01 08:28:50,L11,main_tunnel,0.7224,33.76,0.4977,19.755,30.54,81.52,DANGER,ventilation_failure
2026-01-01 08:28:55,L11,main_tunnel,0.7678,32.98,0.495,19.749,30.54,81.5,DANGER,ventilation_failure
2026-01-01 08:29:00,L11,main_tunnel,0.7614,32.55,0.4968,19.725,30.61,81.52,DANGER,ventilation_failure
2026-01-01 08:29:05,L11,main_tunnel,0.7747,33.98,0.494,19.669,30.66,81.49,DANGER,ventilation_failure
2026-01-01 08:29:10,L11,main_tunnel,0.7806,33.92,0.4974,19.697,30.73,81.48,DANGER,ventilation_failure
2026-01-01 08:29:15,L11,main_tunnel,0.8016,35.24,0.4923,19.698,30.66,81.48,DANGER,ventilation_failure
2026-01-01 08:29:20,L11,main_tunnel,0.8126,35.58,0.4909,19.676,30.71,81.44,DANGER,ventilation_failure
2026-01-01 08:29:25,L11,main_tunnel,0.8145,35.66,0.4873,19.677,30.86,81.43,DANGER,ventilation_failure
2026-01-01 08:29:30,L11,main_tunnel,0.8272,35.83,0.4899,19.684,30.9,81.43,DANGER,ventilation_failure
2026-01-01 08:29:35,L11,main_tunnel,0.8453,36.74,0.4853,19.669,30.89,81.42,DANGER,ventilation_failure
2026-01-01 08:29:40,L11,main_tunnel,0.829,36.87,0.4875,19.653,30.99,81.41,DANGER,ventilation_failure
2026-01-01 08:29:45,L11,main_tunnel,0.8504,37.95,0.4865,19.634,30.96,81.38,DANGER,ventilation_failure
2026-01-01 08:29:50,L11,main_tunnel,0.8966,38.32,0.4824,19.62,31.22,81.38,DANGER,ventilation_failure
2026-01-01 08:29:55,L11,main_tunnel,0.8927,39.81,0.4848,19.623,31.18,81.34,DANGER,ventilation_failure
2026-01-01 08:30:00,L11,main_tunnel,0.8943,38.83,0.4809,19.605,31.19,81.35,DANGER,ventilation_failure
2026-01-01 08:30:05,L11,main_tunnel,0.8923,39.35,0.4771,19.596,31.22,81.36,DANGER,ventilation_failure
2026-01-01 08:30:10,L11,main_tunnel,0.922,39.89,0.4823,19.57,31.23,81.35,DANGER,ventilation_failure
2026-01-01 08:30:15,L11,main_tunnel,0.9449,40.37,0.4758,19.568,31.25,81.31,DANGER,ventilation_failure
2026-01-01 08:30:20,L11,main_tunnel,0.9747,41.33,0.4776,19.573,31.35,81.31,DANGER,ventilation_failure
2026-01-01 08:30:25,L11,main_tunnel,0.9775,41.24,0.4762,19.545,31.36,81.3,DANGER,ventilation_failure
2026-01-01 08:30:30,L11,main_tunnel,0.9574,42.67,0.4748,19.548,31.41,81.31,DANGER,ventilation_failure
2026-01-01 08:30:35,L11,main_tunnel,0.973,42.54,0.4735,19.54,31.43,81.3,DANGER,ventilation_failure
2026-01-01 08:30:40,L11,main_tunnel,0.9733,42.55,0.4694,19.531,31.56,81.27,DANGER,ventilation_failure
2026-01-01 08:30:45,L11,main_tunnel,0.9915,42.91,0.4739,19.522,31.58,81.26,DANGER,ventilation_failure
2026-01-01 08:30:50,L11,main_tunnel,1.0098,44.14,0.471,19.512,31.66,81.23,DANGER,ventilation_failure
2026-01-01 08:30:55,L11,main_tunnel,1.0193,44.18,0.4687,19.49,31.71,81.24,CRITICAL,ventilation_failure
2026-01-01 08:31:00,L11,main_tunnel,1.0244,44.06,0.4693,19.496,31.74,81.15,CRITICAL,fire_heat
2026-01-01 08:31:05,L11,main_tunnel,1.0181,44.84,0.4663,19.498,31.73,80.98,CRITICAL,fire_heat
2026-01-01 08:31:10,L11,main_tunnel,1.0176,45.58,0.472,19.494,31.87,80.99,CRITICAL,fire_heat
2026-01-01 08:31:15,L11,main_tunnel,1.0109,45.4,0.4679,19.498,32.06,80.86,CRITICAL,fire_heat
2026-01-01 08:31:20,L11,main_tunnel,1.0015,45.69,0.4691,19.502,32.03,80.68,CRITICAL,fire_heat
2026-01-01 08:31:25,L11,main_tunnel,0.9848,46.74,0.47,19.501,32.29,80.43,CRITICAL,fire_heat
2026-01-01 08:31:30,L11,main_tunnel,0.9787,47.47,0.4683,19.503,32.33,80.34,CRITICAL,fire_heat
2026-01-01 08:31:35,L11,main_tunnel,0.9729,47.92,0.4685,19.5,32.45,80.43,CRITICAL,fire_heat
2026-01-01 08:31:40,L11,main_tunnel,0.9742,47.38,0.4682,19.501,32.66,79.88,CRITICAL,fire_heat
2026-01-01 08:31:45,L11,main_tunnel,0.9524,47.84,0.4679,19.505,32.66,80.18,CRITICAL,fire_heat
2026-01-01 08:31:50,L11,main_tunnel,0.9598,47.97,0.4694,19.505,32.73,79.79,CRITICAL,fire_heat
2026-01-01 08:31:55,L11,main_tunnel,0.9631,48.83,0.4691,19.504,32.82,79.61,CRITICAL,fire_heat
2026-01-01 08:32:00,L11,main_tunnel,0.9517,48.79,0.4688,19.503,32.92,79.62,CRITICAL,fire_heat
2026-01-01 08:32:05,L11,main_tunnel,0.9384,49.42,0.469,19.508,33.07,79.07,CRITICAL,fire_heat
2026-01-01 08:32:10,L11,main_tunnel,0.9297,50.31,0.4703,19.511,33.27,79.38,CRITICAL,fire_heat
2026-01-01 08:32:15,L11,main_tunnel,0.9335,50.61,0.4689,19.505,33.19,79.3,CRITICAL,fire_heat
2026-01-01 08:32:20,L11,main_tunnel,0.9238,50.18,0.4696,19.511,33.28,79.05,CRITICAL,fire_heat
2026-01-01 08:32:25,L11,main_tunnel,0.9137,51.91,0.471,19.508,33.58,78.48,CRITICAL,fire_heat
2026-01-01 08:32:30,L11,main_tunnel,0.905,51.3,0.4705,19.509,33.5,78.72,CRITICAL,fire_heat
2026-01-01 08:32:35,L11,main_tunnel,0.9031,51.77,0.4691,19.511,33.68,78.69,CRITICAL,fire_heat
2026-01-01 08:32:40,L11,main_tunnel,0.8942,52.08,0.4704,19.509,33.71,78.53,CRITICAL,fire_heat
2026-01-01 08:32:45,L11,main_tunnel,0.8953,52.73,0.4711,19.512,33.71,77.99,CRITICAL,fire_heat
2026-01-01 08:32:50,L11,main_tunnel,0.892,53.05,0.4718,19.51,33.99,78.17,CRITICAL,fire_heat
2026-01-01 08:32:55,L11,main_tunnel,0.8679,53.48,0.47,19.514,34.18,78.13,CRITICAL,fire_heat
2026-01-01 08:33:00,L11,main_tunnel,0.8625,53.29,0.4704,19.518,34.17,77.75,CRITICAL,fire_heat
2026-01-01 08:33:05,L11,main_tunnel,0.8737,54.71,0.4703,19.514,34.14,77.4,CRITICAL,fire_heat
2026-01-01 08:33:10,L11,main_tunnel,0.8593,55.17,0.4705,19.515,34.4,77.56,CRITICAL,fire_heat
2026-01-01 08:33:15,L11,main_tunnel,0.8441,56.36,0.4719,19.516,34.42,77.45,CRITICAL,fire_heat
2026-01-01 08:33:20,L11,main_tunnel,0.8521,56.11,0.4722,19.519,34.34,77.14,CRITICAL,fire_heat
2026-01-01 08:33:25,L11,main_tunnel,0.8414,56.15,0.4729,19.519,34.69,76.86,CRITICAL,fire_heat
2026-01-01 08:33:30,L11,main_tunnel,0.8477,56.3,0.4717,19.52,34.85,77.0,CRITICAL,fire_heat
2026-01-01 08:33:35,L11,main_tunnel,0.8247,57.14,0.4704,19.519,35.02,76.62,CRITICAL,fire_heat
2026-01-01 08:33:40,L11,main_tunnel,0.8275,57.77,0.4728,19.521,35.18,76.63,CRITICAL,fire_heat
2026-01-01 08:33:45,L11,main_tunnel,0.8037,57.82,0.4724,19.515,35.18,76.64,CRITICAL,fire_heat
2026-01-01 08:33:50,L11,main_tunnel,0.8168,58.46,0.4724,19.523,35.31,76.07,CRITICAL,fire_heat
2026-01-01 08:33:55,L11,main_tunnel,0.8073,59.59,0.471,19.52,35.2,76.27,CRITICAL,fire_heat
2026-01-01 08:34:00,L11,main_tunnel,0.8055,59.13,0.4724,19.523,35.58,75.97,CRITICAL,fire_heat
2026-01-01 08:34:05,L11,main_tunnel,0.7958,58.97,0.4714,19.525,35.65,75.83,CRITICAL,fire_heat
2026-01-01 08:34:10,L11,main_tunnel,0.7812,60.45,0.4734,19.522,35.6,75.78,CRITICAL,fire_heat
2026-01-01 08:34:15,L11,main_tunnel,0.7675,60.66,0.4726,19.527,35.8,75.46,CRITICAL,fire_heat
2026-01-01 08:34:20,L11,main_tunnel,0.765,60.3,0.4726,19.526,35.9,75.26,CRITICAL,fire_heat
2026-01-01 08:34:25,L11,main_tunnel,0.7508,61.54,0.4716,19.53,36.08,75.03,CRITICAL,fire_heat
2026-01-01 08:34:30,L11,main_tunnel,0.7501,61.41,0.4746,19.526,36.03,75.29,CRITICAL,fire_heat
2026-01-01 08:34:35,L11,main_tunnel,0.753,62.39,0.4733,19.526,36.08,74.93,CRITICAL,fire_heat
2026-01-01 08:34:40,L11,main_tunnel,0.7434,63.37,0.4738,19.529,36.21,74.91,CRITICAL,fire_heat
2026-01-01 08:34:45,L11,main_tunnel,0.7358,62.99,0.473,19.531,36.44,74.62,CRITICAL,fire_heat
2026-01-01 08:34:50,L11,main_tunnel,0.7256,63.89,0.4721,19.532,36.28,74.39,CRITICAL,fire_heat
2026-01-01 08:34:55,L11,main_tunnel,0.7125,63.42,0.4735,19.53,36.28,74.49,CRITICAL,fire_heat
2026-01-01 08:35:00,L11,main_tunnel,0.7195,63.73,0.4738,19.53,36.76,74.3,CRITICAL,fire_heat
2026-01-01 08:35:05,L11,main_tunnel,0.7145,65.51,0.4747,19.533,36.8,74.08,CRITICAL,fire_heat
2026-01-01 08:35:10,L11,main_tunnel,0.6988,65.27,0.4741,19.535,36.88,74.0,CRITICAL,fire_heat
2026-01-01 08:35:15,L11,main_tunnel,0.6956,65.82,0.4739,19.535,36.86,73.69,CRITICAL,fire_heat
2026-01-01 08:35:20,L11,main_tunnel,0.7033,66.44,0.4731,19.538,36.92,73.81,CRITICAL,fire_heat
2026-01-01 08:35:25,L11,main_tunnel,0.6944,66.21,0.475,19.535,37.13,73.7,CRITICAL,fire_heat
2026-01-01 08:35:30,L11,main_tunnel,0.67,67.15,0.4742,19.534,37.33,73.48,CRITICAL,fire_heat
2026-01-01 08:35:35,L11,main_tunnel,0.6732,67.51,0.4767,19.54,37.34,73.19,CRITICAL,fire_heat
2026-01-01 08:35:40,L11,main_tunnel,0.6773,67.18,0.4755,19.539,37.59,73.1,CRITICAL,fire_heat
2026-01-01 08:35:45,L11,main_tunnel,0.6596,68.68,0.4761,19.54,37.51,73.15,CRITICAL,fire_heat
2026-01-01 08:35:50,L11,main_tunnel,0.6529,69.02,0.4753,19.541,37.66,72.97,CRITICAL,fire_heat
2026-01-01 08:35:55,L11,main_tunnel,0.6558,68.44,0.476,19.543,37.88,72.92,CRITICAL,fire_heat
2026-01-01 08:36:00,L11,main_tunnel,0.6487,69.43,0.4749,19.541,37.88,72.4,CRITICAL,fire_heat
2026-01-01 08:36:05,L11,main_tunnel,0.642,69.68,0.4747,19.544,37.99,72.25,CRITICAL,fire_heat
2026-01-01 08:36:10,L11,main_tunnel,0.6494,69.86,0.475,19.538,37.97,72.23,CRITICAL,combined_hazard
2026-01-01 08:36:15,L11,main_tunnel,0.6447,69.71,0.4803,19.536,37.94,72.56,CRITICAL,combined_hazard
2026-01-01 08:36:20,L11,main_tunnel,0.6426,69.67,0.4774,19.522,37.98,72.8,CRITICAL,combined_hazard
2026-01-01 08:36:25,L11,main_tunnel,0.654,69.13,0.486,19.507,37.96,72.89,CRITICAL,combined_hazard
2026-01-01 08:36:30,L11,main_tunnel,0.6787,69.39,0.4904,19.504,37.8,73.35,CRITICAL,combined_hazard
2026-01-01 08:36:35,L11,main_tunnel,0.7187,69.4,0.4945,19.474,37.89,73.42,CRITICAL,combined_hazard
2026-01-01 08:36:40,L11,main_tunnel,0.6857,68.96,0.5011,19.474,37.74,73.73,CRITICAL,combined_hazard
2026-01-01 08:36:45,L11,main_tunnel,0.7029,68.83,0.4966,19.442,37.78,73.75,CRITICAL,combined_hazard
2026-01-01 08:36:50,L11,main_tunnel,0.7426,68.95,0.5022,19.447,37.72,74.28,CRITICAL,combined_hazard
2026-01-01 08:36:55,L11,main_tunnel,0.7213,68.56,0.5172,19.428,37.7,74.23,CRITICAL,combined_hazard
2026-01-01 08:37:00,L11,main_tunnel,0.7416,68.47,0.5059,19.408,37.59,74.92,CRITICAL,combined_hazard
2026-01-01 08:37:05,L11,main_tunnel,0.7672,68.45,0.5226,19.391,37.52,74.74,CRITICAL,combined_hazard
2026-01-01 08:37:10,L11,main_tunnel,0.7466,68.21,0.5218,19.4,37.52,74.99,CRITICAL,combined_hazard
2026-01-01 08:37:15,L11,main_tunnel,0.7636,68.29,0.5284,19.366,37.53,75.36,CRITICAL,combined_hazard
2026-01-01 08:37:20,L11,main_tunnel,0.7719,67.97,0.5391,19.322,37.55,75.63,CRITICAL,combined_hazard
2026-01-01 08:37:25,L11,main_tunnel,0.7707,67.98,0.5349,19.324,37.4,75.87,CRITICAL,combined_hazard
2026-01-01 08:37:30,L11,main_tunnel,0.8144,67.85,0.5425,19.301,37.4,76.28,CRITICAL,combined_hazard
2026-01-01 08:37:35,L11,main_tunnel,0.8011,67.89,0.5437,19.322,37.33,76.26,CRITICAL,combined_hazard
2026-01-01 08:37:40,L11,main_tunnel,0.808,67.71,0.5469,19.295,37.32,76.32,CRITICAL,combined_hazard
2026-01-01 08:37:45,L11,main_tunnel,0.8228,67.39,0.5502,19.292,37.21,76.44,CRITICAL,combined_hazard
2026-01-01 08:37:50,L11,main_tunnel,0.8478,67.18,0.5587,19.234,37.3,76.75,CRITICAL,combined_hazard
2026-01-01 08:37:55,L11,main_tunnel,0.8491,67.31,0.5557,19.248,37.21,77.32,CRITICAL,combined_hazard
2026-01-01 08:38:00,L11,main_tunnel,0.8494,67.01,0.5577,19.195,37.2,76.92,CRITICAL,combined_hazard
2026-01-01 08:38:05,L11,main_tunnel,0.8725,66.92,0.5676,19.177,37.12,77.26,CRITICAL,combined_hazard
2026-01-01 08:38:10,L11,main_tunnel,0.887,66.71,0.5721,19.181,37.1,77.61,CRITICAL,combined_hazard
2026-01-01 08:38:15,L11,main_tunnel,0.888,66.8,0.5663,19.195,37.09,77.7,CRITICAL,combined_hazard
2026-01-01 08:38:20,L11,main_tunnel,0.8959,66.52,0.5791,19.142,37.02,78.01,CRITICAL,combined_hazard
2026-01-01 08:38:25,L11,main_tunnel,0.9195,66.47,0.5771,19.142,36.98,78.71,CRITICAL,combined_hazard
2026-01-01 08:38:30,L11,main_tunnel,0.9167,66.35,0.5901,19.146,36.9,78.47,CRITICAL,combined_hazard
2026-01-01 08:38:35,L11,main_tunnel,0.9462,66.25,0.5822,19.126,36.88,78.85,CRITICAL,combined_hazard
2026-01-01 08:38:40,L11,main_tunnel,0.9306,66.19,0.6043,19.132,36.82,78.62,CRITICAL,combined_hazard
2026-01-01 08:38:45,L11,main_tunnel,0.9405,65.95,0.5973,19.083,36.79,78.96,CRITICAL,combined_hazard
2026-01-01 08:38:50,L11,main_tunnel,0.9492,65.77,0.5987,19.062,36.83,79.62,CRITICAL,combined_hazard
2026-01-01 08:38:55,L11,main_tunnel,0.9666,65.52,0.6055,19.037,36.81,80.0,CRITICAL,combined_hazard
2026-01-01 08:39:00,L11,main_tunnel,0.9793,65.63,0.6135,19.033,36.65,79.91,CRITICAL,combined_hazard
2026-01-01 08:39:05,L11,main_tunnel,0.975,65.48,0.6191,19.007,36.68,80.02,CRITICAL,combined_hazard
2026-01-01 08:39:10,L11,main_tunnel,1.0005,65.29,0.6174,18.981,36.61,80.41,CRITICAL,combined_hazard
2026-01-01 08:39:15,L11,main_tunnel,1.0157,65.26,0.6157,19.025,36.64,79.96,CRITICAL,combined_hazard
2026-01-01 08:39:20,L11,main_tunnel,1.0038,65.23,0.6208,18.98,36.55,80.79,CRITICAL,combined_hazard
2026-01-01 08:39:25,L11,main_tunnel,1.0241,65.14,0.632,19.005,36.51,80.74,CRITICAL,combined_hazard
2026-01-01 08:39:30,L11,main_tunnel,1.0461,64.7,0.6394,18.937,36.44,81.36,CRITICAL,combined_hazard
2026-01-01 08:39:35,L11,main_tunnel,1.0382,64.72,0.644,18.928,36.37,80.93,CRITICAL,combined_hazard
2026-01-01 08:39:40,L11,main_tunnel,1.0567,64.75,0.6434,18.908,36.42,81.49,CRITICAL,combined_hazard
2026-01-01 08:39:45,L11,main_tunnel,1.082,64.71,0.6512,18.896,36.37,81.84,CRITICAL,combined_hazard
2026-01-01 08:39:50,L11,main_tunnel,1.0998,64.3,0.6598,18.904,36.33,81.9,CRITICAL,combined_hazard
2026-01-01 08:39:55,L11,main_tunnel,1.0952,64.44,0.6602,18.885,36.25,82.21,CRITICAL,combined_hazard
2026-01-01 08:40:00,L11,main_tunnel,1.0987,63.99,0.6629,18.875,36.23,82.7,CRITICAL,combined_hazard
2026-01-01 08:40:05,L11,main_tunnel,1.1052,64.17,0.6584,18.867,36.23,82.72,CRITICAL,combined_hazard
2026-01-01 08:40:10,L11,main_tunnel,1.1306,63.87,0.671,18.849,36.2,82.75,CRITICAL,combined_hazard
2026-01-01 08:40:15,L11,main_tunnel,1.1432,63.97,0.6725,18.801,36.08,83.37,CRITICAL,combined_hazard
2026-01-01 08:40:20,L11,main_tunnel,1.1284,63.61,0.6774,18.794,36.06,83.45,CRITICAL,combined_hazard
2026-01-01 08:40:25,L11,main_tunnel,1.161,63.5,0.6844,18.789,35.99,83.68,CRITICAL,combined_hazard
2026-01-01 08:40:30,L11,main_tunnel,1.1546,63.4,0.6839,18.83,36.01,83.64,CRITICAL,combined_hazard
2026-01-01 08:40:35,L11,main_tunnel,1.162,63.11,0.6856,18.769,36.0,83.5,CRITICAL,combined_hazard
2026-01-01 08:40:40,L11,main_tunnel,1.1797,62.96,0.6849,18.744,35.92,84.08,CRITICAL,combined_hazard
2026-01-01 08:40:45,L11,main_tunnel,1.2023,63.11,0.6926,18.738,35.86,84.28,CRITICAL,combined_hazard
2026-01-01 08:40:50,L11,main_tunnel,1.205,63.05,0.6991,18.704,35.84,84.58,CRITICAL,combined_hazard
2026-01-01 08:40:55,L11,main_tunnel,1.2148,62.88,0.7034,18.702,35.9,84.75,CRITICAL,combined_hazard
2026-01-01 08:41:00,L11,main_tunnel,1.2257,62.53,0.7072,18.698,35.82,85.18,CRITICAL,combined_hazard
2026-01-01 08:41:05,L11,main_tunnel,1.237,62.62,0.7146,18.668,35.76,85.57,CRITICAL,combined_hazard
2026-01-01 08:41:10,L11,main_tunnel,1.2408,62.32,0.7181,18.642,35.71,85.83,CRITICAL,combined_hazard
2026-01-01 08:41:15,L11,main_tunnel,1.259,62.37,0.7176,18.638,35.66,86.0,CRITICAL,combined_hazard
2026-01-01 08:41:20,L11,main_tunnel,1.2551,62.33,0.7177,18.619,35.58,85.84,CRITICAL,combined_hazard
2026-01-01 08:41:25,L11,main_tunnel,1.2794,62.12,0.7277,18.588,35.54,86.27,CRITICAL,combined_hazard
2026-01-01 08:41:30,L11,main_tunnel,1.2918,62.13,0.7407,18.586,35.52,86.82,CRITICAL,combined_hazard
2026-01-01 08:41:35,L11,main_tunnel,1.3002,61.81,0.7353,18.558,35.46,86.36,CRITICAL,combined_hazard
2026-01-01 08:00:00,L12,ventilation_area,0.1235,6.52,0.0941,20.71,27.55,71.6,SAFE,normal
2026-01-01 08:00:05,L12,ventilation_area,0.1255,6.48,0.0918,20.709,27.55,71.69,SAFE,normal
2026-01-01 08:00:10,L12,ventilation_area,0.1248,6.53,0.0955,20.711,27.66,71.56,SAFE,normal
2026-01-01 08:00:15,L12,ventilation_area,0.1272,6.61,0.0904,20.708,27.72,71.39,SAFE,normal
2026-01-01 08:00:20,L12,ventilation_area,0.1278,6.6,0.091,20.714,27.73,71.45,SAFE,normal
2026-01-01 08:00:25,L12,ventilation_area,0.1327,6.58,0.0921,20.707,27.77,71.24,SAFE,normal
2026-01-01 08:00:30,L12,ventilation_area,0.1293,6.7,0.0943,20.713,27.76,71.14,SAFE,normal
2026-01-01 08:00:35,L12,ventilation_area,0.1299,6.72,0.0907,20.712,27.82,71.11,SAFE,normal
2026-01-01 08:00:40,L12,ventilation_area,0.1346,6.74,0.0899,20.715,27.84,71.14,SAFE,normal
2026-01-01 08:00:45,L12,ventilation_area,0.1319,6.75,0.0916,20.716,27.88,71.1,SAFE,normal
2026-01-01 08:00:50,L12,ventilation_area,0.1361,6.82,0.0904,20.715,27.94,70.92,SAFE,normal
2026-01-01 08:00:55,L12,ventilation_area,0.1361,6.83,0.0913,20.713,27.98,70.76,SAFE,normal
2026-01-01 08:01:00,L12,ventilation_area,0.1376,6.87,0.0902,20.719,27.96,70.71,SAFE,normal
2026-01-01 08:01:05,L12,ventilation_area,0.1444,6.87,0.089,20.723,27.96,70.67,SAFE,normal
2026-01-01 08:01:10,L12,ventilation_area,0.1431,6.89,0.0926,20.72,28.04,70.58,SAFE,normal
2026-01-01 08:01:15,L12,ventilation_area,0.1439,6.9,0.086,20.723,28.07,70.61,SAFE,normal
2026-01-01 08:01:20,L12,ventilation_area,0.1441,6.91,0.0915,20.725,28.12,70.65,SAFE,normal
2026-01-01 08:01:25,L12,ventilation_area,0.1427,6.98,0.0902,20.72,28.17,70.51,SAFE,normal
2026-01-01 08:01:30,L12,ventilation_area,0.1461,7.01,0.088,20.723,28.12,70.31,SAFE,normal
2026-01-01 08:01:35,L12,ventilation_area,0.1481,7.01,0.0909,20.723,28.19,70.27,SAFE,normal
2026-01-01 08:01:40,L12,ventilation_area,0.1485,7.07,0.0868,20.724,28.21,70.21,SAFE,normal
2026-01-01 08:01:45,L12,ventilation_area,0.1496,7.07,0.0894,20.73,28.32,70.2,SAFE,normal
2026-01-01 08:01:50,L12,ventilation_area,0.1498,7.13,0.0855,20.728,28.31,70.2,SAFE,normal
2026-01-01 08:01:55,L12,ventilation_area,0.1526,7.11,0.0864,20.73,28.33,70.0,SAFE,normal
2026-01-01 08:02:00,L12,ventilation_area,0.1521,7.13,0.0862,20.729,28.4,70.06,SAFE,normal
2026-01-01 08:02:05,L12,ventilation_area,0.1561,7.18,0.0864,20.728,28.4,70.03,SAFE,normal
2026-01-01 08:02:10,L12,ventilation_area,0.1514,7.24,0.0871,20.732,28.45,69.79,SAFE,normal
2026-01-01 08:02:15,L12,ventilation_area,0.1601,7.21,0.0859,20.734,28.54,69.72,SAFE,normal
2026-01-01 08:02:20,L12,ventilation_area,0.1555,7.3,0.0842,20.733,28.57,69.65,SAFE,normal
2026-01-01 08:02:25,L12,ventilation_area,0.1574,7.26,0.087,20.734,28.54,69.61,SAFE,normal
2026-01-01 08:02:30,L12,ventilation_area,0.1619,7.32,0.0863,20.732,28.58,69.51,SAFE,normal
2026-01-01 08:02:35,L12,ventilation_area,0.1634,7.32,0.0865,20.736,28.6,69.52,SAFE,normal
2026-01-01 08:02:40,L12,ventilation_area,0.1681,7.31,0.086,20.738,28.59,69.29,SAFE,normal
2026-01-01 08:02:45,L12,ventilation_area,0.1655,7.42,0.0867,20.737,28.72,69.29,SAFE,normal
2026-01-01 08:02:50,L12,ventilation_area,0.166,7.43,0.0852,20.734,28.8,69.27,SAFE,normal
2026-01-01 08:02:55,L12,ventilation_area,0.1678,7.43,0.0863,20.741,28.74,69.24,SAFE,normal
2026-01-01 08:03:00,L12,ventilation_area,0.1722,7.48,0.0839,20.738,28.76,69.25,SAFE,normal
2026-01-01 08:03:05,L12,ventilation_area,0.1753,7.53,0.0838,20.741,28.81,68.95,SAFE,normal
2026-01-01 08:03:10,L12,ventilation_area,0.1709,7.54,0.0861,20.743,28.86,68.92,SAFE,normal
2026-01-01 08:03:15,L12,ventilation_area,0.1737,7.57,0.0858,20.744,28.85,68.75,SAFE,normal
2026-01-01 08:03:20,L12,ventilation_area,0.1737,7.59,0.0847,20.739,28.91,68.75,SAFE,normal
2026-01-01 08:03:25,L12,ventilation_area,0.1749,7.62,0.0827,20.744,28.99,68.64,SAFE,normal
2026-01-01 08:03:30,L12,ventilation_area,0.1805,7.64,0.0824,20.744,28.99,68.65,SAFE,normal
2026-01-01 08:03:35,L12,ventilation_area,0.1757,7.67,0.0849,20.748,29.06,68.6,SAFE,normal
2026-01-01 08:03:40,L12,ventilation_area,0.1739,7.69,0.0846,20.747,29.07,68.57,SAFE,normal
2026-01-01 08:03:45,L12,ventilation_area,0.181,7.71,0.0828,20.749,29.05,68.45,SAFE,normal
2026-01-01 08:03:50,L12,ventilation_area,0.1842,7.76,0.0855,20.749,29.1,68.43,SAFE,normal
2026-01-01 08:03:55,L12,ventilation_area,0.1833,7.78,0.083,20.748,29.16,68.34,SAFE,normal
2026-01-01 08:04:00,L12,ventilation_area,0.1852,7.8,0.0809,20.75,29.15,68.19,SAFE,normal
2026-01-01 08:04:05,L12,ventilation_area,0.1871,7.87,0.0816,20.753,29.18,68.08,SAFE,normal
2026-01-01 08:04:10,L12,ventilation_area,0.187,7.91,0.0818,20.749,29.22,68.15,SAFE,normal
2026-01-01 08:04:15,L12,ventilation_area,0.1892,7.91,0.0816,20.754,29.31,68.15,SAFE,normal
2026-01-01 08:04:20,L12,ventilation_area,0.1905,7.94,0.0828,20.752,29.31,68.14,SAFE,normal
2026-01-01 08:04:25,L12,ventilation_area,0.1863,7.94,0.0799,20.752,29.4,67.97,SAFE,normal
2026-01-01 08:04:30,L12,ventilation_area,0.1921,8.02,0.0793,20.756,29.36,67.93,SAFE,normal
2026-01-01 08:04:35,L12,ventilation_area,0.1897,8.06,0.0814,20.754,29.35,67.79,SAFE,normal
2026-01-01 08:04:40,L12,ventilation_area,0.1944,8.04,0.0798,20.757,29.46,67.71,SAFE,normal
2026-01-01 08:04:45,L12,ventilation_area,0.1947,8.06,0.0831,20.756,29.55,67.63,SAFE,normal
2026-01-01 08:04:50,L12,ventilation_area,0.1993,8.11,0.0811,20.754,29.53,67.54,SAFE,normal
2026-01-01 08:04:55,L12,ventilation_area,0.1988,8.13,0.0791,20.76,29.52,67.52,SAFE,normal
2026-01-01 08:05:00,L12,ventilation_area,0.2006,8.14,0.081,20.76,29.54,67.37,SAFE,normal
2026-01-01 08:05:05,L12,ventilation_area,0.2005,8.2,0.0802,20.757,29.67,67.33,SAFE,normal
2026-01-01 08:05:10,L12,ventilation_area,0.2103,8.25,0.0794,20.774,29.63,67.51,SAFE,methane_buildup
2026-01-01 08:05:15,L12,ventilation_area,0.2106,8.25,0.078,20.76,29.66,67.72,SAFE,methane_buildup
2026-01-01 08:05:20,L12,ventilation_area,0.2314,8.25,0.0827,20.735,29.64,67.8,SAFE,methane_buildup
2026-01-01 08:05:25,L12,ventilation_area,0.2318,8.31,0.0798,20.737,29.66,67.83,SAFE,methane_buildup
2026-01-01 08:05:30,L12,ventilation_area,0.2259,8.31,0.0873,20.695,29.67,68.27,SAFE,methane_buildup
2026-01-01 08:05:35,L12,ventilation_area,0.2688,8.35,0.0865,20.693,29.69,68.26,SAFE,methane_buildup
2026-01-01 08:05:40,L12,ventilation_area,0.2782,8.35,0.0887,20.691,29.69,68.74,SAFE,methane_buildup
2026-01-01 08:05:45,L12,ventilation_area,0.2993,8.4,0.0916,20.618,29.7,69.15,SAFE,methane_buildup
2026-01-01 08:05:50,L12,ventilation_area,0.2988,8.53,0.0926,20.649,29.71,69.59,SAFE,methane_buildup
2026-01-01 08:05:55,L12,ventilation_area,0.2918,8.46,0.0924,20.638,29.72,69.22,SAFE,methane_buildup
2026-01-01 08:06:00,L12,ventilation_area,0.3226,8.51,0.0979,20.588,29.74,69.64,SAFE,methane_buildup
2026-01-01 08:06:05,L12,ventilation_area,0.3468,8.56,0.0989,20.602,29.73,69.81,SAFE,methane_buildup
2026-01-01 08:06:10,L12,ventilation_area,0.3541,8.6,0.0942,20.572,29.74,70.22,SAFE,methane_buildup
2026-01-01 08:06:15,L12,ventilation_area,0.3587,8.64,0.0996,20.575,29.78,70.07,SAFE,methane_buildup
2026-01-01 08:06:20,L12,ventilation_area,0.3525,8.65,0.0991,20.553,29.75,70.43,SAFE,methane_buildup
2026-01-01 08:06:25,L12,ventilation_area,0.3725,8.71,0.1002,20.526,29.79,70.5,SAFE,methane_buildup
2026-01-01 08:06:30,L12,ventilation_area,0.4032,8.77,0.1063,20.541,29.8,70.79,SAFE,methane_buildup
2026-01-01 08:06:35,L12,ventilation_area,0.3893,8.81,0.1055,20.504,29.83,71.2,SAFE,methane_buildup
2026-01-01 08:06:40,L12,ventilation_area,0.418,8.79,0.1078,20.499,29.82,71.94,SAFE,methane_buildup
2026-01-01 08:06:45,L12,ventilation_area,0.4347,8.86,0.1081,20.5,29.86,71.89,SAFE,methane_buildup
2026-01-01 08:06:50,L12,ventilation_area,0.4606,8.84,0.1123,20.453,29.86,72.06,SAFE,methane_buildup
2026-01-01 08:06:55,L12,ventilation_area,0.4663,8.88,0.1146,20.451,29.85,72.57,SAFE,methane_buildup
2026-01-01 08:07:00,L12,ventilation_area,0.4828,8.9,0.1199,20.429,29.87,72.6,SAFE,methane_buildup
2026-01-01 08:07:05,L12,ventilation_area,0.487,8.97,0.1157,20.418,29.9,72.86,SAFE,methane_buildup
2026-01-01 08:07:10,L12,ventilation_area,0.4853,8.98,0.1142,20.438,29.89,72.89,SAFE,methane_buildup
2026-01-01 08:07:15,L12,ventilation_area,0.5004,8.99,0.1181,20.399,29.91,73.09,SAFE,methane_buildup
2026-01-01 08:07:20,L12,ventilation_area,0.5088,9.07,0.1231,20.382,29.94,73.18,SAFE,methane_buildup
2026-01-01 08:07:25,L12,ventilation_area,0.5397,9.06,0.1207,20.37,29.92,73.56,SAFE,methane_buildup
2026-01-01 08:07:30,L12,ventilation_area,0.5362,9.19,0.1205,20.354,29.95,73.87,SAFE,methane_buildup
2026-01-01 08:07:35,L12,ventilation_area,0.5522,9.16,0.1239,20.307,29.94,74.24,SAFE,methane_buildup
2026-01-01 08:07:40,L12,ventilation_area,0.5696,9.25,0.1261,20.352,29.93,74.39,SAFE,methane_buildup
2026-01-01 08:07:45,L12,ventilation_area,0.6017,9.23,0.1263,20.283,29.99,74.56,SAFE,methane_buildup
2026-01-01 08:07:50,L12,ventilation_area,0.6019,9.25,0.1311,20.314,29.99,74.67,SAFE,methane_buildup
2026-01-01 08:07:55,L12,ventilation_area,0.5967,9.36,0.132,20.283,30.0,75.19,SAFE,methane_buildup
2026-01-01 08:08:00,L12,ventilation_area,0.6203,9.36,0.1358,20.262,30.0,75.23,SAFE,methane_buildup
2026-01-01 08:08:05,L12,ventilation_area,0.6509,9.45,0.1343,20.24,30.01,75.65,SAFE,methane_buildup
2026-01-01 08:08:10,L12,ventilation_area,0.6505,9.41,0.1384,20.268,30.04,75.4,SAFE,methane_buildup
2026-01-01 08:08:15,L12,ventilation_area,0.6357,9.44,0.1374,20.224,30.05,76.12,SAFE,methane_buildup
2026-01-01 08:08:20,L12,ventilation_area,0.6563,9.52,0.1374,20.201,30.05,76.45,SAFE,methane_buildup
2026-01-01 08:08:25,L12,ventilation_area,0.6677,9.56,0.1405,20.178,30.07,76.65,SAFE,methane_buildup
2026-01-01 08:08:30,L12,ventilation_area,0.7097,9.56,0.1394,20.162,30.09,76.71,SAFE,methane_buildup
2026-01-01 08:08:35,L12,ventilation_area,0.7197,9.7,0.1494,20.157,30.1,77.19,SAFE,methane_buildup
2026-01-01 08:08:40,L12,ventilation_area,0.709,9.62,0.147,20.128,30.09,76.95,SAFE,methane_buildup
2026-01-01 08:08:45,L12,ventilation_area,0.721,9.62,0.1463,20.137,30.09,77.44,SAFE,methane_buildup
2026-01-01 08:08:50,L12,ventilation_area,0.7418,9.67,0.1489,20.103,30.13,77.66,SAFE,methane_buildup
2026-01-01 08:08:55,L12,ventilation_area,0.7544,9.72,0.1454,20.112,30.12,78.16,WARNING,methane_buildup
2026-01-01 08:09:00,L12,ventilation_area,0.754,9.82,0.1566,20.097,30.13,77.73,WARNING,methane_buildup
2026-01-01 08:09:05,L12,ventilation_area,0.775,9.79,0.1579,20.067,30.17,78.17,WARNING,methane_buildup
2026-01-01 08:09:10,L12,ventilation_area,0.7725,9.89,0.1565,20.062,30.18,79.02,WARNING,methane_buildup
2026-01-01 08:09:15,L12,ventilation_area,0.8182,9.88,0.1586,20.048,30.18,78.35,WARNING,methane_buildup
2026-01-01 08:09:20,L12,ventilation_area,0.7933,9.94,0.1563,20.003,30.17,79.29,WARNING,methane_buildup
2026-01-01 08:09:25,L12,ventilation_area,0.8055,9.95,0.1581,20.034,30.22,79.19,WARNING,methane_buildup
2026-01-01 08:09:30,L12,ventilation_area,0.8448,9.98,0.1585,19.991,30.22,79.64,WARNING,methane_buildup
2026-01-01 08:09:35,L12,ventilation_area,0.8366,10.03,0.1639,19.99,30.22,80.12,DANGER,methane_buildup
2026-01-01 08:09:40,L12,ventilation_area,0.8579,10.02,0.1685,19.975,30.23,80.11,DANGER,methane_buildup
2026-01-01 08:09:45,L12,ventilation_area,0.8771,10.06,0.1665,19.914,30.24,80.6,DANGER,methane_buildup
2026-01-01 08:09:50,L12,ventilation_area,0.8968,10.12,0.1699,19.926,30.25,80.42,DANGER,methane_buildup
2026-01-01 08:09:55,L12,ventilation_area,0.8981,10.21,0.1731,19.933,30.29,80.68,DANGER,methane_buildup
2026-01-01 08:10:00,L12,ventilation_area,0.9349,10.13,0.1683,19.907,30.27,81.16,DANGER,methane_buildup
2026-01-01 08:10:05,L12,ventilation_area,0.9254,10.15,0.1784,19.901,30.28,81.13,DANGER,methane_buildup
2026-01-01 08:10:10,L12,ventilation_area,0.9523,10.24,0.1783,19.878,30.32,81.59,DANGER,methane_buildup
2026-01-01 08:10:15,L12,ventilation_area,0.9534,10.32,0.1784,19.88,30.3,81.96,DANGER,methane_buildup
2026-01-01 08:10:20,L12,ventilation_area,0.9473,10.4,0.1771,19.857,30.34,81.54,DANGER,co_buildup
2026-01-01 08:10:25,L12,ventilation_area,0.9399,12.17,0.179,19.867,30.37,81.88,DANGER,co_buildup
2026-01-01 08:10:30,L12,ventilation_area,0.9313,12.58,0.1768,19.868,30.38,81.27,DANGER,co_buildup
2026-01-01 08:10:35,L12,ventilation_area,0.9113,12.74,0.1758,19.873,30.39,81.46,DANGER,co_buildup
2026-01-01 08:10:40,L12,ventilation_area,0.904,14.24,0.1758,19.874,30.53,81.14,DANGER,co_buildup
2026-01-01 08:10:45,L12,ventilation_area,0.8822,14.3,0.1756,19.882,30.46,81.22,DANGER,co_buildup
2026-01-01 08:10:50,L12,ventilation_area,0.879,17.78,0.1745,19.884,30.58,80.74,DANGER,co_buildup
2026-01-01 08:10:55,L12,ventilation_area,0.8564,16.84,0.1752,19.882,30.54,80.41,DANGER,co_buildup
2026-01-01 08:11:00,L12,ventilation_area,0.8636,17.9,0.1768,19.893,30.68,80.48,DANGER,co_buildup
2026-01-01 08:11:05,L12,ventilation_area,0.8492,19.17,0.1764,19.892,30.72,80.12,DANGER,co_buildup
2026-01-01 08:11:10,L12,ventilation_area,0.8303,18.83,0.1735,19.906,30.65,80.55,DANGER,co_buildup
2026-01-01 08:11:15,L12,ventilation_area,0.8491,21.87,0.1758,19.904,30.78,80.11,DANGER,co_buildup
2026-01-01 08:11:20,L12,ventilation_area,0.8158,20.78,0.1749,19.922,30.82,79.98,DANGER,co_buildup
2026-01-01 08:11:25,L12,ventilation_area,0.8107,21.54,0.1745,19.919,30.87,79.83,DANGER,co_buildup
2026-01-01 08:11:30,L12,ventilation_area,0.7895,23.43,0.174,19.918,30.9,79.47,DANGER,co_buildup
2026-01-01 08:11:35,L12,ventilation_area,0.781,23.41,0.172,19.925,30.89,79.39,DANGER,co_buildup
2026-01-01 08:11:40,L12,ventilation_area,0.7782,26.83,0.1724,19.916,30.96,79.27,DANGER,co_buildup
2026-01-01 08:11:45,L12,ventilation_area,0.76,26.22,0.1737,19.935,31.07,79.38,DANGER,co_buildup
2026-01-01 08:11:50,L12,ventilation_area,0.7528,24.57,0.1709,19.93,31.01,78.79,DANGER,co_buildup
2026-01-01 08:11:55,L12,ventilation_area,0.7507,28.49,0.1708,19.939,31.1,78.7,DANGER,co_buildup
2026-01-01 08:12:00,L12,ventilation_area,0.7251,29.75,0.1722,19.939,31.18,78.6,DANGER,co_buildup
2026-01-01 08:12:05,L12,ventilation_area,0.7052,29.85,0.1706,19.943,31.14,78.4,DANGER,co_buildup
2026-01-01 08:12:10,L12,ventilation_area,0.6921,29.99,0.1723,19.949,31.16,78.14,DANGER,co_buildup
2026-01-01 08:12:15,L12,ventilation_area,0.7138,32.03,0.1701,19.955,31.21,77.81,DANGER,co_buildup
2026-01-01 08:12:20,L12,ventilation_area,0.6973,32.65,0.1711,19.958,31.31,77.78,DANGER,co_buildup
2026-01-01 08:12:25,L12,ventilation_area,0.6833,33.17,0.1709,19.962,31.29,78.04,DANGER,co_buildup
2026-01-01 08:12:30,L12,ventilation_area,0.6603,34.04,0.1697,19.959,31.37,77.73,DANGER,co_buildup
2026-01-01 08:12:35,L12,ventilation_area,0.6394,36.05,0.1697,19.981,31.47,77.7,DANGER,co_buildup
2026-01-01 08:12:40,L12,ventilation_area,0.6401,37.65,0.1689,19.975,31.46,77.34,DANGER,co_buildup
2026-01-01 08:12:45,L12,ventilation_area,0.6312,38.22,0.1695,19.98,31.47,77.26,DANGER,co_buildup
2026-01-01 08:12:50,L12,ventilation_area,0.6088,37.26,0.168,19.981,31.55,77.35,DANGER,co_buildup
2026-01-01 08:12:55,L12,ventilation_area,0.5941,40.25,0.1687,19.982,31.58,77.19,DANGER,co_buildup
2026-01-01 08:13:00,L12,ventilation_area,0.5803,41.33,0.1696,19.991,31.64,76.95,DANGER,co_buildup
2026-01-01 08:13:05,L12,ventilation_area,0.5956,42.82,0.167,19.996,31.73,76.69,DANGER,co_buildup
2026-01-01 08:13:10,L12,ventilation_area,0.5642,41.73,0.1676,20.005,31.72,76.58,WARNING,co_buildup
2026-01-01 08:13:15,L12,ventilation_area,0.5699,43.46,0.1686,20.012,31.83,76.41,WARNING,co_buildup
2026-01-01 08:13:20,L12,ventilation_area,0.5511,44.95,0.1651,20.013,31.81,76.18,WARNING,co_buildup
2026-01-01 08:13:25,L12,ventilation_area,0.5511,44.95,0.1697,20.002,31.8,76.0,WARNING,co_buildup
2026-01-01 08:13:30,L12,ventilation_area,0.5373,46.84,0.1684,20.012,31.96,76.06,WARNING,co_buildup
2026-01-01 08:13:35,L12,ventilation_area,0.5201,47.29,0.165,20.02,31.91,75.57,WARNING,co_buildup
2026-01-01 08:13:40,L12,ventilation_area,0.5131,47.52,0.164,20.021,31.91,75.8,WARNING,co_buildup
2026-01-01 08:13:45,L12,ventilation_area,0.4995,48.54,0.1664,20.026,32.09,75.4,WARNING,co_buildup
2026-01-01 08:13:50,L12,ventilation_area,0.483,51.24,0.1647,20.021,32.01,75.11,DANGER,co_buildup
2026-01-01 08:13:55,L12,ventilation_area,0.4896,50.24,0.167,20.039,32.05,75.06,DANGER,co_buildup
2026-01-01 08:14:00,L12,ventilation_area,0.4632,51.04,0.166,20.03,32.1,74.86,DANGER,co_buildup
2026-01-01 08:14:05,L12,ventilation_area,0.456,53.3,0.1654,20.035,32.17,74.75,DANGER,co_buildup
2026-01-01 08:14:10,L12,ventilation_area,0.4304,53.93,0.1643,20.042,32.24,74.6,DANGER,co_buildup
2026-01-01 08:14:15,L12,ventilation_area,0.438,53.76,0.1667,20.05,32.14,74.44,DANGER,co_buildup
2026-01-01 08:14:20,L12,ventilation_area,0.4173,55.4,0.1654,20.047,32.32,74.33,DANGER,co_buildup
2026-01-01 08:14:25,L12,ventilation_area,0.4078,56.09,0.165,20.054,32.3,74.21,DANGER,co_buildup
2026-01-01 08:14:30,L12,ventilation_area,0.3929,57.19,0.1655,20.068,32.35,74.18,DANGER,co_buildup
2026-01-01 08:14:35,L12,ventilation_area,0.3898,60.9,0.1624,20.066,32.47,73.88,DANGER,co_buildup
2026-01-01 08:14:40,L12,ventilation_area,0.3581,59.39,0.165,20.073,32.46,73.81,DANGER,co_buildup
2026-01-01 08:14:45,L12,ventilation_area,0.3768,59.83,0.1629,20.069,32.51,73.61,DANGER,co_buildup
2026-01-01 08:14:50,L12,ventilation_area,0.3579,63.31,0.1633,20.079,32.53,73.54,DANGER,co_buildup
2026-01-01 08:14:55,L12,ventilation_area,0.3422,63.27,0.1625,20.082,32.6,73.31,DANGER,co_buildup
2026-01-01 08:15:00,L12,ventilation_area,0.3193,64.08,0.1601,20.083,32.68,73.06,DANGER,co_buildup
2026-01-01 08:15:05,L12,ventilation_area,0.3302,63.67,0.1633,20.091,32.56,72.87,DANGER,co_buildup
2026-01-01 08:15:10,L12,ventilation_area,0.3075,66.38,0.1596,20.086,32.74,72.88,DANGER,co_buildup
2026-01-01 08:15:15,L12,ventilation_area,0.3179,67.0,0.1604,20.101,32.8,72.88,DANGER,co_buildup
2026-01-01 08:15:20,L12,ventilation_area,0.2979,67.37,0.1608,20.101,32.8,72.51,DANGER,co_buildup
2026-01-01 08:15:25,L12,ventilation_area,0.2985,66.7,0.1587,20.106,32.79,72.29,DANGER,co_buildup
2026-01-01 08:15:30,L12,ventilation_area,0.2797,69.22,0.1652,20.104,32.82,72.42,DANGER,low_oxygen
2026-01-01 08:15:35,L12,ventilation_area,0.2809,68.15,0.1601,20.03,32.81,72.45,DANGER,low_oxygen
2026-01-01 08:15:40,L12,ventilation_area,0.2816,65.73,0.1629,20.062,32.8,72.46,DANGER,low_oxygen
2026-01-01 08:15:45,L12,ventilation_area,0.2817,64.96,0.1644,20.027,32.79,72.62,DANGER,low_oxygen
2026-01-01 08:15:50,L12,ventilation_area,0.2834,66.08,0.1687,20.032,32.78,72.61,DANGER,low_oxygen
2026-01-01 08:15:55,L12,ventilation_area,0.2856,62.99,0.1697,19.944,32.78,72.77,DANGER,low_oxygen
2026-01-01 08:16:00,L12,ventilation_area,0.2844,63.45,0.1718,19.965,32.75,72.87,DANGER,low_oxygen
2026-01-01 08:16:05,L12,ventilation_area,0.2874,60.84,0.1707,19.977,32.74,72.78,DANGER,low_oxygen
2026-01-01 08:16:10,L12,ventilation_area,0.2873,61.14,0.1785,19.933,32.75,73.13,DANGER,low_oxygen
2026-01-01 08:16:15,L12,ventilation_area,0.2878,60.98,0.1752,19.917,32.72,73.02,DANGER,low_oxygen
2026-01-01 08:16:20,L12,ventilation_area,0.291,59.65,0.1811,19.878,32.71,73.18,DANGER,low_oxygen
2026-01-01 08:16:25,L12,ventilation_area,0.29,59.23,0.1878,19.81,32.71,73.31,DANGER,low_oxygen
2026-01-01 08:16:30,L12,ventilation_area,0.2912,57.01,0.1792,19.827,32.68,73.45,DANGER,low_oxygen
2026-01-01 08:16:35,L12,ventilation_area,0.2952,56.48,0.184,19.809,32.69,73.37,DANGER,low_oxygen
2026-01-01 08:16:40,L12,ventilation_area,0.2921,56.64,0.1845,19.752,32.67,73.32,DANGER,low_oxygen
2026-01-01 08:16:45,L12,ventilation_area,0.2974,55.96,0.1918,19.75,32.67,73.67,DANGER,low_oxygen
2026-01-01 08:16:50,L12,ventilation_area,0.2949,54.73,0.1875,19.664,32.64,73.57,DANGER,low_oxygen
2026-01-01 08:16:55,L12,ventilation_area,0.2943,54.45,0.1906,19.698,32.65,73.77,DANGER,low_oxygen
2026-01-01 08:17:00,L12,ventilation_area,0.2962,51.57,0.1922,19.672,32.62,73.86,DANGER,low_oxygen
2026-01-01 08:17:05,L12,ventilation_area,0.2982,51.64,0.1931,19.69,32.63,73.67,DANGER,low_oxygen
2026-01-01 08:17:10,L12,ventilation_area,0.3012,52.58,0.197,19.621,32.6,73.87,DANGER,low_oxygen
2026-01-01 08:17:15,L12,ventilation_area,0.3013,51.3,0.197,19.605,32.62,74.03,DANGER,low_oxygen
2026-01-01 08:17:20,L12,ventilation_area,0.3008,49.95,0.1997,19.586,32.59,73.95,DANGER,low_oxygen
2026-01-01 08:17:25,L12,ventilation_area,0.3038,48.48,0.2007,19.55,32.6,74.13,DANGER,low_oxygen
2026-01-01 08:17:30,L12,ventilation_area,0.2991,48.55,0.2003,19.556,32.56,74.31,DANGER,low_oxygen
2026-01-01 08:17:35,L12,ventilation_area,0.3038,47.23,0.2029,19.471,32.55,74.38,DANGER,low_oxygen
2026-01-01 08:17:40,L12,ventilation_area,0.3047,44.86,0.2067,19.519,32.56,74.49,DANGER,low_oxygen
2026-01-01 08:17:45,L12,ventilation_area,0.3056,45.97,0.2084,19.469,32.52,74.58,DANGER,low_oxygen
2026-01-01 08:17:50,L12,ventilation_area,0.303,43.66,0.2118,19.475,32.52,74.5,DANGER,low_oxygen
2026-01-01 08:17:55,L12,ventilation_area,0.305,44.08,0.2151,19.36,32.52,74.61,DANGER,low_oxygen
2026-01-01 08:18:00,L12,ventilation_area,0.3074,41.37,0.2107,19.343,32.5,74.84,DANGER,low_oxygen
2026-01-01 08:18:05,L12,ventilation_area,0.3105,43.03,0.2141,19.368,32.5,74.98,DANGER,low_oxygen
2026-01-01 08:18:10,L12,ventilation_area,0.3128,40.72,0.2149,19.363,32.49,74.87,DANGER,low_oxygen
2026-01-01 08:18:15,L12,ventilation_area,0.3091,39.21,0.2143,19.315,32.46,75.04,DANGER,low_oxygen
2026-01-01 08:18:20,L12,ventilation_area,0.3088,38.69,0.2203,19.317,32.48,75.16,DANGER,low_oxygen
2026-01-01 08:18:25,L12,ventilation_area,0.3135,38.11,0.2225,19.303,32.44,75.2,DANGER,low_oxygen
2026-01-01 08:18:30,L12,ventilation_area,0.3176,37.52,0.2195,19.272,32.45,75.24,DANGER,low_oxygen
2026-01-01 08:18:35,L12,ventilation_area,0.3157,37.7,0.223,19.235,32.44,75.29,DANGER,low_oxygen
2026-01-01 08:18:40,L12,ventilation_area,0.3133,35.87,0.2244,19.212,32.42,75.57,DANGER,low_oxygen
2026-01-01 08:18:45,L12,ventilation_area,0.3206,33.27,0.2235,19.172,32.4,75.51,DANGER,low_oxygen
2026-01-01 08:18:50,L12,ventilation_area,0.3176,33.16,0.2289,19.161,32.41,75.61,DANGER,low_oxygen
2026-01-01 08:18:55,L12,ventilation_area,0.3158,35.42,0.2278,19.115,32.38,75.68,DANGER,low_oxygen
2026-01-01 08:19:00,L12,ventilation_area,0.3215,32.52,0.2328,19.097,32.4,75.68,DANGER,low_oxygen
2026-01-01 08:19:05,L12,ventilation_area,0.3174,32.3,0.2348,19.103,32.39,75.82,DANGER,low_oxygen
2026-01-01 08:19:10,L12,ventilation_area,0.3187,30.47,0.2368,19.057,32.38,75.88,DANGER,low_oxygen
2026-01-01 08:19:15,L12,ventilation_area,0.322,29.07,0.2386,19.027,32.36,75.95,DANGER,low_oxygen
2026-01-01 08:19:20,L12,ventilation_area,0.3215,28.63,0.2431,19.031,32.34,76.08,DANGER,low_oxygen
2026-01-01 08:19:25,L12,ventilation_area,0.3225,28.25,0.2389,19.006,32.33,76.07,DANGER,low_oxygen
2026-01-01 08:19:30,L12,ventilation_area,0.3234,26.94,0.2407,18.968,32.32,76.13,DANGER,low_oxygen
2026-01-01 08:19:35,L12,ventilation_area,0.3262,27.95,0.246,18.946,32.31,76.34,DANGER,low_oxygen
2026-01-01 08:19:40,L12,ventilation_area,0.3209,25.12,0.2457,18.935,32.3,76.34,DANGER,low_oxygen
2026-01-01 08:19:45,L12,ventilation_area,0.3264,23.92,0.2506,18.924,32.3,76.43,DANGER,low_oxygen
2026-01-01 08:19:50,L12,ventilation_area,0.3262,24.52,0.2508,18.883,32.28,76.4,DANGER,low_oxygen
2026-01-01 08:19:55,L12,ventilation_area,0.3263,23.77,0.256,18.828,32.25,76.69,DANGER,low_oxygen
2026-01-01 08:20:00,L12,ventilation_area,0.3271,22.21,0.2526,18.827,32.25,76.74,DANGER,low_oxygen
2026-01-01 08:20:05,L12,ventilation_area,0.3246,20.87,0.2507,18.799,32.26,76.83,DANGER,low_oxygen
2026-01-01 08:20:10,L12,ventilation_area,0.3288,19.0,0.2571,18.761,32.22,76.89,DANGER,low_oxygen
2026-01-01 08:20:15,L12,ventilation_area,0.3334,20.59,0.2577,18.772,32.24,76.82,DANGER,low_oxygen
2026-01-01 08:20:20,L12,ventilation_area,0.3335,19.46,0.261,18.75,32.21,77.03,DANGER,low_oxygen
2026-01-01 08:20:25,L12,ventilation_area,0.3325,17.59,0.263,18.73,32.2,77.05,DANGER,low_oxygen
2026-01-01 08:20:30,L12,ventilation_area,0.3312,17.12,0.2616,18.667,32.2,77.1,DANGER,low_oxygen
2026-01-01 08:20:35,L12,ventilation_area,0.336,16.05,0.2621,18.67,32.2,77.29,DANGER,low_oxygen
2026-01-01 08:20:40,L12,ventilation_area,0.3339,16.22,0.2673,18.613,32.22,77.2,DANGER,co2_buildup
2026-01-01 08:20:45,L12,ventilation_area,0.3386,16.28,0.266,18.667,31.89,77.4,DANGER,co2_buildup
2026-01-01 08:20:50,L12,ventilation_area,0.3426,16.32,0.2733,18.699,31.99,77.35,DANGER,co2_buildup
2026-01-01 08:20:55,L12,ventilation_area,0.3376,16.38,0.2748,18.689,31.97,77.47,DANGER,co2_buildup
2026-01-01 08:21:00,L12,ventilation_area,0.3363,16.37,0.2762,18.786,31.88,77.54,DANGER,co2_buildup
2026-01-01 08:21:05,L12,ventilation_area,0.3417,16.4,0.2756,18.751,31.77,77.52,DANGER,co2_buildup
2026-01-01 08:21:10,L12,ventilation_area,0.3471,16.42,0.2848,18.822,31.77,77.61,DANGER,co2_buildup
2026-01-01 08:21:15,L12,ventilation_area,0.3518,16.46,0.2863,18.811,31.6,77.67,DANGER,co2_buildup
2026-01-01 08:21:20,L12,ventilation_area,0.3516,16.57,0.2825,18.895,31.49,77.78,DANGER,co2_buildup
2026-01-01 08:21:25,L12,ventilation_area,0.3532,16.54,0.2875,18.878,31.58,77.82,DANGER,co2_buildup
2026-01-01 08:21:30,L12,ventilation_area,0.3494,16.58,0.2838,18.897,31.5,77.84,DANGER,co2_buildup
2026-01-01 08:21:35,L12,ventilation_area,0.3512,16.57,0.2919,18.945,31.31,77.96,DANGER,co2_buildup
2026-01-01 08:21:40,L12,ventilation_area,0.3516,16.65,0.2987,18.934,31.27,78.03,DANGER,co2_buildup
2026-01-01 08:21:45,L12,ventilation_area,0.355,16.69,0.2989,18.995,31.26,78.18,DANGER,co2_buildup
2026-01-01 08:21:50,L12,ventilation_area,0.3608,16.74,0.3026,18.994,31.12,78.14,DANGER,co2_buildup
2026-01-01 08:21:55,L12,ventilation_area,0.3643,16.76,0.3138,19.016,31.08,78.2,DANGER,co2_buildup
2026-01-01 08:22:00,L12,ventilation_area,0.3627,16.77,0.3154,19.052,31.0,78.29,DANGER,co2_buildup
2026-01-01 08:22:05,L12,ventilation_area,0.3629,16.8,0.3119,19.053,30.87,78.27,DANGER,co2_buildup
2026-01-01 08:22:10,L12,ventilation_area,0.3625,16.84,0.3203,19.098,30.85,78.29,DANGER,co2_buildup
2026-01-01 08:22:15,L12,ventilation_area,0.3667,16.88,0.3248,19.134,30.67,78.43,DANGER,co2_buildup
2026-01-01 08:22:20,L12,ventilation_area,0.3692,16.95,0.3256,19.097,30.69,78.58,DANGER,co2_buildup
2026-01-01 08:22:25,L12,ventilation_area,0.3666,16.98,0.3273,19.2,30.58,78.65,DANGER,co2_buildup
2026-01-01 08:22:30,L12,ventilation_area,0.3744,17.0,0.3332,19.218,30.49,78.53,DANGER,co2_buildup
2026-01-01 08:22:35,L12,ventilation_area,0.3727,17.08,0.3349,19.18,30.35,78.74,DANGER,co2_buildup
2026-01-01 08:22:40,L12,ventilation_area,0.3777,16.96,0.3305,19.201,30.37,78.64,DANGER,co2_buildup
2026-01-01 08:22:45,L12,ventilation_area,0.3771,17.07,0.3372,19.291,30.29,78.86,DANGER,co2_buildup
2026-01-01 08:22:50,L12,ventilation_area,0.3796,17.12,0.3388,19.314,30.15,78.92,DANGER,co2_buildup
2026-01-01 08:22:55,L12,ventilation_area,0.3788,17.13,0.348,19.335,30.02,78.86,DANGER,co2_buildup
2026-01-01 08:23:00,L12,ventilation_area,0.3814,17.16,0.3446,19.311,29.94,79.08,DANGER,co2_buildup
2026-01-01 08:23:05,L12,ventilation_area,0.3856,17.16,0.3469,19.411,29.96,79.19,DANGER,co2_buildup
2026-01-01 08:23:10,L12,ventilation_area,0.3854,17.24,0.3564,19.375,29.92,79.14,DANGER,co2_buildup
2026-01-01 08:23:15,L12,ventilation_area,0.3846,17.32,0.3565,19.423,29.96,79.22,DANGER,co2_buildup
2026-01-01 08:23:20,L12,ventilation_area,0.3894,17.35,0.3662,19.447,29.75,79.36,DANGER,co2_buildup
2026-01-01 08:23:25,L12,ventilation_area,0.3918,17.33,0.3582,19.503,29.56,79.27,WARNING,co2_buildup
2026-01-01 08:23:30,L12,ventilation_area,0.396,17.4,0.3624,19.493,29.58,79.33,DANGER,co2_buildup
2026-01-01 08:23:35,L12,ventilation_area,0.3972,17.47,0.3714,19.524,29.61,79.41,WARNING,co2_buildup
2026-01-01 08:23:40,L12,ventilation_area,0.3958,17.41,0.3654,19.537,29.4,79.53,WARNING,co2_buildup
2026-01-01 08:23:45,L12,ventilation_area,0.3962,17.49,0.3779,19.535,29.45,79.59,WARNING,co2_buildup
2026-01-01 08:23:50,L12,ventilation_area,0.3987,17.54,0.3716,19.533,29.3,79.62,WARNING,co2_buildup
2026-01-01 08:23:55,L12,ventilation_area,0.3997,17.56,0.3812,19.612,29.26,79.7,WARNING,co2_buildup
2026-01-01 08:24:00,L12,ventilation_area,0.404,17.63,0.3751,19.602,29.27,79.74,WARNING,co2_buildup
2026-01-01 08:24:05,L12,ventilation_area,0.4071,17.58,0.385,19.668,28.93,79.81,WARNING,co2_buildup
2026-01-01 08:24:10,L12,ventilation_area,0.4093,17.63,0.3827,19.687,29.05,79.86,WARNING,co2_buildup
2026-01-01 08:24:15,L12,ventilation_area,0.4068,17.72,0.3978,19.711,28.9,79.92,WARNING,co2_buildup
2026-01-01 08:24:20,L12,ventilation_area,0.4082,17.68,0.3896,19.708,28.77,79.91,WARNING,co2_buildup
2026-01-01 08:24:25,L12,ventilation_area,0.4102,17.8,0.3935,19.78,28.75,80.08,WARNING,co2_buildup
2026-01-01 08:24:30,L12,ventilation_area,0.408,17.82,0.4014,19.792,28.8,80.04,WARNING,co2_buildup
2026-01-01 08:24:35,L12,ventilation_area,0.4116,17.86,0.4002,19.777,28.7,80.26,WARNING,co2_buildup
2026-01-01 08:24:40,L12,ventilation_area,0.4163,17.86,0.4079,19.877,28.39,80.25,WARNING,co2_buildup
2026-01-01 08:24:45,L12,ventilation_area,0.419,17.92,0.4056,19.848,28.4,80.34,WARNING,co2_buildup
2026-01-01 08:24:50,L12,ventilation_area,0.421,17.9,0.4083,19.847,28.45,80.38,WARNING,co2_buildup
2026-01-01 08:24:55,L12,ventilation_area,0.4195,17.96,0.414,19.884,28.3,80.45,WARNING,co2_buildup
2026-01-01 08:25:00,L12,ventilation_area,0.4219,18.01,0.4125,19.891,28.22,80.61,WARNING,co2_buildup
2026-01-01 08:25:05,L12,ventilation_area,0.4242,18.01,0.4214,19.982,28.04,80.52,WARNING,co2_buildup
2026-01-01 08:25:10,L12,ventilation_area,0.4256,18.09,0.4261,19.999,28.02,80.56,WARNING,co2_buildup
2026-01-01 08:25:15,L12,ventilation_area,0.4301,18.08,0.4279,20.016,27.9,80.73,WARNING,co2_buildup
2026-01-01 08:25:20,L12,ventilation_area,0.4267,18.16,0.4311,20.036,27.8,80.76,WARNING,co2_buildup
2026-01-01 08:25:25,L12,ventilation_area,0.4288,18.24,0.4246,20.076,27.76,80.87,WARNING,co2_buildup
2026-01-01 08:25:30,L12,ventilation_area,0.4327,18.17,0.4329,20.066,27.7,80.95,WARNING,co2_buildup
2026-01-01 08:25:35,L12,ventilation_area,0.4316,18.25,0.4367,20.105,27.64,80.91,WARNING,co2_buildup
2026-01-01 08:25:40,L12,ventilation_area,0.432,18.23,0.4458,20.101,27.56,81.07,WARNING,co2_buildup
2026-01-01 08:25:45,L12,ventilation_area,0.4347,18.29,0.4413,20.14,27.61,81.04,WARNING,co2_buildup
2026-01-01 08:25:50,L12,ventilation_area,0.425,17.96,0.4415,20.116,27.59,81.25,WARNING,ventilation_failure
2026-01-01 08:25:55,L12,ventilation_area,0.4342,18.74,0.4383,20.103,27.68,81.35,WARNING,ventilation_failure
2026-01-01 08:26:00,L12,ventilation_area,0.4723,19.09,0.4394,20.106,27.71,81.32,WARNING,ventilation_failure
2026-01-01 08:26:05,L12,ventilation_area,0.4699,20.57,0.4379,20.07,27.79,81.54,WARNING,ventilation_failure
2026-01-01 08:26:10,L12,ventilation_area,0.5001,21.08,0.4407,20.05,27.74,82.06,WARNING,ventilation_failure
2026-01-01 08:26:15,L12,ventilation_area,0.4933,21.23,0.4382,20.057,28.01,82.05,WARNING,ventilation_failure
2026-01-01 08:26:20,L12,ventilation_area,0.5282,22.77,0.4331,20.017,27.98,82.24,WARNING,ventilation_failure
2026-01-01 08:26:25,L12,ventilation_area,0.513,22.65,0.4366,20.055,28.0,82.53,WARNING,ventilation_failure
2026-01-01 08:26:30,L12,ventilation_area,0.5549,23.2,0.4322,19.987,28.15,82.74,DANGER,ventilation_failure
2026-01-01 08:26:35,L12,ventilation_area,0.5513,23.73,0.433,19.973,28.27,83.16,DANGER,ventilation_failure
2026-01-01 08:26:40,L12,ventilation_area,0.5664,23.51,0.4321,19.965,28.33,83.1,DANGER,ventilation_failure
2026-01-01 08:26:45,L12,ventilation_area,0.5615,24.29,0.427,19.914,28.29,83.56,DANGER,ventilation_failure
2026-01-01 08:26:50,L12,ventilation_area,0.595,25.33,0.4275,19.932,28.49,83.7,DANGER,ventilation_failure
2026-01-01 08:26:55,L12,ventilation_area,0.6077,25.92,0.4238,19.911,28.51,83.5,DANGER,ventilation_failure
2026-01-01 08:27:00,L12,ventilation_area,0.6067,26.85,0.4255,19.88,28.62,84.09,DANGER,ventilation_failure
2026-01-01 08:27:05,L12,ventilation_area,0.5968,26.76,0.4221,19.873,28.61,83.73,DANGER,ventilation_failure
2026-01-01 08:27:10,L12,ventilation_area,0.6216,27.74,0.4227,19.857,28.81,84.28,DANGER,ventilation_failure
2026-01-01 08:27:15,L12,ventilation_area,0.6339,28.34,0.4226,19.856,28.83,84.75,DANGER,ventilation_failure
2026-01-01 08:27:20,L12,ventilation_area,0.6653,28.95,0.4189,19.857,28.97,84.87,DANGER,ventilation_failure
2026-01-01 08:27:25,L12,ventilation_area,0.6664,29.47,0.416,19.775,28.86,84.74,DANGER,ventilation_failure
2026-01-01 08:27:30,L12,ventilation_area,0.679,29.29,0.4146,19.752,28.94,85.08,DANGER,ventilation_failure
2026-01-01 08:27:35,L12,ventilation_area,0.6898,29.42,0.4065,19.759,29.1,85.0,DANGER,ventilation_failure
2026-01-01 08:27:40,L12,ventilation_area,0.727,30.72,0.4102,19.702,29.29,85.45,DANGER,ventilation_failure
2026-01-01 08:27:45,L12,ventilation_area,0.7218,31.52,0.4126,19.732,29.4,86.03,DANGER,ventilation_failure
2026-01-01 08:27:50,L12,ventilation_area,0.736,31.76,0.4113,19.704,29.28,86.02,DANGER,ventilation_failure
2026-01-01 08:27:55,L12,ventilation_area,0.7383,32.95,0.4059,19.69,29.42,86.37,DANGER,ventilation_failure
2026-01-01 08:28:00,L12,ventilation_area,0.7578,34.15,0.4065,19.66,29.5,86.55,DANGER,ventilation_failure
2026-01-01 08:28:05,L12,ventilation_area,0.7585,34.55,0.4043,19.651,29.61,86.76,DANGER,ventilation_failure
2026-01-01 08:28:10,L12,ventilation_area,0.787,34.99,0.4049,19.637,29.7,87.16,DANGER,ventilation_failure
2026-01-01 08:28:15,L12,ventilation_area,0.781,35.86,0.407,19.613,29.64,87.14,DANGER,ventilation_failure
2026-01-01 08:28:20,L12,ventilation_area,0.8165,35.42,0.4021,19.567,29.79,87.56,DANGER,ventilation_failure
2026-01-01 08:28:25,L12,ventilation_area,0.8106,36.26,0.3974,19.576,29.72,87.12,DANGER,ventilation_failure
2026-01-01 08:28:30,L12,ventilation_area,0.8436,37.42,0.3974,19.588,30.0,88.02,DANGER,ventilation_failure
2026-01-01 08:28:35,L12,ventilation_area,0.8676,37.42,0.3994,19.54,29.99,87.77,DANGER,ventilation_failure
2026-01-01 08:28:40,L12,ventilation_area,0.8565,38.04,0.3914,19.52,30.0,88.02,DANGER,ventilation_failure
2026-01-01 08:28:45,L12,ventilation_area,0.8849,39.85,0.3918,19.527,30.19,88.3,DANGER,ventilation_failure
2026-01-01 08:28:50,L12,ventilation_area,0.8903,39.49,0.3935,19.468,30.21,88.85,CRITICAL,ventilation_failure
2026-01-01 08:28:55,L12,ventilation_area,0.8759,40.97,0.3934,19.478,30.4,88.68,CRITICAL,ventilation_failure
2026-01-01 08:29:00,L12,ventilation_area,0.9071,39.63,0.3904,19.435,30.33,88.94,CRITICAL,ventilation_failure
2026-01-01 08:29:05,L12,ventilation_area,0.9241,40.85,0.3861,19.445,30.62,89.09,CRITICAL,ventilation_failure
2026-01-01 08:29:10,L12,ventilation_area,0.9376,42.0,0.3873,19.421,30.6,89.53,CRITICAL,ventilation_failure
2026-01-01 08:29:15,L12,ventilation_area,0.9448,42.42,0.3856,19.381,30.7,89.84,CRITICAL,ventilation_failure
2026-01-01 08:29:20,L12,ventilation_area,0.9569,41.85,0.384,19.366,30.62,90.23,CRITICAL,ventilation_failure
2026-01-01 08:29:25,L12,ventilation_area,0.9672,43.42,0.3816,19.369,30.89,90.57,CRITICAL,ventilation_failure
2026-01-01 08:29:30,L12,ventilation_area,0.9811,45.46,0.3805,19.3,30.75,90.45,CRITICAL,ventilation_failure
2026-01-01 08:29:35,L12,ventilation_area,0.9768,44.85,0.3768,19.307,30.9,90.6,CRITICAL,ventilation_failure
2026-01-01 08:29:40,L12,ventilation_area,1.0012,45.62,0.3832,19.308,31.08,90.51,CRITICAL,ventilation_failure
2026-01-01 08:29:45,L12,ventilation_area,0.9986,45.54,0.3764,19.273,31.1,91.32,CRITICAL,ventilation_failure
2026-01-01 08:29:50,L12,ventilation_area,1.0226,46.6,0.3759,19.262,31.05,91.2,CRITICAL,ventilation_failure
2026-01-01 08:29:55,L12,ventilation_area,1.0337,47.05,0.3727,19.205,31.29,91.31,CRITICAL,ventilation_failure
2026-01-01 08:30:00,L12,ventilation_area,1.0452,48.25,0.3737,19.208,31.31,91.65,CRITICAL,ventilation_failure
2026-01-01 08:30:05,L12,ventilation_area,1.0526,48.82,0.3673,19.217,31.33,91.66,CRITICAL,ventilation_failure
2026-01-01 08:30:10,L12,ventilation_area,1.0811,49.04,0.3649,19.173,31.33,91.55,CRITICAL,ventilation_failure
2026-01-01 08:30:15,L12,ventilation_area,1.0862,49.44,0.3674,19.145,31.54,92.32,CRITICAL,ventilation_failure
2026-01-01 08:30:20,L12,ventilation_area,1.0973,49.09,0.3708,19.168,31.58,92.68,CRITICAL,ventilation_failure
2026-01-01 08:30:25,L12,ventilation_area,1.0975,49.66,0.3674,19.14,31.67,92.73,CRITICAL,ventilation_failure
2026-01-01 08:30:30,L12,ventilation_area,1.1234,51.21,0.3613,19.093,31.63,92.83,CRITICAL,ventilation_failure
2026-01-01 08:30:35,L12,ventilation_area,1.1533,52.22,0.3629,19.097,31.78,93.05,CRITICAL,ventilation_failure
2026-01-01 08:30:40,L12,ventilation_area,1.1658,53.05,0.3588,19.057,31.92,93.29,CRITICAL,ventilation_failure
2026-01-01 08:30:45,L12,ventilation_area,1.1685,52.45,0.3599,19.055,32.09,93.49,CRITICAL,ventilation_failure
2026-01-01 08:30:50,L12,ventilation_area,1.1726,52.7,0.3586,19.042,32.02,93.66,CRITICAL,ventilation_failure
2026-01-01 08:30:55,L12,ventilation_area,1.1953,54.6,0.3581,19.006,32.21,93.89,CRITICAL,ventilation_failure
2026-01-01 08:31:00,L12,ventilation_area,1.1815,53.78,0.3596,19.015,32.1,93.62,CRITICAL,fire_heat
2026-01-01 08:31:05,L12,ventilation_area,1.1752,54.51,0.36,19.027,32.14,93.81,CRITICAL,fire_heat
2026-01-01 08:31:10,L12,ventilation_area,1.1632,54.99,0.3619,19.038,32.51,93.44,CRITICAL,fire_heat
2026-01-01 08:31:15,L12,ventilation_area,1.1688,55.51,0.3651,19.029,32.77,93.59,CRITICAL,fire_heat
2026-01-01 08:31:20,L12,ventilation_area,1.1594,55.92,0.3667,19.058,32.67,93.24,CRITICAL,fire_heat
2026-01-01 08:31:25,L12,ventilation_area,1.1323,56.37,0.3695,19.05,33.07,93.01,CRITICAL,fire_heat
2026-01-01 08:31:30,L12,ventilation_area,1.1386,55.78,0.3746,19.057,32.81,92.56,CRITICAL,fire_heat
2026-01-01 08:31:35,L12,ventilation_area,1.1387,56.66,0.3752,19.052,33.18,92.94,CRITICAL,fire_heat
2026-01-01 08:31:40,L12,ventilation_area,1.115,57.5,0.3739,19.066,33.46,92.64,CRITICAL,fire_heat
2026-01-01 08:31:45,L12,ventilation_area,1.1112,57.21,0.3734,19.078,33.77,92.37,CRITICAL,fire_heat
2026-01-01 08:31:50,L12,ventilation_area,1.1061,58.34,0.3778,19.079,34.03,92.15,CRITICAL,fire_heat
2026-01-01 08:31:55,L12,ventilation_area,1.0784,58.93,0.3732,19.084,34.08,92.36,CRITICAL,fire_heat
2026-01-01 08:32:00,L12,ventilation_area,1.083,59.09,0.3833,19.089,34.33,91.8,CRITICAL,fire_heat
2026-01-01 08:32:05,L12,ventilation_area,1.0843,59.29,0.3799,19.086,34.39,91.74,CRITICAL,fire_heat
2026-01-01 08:32:10,L12,ventilation_area,1.0583,59.28,0.3883,19.092,34.66,91.72,CRITICAL,fire_heat
2026-01-01 08:32:15,L12,ventilation_area,1.0625,59.92,0.3929,19.114,34.83,91.69,CRITICAL,fire_heat
2026-01-01 08:32:20,L12,ventilation_area,1.0462,59.73,0.385,19.118,34.87,91.29,CRITICAL,fire_heat
2026-01-01 08:32:25,L12,ventilation_area,1.0309,60.31,0.3911,19.124,35.07,91.05,CRITICAL,fire_heat
2026-01-01 08:32:30,L12,ventilation_area,1.0272,60.71,0.3902,19.119,35.41,90.98,CRITICAL,fire_heat
2026-01-01 08:32:35,L12,ventilation_area,1.0144,61.36,0.3904,19.129,35.78,90.97,CRITICAL,fire_heat
2026-01-01 08:32:40,L12,ventilation_area,1.0022,61.59,0.3972,19.143,35.86,90.84,CRITICAL,fire_heat
2026-01-01 08:32:45,L12,ventilation_area,0.9991,62.2,0.4014,19.133,35.66,90.31,CRITICAL,fire_heat
2026-01-01 08:32:50,L12,ventilation_area,0.9931,62.79,0.4038,19.154,35.83,90.37,CRITICAL,fire_heat
2026-01-01 08:32:55,L12,ventilation_area,0.9821,62.62,0.4041,19.149,36.11,89.98,CRITICAL,fire_heat
2026-01-01 08:33:00,L12,ventilation_area,0.9722,63.3,0.401,19.153,36.39,90.17,CRITICAL,fire_heat
2026-01-01 08:33:05,L12,ventilation_area,0.9678,63.49,0.4082,19.164,36.56,89.94,CRITICAL,fire_heat
2026-01-01 08:33:10,L12,ventilation_area,0.9617,64.08,0.4056,19.163,36.93,89.58,CRITICAL,fire_heat
2026-01-01 08:33:15,L12,ventilation_area,0.9375,64.63,0.4079,19.164,37.12,89.78,CRITICAL,fire_heat
2026-01-01 08:33:20,L12,ventilation_area,0.9367,65.1,0.4112,19.182,37.08,89.44,CRITICAL,fire_heat
2026-01-01 08:33:25,L12,ventilation_area,0.9121,65.39,0.4192,19.19,37.22,89.27,CRITICAL,fire_heat
2026-01-01 08:33:30,L12,ventilation_area,0.9197,65.68,0.4198,19.2,37.52,89.05,CRITICAL,fire_heat
2026-01-01 08:33:35,L12,ventilation_area,0.9137,65.42,0.4212,19.202,37.79,88.91,CRITICAL,fire_heat
2026-01-01 08:33:40,L12,ventilation_area,0.9086,65.92,0.4199,19.216,37.88,88.7,CRITICAL,fire_heat
2026-01-01 08:33:45,L12,ventilation_area,0.8959,66.39,0.4233,19.218,37.9,88.48,CRITICAL,fire_heat
2026-01-01 08:33:50,L12,ventilation_area,0.8906,67.19,0.4225,19.22,38.05,88.61,CRITICAL,fire_heat
2026-01-01 08:33:55,L12,ventilation_area,0.8773,66.99,0.4325,19.224,38.14,88.2,CRITICAL,fire_heat
2026-01-01 08:34:00,L12,ventilation_area,0.8616,67.94,0.437,19.235,38.53,88.03,CRITICAL,fire_heat
2026-01-01 08:34:05,L12,ventilation_area,0.8486,68.3,0.4344,19.219,38.78,87.93,CRITICAL,fire_heat
2026-01-01 08:34:10,L12,ventilation_area,0.8475,67.91,0.4369,19.236,38.98,88.0,CRITICAL,fire_heat
2026-01-01 08:34:15,L12,ventilation_area,0.834,68.59,0.4364,19.233,39.22,87.8,CRITICAL,fire_heat
2026-01-01 08:34:20,L12,ventilation_area,0.831,69.72,0.4343,19.254,39.46,87.41,CRITICAL,fire_heat
2026-01-01 08:34:25,L12,ventilation_area,0.8187,69.98,0.4386,19.251,39.17,87.49,CRITICAL,fire_heat
2026-01-01 08:34:30,L12,ventilation_area,0.8181,69.82,0.4418,19.28,39.63,87.16,CRITICAL,fire_heat
2026-01-01 08:34:35,L12,ventilation_area,0.8058,70.13,0.4441,19.264,39.82,86.86,CRITICAL,fire_heat
2026-01-01 08:34:40,L12,ventilation_area,0.8006,70.02,0.4455,19.274,39.91,86.76,CRITICAL,fire_heat
2026-01-01 08:34:45,L12,ventilation_area,0.7916,71.77,0.4495,19.276,39.97,86.87,CRITICAL,fire_heat
2026-01-01 08:34:50,L12,ventilation_area,0.777,71.65,0.4489,19.281,40.51,86.81,CRITICAL,fire_heat
2026-01-01 08:34:55,L12,ventilation_area,0.7687,72.68,0.4598,19.282,40.36,86.39,CRITICAL,fire_heat
2026-01-01 08:35:00,L12,ventilation_area,0.7654,72.34,0.4516,19.288,40.28,86.1,CRITICAL,fire_heat
2026-01-01 08:35:05,L12,ventilation_area,0.7743,72.88,0.4602,19.288,40.81,86.01,CRITICAL,fire_heat
2026-01-01 08:35:10,L12,ventilation_area,0.734,73.48,0.4589,19.311,40.95,85.75,CRITICAL,fire_heat
2026-01-01 08:35:15,L12,ventilation_area,0.7345,74.12,0.4631,19.31,41.47,85.61,CRITICAL,fire_heat
2026-01-01 08:35:20,L12,ventilation_area,0.7143,74.1,0.4653,19.331,41.42,85.44,CRITICAL,fire_heat
2026-01-01 08:35:25,L12,ventilation_area,0.7161,74.31,0.4664,19.317,41.47,85.37,CRITICAL,fire_heat
2026-01-01 08:35:30,L12,ventilation_area,0.7012,74.7,0.4647,19.34,41.67,85.24,CRITICAL,fire_heat
2026-01-01 08:35:35,L12,ventilation_area,0.6974,74.71,0.4691,19.346,41.84,85.04,CRITICAL,fire_heat
2026-01-01 08:35:40,L12,ventilation_area,0.691,75.32,0.4726,19.35,42.42,84.87,CRITICAL,fire_heat
2026-01-01 08:35:45,L12,ventilation_area,0.6762,75.85,0.4745,19.349,42.34,84.85,CRITICAL,fire_heat
2026-01-01 08:35:50,L12,ventilation_area,0.6554,76.7,0.4733,19.351,42.18,84.55,CRITICAL,fire_heat
2026-01-01 08:35:55,L12,ventilation_area,0.6759,76.45,0.4821,19.367,42.55,84.4,CRITICAL,fire_heat
2026-01-01 08:36:00,L12,ventilation_area,0.6616,77.35,0.4732,19.36,42.76,84.24,CRITICAL,fire_heat
2026-01-01 08:36:05,L12,ventilation_area,0.6439,77.33,0.4818,19.372,42.76,84.33,CRITICAL,fire_heat
2026-01-01 08:36:10,L12,ventilation_area,0.6504,77.07,0.4865,19.338,42.93,84.1,CRITICAL,combined_hazard
2026-01-01 08:36:15,L12,ventilation_area,0.6647,77.12,0.482,19.321,42.85,84.1,CRITICAL,combined_hazard
2026-01-01 08:36:20,L12,ventilation_area,0.6594,76.69,0.4903,19.331,42.69,84.1,CRITICAL,combined_hazard
2026-01-01 08:36:25,L12,ventilation_area,0.6612,76.46,0.4912,19.327,42.44,84.09,CRITICAL,combined_hazard
2026-01-01 08:36:30,L12,ventilation_area,0.6735,76.05,0.4908,19.323,42.38,84.09,CRITICAL,combined_hazard
2026-01-01 08:36:35,L12,ventilation_area,0.6997,76.4,0.49,19.234,42.45,84.09,CRITICAL,combined_hazard
2026-01-01 08:36:40,L12,ventilation_area,0.7198,75.71,0.5009,19.242,42.23,84.08,CRITICAL,combined_hazard
2026-01-01 08:36:45,L12,ventilation_area,0.7166,75.48,0.5009,19.193,42.24,84.07,CRITICAL,combined_hazard
2026-01-01 08:36:50,L12,ventilation_area,0.705,75.75,0.499,19.174,42.08,84.07,CRITICAL,combined_hazard
2026-01-01 08:36:55,L12,ventilation_area,0.7343,75.27,0.5048,19.151,41.95,84.07,CRITICAL,combined_hazard
2026-01-01 08:37:00,L12,ventilation_area,0.7262,74.4,0.5097,19.143,41.9,84.07,CRITICAL,combined_hazard
2026-01-01 08:37:05,L12,ventilation_area,0.7411,74.98,0.5091,19.109,41.68,84.06,CRITICAL,combined_hazard
2026-01-01 08:37:10,L12,ventilation_area,0.7554,74.8,0.5119,19.162,41.68,84.06,CRITICAL,combined_hazard
2026-01-01 08:37:15,L12,ventilation_area,0.7661,74.53,0.5169,19.074,41.49,84.05,CRITICAL,combined_hazard
2026-01-01 08:37:20,L12,ventilation_area,0.7723,74.06,0.521,19.085,41.7,84.05,CRITICAL,combined_hazard
2026-01-01 08:37:25,L12,ventilation_area,0.7748,73.39,0.5179,19.026,41.2,84.04,CRITICAL,combined_hazard
2026-01-01 08:37:30,L12,ventilation_area,0.8002,73.4,0.5162,19.069,41.17,84.04,CRITICAL,combined_hazard
2026-01-01 08:37:35,L12,ventilation_area,0.7936,72.81,0.5187,19.004,41.07,84.03,CRITICAL,combined_hazard
2026-01-01 08:37:40,L12,ventilation_area,0.8202,72.71,0.5231,18.994,40.85,84.03,CRITICAL,combined_hazard
2026-01-01 08:37:45,L12,ventilation_area,0.8036,72.4,0.5247,18.94,40.96,84.03,CRITICAL,combined_hazard
2026-01-01 08:37:50,L12,ventilation_area,0.8281,72.27,0.5246,18.953,40.73,84.03,CRITICAL,combined_hazard
2026-01-01 08:37:55,L12,ventilation_area,0.823,72.21,0.5387,18.916,40.41,84.02,CRITICAL,combined_hazard
2026-01-01 08:38:00,L12,ventilation_area,0.8358,71.82,0.5367,18.878,40.63,84.02,CRITICAL,combined_hazard
2026-01-01 08:38:05,L12,ventilation_area,0.848,71.56,0.5356,18.841,40.38,84.02,CRITICAL,combined_hazard
2026-01-01 08:38:10,L12,ventilation_area,0.8771,71.36,0.5396,18.838,40.33,84.01,CRITICAL,combined_hazard
2026-01-01 08:38:15,L12,ventilation_area,0.884,71.55,0.5362,18.814,40.3,84.02,CRITICAL,combined_hazard
2026-01-01 08:38:20,L12,ventilation_area,0.8888,71.46,0.5484,18.818,40.09,84.01,CRITICAL,combined_hazard
2026-01-01 08:38:25,L12,ventilation_area,0.8896,70.58,0.5404,18.772,39.98,84.0,CRITICAL,combined_hazard
2026-01-01 08:38:30,L12,ventilation_area,0.9002,70.53,0.551,18.712,40.17,84.0,CRITICAL,combined_hazard
2026-01-01 08:38:35,L12,ventilation_area,0.9198,69.99,0.5455,18.748,39.57,83.99,CRITICAL,combined_hazard
2026-01-01 08:38:40,L12,ventilation_area,0.9233,70.14,0.5527,18.74,39.55,84.0,CRITICAL,combined_hazard
2026-01-01 08:38:45,L12,ventilation_area,0.9256,69.59,0.5606,18.652,39.47,83.99,CRITICAL,combined_hazard
2026-01-01 08:38:50,L12,ventilation_area,0.9491,69.29,0.5534,18.708,39.66,83.99,CRITICAL,combined_hazard
2026-01-01 08:38:55,L12,ventilation_area,0.9515,69.69,0.5607,18.676,39.3,83.98,CRITICAL,combined_hazard
2026-01-01 08:39:00,L12,ventilation_area,0.955,68.64,0.5657,18.609,39.28,83.98,CRITICAL,combined_hazard
2026-01-01 08:39:05,L12,ventilation_area,0.9571,68.12,0.5675,18.576,39.1,83.97,CRITICAL,combined_hazard
2026-01-01 08:39:10,L12,ventilation_area,0.9653,68.65,0.5686,18.603,39.1,83.97,CRITICAL,combined_hazard
2026-01-01 08:39:15,L12,ventilation_area,0.9764,68.13,0.5724,18.526,38.93,83.97,CRITICAL,combined_hazard
2026-01-01 08:39:20,L12,ventilation_area,0.9932,67.82,0.5711,18.52,38.85,83.97,CRITICAL,combined_hazard
2026-01-01 08:39:25,L12,ventilation_area,1.006,68.39,0.5819,18.484,38.85,83.96,CRITICAL,combined_hazard
2026-01-01 08:39:30,L12,ventilation_area,0.9927,67.66,0.5725,18.491,38.65,83.96,CRITICAL,combined_hazard
2026-01-01 08:39:35,L12,ventilation_area,0.9968,67.22,0.5841,18.502,38.42,83.96,CRITICAL,combined_hazard
2026-01-01 08:39:40,L12,ventilation_area,1.0156,66.82,0.5833,18.456,38.42,83.95,CRITICAL,combined_hazard
2026-01-01 08:39:45,L12,ventilation_area,1.03,66.85,0.5871,18.448,38.54,83.94,CRITICAL,combined_hazard
2026-01-01 08:39:50,L12,ventilation_area,1.0548,66.08,0.5901,18.395,38.23,83.95,CRITICAL,combined_hazard
2026-01-01 08:39:55,L12,ventilation_area,1.0493,66.12,0.5917,18.384,38.08,83.94,CRITICAL,combined_hazard
2026-01-01 08:40:00,L12,ventilation_area,1.0636,65.99,0.5895,18.332,37.81,83.94,CRITICAL,combined_hazard
2026-01-01 08:40:05,L12,ventilation_area,1.0743,65.8,0.5936,18.335,37.93,83.93,CRITICAL,combined_hazard
2026-01-01 08:40:10,L12,ventilation_area,1.0692,65.47,0.5921,18.299,37.83,83.93,CRITICAL,combined_hazard
2026-01-01 08:40:15,L12,ventilation_area,1.1026,65.09,0.5984,18.29,37.66,83.92,CRITICAL,combined_hazard
2026-01-01 08:40:20,L12,ventilation_area,1.0908,65.23,0.6028,18.266,37.54,83.92,CRITICAL,combined_hazard
2026-01-01 08:40:25,L12,ventilation_area,1.1217,64.37,0.6061,18.242,37.72,83.92,CRITICAL,combined_hazard
2026-01-01 08:40:30,L12,ventilation_area,1.1141,64.45,0.6078,18.275,37.4,83.92,CRITICAL,combined_hazard
2026-01-01 08:40:35,L12,ventilation_area,1.1211,64.15,0.6031,18.245,37.33,83.91,CRITICAL,combined_hazard
2026-01-01 08:40:40,L12,ventilation_area,1.1226,64.27,0.6094,18.215,37.1,83.91,CRITICAL,combined_hazard
2026-01-01 08:40:45,L12,ventilation_area,1.1445,63.67,0.6115,18.202,36.97,83.91,CRITICAL,combined_hazard
2026-01-01 08:40:50,L12,ventilation_area,1.1737,63.64,0.6117,18.171,36.94,83.9,CRITICAL,combined_hazard
2026-01-01 08:40:55,L12,ventilation_area,1.1647,63.36,0.6156,18.117,36.75,83.9,CRITICAL,combined_hazard
2026-01-01 08:41:00,L12,ventilation_area,1.1723,62.59,0.6208,18.093,36.65,83.89,CRITICAL,combined_hazard
2026-01-01 08:41:05,L12,ventilation_area,1.1722,62.77,0.6279,18.079,36.6,83.89,CRITICAL,combined_hazard
2026-01-01 08:41:10,L12,ventilation_area,1.1936,62.12,0.6224,18.047,36.38,83.89,CRITICAL,combined_hazard
2026-01-01 08:41:15,L12,ventilation_area,1.1983,62.38,0.6242,18.006,36.35,83.89,CRITICAL,combined_hazard
2026-01-01 08:41:20,L12,ventilation_area,1.2052,61.87,0.6284,18.014,36.23,83.88,CRITICAL,combined_hazard
2026-01-01 08:41:25,L12,ventilation_area,1.2197,62.09,0.6339,17.951,36.22,83.87,CRITICAL,combined_hazard
2026-01-01 08:41:30,L12,ventilation_area,1.2061,61.51,0.6392,17.967,35.94,83.87,CRITICAL,combined_hazard
2026-01-01 08:41:35,L12,ventilation_area,1.232,61.12,0.6372,17.919,35.68,83.88,CRITICAL,combined_hazard
2026-01-01 08:00:00,L13,coal_face,0.0813,7.55,0.0981,20.625,26.77,69.68,SAFE,normal
2026-01-01 08:00:05,L13,coal_face,0.0841,7.59,0.098,20.625,26.77,69.75,SAFE,normal
2026-01-01 08:00:10,L13,coal_face,0.0923,7.6,0.0968,20.63,26.77,69.84,SAFE,normal
2026-01-01 08:00:15,L13,coal_face,0.0909,7.59,0.0969,20.63,26.76,69.98,SAFE,normal
2026-01-01 08:00:20,L13,coal_face,0.0894,7.68,0.0939,20.637,26.77,70.28,SAFE,normal
2026-01-01 08:00:25,L13,coal_face,0.0961,7.66,0.0964,20.632,26.77,70.11,SAFE,normal
2026-01-01 08:00:30,L13,coal_face,0.0982,7.66,0.0957,20.637,26.76,70.33,SAFE,normal
2026-01-01 08:00:35,L13,coal_face,0.0968,7.71,0.0938,20.639,26.76,70.49,SAFE,normal
2026-01-01 08:00:40,L13,coal_face,0.1025,7.74,0.0922,20.642,26.76,70.5,SAFE,normal
2026-01-01 08:00:45,L13,coal_face,0.1046,7.78,0.0902,20.646,26.76,70.68,SAFE,normal
2026-01-01 08:00:50,L13,coal_face,0.1061,7.77,0.0919,20.647,26.76,70.59,SAFE,normal
2026-01-01 08:00:55,L13,coal_face,0.1038,7.88,0.0935,20.647,26.76,70.98,SAFE,normal
2026-01-01 08:01:00,L13,coal_face,0.1043,7.82,0.0886,20.652,26.76,71.07,SAFE,normal
2026-01-01 08:01:05,L13,coal_face,0.1049,7.88,0.0914,20.654,26.75,71.05,SAFE,normal
2026-01-01 08:01:10,L13,coal_face,0.1097,7.84,0.0885,20.655,26.76,71.08,SAFE,normal
2026-01-01 08:01:15,L13,coal_face,0.1125,7.91,0.0881,20.657,26.75,71.35,SAFE,normal
2026-01-01 08:01:20,L13,coal_face,0.1147,7.94,0.0864,20.66,26.75,71.27,SAFE,normal
2026-01-01 08:01:25,L13,coal_face,0.1173,7.93,0.0864,20.656,26.75,71.39,SAFE,normal
2026-01-01 08:01:30,L13,coal_face,0.1242,8.02,0.088,20.661,26.75,71.59,SAFE,normal
2026-01-01 08:01:35,L13,coal_face,0.1204,8.02,0.0876,20.666,26.75,71.85,SAFE,normal
2026-01-01 08:01:40,L13,coal_face,0.1232,8.02,0.0862,20.666,26.75,71.87,SAFE,normal
2026-01-01 08:01:45,L13,coal_face,0.1202,8.07,0.0846,20.668,26.75,71.85,SAFE,normal
2026-01-01 08:01:50,L13,coal_face,0.1334,8.07,0.0831,20.672,26.75,71.86,SAFE,normal
2026-01-01 08:01:55,L13,coal_face,0.1255,8.13,0.0843,20.674,26.74,72.13,SAFE,normal
2026-01-01 08:02:00,L13,coal_face,0.1292,8.15,0.0831,20.676,26.74,72.26,SAFE,normal
2026-01-01 08:02:05,L13,coal_face,0.135,8.16,0.0834,20.675,26.74,72.33,SAFE,normal
2026-01-01 08:02:10,L13,coal_face,0.1357,8.19,0.082,20.675,26.74,72.63,SAFE,normal
2026-01-01 08:02:15,L13,coal_face,0.1416,8.17,0.0815,20.683,26.74,72.54,SAFE,normal
2026-01-01 08:02:20,L13,coal_face,0.141,8.26,0.0816,20.681,26.74,72.44,SAFE,normal
2026-01-01 08:02:25,L13,coal_face,0.1407,8.25,0.0814,20.683,26.74,72.73,SAFE,normal
2026-01-01 08:02:30,L13,coal_face,0.1458,8.3,0.0821,20.685,26.74,72.92,SAFE,normal
2026-01-01 08:02:35,L13,coal_face,0.1481,8.31,0.0792,20.693,26.74,73.02,SAFE,normal
2026-01-01 08:02:40,L13,coal_face,0.145,8.34,0.08,20.692,26.73,73.07,SAFE,normal
2026-01-01 08:02:45,L13,coal_face,0.1515,8.32,0.0813,20.694,26.74,73.16,SAFE,normal
2026-01-01 08:02:50,L13,coal_face,0.1501,8.35,0.0789,20.698,26.73,73.1,SAFE,normal
2026-01-01 08:02:55,L13,coal_face,0.1524,8.45,0.0792,20.697,26.74,73.42,SAFE,normal
2026-01-01 08:03:00,L13,coal_face,0.155,8.38,0.0759,20.703,26.73,73.48,SAFE,normal
2026-01-01 08:03:05,L13,coal_face,0.1555,8.42,0.0752,20.698,26.73,73.65,SAFE,normal
2026-01-01 08:03:10,L13,coal_face,0.1573,8.47,0.0755,20.701,26.73,73.78,SAFE,normal
2026-01-01 08:03:15,L13,coal_face,0.1633,8.49,0.0751,20.703,26.73,73.96,SAFE,normal
2026-01-01 08:03:20,L13,coal_face,0.1582,8.5,0.0762,20.709,26.73,73.85,SAFE,normal
2026-01-01 08:03:25,L13,coal_face,0.1615,8.55,0.073,20.712,26.73,73.92,SAFE,normal
2026-01-01 08:03:30,L13,coal_face,0.1683,8.58,0.0734,20.711,26.73,74.1,SAFE,normal
2026-01-01 08:03:35,L13,coal_face,0.1682,8.59,0.0746,20.714,26.72,74.19,SAFE,normal
2026-01-01 08:03:40,L13,coal_face,0.1731,8.61,0.0727,20.72,26.72,74.29,SAFE,normal
2026-01-01 08:03:45,L13,coal_face,0.1733,8.63,0.0718,20.716,26.72,74.62,SAFE,normal
2026-01-01 08:03:50,L13,coal_face,0.1705,8.65,0.0716,20.721,26.72,74.6,SAFE,normal
2026-01-01 08:03:55,L13,coal_face,0.1764,8.64,0.069,20.72,26.72,74.88,SAFE,normal
2026-01-01 08:04:00,L13,coal_face,0.1796,8.71,0.0684,20.728,26.72,74.8,SAFE,normal
2026-01-01 08:04:05,L13,coal_face,0.1808,8.75,0.0672,20.728,26.72,74.79,SAFE,normal
2026-01-01 08:04:10,L13,coal_face,0.1808,8.75,0.0693,20.725,26.72,74.93,SAFE,normal
2026-01-01 08:04:15,L13,coal_face,0.1833,8.73,0.0698,20.73,26.72,75.22,SAFE,normal
2026-01-01 08:04:20,L13,coal_face,0.1844,8.79,0.069,20.727,26.72,75.11,SAFE,normal
2026-01-01 08:04:25,L13,coal_face,0.1842,8.85,0.069,20.738,26.71,75.38,SAFE,normal
2026-01-01 08:04:30,L13,coal_face,0.1858,8.82,0.069,20.743,26.71,75.4,SAFE,normal
2026-01-01 08:04:35,L13,coal_face,0.1929,8.89,0.0664,20.733,26.71,75.45,SAFE,normal
2026-01-01 08:04:40,L13,coal_face,0.1914,8.89,0.0655,20.737,26.71,75.79,SAFE,normal
2026-01-01 08:04:45,L13,coal_face,0.1974,8.92,0.0673,20.744,26.71,75.7,SAFE,normal
2026-01-01 08:04:50,L13,coal_face,0.1961,8.93,0.0634,20.745,26.71,75.78,SAFE,normal
2026-01-01 08:04:55,L13,coal_face,0.196,8.95,0.0621,20.746,26.71,75.96,SAFE,normal
2026-01-01 08:05:00,L13,coal_face,0.2005,9.03,0.0629,20.744,26.71,76.03,SAFE,normal
2026-01-01 08:05:05,L13,coal_face,0.2095,9.04,0.0621,20.752,26.7,76.4,SAFE,normal
2026-01-01 08:05:10,L13,coal_face,0.205,8.97,0.0636,20.764,26.69,76.18,SAFE,methane_buildup
2026-01-01 08:05:15,L13,coal_face,0.2061,9.04,0.0633,20.737,26.69,76.2,SAFE,methane_buildup
2026-01-01 08:05:20,L13,coal_face,0.2252,9.4,0.0677,20.741,26.75,76.21,SAFE,methane_buildup
2026-01-01 08:05:25,L13,coal_face,0.214,9.19,0.0642,20.727,26.8,76.23,SAFE,methane_buildup
2026-01-01 08:05:30,L13,coal_face,0.2446,9.3,0.0676,20.748,26.79,76.24,SAFE,methane_buildup
2026-01-01 08:05:35,L13,coal_face,0.2729,9.47,0.0662,20.723,26.83,76.26,SAFE,methane_buildup
2026-01-01 08:05:40,L13,coal_face,0.266,9.59,0.0691,20.722,26.86,76.23,SAFE,methane_buildup
2026-01-01 08:05:45,L13,coal_face,0.2677,10.19,0.069,20.708,26.92,76.26,SAFE,methane_buildup
2026-01-01 08:05:50,L13,coal_face,0.2859,10.25,0.07,20.68,26.92,76.29,SAFE,methane_buildup
2026-01-01 08:05:55,L13,coal_face,0.2957,10.14,0.0679,20.686,26.95,76.3,SAFE,methane_buildup
2026-01-01 08:06:00,L13,coal_face,0.3296,10.42,0.0735,20.681,26.97,76.3,SAFE,methane_buildup
2026-01-01 08:06:05,L13,coal_face,0.3136,10.76,0.0716,20.676,26.99,76.31,SAFE,methane_buildup
2026-01-01 08:06:10,L13,coal_face,0.3148,10.78,0.0726,20.675,27.0,76.34,SAFE,methane_buildup
2026-01-01 08:06:15,L13,coal_face,0.3379,11.13,0.0727,20.669,27.04,76.31,SAFE,methane_buildup
2026-01-01 08:06:20,L13,coal_face,0.35,10.98,0.0746,20.64,27.09,76.36,SAFE,methane_buildup
2026-01-01 08:06:25,L13,coal_face,0.3642,11.05,0.0786,20.651,27.11,76.36,SAFE,methane_buildup
2026-01-01 08:06:30,L13,coal_face,0.3765,11.14,0.0795,20.642,27.17,76.37,SAFE,methane_buildup
2026-01-01 08:06:35,L13,coal_face,0.3993,11.42,0.0809,20.649,27.18,76.39,SAFE,methane_buildup
2026-01-01 08:06:40,L13,coal_face,0.383,11.68,0.0787,20.637,27.22,76.39,SAFE,methane_buildup
2026-01-01 08:06:45,L13,coal_face,0.3924,11.71,0.082,20.625,27.16,76.41,SAFE,methane_buildup
2026-01-01 08:06:50,L13,coal_face,0.3905,11.8,0.0814,20.621,27.28,76.42,SAFE,methane_buildup
2026-01-01 08:06:55,L13,coal_face,0.4271,12.15,0.0854,20.601,27.27,76.44,SAFE,methane_buildup
2026-01-01 08:07:00,L13,coal_face,0.4212,12.19,0.0854,20.611,27.3,76.45,SAFE,methane_buildup
2026-01-01 08:07:05,L13,coal_face,0.4501,12.25,0.0843,20.597,27.34,76.44,SAFE,methane_buildup
2026-01-01 08:07:10,L13,coal_face,0.446,12.31,0.0885,20.587,27.35,76.45,SAFE,methane_buildup
2026-01-01 08:07:15,L13,coal_face,0.4794,12.52,0.0885,20.595,27.35,76.47,SAFE,methane_buildup
2026-01-01 08:07:20,L13,coal_face,0.4568,12.75,0.0859,20.581,27.44,76.5,SAFE,methane_buildup
2026-01-01 08:07:25,L13,coal_face,0.4927,12.73,0.0863,20.568,27.41,76.51,SAFE,methane_buildup
2026-01-01 08:07:30,L13,coal_face,0.5018,12.81,0.0879,20.562,27.43,76.54,WARNING,methane_buildup
2026-01-01 08:07:35,L13,coal_face,0.5082,13.05,0.0946,20.562,27.47,76.52,WARNING,methane_buildup
2026-01-01 08:07:40,L13,coal_face,0.5013,13.25,0.0906,20.555,27.5,76.56,WARNING,methane_buildup
2026-01-01 08:07:45,L13,coal_face,0.5288,13.57,0.0971,20.547,27.53,76.53,WARNING,methane_buildup
2026-01-01 08:07:50,L13,coal_face,0.5349,13.38,0.0924,20.531,27.56,76.57,WARNING,methane_buildup
2026-01-01 08:07:55,L13,coal_face,0.5248,13.71,0.0932,20.526,27.62,76.58,WARNING,methane_buildup
2026-01-01 08:08:00,L13,coal_face,0.5705,13.78,0.0981,20.521,27.63,76.59,WARNING,methane_buildup
2026-01-01 08:08:05,L13,coal_face,0.5609,13.93,0.0992,20.519,27.62,76.6,WARNING,methane_buildup
2026-01-01 08:08:10,L13,coal_face,0.5903,14.3,0.0995,20.513,27.65,76.62,WARNING,methane_buildup
2026-01-01 08:08:15,L13,coal_face,0.5845,14.25,0.1007,20.506,27.68,76.61,WARNING,methane_buildup
2026-01-01 08:08:20,L13,coal_face,0.6057,14.26,0.0989,20.499,27.71,76.65,WARNING,methane_buildup
2026-01-01 08:08:25,L13,coal_face,0.5968,14.64,0.103,20.507,27.73,76.65,WARNING,methane_buildup
2026-01-01 08:08:30,L13,coal_face,0.6183,14.77,0.1028,20.493,27.75,76.67,WARNING,methane_buildup
2026-01-01 08:08:35,L13,coal_face,0.6279,14.68,0.1027,20.489,27.81,76.67,WARNING,methane_buildup
2026-01-01 08:08:40,L13,coal_face,0.6333,14.79,0.1045,20.477,27.82,76.68,WARNING,methane_buildup
2026-01-01 08:08:45,L13,coal_face,0.638,15.14,0.1074,20.468,27.83,76.7,WARNING,methane_buildup
2026-01-01 08:08:50,L13,coal_face,0.6253,15.22,0.1071,20.463,27.89,76.73,WARNING,methane_buildup
2026-01-01 08:08:55,L13,coal_face,0.6588,15.31,0.1032,20.455,27.93,76.71,WARNING,methane_buildup
2026-01-01 08:09:00,L13,coal_face,0.6853,15.65,0.11,20.453,27.93,76.72,WARNING,methane_buildup
2026-01-01 08:09:05,L13,coal_face,0.6737,15.57,0.1109,20.434,28.01,76.75,WARNING,methane_buildup
2026-01-01 08:09:10,L13,coal_face,0.6862,15.85,0.1096,20.439,28.04,76.75,WARNING,methane_buildup
2026-01-01 08:09:15,L13,coal_face,0.6939,16.09,0.1115,20.428,28.03,76.77,WARNING,methane_buildup
2026-01-01 08:09:20,L13,coal_face,0.7214,16.03,0.1125,20.408,28.03,76.78,WARNING,methane_buildup
2026-01-01 08:09:25,L13,coal_face,0.7202,15.98,0.1095,20.415,28.08,76.8,WARNING,methane_buildup
2026-01-01 08:09:30,L13,coal_face,0.7526,16.3,0.1135,20.398,28.06,76.8,WARNING,methane_buildup
2026-01-01 08:09:35,L13,coal_face,0.7578,16.52,0.1146,20.397,28.1,76.8,WARNING,methane_buildup
2026-01-01 08:09:40,L13,coal_face,0.7626,16.77,0.1159,20.393,28.11,76.82,WARNING,methane_buildup
2026-01-01 08:09:45,L13,coal_face,0.774,16.71,0.1162,20.377,28.16,76.84,WARNING,methane_buildup
2026-01-01 08:09:50,L13,coal_face,0.7731,17.15,0.1195,20.381,28.17,76.84,WARNING,methane_buildup
2026-01-01 08:09:55,L13,coal_face,0.7834,16.89,0.1177,20.375,28.25,76.87,WARNING,methane_buildup
2026-01-01 08:10:00,L13,coal_face,0.8091,17.22,0.1219,20.373,28.24,76.88,WARNING,methane_buildup
2026-01-01 08:10:05,L13,coal_face,0.8216,17.31,0.1224,20.358,28.29,76.89,WARNING,methane_buildup
2026-01-01 08:10:10,L13,coal_face,0.8297,17.66,0.1248,20.356,28.33,76.9,WARNING,methane_buildup
2026-01-01 08:10:15,L13,coal_face,0.8277,17.43,0.1265,20.347,28.37,76.89,WARNING,methane_buildup
2026-01-01 08:10:20,L13,coal_face,0.8269,17.75,0.1239,20.346,28.3,76.98,WARNING,co_buildup
2026-01-01 08:10:25,L13,coal_face,0.8265,18.32,0.1242,20.345,28.38,76.87,WARNING,co_buildup
2026-01-01 08:10:30,L13,coal_face,0.8117,18.97,0.1237,20.329,28.39,76.76,WARNING,co_buildup
2026-01-01 08:10:35,L13,coal_face,0.8111,19.22,0.1306,20.341,28.45,76.51,WARNING,co_buildup
2026-01-01 08:10:40,L13,coal_face,0.8064,19.48,0.1316,20.329,28.47,76.64,WARNING,co_buildup
2026-01-01 08:10:45,L13,coal_face,0.7828,19.44,0.1291,20.328,28.49,76.56,WARNING,co_buildup
2026-01-01 08:10:50,L13,coal_face,0.7872,19.79,0.131,20.324,28.55,76.33,WARNING,co_buildup
2026-01-01 08:10:55,L13,coal_face,0.7622,20.07,0.1354,20.315,28.55,76.25,WARNING,co_buildup
2026-01-01 08:11:00,L13,coal_face,0.7669,20.44,0.133,20.295,28.55,76.3,WARNING,co_buildup
2026-01-01 08:11:05,L13,coal_face,0.7584,21.32,0.136,20.303,28.61,76.19,WARNING,co_buildup
2026-01-01 08:11:10,L13,coal_face,0.7513,21.45,0.1365,20.298,28.64,75.95,WARNING,co_buildup
2026-01-01 08:11:15,L13,coal_face,0.7426,22.59,0.1382,20.286,28.65,75.95,WARNING,co_buildup
2026-01-01 08:11:20,L13,coal_face,0.7332,22.33,0.1405,20.277,28.75,75.96,WARNING,co_buildup
2026-01-01 08:11:25,L13,coal_face,0.7271,22.99,0.1461,20.285,28.76,75.9,WARNING,co_buildup
2026-01-01 08:11:30,L13,coal_face,0.7233,23.27,0.1412,20.27,28.81,75.73,WARNING,co_buildup
2026-01-01 08:11:35,L13,coal_face,0.7156,23.25,0.1481,20.284,28.85,75.68,WARNING,co_buildup
2026-01-01 08:11:40,L13,coal_face,0.7064,24.6,0.1493,20.268,28.89,75.54,WARNING,co_buildup
2026-01-01 08:11:45,L13,coal_face,0.6928,24.86,0.1526,20.269,28.92,75.63,WARNING,co_buildup
2026-01-01 08:11:50,L13,coal_face,0.6985,25.31,0.1525,20.257,28.91,75.46,WARNING,co_buildup
2026-01-01 08:11:55,L13,coal_face,0.6942,25.64,0.1525,20.256,28.99,75.31,WARNING,co_buildup
2026-01-01 08:12:00,L13,coal_face,0.663,25.54,0.153,20.247,29.01,75.19,WARNING,co_buildup
2026-01-01 08:12:05,L13,coal_face,0.6671,25.96,0.1591,20.247,29.11,75.1,WARNING,co_buildup
2026-01-01 08:12:10,L13,coal_face,0.6539,26.82,0.1594,20.225,29.07,75.26,WARNING,co_buildup
2026-01-01 08:12:15,L13,coal_face,0.6575,27.64,0.1586,20.236,29.12,75.02,WARNING,co_buildup
2026-01-01 08:12:20,L13,coal_face,0.6418,27.61,0.1636,20.23,29.13,74.93,WARNING,co_buildup
2026-01-01 08:12:25,L13,coal_face,0.6344,28.24,0.1619,20.22,29.17,74.86,WARNING,co_buildup
2026-01-01 08:12:30,L13,coal_face,0.6301,28.09,0.1646,20.214,29.2,74.74,WARNING,co_buildup
2026-01-01 08:12:35,L13,coal_face,0.6156,29.11,0.1647,20.209,29.22,74.7,WARNING,co_buildup
2026-01-01 08:12:40,L13,coal_face,0.624,28.95,0.1691,20.208,29.28,74.63,WARNING,co_buildup
2026-01-01 08:12:45,L13,coal_face,0.6063,29.61,0.1669,20.208,29.32,74.55,WARNING,co_buildup
2026-01-01 08:12:50,L13,coal_face,0.6019,29.79,0.1702,20.193,29.32,74.37,WARNING,co_buildup
2026-01-01 08:12:55,L13,coal_face,0.5844,30.67,0.171,20.181,29.4,74.45,WARNING,co_buildup
2026-01-01 08:13:00,L13,coal_face,0.5773,31.09,0.1748,20.2,29.43,74.26,WARNING,co_buildup
2026-01-01 08:13:05,L13,coal_face,0.577,30.6,0.1767,20.185,29.41,74.17,WARNING,co_buildup
2026-01-01 08:13:10,L13,coal_face,0.5683,32.06,0.1746,20.173,29.44,74.09,WARNING,co_buildup
2026-01-01 08:13:15,L13,coal_face,0.5441,32.87,0.1799,20.177,29.52,73.98,WARNING,co_buildup
2026-01-01 08:13:20,L13,coal_face,0.5475,32.25,0.1769,20.171,29.52,74.0,WARNING,co_buildup
2026-01-01 08:13:25,L13,coal_face,0.5424,32.75,0.1875,20.163,29.54,73.96,WARNING,co_buildup
2026-01-01 08:13:30,L13,coal_face,0.5295,33.67,0.1825,20.153,29.66,73.76,WARNING,co_buildup
2026-01-01 08:13:35,L13,coal_face,0.5258,33.64,0.1879,20.154,29.61,73.59,WARNING,co_buildup
2026-01-01 08:13:40,L13,coal_face,0.514,34.02,0.1874,20.151,29.62,73.57,WARNING,co_buildup
2026-01-01 08:13:45,L13,coal_face,0.4881,35.15,0.1891,20.13,29.68,73.53,WARNING,co_buildup
2026-01-01 08:13:50,L13,coal_face,0.4879,34.34,0.1872,20.136,29.74,73.39,WARNING,co_buildup
2026-01-01 08:13:55,L13,coal_face,0.4989,34.96,0.1938,20.132,29.77,73.36,WARNING,co_buildup
2026-01-01 08:14:00,L13,coal_face,0.4809,35.82,0.1934,20.126,29.86,73.28,WARNING,co_buildup
2026-01-01 08:14:05,L13,coal_face,0.4765,35.47,0.196,20.12,29.81,73.24,WARNING,co_buildup
2026-01-01 08:14:10,L13,coal_face,0.467,36.35,0.1962,20.122,29.88,73.05,WARNING,co_buildup
2026-01-01 08:14:15,L13,coal_face,0.4522,36.75,0.1984,20.109,29.94,73.12,WARNING,co_buildup
2026-01-01 08:14:20,L13,coal_face,0.4472,37.67,0.1975,20.105,29.92,73.12,WARNING,co_buildup
2026-01-01 08:14:25,L13,coal_face,0.4459,37.98,0.2009,20.101,29.99,73.02,WARNING,co_buildup
2026-01-01 08:14:30,L13,coal_face,0.4388,37.49,0.2018,20.094,29.95,72.79,WARNING,co_buildup
2026-01-01 08:14:35,L13,coal_face,0.4453,38.27,0.2027,20.082,30.09,72.8,WARNING,co_buildup
2026-01-01 08:14:40,L13,coal_face,0.4153,38.69,0.2064,20.086,30.1,72.71,WARNING,co_buildup
2026-01-01 08:14:45,L13,coal_face,0.4252,39.27,0.2085,20.081,30.08,72.59,WARNING,co_buildup
2026-01-01 08:14:50,L13,coal_face,0.3963,39.35,0.2098,20.072,30.16,72.52,WARNING,co_buildup
2026-01-01 08:14:55,L13,coal_face,0.3995,40.35,0.2106,20.069,30.21,72.48,WARNING,co_buildup
2026-01-01 08:15:00,L13,coal_face,0.389,40.32,0.2134,20.046,30.16,72.41,WARNING,co_buildup
2026-01-01 08:15:05,L13,coal_face,0.3785,41.22,0.2146,20.066,30.22,72.2,WARNING,co_buildup
2026-01-01 08:15:10,L13,coal_face,0.3715,41.4,0.2158,20.059,30.31,72.24,WARNING,co_buildup
2026-01-01 08:15:15,L13,coal_face,0.3585,41.45,0.2176,20.041,30.31,72.23,WARNING,co_buildup
2026-01-01 08:15:20,L13,coal_face,0.3632,42.75,0.2217,20.04,30.35,72.08,WARNING,co_buildup
2026-01-01 08:15:25,L13,coal_face,0.3408,43.17,0.2174,20.047,30.37,72.05,WARNING,co_buildup
2026-01-01 08:15:30,L13,coal_face,0.3439,42.81,0.2202,20.038,30.34,71.72,WARNING,low_oxygen
2026-01-01 08:15:35,L13,coal_face,0.3486,42.52,0.2205,20.044,30.39,72.11,WARNING,low_oxygen
2026-01-01 08:15:40,L13,coal_face,0.3561,41.7,0.2177,20.011,30.4,72.33,WARNING,low_oxygen
2026-01-01 08:15:45,L13,coal_face,0.352,41.57,0.2205,20.017,30.45,72.46,WARNING,low_oxygen
2026-01-01 08:15:50,L13,coal_face,0.3591,41.17,0.2198,19.969,30.44,72.44,WARNING,low_oxygen
2026-01-01 08:15:55,L13,coal_face,0.3608,40.91,0.2194,19.991,30.53,72.8,WARNING,low_oxygen
2026-01-01 08:16:00,L13,coal_face,0.3628,40.6,0.2205,19.949,30.58,73.0,WARNING,low_oxygen
2026-01-01 08:16:05,L13,coal_face,0.3681,40.51,0.2181,19.958,30.55,73.42,WARNING,low_oxygen
2026-01-01 08:16:10,L13,coal_face,0.3649,39.28,0.2189,19.923,30.63,73.58,WARNING,low_oxygen
2026-01-01 08:16:15,L13,coal_face,0.3687,39.58,0.2193,19.929,30.64,73.42,WARNING,low_oxygen
2026-01-01 08:16:20,L13,coal_face,0.3735,38.69,0.2179,19.895,30.71,73.83,WARNING,low_oxygen
2026-01-01 08:16:25,L13,coal_face,0.3725,37.85,0.2164,19.908,30.65,74.01,WARNING,low_oxygen
2026-01-01 08:16:30,L13,coal_face,0.3834,37.61,0.2172,19.892,30.78,74.64,WARNING,low_oxygen
2026-01-01 08:16:35,L13,coal_face,0.3791,37.62,0.2183,19.861,30.73,74.54,WARNING,low_oxygen
2026-01-01 08:16:40,L13,coal_face,0.3871,37.32,0.218,19.863,30.81,74.49,WARNING,low_oxygen
2026-01-01 08:16:45,L13,coal_face,0.3841,36.28,0.2181,19.854,30.83,74.74,WARNING,low_oxygen
2026-01-01 08:16:50,L13,coal_face,0.3921,35.98,0.2172,19.817,30.87,75.01,WARNING,low_oxygen
2026-01-01 08:16:55,L13,coal_face,0.3869,35.66,0.2163,19.802,30.87,75.34,WARNING,low_oxygen
2026-01-01 08:17:00,L13,coal_face,0.3997,35.14,0.2178,19.789,31.0,75.56,WARNING,low_oxygen
2026-01-01 08:17:05,L13,coal_face,0.4014,34.37,0.2173,19.774,30.94,75.7,WARNING,low_oxygen
2026-01-01 08:17:10,L13,coal_face,0.3983,33.85,0.2181,19.763,30.98,75.82,WARNING,low_oxygen
2026-01-01 08:17:15,L13,coal_face,0.4,34.12,0.2164,19.775,31.1,76.03,WARNING,low_oxygen
2026-01-01 08:17:20,L13,coal_face,0.407,33.96,0.2148,19.758,31.09,76.23,WARNING,low_oxygen
2026-01-01 08:17:25,L13,coal_face,0.4029,33.71,0.2139,19.715,31.07,76.13,WARNING,low_oxygen
2026-01-01 08:17:30,L13,coal_face,0.4108,32.57,0.2163,19.717,31.14,76.64,WARNING,low_oxygen
2026-01-01 08:17:35,L13,coal_face,0.4106,32.18,0.2167,19.696,31.17,76.74,WARNING,low_oxygen
2026-01-01 08:17:40,L13,coal_face,0.4151,32.08,0.2162,19.709,31.15,76.74,WARNING,low_oxygen
2026-01-01 08:17:45,L13,coal_face,0.4164,31.87,0.2157,19.679,31.21,77.67,WARNING,low_oxygen
2026-01-01 08:17:50,L13,coal_face,0.4185,31.84,0.2143,19.652,31.27,77.49,WARNING,low_oxygen
2026-01-01 08:17:55,L13,coal_face,0.4296,31.34,0.2138,19.661,31.34,77.63,WARNING,low_oxygen
2026-01-01 08:18:00,L13,coal_face,0.4291,30.54,0.2163,19.653,31.33,77.76,WARNING,low_oxygen
2026-01-01 08:18:05,L13,coal_face,0.424,30.41,0.2154,19.62,31.36,78.15,WARNING,low_oxygen
2026-01-01 08:18:10,L13,coal_face,0.4287,29.57,0.2151,19.616,31.37,78.01,WARNING,low_oxygen
2026-01-01 08:18:15,L13,coal_face,0.4372,29.51,0.2136,19.594,31.46,78.36,WARNING,low_oxygen
2026-01-01 08:18:20,L13,coal_face,0.4402,29.06,0.2141,19.609,31.49,78.44,WARNING,low_oxygen
2026-01-01 08:18:25,L13,coal_face,0.4348,29.2,0.2151,19.574,31.52,78.94,WARNING,low_oxygen
2026-01-01 08:18:30,L13,coal_face,0.4446,28.47,0.2153,19.557,31.53,78.85,WARNING,low_oxygen
2026-01-01 08:18:35,L13,coal_face,0.4457,27.6,0.2146,19.553,31.51,79.4,WARNING,low_oxygen
2026-01-01 08:18:40,L13,coal_face,0.4408,27.21,0.2162,19.538,31.62,79.38,WARNING,low_oxygen
2026-01-01 08:18:45,L13,coal_face,0.4487,26.97,0.2138,19.536,31.62,79.73,WARNING,low_oxygen
2026-01-01 08:18:50,L13,coal_face,0.4522,26.12,0.2158,19.53,31.64,79.86,WARNING,low_oxygen
2026-01-01 08:18:55,L13,coal_face,0.4555,26.21,0.2144,19.517,31.7,80.18,WARNING,low_oxygen
2026-01-01 08:19:00,L13,coal_face,0.4534,25.84,0.2142,19.483,31.73,80.01,DANGER,low_oxygen
2026-01-01 08:19:05,L13,coal_face,0.4579,25.66,0.215,19.479,31.72,80.54,DANGER,low_oxygen
2026-01-01 08:19:10,L13,coal_face,0.461,25.32,0.213,19.481,31.77,80.24,DANGER,low_oxygen
2026-01-01 08:19:15,L13,coal_face,0.464,24.73,0.2132,19.469,31.76,80.78,WARNING,low_oxygen
2026-01-01 08:19:20,L13,coal_face,0.4666,23.7,0.212,19.424,31.85,80.87,WARNING,low_oxygen
2026-01-01 08:19:25,L13,coal_face,0.4706,23.45,0.2144,19.43,31.92,80.91,WARNING,low_oxygen
2026-01-01 08:19:30,L13,coal_face,0.4747,23.28,0.2135,19.415,31.86,81.2,WARNING,low_oxygen
2026-01-01 08:19:35,L13,coal_face,0.4823,23.34,0.2142,19.408,31.95,81.44,WARNING,low_oxygen
2026-01-01 08:19:40,L13,coal_face,0.4819,22.93,0.2131,19.399,32.0,81.72,WARNING,low_oxygen
2026-01-01 08:19:45,L13,coal_face,0.486,22.21,0.2139,19.356,32.03,81.85,DANGER,low_oxygen
2026-01-01 08:19:50,L13,coal_face,0.4825,22.77,0.2117,19.348,32.02,82.16,DANGER,low_oxygen
2026-01-01 08:19:55,L13,coal_face,0.4834,22.08,0.2135,19.356,32.04,82.19,DANGER,low_oxygen
2026-01-01 08:20:00,L13,coal_face,0.4921,21.56,0.2118,19.333,32.09,82.45,DANGER,low_oxygen
2026-01-01 08:20:05,L13,coal_face,0.492,20.97,0.2121,19.289,32.17,82.68,DANGER,low_oxygen
2026-01-01 08:20:10,L13,coal_face,0.4971,20.48,0.2128,19.283,32.12,82.96,DANGER,low_oxygen
2026-01-01 08:20:15,L13,coal_face,0.4943,20.05,0.2144,19.3,32.16,83.28,DANGER,low_oxygen
2026-01-01 08:20:20,L13,coal_face,0.5021,18.85,0.2126,19.289,32.22,83.48,DANGER,low_oxygen
2026-01-01 08:20:25,L13,coal_face,0.5019,18.73,0.2125,19.248,32.23,83.56,DANGER,low_oxygen
2026-01-01 08:20:30,L13,coal_face,0.5036,18.64,0.2107,19.266,32.29,83.79,DANGER,low_oxygen
2026-01-01 08:20:35,L13,coal_face,0.5065,18.37,0.2114,19.236,32.37,83.97,DANGER,low_oxygen
2026-01-01 08:20:40,L13,coal_face,0.506,18.41,0.2219,19.242,32.37,83.92,DANGER,co2_buildup
2026-01-01 08:20:45,L13,coal_face,0.5108,18.3,0.2245,19.239,32.2,83.87,DANGER,co2_buildup
2026-01-01 08:20:50,L13,coal_face,0.5087,18.2,0.229,19.248,32.34,83.88,DANGER,co2_buildup
2026-01-01 08:20:55,L13,coal_face,0.5103,18.11,0.2286,19.273,32.16,83.83,DANGER,co2_buildup
2026-01-01 08:21:00,L13,coal_face,0.5101,18.08,0.2504,19.273,32.16,83.75,DANGER,co2_buildup
2026-01-01 08:21:05,L13,coal_face,0.5122,17.95,0.2493,19.287,31.91,83.66,DANGER,co2_buildup
2026-01-01 08:21:10,L13,coal_face,0.5121,17.95,0.2489,19.306,31.97,83.71,DANGER,co2_buildup
2026-01-01 08:21:15,L13,coal_face,0.5125,17.81,0.2564,19.314,31.85,83.62,DANGER,co2_buildup
2026-01-01 08:21:20,L13,coal_face,0.5143,17.77,0.258,19.31,31.83,83.66,DANGER,co2_buildup
2026-01-01 08:21:25,L13,coal_face,0.5133,17.66,0.27,19.329,31.82,83.55,DANGER,co2_buildup
2026-01-01 08:21:30,L13,coal_face,0.5154,17.63,0.2776,19.33,31.74,83.52,DANGER,co2_buildup
2026-01-01 08:21:35,L13,coal_face,0.5152,17.55,0.2846,19.358,31.77,83.45,DANGER,co2_buildup
2026-01-01 08:21:40,L13,coal_face,0.516,17.63,0.2849,19.375,31.74,83.42,DANGER,co2_buildup
2026-01-01 08:21:45,L13,coal_face,0.5155,17.4,0.2824,19.361,31.54,83.42,DANGER,co2_buildup
2026-01-01 08:21:50,L13,coal_face,0.5172,17.41,0.3002,19.379,31.5,83.38,DANGER,co2_buildup
2026-01-01 08:21:55,L13,coal_face,0.5173,17.26,0.3096,19.399,31.42,83.33,DANGER,co2_buildup
2026-01-01 08:22:00,L13,coal_face,0.5208,17.26,0.3045,19.4,31.48,83.38,DANGER,co2_buildup
2026-01-01 08:22:05,L13,coal_face,0.5169,17.21,0.3167,19.415,31.37,83.3,DANGER,co2_buildup
2026-01-01 08:22:10,L13,coal_face,0.5218,17.01,0.3326,19.42,31.3,83.24,DANGER,co2_buildup
2026-01-01 08:22:15,L13,coal_face,0.5182,16.97,0.3217,19.419,31.26,83.1,DANGER,co2_buildup
2026-01-01 08:22:20,L13,coal_face,0.5226,16.93,0.3341,19.441,31.17,83.19,DANGER,co2_buildup
2026-01-01 08:22:25,L13,coal_face,0.5211,16.84,0.3523,19.461,31.09,83.23,DANGER,co2_buildup
2026-01-01 08:22:30,L13,coal_face,0.5241,16.86,0.3496,19.463,31.08,83.08,DANGER,co2_buildup
2026-01-01 08:22:35,L13,coal_face,0.5236,16.81,0.3512,19.486,31.0,83.02,DANGER,co2_buildup
2026-01-01 08:22:40,L13,coal_face,0.5222,16.66,0.361,19.462,30.98,83.02,DANGER,co2_buildup
2026-01-01 08:22:45,L13,coal_face,0.5275,16.67,0.3728,19.494,30.82,82.93,DANGER,co2_buildup
2026-01-01 08:22:50,L13,coal_face,0.5272,16.57,0.3721,19.493,30.86,82.96,DANGER,co2_buildup
2026-01-01 08:22:55,L13,coal_face,0.5274,16.52,0.3838,19.501,30.75,82.95,DANGER,co2_buildup
2026-01-01 08:23:00,L13,coal_face,0.5263,16.42,0.3876,19.533,30.74,82.84,DANGER,co2_buildup
2026-01-01 08:23:05,L13,coal_face,0.5294,16.42,0.3944,19.527,30.72,82.8,DANGER,co2_buildup
2026-01-01 08:23:10,L13,coal_face,0.5266,16.43,0.4029,19.536,30.59,82.79,DANGER,co2_buildup
2026-01-01 08:23:15,L13,coal_face,0.5258,16.31,0.4027,19.553,30.62,82.73,DANGER,co2_buildup
2026-01-01 08:23:20,L13,coal_face,0.5276,16.28,0.4046,19.538,30.41,82.66,DANGER,co2_buildup
2026-01-01 08:23:25,L13,coal_face,0.5293,16.04,0.4204,19.584,30.53,82.66,DANGER,co2_buildup
2026-01-01 08:23:30,L13,coal_face,0.5303,16.02,0.4226,19.599,30.46,82.62,DANGER,co2_buildup
2026-01-01 08:23:35,L13,coal_face,0.5315,16.03,0.4267,19.599,30.29,82.65,DANGER,co2_buildup
2026-01-01 08:23:40,L13,coal_face,0.5323,16.02,0.4395,19.604,30.23,82.61,DANGER,co2_buildup
2026-01-01 08:23:45,L13,coal_face,0.5325,15.9,0.4508,19.608,30.14,82.58,DANGER,co2_buildup
2026-01-01 08:23:50,L13,coal_face,0.5308,15.73,0.4474,19.609,30.21,82.52,DANGER,co2_buildup
2026-01-01 08:23:55,L13,coal_face,0.5353,15.7,0.4547,19.642,30.09,82.46,DANGER,co2_buildup
2026-01-01 08:24:00,L13,coal_face,0.5353,15.68,0.453,19.65,30.03,82.38,DANGER,co2_buildup
2026-01-01 08:24:05,L13,coal_face,0.5353,15.59,0.4657,19.655,29.93,82.42,DANGER,co2_buildup
2026-01-01 08:24:10,L13,coal_face,0.5394,15.48,0.4749,19.664,30.03,82.35,DANGER,co2_buildup
2026-01-01 08:24:15,L13,coal_face,0.5374,15.44,0.4795,19.673,29.83,82.26,DANGER,co2_buildup
2026-01-01 08:24:20,L13,coal_face,0.5386,15.4,0.4835,19.675,29.82,82.23,DANGER,co2_buildup
2026-01-01 08:24:25,L13,coal_face,0.5405,15.26,0.497,19.716,29.77,82.18,DANGER,co2_buildup
2026-01-01 08:24:30,L13,coal_face,0.5375,15.32,0.4988,19.698,29.68,82.12,DANGER,co2_buildup
2026-01-01 08:24:35,L13,coal_face,0.5406,15.17,0.522,19.706,29.62,82.17,DANGER,co2_buildup
2026-01-01 08:24:40,L13,coal_face,0.5426,15.13,0.5122,19.732,29.57,82.07,DANGER,co2_buildup
2026-01-01 08:24:45,L13,coal_face,0.5419,15.13,0.4987,19.73,29.57,82.05,DANGER,co2_buildup
2026-01-01 08:24:50,L13,coal_face,0.5406,14.99,0.5159,19.74,29.46,82.04,DANGER,co2_buildup
2026-01-01 08:24:55,L13,coal_face,0.5426,14.99,0.5332,19.765,29.51,82.0,DANGER,co2_buildup
2026-01-01 08:25:00,L13,coal_face,0.5444,14.8,0.5315,19.768,29.32,81.94,DANGER,co2_buildup
2026-01-01 08:25:05,L13,coal_face,0.5413,14.83,0.5382,19.778,29.35,81.98,DANGER,co2_buildup
2026-01-01 08:25:10,L13,coal_face,0.5433,14.78,0.54,19.766,29.16,81.84,DANGER,co2_buildup
2026-01-01 08:25:15,L13,coal_face,0.5494,14.61,0.5514,19.795,29.15,81.8,DANGER,co2_buildup
2026-01-01 08:25:20,L13,coal_face,0.5477,14.59,0.5621,19.791,29.09,81.83,DANGER,co2_buildup
2026-01-01 08:25:25,L13,coal_face,0.55,14.52,0.5696,19.806,29.02,81.76,DANGER,co2_buildup
2026-01-01 08:25:30,L13,coal_face,0.5497,14.48,0.5664,19.823,29.04,81.72,DANGER,co2_buildup
2026-01-01 08:25:35,L13,coal_face,0.5496,14.43,0.5849,19.831,28.96,81.67,DANGER,co2_buildup
2026-01-01 08:25:40,L13,coal_face,0.5492,14.28,0.5778,19.848,28.79,81.68,DANGER,co2_buildup
2026-01-01 08:25:45,L13,coal_face,0.551,14.26,0.595,19.859,28.96,81.64,DANGER,co2_buildup
2026-01-01 08:25:50,L13,coal_face,0.5544,14.5,0.5911,19.873,28.89,81.72,DANGER,ventilation_failure
2026-01-01 08:25:55,L13,coal_face,0.5551,14.54,0.5934,19.83,28.96,81.81,DANGER,ventilation_failure
2026-01-01 08:26:00,L13,coal_face,0.5597,15.83,0.5854,19.795,29.15,81.8,DANGER,ventilation_failure
2026-01-01 08:26:05,L13,coal_face,0.5547,16.35,0.5901,19.798,29.08,81.93,DANGER,ventilation_failure
2026-01-01 08:26:10,L13,coal_face,0.5593,16.24,0.5812,19.754,29.14,81.93,DANGER,ventilation_failure
2026-01-01 08:26:15,L13,coal_face,0.5667,17.18,0.5763,19.783,29.33,82.21,DANGER,ventilation_failure
2026-01-01 08:26:20,L13,coal_face,0.5672,17.88,0.574,19.743,29.29,82.45,DANGER,ventilation_failure
2026-01-01 08:26:25,L13,coal_face,0.5717,17.65,0.5729,19.709,29.44,82.37,DANGER,ventilation_failure
2026-01-01 08:26:30,L13,coal_face,0.577,18.35,0.5737,19.694,29.46,82.61,DANGER,ventilation_failure
2026-01-01 08:26:35,L13,coal_face,0.5793,18.94,0.5681,19.667,29.59,82.59,DANGER,ventilation_failure
2026-01-01 08:26:40,L13,coal_face,0.5752,18.9,0.5649,19.635,29.65,82.65,DANGER,ventilation_failure
2026-01-01 08:26:45,L13,coal_face,0.5821,20.15,0.568,19.632,29.65,82.95,DANGER,ventilation_failure
2026-01-01 08:26:50,L13,coal_face,0.5816,20.94,0.5523,19.596,29.62,83.24,DANGER,ventilation_failure
2026-01-01 08:26:55,L13,coal_face,0.585,20.9,0.5589,19.619,29.71,83.17,DANGER,ventilation_failure
2026-01-01 08:27:00,L13,coal_face,0.5844,21.64,0.5535,19.545,29.77,83.18,DANGER,ventilation_failure
2026-01-01 08:27:05,L13,coal_face,0.594,22.66,0.5526,19.548,29.97,83.3,DANGER,ventilation_failure
2026-01-01 08:27:10,L13,coal_face,0.5899,22.32,0.5537,19.501,29.88,83.65,DANGER,ventilation_failure
2026-01-01 08:27:15,L13,coal_face,0.6007,23.2,0.5498,19.48,30.11,83.6,DANGER,ventilation_failure
2026-01-01 08:27:20,L13,coal_face,0.6071,23.28,0.5471,19.44,30.21,83.6,DANGER,ventilation_failure
2026-01-01 08:27:25,L13,coal_face,0.607,23.78,0.5494,19.463,30.33,83.79,DANGER,ventilation_failure
2026-01-01 08:27:30,L13,coal_face,0.6081,24.74,0.5431,19.423,30.38,83.93,DANGER,ventilation_failure
2026-01-01 08:27:35,L13,coal_face,0.6164,25.2,0.5465,19.435,30.48,84.07,CRITICAL,ventilation_failure
2026-01-01 08:27:40,L13,coal_face,0.6148,25.87,0.5406,19.4,30.52,84.29,CRITICAL,ventilation_failure
2026-01-01 08:27:45,L13,coal_face,0.6134,26.16,0.5327,19.374,30.55,84.38,CRITICAL,ventilation_failure
2026-01-01 08:27:50,L13,coal_face,0.6199,26.86,0.5396,19.322,30.64,84.38,CRITICAL,ventilation_failure
2026-01-01 08:27:55,L13,coal_face,0.6294,27.94,0.5318,19.341,30.66,84.47,CRITICAL,ventilation_failure
2026-01-01 08:28:00,L13,coal_face,0.6212,28.17,0.5345,19.295,30.81,84.63,CRITICAL,ventilation_failure
2026-01-01 08:28:05,L13,coal_face,0.623,28.34,0.5252,19.259,30.76,84.64,CRITICAL,ventilation_failure
2026-01-01 08:28:10,L13,coal_face,0.6331,28.94,0.5245,19.276,31.02,84.92,CRITICAL,ventilation_failure
2026-01-01 08:28:15,L13,coal_face,0.633,29.07,0.5226,19.221,30.95,84.91,CRITICAL,ventilation_failure
2026-01-01 08:28:20,L13,coal_face,0.6347,29.65,0.5182,19.183,31.1,85.1,CRITICAL,ventilation_failure
2026-01-01 08:28:25,L13,coal_face,0.635,30.48,0.5204,19.23,31.19,85.34,CRITICAL,ventilation_failure
2026-01-01 08:28:30,L13,coal_face,0.6353,30.8,0.5201,19.172,31.32,85.33,CRITICAL,ventilation_failure
2026-01-01 08:28:35,L13,coal_face,0.64,31.65,0.504,19.128,31.2,85.41,CRITICAL,ventilation_failure
2026-01-01 08:28:40,L13,coal_face,0.654,32.39,0.5116,19.122,31.37,85.45,CRITICAL,ventilation_failure
2026-01-01 08:28:45,L13,coal_face,0.651,32.26,0.5036,19.106,31.51,85.61,CRITICAL,ventilation_failure
2026-01-01 08:28:50,L13,coal_face,0.6468,31.87,0.4957,19.123,31.66,85.61,DANGER,ventilation_failure
2026-01-01 08:28:55,L13,coal_face,0.6611,34.3,0.5033,19.046,31.61,85.9,CRITICAL,ventilation_failure
2026-01-01 08:29:00,L13,coal_face,0.6642,33.54,0.5008,19.031,31.65,85.73,CRITICAL,ventilation_failure
2026-01-01 08:29:05,L13,coal_face,0.667,34.46,0.4989,19.057,31.91,86.17,DANGER,ventilation_failure
2026-01-01 08:29:10,L13,coal_face,0.6639,35.23,0.4955,19.008,31.9,86.26,DANGER,ventilation_failure
2026-01-01 08:29:15,L13,coal_face,0.6673,36.06,0.4947,19.0,32.01,86.31,CRITICAL,ventilation_failure
2026-01-01 08:29:20,L13,coal_face,0.6717,36.77,0.4874,18.965,31.91,86.35,CRITICAL,ventilation_failure
2026-01-01 08:29:25,L13,coal_face,0.6791,36.26,0.4878,18.995,32.1,86.52,CRITICAL,ventilation_failure
2026-01-01 08:29:30,L13,coal_face,0.6749,37.51,0.4868,18.907,32.07,86.45,CRITICAL,ventilation_failure
2026-01-01 08:29:35,L13,coal_face,0.6771,37.55,0.4864,18.918,32.12,86.84,CRITICAL,ventilation_failure
2026-01-01 08:29:40,L13,coal_face,0.6852,39.27,0.4798,18.922,32.33,86.85,CRITICAL,ventilation_failure
2026-01-01 08:29:45,L13,coal_face,0.6899,39.01,0.4765,18.863,32.41,87.14,CRITICAL,ventilation_failure
2026-01-01 08:29:50,L13,coal_face,0.6882,38.92,0.4745,18.835,32.41,87.13,CRITICAL,ventilation_failure
2026-01-01 08:29:55,L13,coal_face,0.6937,39.15,0.4684,18.844,32.61,87.23,CRITICAL,ventilation_failure
2026-01-01 08:30:00,L13,coal_face,0.6946,38.8,0.4723,18.828,32.56,87.36,CRITICAL,ventilation_failure
2026-01-01 08:30:05,L13,coal_face,0.6961,40.87,0.4627,18.771,32.64,87.33,CRITICAL,ventilation_failure
2026-01-01 08:30:10,L13,coal_face,0.6969,41.54,0.4662,18.796,32.74,87.5,CRITICAL,ventilation_failure
2026-01-01 08:30:15,L13,coal_face,0.6986,41.94,0.4628,18.746,32.8,87.68,CRITICAL,ventilation_failure
2026-01-01 08:30:20,L13,coal_face,0.7034,40.99,0.455,18.735,32.98,87.74,CRITICAL,ventilation_failure
2026-01-01 08:30:25,L13,coal_face,0.705,42.02,0.4528,18.734,32.89,87.83,CRITICAL,ventilation_failure
2026-01-01 08:30:30,L13,coal_face,0.7125,43.36,0.4524,18.698,32.99,87.97,CRITICAL,ventilation_failure
2026-01-01 08:30:35,L13,coal_face,0.7187,44.49,0.4516,18.662,33.03,88.12,CRITICAL,ventilation_failure
2026-01-01 08:30:40,L13,coal_face,0.7179,44.13,0.4551,18.628,33.32,88.47,CRITICAL,ventilation_failure
2026-01-01 08:30:45,L13,coal_face,0.7167,45.19,0.4475,18.675,33.24,88.31,CRITICAL,ventilation_failure
2026-01-01 08:30:50,L13,coal_face,0.726,44.7,0.4472,18.583,33.28,88.39,CRITICAL,ventilation_failure
2026-01-01 08:30:55,L13,coal_face,0.7269,45.8,0.4471,18.585,33.39,88.56,CRITICAL,ventilation_failure
2026-01-01 08:31:00,L13,coal_face,0.7251,46.11,0.4442,18.563,33.33,88.64,CRITICAL,fire_heat
2026-01-01 08:31:05,L13,coal_face,0.7227,46.24,0.4414,18.592,33.43,88.53,CRITICAL,fire_heat
2026-01-01 08:31:10,L13,coal_face,0.7248,46.56,0.438,18.597,33.49,88.4,CRITICAL,fire_heat
2026-01-01 08:31:15,L13,coal_face,0.723,46.73,0.4409,18.619,33.52,88.4,CRITICAL,fire_heat
2026-01-01 08:31:20,L13,coal_face,0.7223,46.8,0.44,18.627,33.64,88.48,CRITICAL,fire_heat
2026-01-01 08:31:25,L13,coal_face,0.7194,47.83,0.4316,18.668,33.58,88.2,CRITICAL,fire_heat
2026-01-01 08:31:30,L13,coal_face,0.7216,48.4,0.4319,18.676,33.8,88.0,CRITICAL,fire_heat
2026-01-01 08:31:35,L13,coal_face,0.7145,49.27,0.4321,18.716,33.8,88.11,CRITICAL,fire_heat
2026-01-01 08:31:40,L13,coal_face,0.7176,48.79,0.4297,18.693,33.87,87.93,CRITICAL,fire_heat
2026-01-01 08:31:45,L13,coal_face,0.7169,49.43,0.4308,18.709,33.99,88.0,CRITICAL,fire_heat
2026-01-01 08:31:50,L13,coal_face,0.7123,50.15,0.4324,18.746,34.03,87.71,CRITICAL,fire_heat
2026-01-01 08:31:55,L13,coal_face,0.7158,50.56,0.4256,18.749,34.04,87.77,CRITICAL,fire_heat
2026-01-01 08:32:00,L13,coal_face,0.7138,50.31,0.4288,18.745,34.16,87.59,CRITICAL,fire_heat
2026-01-01 08:32:05,L13,coal_face,0.7142,50.84,0.4201,18.782,34.28,87.71,CRITICAL,fire_heat
2026-01-01 08:32:10,L13,coal_face,0.716,51.16,0.4231,18.794,34.2,87.4,CRITICAL,fire_heat
2026-01-01 08:32:15,L13,coal_face,0.7118,51.42,0.4191,18.777,34.36,87.57,CRITICAL,fire_heat
2026-01-01 08:32:20,L13,coal_face,0.7121,52.7,0.4202,18.809,34.31,87.29,CRITICAL,fire_heat
2026-01-01 08:32:25,L13,coal_face,0.7119,52.58,0.4134,18.836,34.5,87.24,CRITICAL,fire_heat
2026-01-01 08:32:30,L13,coal_face,0.7092,52.93,0.413,18.87,34.45,87.23,CRITICAL,fire_heat
2026-01-01 08:32:35,L13,coal_face,0.7057,53.46,0.4157,18.874,34.51,86.95,CRITICAL,fire_heat
2026-01-01 08:32:40,L13,coal_face,0.7033,53.79,0.4116,18.87,34.68,87.01,CRITICAL,fire_heat
2026-01-01 08:32:45,L13,coal_face,0.7061,54.09,0.4108,18.883,34.71,86.83,CRITICAL,fire_heat
2026-01-01 08:32:50,L13,coal_face,0.7037,54.29,0.4144,18.92,34.7,86.78,CRITICAL,fire_heat
2026-01-01 08:32:55,L13,coal_face,0.7059,55.56,0.4089,18.888,34.8,86.69,CRITICAL,fire_heat
2026-01-01 08:33:00,L13,coal_face,0.7016,55.17,0.4092,18.926,34.81,86.65,CRITICAL,fire_heat
2026-01-01 08:33:05,L13,coal_face,0.7015,55.44,0.4038,18.974,34.82,86.56,CRITICAL,fire_heat
2026-01-01 08:33:10,L13,coal_face,0.6984,56.16,0.4009,18.973,34.98,86.4,CRITICAL,fire_heat
2026-01-01 08:33:15,L13,coal_face,0.6989,57.39,0.4024,18.972,35.01,86.37,CRITICAL,fire_heat
2026-01-01 08:33:20,L13,coal_face,0.6968,56.69,0.3976,18.981,35.04,86.1,CRITICAL,fire_heat
2026-01-01 08:33:25,L13,coal_face,0.696,57.66,0.398,19.026,35.23,86.27,CRITICAL,fire_heat
2026-01-01 08:33:30,L13,coal_face,0.6966,57.71,0.3987,19.029,35.16,86.24,CRITICAL,fire_heat
2026-01-01 08:33:35,L13,coal_face,0.6945,58.29,0.3964,19.04,35.28,86.05,CRITICAL,fire_heat
2026-01-01 08:33:40,L13,coal_face,0.6997,58.94,0.3959,19.064,35.4,85.83,CRITICAL,fire_heat
2026-01-01 08:33:45,L13,coal_face,0.6953,58.37,0.3951,19.076,35.38,85.92,CRITICAL,fire_heat
2026-01-01 08:33:50,L13,coal_face,0.6948,59.08,0.3893,19.09,35.41,85.73,CRITICAL,fire_heat
2026-01-01 08:33:55,L13,coal_face,0.6916,60.15,0.3884,19.084,35.53,85.72,CRITICAL,fire_heat
2026-01-01 08:34:00,L13,coal_face,0.691,60.25,0.384,19.103,35.6,85.67,CRITICAL,fire_heat
2026-01-01 08:34:05,L13,coal_face,0.689,60.7,0.3868,19.144,35.68,85.58,CRITICAL,fire_heat
2026-01-01 08:34:10,L13,coal_face,0.6938,61.29,0.3879,19.156,35.8,85.54,CRITICAL,fire_heat
2026-01-01 08:34:15,L13,coal_face,0.6877,61.1,0.3882,19.169,35.73,85.39,CRITICAL,fire_heat
2026-01-01 08:34:20,L13,coal_face,0.6858,62.22,0.3836,19.17,35.83,85.31,CRITICAL,fire_heat
2026-01-01 08:34:25,L13,coal_face,0.6845,62.53,0.3849,19.205,35.8,85.27,CRITICAL,fire_heat
2026-01-01 08:34:30,L13,coal_face,0.6856,62.72,0.3811,19.203,35.97,85.12,CRITICAL,fire_heat
2026-01-01 08:34:35,L13,coal_face,0.6867,63.21,0.379,19.242,36.01,84.99,CRITICAL,fire_heat
2026-01-01 08:34:40,L13,coal_face,0.6851,63.87,0.3758,19.227,36.05,85.0,CRITICAL,fire_heat
2026-01-01 08:34:45,L13,coal_face,0.6806,63.62,0.3701,19.245,36.08,84.8,CRITICAL,fire_heat
2026-01-01 08:34:50,L13,coal_face,0.6796,64.49,0.3771,19.266,36.16,84.79,CRITICAL,fire_heat
2026-01-01 08:34:55,L13,coal_face,0.6825,65.29,0.3726,19.296,36.25,84.61,CRITICAL,fire_heat
2026-01-01 08:35:00,L13,coal_face,0.6831,65.29,0.3745,19.298,36.24,84.59,CRITICAL,fire_heat
2026-01-01 08:35:05,L13,coal_face,0.6779,65.37,0.3675,19.314,36.34,84.52,CRITICAL,fire_heat
2026-01-01 08:35:10,L13,coal_face,0.6795,66.72,0.374,19.322,36.42,84.4,CRITICAL,fire_heat
2026-01-01 08:35:15,L13,coal_face,0.6735,66.35,0.3662,19.347,36.39,84.47,CRITICAL,fire_heat
2026-01-01 08:35:20,L13,coal_face,0.6737,67.18,0.3636,19.357,36.48,84.39,CRITICAL,fire_heat
2026-01-01 08:35:25,L13,coal_face,0.6724,66.91,0.3633,19.362,36.56,84.33,CRITICAL,fire_heat
2026-01-01 08:35:30,L13,coal_face,0.6741,67.87,0.3627,19.39,36.75,84.13,CRITICAL,fire_heat
2026-01-01 08:35:35,L13,coal_face,0.672,67.67,0.3606,19.405,36.67,84.03,CRITICAL,fire_heat
2026-01-01 08:35:40,L13,coal_face,0.6718,68.4,0.3581,19.453,36.77,84.04,CRITICAL,fire_heat
2026-01-01 08:35:45,L13,coal_face,0.6727,68.46,0.3535,19.424,36.78,83.91,CRITICAL,fire_heat
2026-01-01 08:35:50,L13,coal_face,0.6682,69.79,0.3544,19.436,36.85,83.83,CRITICAL,fire_heat
2026-01-01 08:35:55,L13,coal_face,0.6686,69.4,0.3573,19.467,36.88,83.54,CRITICAL,fire_heat
2026-01-01 08:36:00,L13,coal_face,0.665,69.48,0.3512,19.464,37.06,83.71,CRITICAL,fire_heat
2026-01-01 08:36:05,L13,coal_face,0.6687,70.33,0.3477,19.477,37.0,83.62,CRITICAL,fire_heat
2026-01-01 08:36:10,L13,coal_face,0.6812,70.35,0.3571,19.49,37.06,83.6,CRITICAL,combined_hazard
2026-01-01 08:36:15,L13,coal_face,0.6856,70.31,0.3505,19.483,37.07,83.7,CRITICAL,combined_hazard
2026-01-01 08:36:20,L13,coal_face,0.6769,70.36,0.3574,19.471,37.07,83.65,CRITICAL,combined_hazard
2026-01-01 08:36:25,L13,coal_face,0.7006,70.48,0.3549,19.457,37.05,83.8,CRITICAL,combined_hazard
2026-01-01 08:36:30,L13,coal_face,0.7064,70.42,0.3621,19.45,37.03,83.87,CRITICAL,combined_hazard
2026-01-01 08:36:35,L13,coal_face,0.706,70.64,0.3609,19.418,37.01,83.8,CRITICAL,combined_hazard
2026-01-01 08:36:40,L13,coal_face,0.7234,70.67,0.3625,19.422,36.98,84.06,CRITICAL,combined_hazard
2026-01-01 08:36:45,L13,coal_face,0.7401,70.81,0.3676,19.428,36.98,83.96,CRITICAL,combined_hazard
2026-01-01 08:36:50,L13,coal_face,0.7502,70.84,0.3678,19.396,36.97,84.01,CRITICAL,combined_hazard
2026-01-01 08:36:55,L13,coal_face,0.7734,70.85,0.3657,19.392,36.96,83.98,CRITICAL,combined_hazard
2026-01-01 08:37:00,L13,coal_face,0.7602,71.09,0.3746,19.379,36.93,84.26,CRITICAL,combined_hazard
2026-01-01 08:37:05,L13,coal_face,0.7662,71.07,0.3672,19.373,36.94,84.19,CRITICAL,combined_hazard
2026-01-01 08:37:10,L13,coal_face,0.7835,71.2,0.374,19.354,36.91,84.33,CRITICAL,combined_hazard
2026-01-01 08:37:15,L13,coal_face,0.7852,71.22,0.3728,19.349,36.93,84.48,CRITICAL,combined_hazard
2026-01-01 08:37:20,L13,coal_face,0.7905,71.31,0.3727,19.332,36.9,84.51,CRITICAL,combined_hazard
2026-01-01 08:37:25,L13,coal_face,0.7963,71.25,0.3755,19.322,36.9,84.52,CRITICAL,combined_hazard
2026-01-01 08:37:30,L13,coal_face,0.7805,71.5,0.3802,19.308,36.89,84.52,CRITICAL,combined_hazard
2026-01-01 08:37:35,L13,coal_face,0.8316,71.55,0.3831,19.278,36.89,84.68,CRITICAL,combined_hazard
2026-01-01 08:37:40,L13,coal_face,0.817,71.56,0.3868,19.264,36.85,84.81,CRITICAL,combined_hazard
2026-01-01 08:37:45,L13,coal_face,0.8339,71.65,0.3898,19.262,36.83,84.87,CRITICAL,combined_hazard
2026-01-01 08:37:50,L13,coal_face,0.8549,71.77,0.3883,19.274,36.82,85.01,CRITICAL,combined_hazard
2026-01-01 08:37:55,L13,coal_face,0.8581,71.74,0.3881,19.24,36.83,84.91,CRITICAL,combined_hazard
2026-01-01 08:38:00,L13,coal_face,0.8921,71.73,0.3939,19.234,36.78,84.94,CRITICAL,combined_hazard
2026-01-01 08:38:05,L13,coal_face,0.8647,71.88,0.3912,19.194,36.78,85.11,CRITICAL,combined_hazard
2026-01-01 08:38:10,L13,coal_face,0.9116,71.99,0.3903,19.209,36.78,85.17,CRITICAL,combined_hazard
2026-01-01 08:38:15,L13,coal_face,0.9122,72.05,0.399,19.196,36.76,85.22,CRITICAL,combined_hazard
2026-01-01 08:38:20,L13,coal_face,0.9168,72.21,0.4019,19.149,36.76,85.24,CRITICAL,combined_hazard
2026-01-01 08:38:25,L13,coal_face,0.9314,72.12,0.3978,19.175,36.72,85.18,CRITICAL,combined_hazard
2026-01-01 08:38:30,L13,coal_face,0.9303,72.2,0.4072,19.138,36.72,85.35,CRITICAL,combined_hazard
2026-01-01 08:38:35,L13,coal_face,0.9184,72.26,0.4052,19.138,36.71,85.52,CRITICAL,combined_hazard
2026-01-01 08:38:40,L13,coal_face,0.9499,72.43,0.4066,19.148,36.68,85.57,CRITICAL,combined_hazard
2026-01-01 08:38:45,L13,coal_face,0.9392,72.36,0.4057,19.125,36.7,85.68,CRITICAL,combined_hazard
2026-01-01 08:38:50,L13,coal_face,0.958,72.59,0.4117,19.106,36.67,85.7,CRITICAL,combined_hazard
2026-01-01 08:38:55,L13,coal_face,0.9718,72.55,0.4065,19.093,36.66,85.79,CRITICAL,combined_hazard
2026-01-01 08:39:00,L13,coal_face,0.9727,72.63,0.4116,19.082,36.64,85.86,CRITICAL,combined_hazard
2026-01-01 08:39:05,L13,coal_face,1.0006,72.87,0.4123,19.077,36.63,85.88,CRITICAL,combined_hazard
2026-01-01 08:39:10,L13,coal_face,0.9982,72.91,0.4125,19.048,36.61,85.95,CRITICAL,combined_hazard
2026-01-01 08:39:15,L13,coal_face,1.0138,72.9,0.4202,19.066,36.62,85.82,CRITICAL,combined_hazard
2026-01-01 08:39:20,L13,coal_face,1.0188,72.87,0.4206,19.025,36.61,86.03,CRITICAL,combined_hazard
2026-01-01 08:39:25,L13,coal_face,1.0295,73.17,0.4236,19.006,36.61,86.1,CRITICAL,combined_hazard
2026-01-01 08:39:30,L13,coal_face,1.0286,73.09,0.4225,19.028,36.58,86.2,CRITICAL,combined_hazard
2026-01-01 08:39:35,L13,coal_face,1.035,73.19,0.4277,18.998,36.55,86.21,CRITICAL,combined_hazard
2026-01-01 08:39:40,L13,coal_face,1.0545,73.31,0.427,18.993,36.54,86.4,CRITICAL,combined_hazard
2026-01-01 08:39:45,L13,coal_face,1.0556,73.18,0.4273,18.988,36.54,86.35,CRITICAL,combined_hazard
2026-01-01 08:39:50,L13,coal_face,1.0886,73.34,0.4286,18.959,36.52,86.54,CRITICAL,combined_hazard
2026-01-01 08:39:55,L13,coal_face,1.07,73.45,0.4267,18.958,36.51,86.48,CRITICAL,combined_hazard
2026-01-01 08:40:00,L13,coal_face,1.1166,73.53,0.4371,18.952,36.49,86.56,CRITICAL,combined_hazard
2026-01-01 08:40:05,L13,coal_face,1.1054,73.5,0.4386,18.953,36.5,86.63,CRITICAL,combined_hazard
2026-01-01 08:40:10,L13,coal_face,1.1124,73.69,0.4455,18.914,36.47,86.7,CRITICAL,combined_hazard
2026-01-01 08:40:15,L13,coal_face,1.1155,73.74,0.4384,18.902,36.48,86.88,CRITICAL,combined_hazard
2026-01-01 08:40:20,L13,coal_face,1.1368,73.92,0.4392,18.903,36.45,86.85,CRITICAL,combined_hazard
2026-01-01 08:40:25,L13,coal_face,1.1374,73.95,0.4382,18.887,36.43,86.91,CRITICAL,combined_hazard
2026-01-01 08:40:30,L13,coal_face,1.1518,73.93,0.4473,18.871,36.41,86.95,CRITICAL,combined_hazard
2026-01-01 08:40:35,L13,coal_face,1.1665,74.0,0.4484,18.881,36.41,87.05,CRITICAL,combined_hazard
2026-01-01 08:40:40,L13,coal_face,1.174,74.16,0.4525,18.827,36.4,87.15,CRITICAL,combined_hazard
2026-01-01 08:40:45,L13,coal_face,1.189,74.18,0.4475,18.819,36.38,87.18,CRITICAL,combined_hazard
2026-01-01 08:40:50,L13,coal_face,1.1913,74.13,0.4537,18.804,36.38,87.25,CRITICAL,combined_hazard
2026-01-01 08:40:55,L13,coal_face,1.1856,74.44,0.4521,18.828,36.35,87.4,CRITICAL,combined_hazard
2026-01-01 08:41:00,L13,coal_face,1.1835,74.3,0.459,18.807,36.34,87.41,CRITICAL,combined_hazard
2026-01-01 08:41:05,L13,coal_face,1.2158,74.61,0.4586,18.772,36.31,87.39,CRITICAL,combined_hazard
2026-01-01 08:41:10,L13,coal_face,1.2252,74.54,0.4547,18.775,36.33,87.52,CRITICAL,combined_hazard
2026-01-01 08:41:15,L13,coal_face,1.2516,74.53,0.4603,18.765,36.3,87.56,CRITICAL,combined_hazard
2026-01-01 08:41:20,L13,coal_face,1.2404,74.48,0.4571,18.725,36.31,87.69,CRITICAL,combined_hazard
2026-01-01 08:41:25,L13,coal_face,1.2545,74.77,0.4611,18.744,36.29,87.73,CRITICAL,combined_hazard
2026-01-01 08:41:30,L13,coal_face,1.2679,74.68,0.463,18.714,36.27,87.86,CRITICAL,combined_hazard
2026-01-01 08:41:35,L13,coal_face,1.2745,74.88,0.4661,18.726,36.27,87.81,CRITICAL,combined_hazard
2026-01-01 08:00:00,L14,narrow_tunnel,0.0934,5.05,0.0545,20.595,26.72,77.94,SAFE,normal
2026-01-01 08:00:05,L14,narrow_tunnel,0.0995,5.32,0.0531,20.597,26.71,77.64,SAFE,normal
2026-01-01 08:00:10,L14,narrow_tunnel,0.1022,5.32,0.0532,20.593,26.8,77.56,SAFE,normal
2026-01-01 08:00:15,L14,narrow_tunnel,0.1067,5.35,0.0523,20.595,26.79,77.09,SAFE,normal
2026-01-01 08:00:20,L14,narrow_tunnel,0.1189,5.53,0.0551,20.596,26.81,76.93,SAFE,normal
2026-01-01 08:00:25,L14,narrow_tunnel,0.1159,5.47,0.0541,20.594,26.88,76.56,SAFE,normal
2026-01-01 08:00:30,L14,narrow_tunnel,0.121,5.54,0.0544,20.592,26.94,76.9,SAFE,normal
2026-01-01 08:00:35,L14,narrow_tunnel,0.114,5.6,0.0571,20.59,26.88,76.31,SAFE,normal
2026-01-01 08:00:40,L14,narrow_tunnel,0.1305,5.74,0.056,20.588,27.02,76.09,SAFE,normal
2026-01-01 08:00:45,L14,narrow_tunnel,0.144,5.79,0.0559,20.587,27.0,76.05,SAFE,normal
2026-01-01 08:00:50,L14,narrow_tunnel,0.141,5.83,0.0567,20.586,27.03,75.95,SAFE,normal
2026-01-01 08:00:55,L14,narrow_tunnel,0.1368,5.81,0.0577,20.583,27.14,75.42,SAFE,normal
2026-01-01 08:01:00,L14,narrow_tunnel,0.1531,5.91,0.0542,20.585,27.21,75.56,SAFE,normal
2026-01-01 08:01:05,L14,narrow_tunnel,0.1467,5.94,0.0557,20.586,27.21,75.09,SAFE,normal
2026-01-01 08:01:10,L14,narrow_tunnel,0.1518,6.13,0.0564,20.58,27.19,75.21,SAFE,normal
2026-01-01 08:01:15,L14,narrow_tunnel,0.1531,6.03,0.0557,20.584,27.26,74.65,SAFE,normal
2026-01-01 08:01:20,L14,narrow_tunnel,0.1569,6.29,0.0568,20.583,27.31,74.68,SAFE,normal
2026-01-01 08:01:25,L14,narrow_tunnel,0.1519,6.33,0.0555,20.58,27.37,74.35,SAFE,normal
2026-01-01 08:01:30,L14,narrow_tunnel,0.1696,6.27,0.0587,20.579,27.4,73.94,SAFE,normal
2026-01-01 08:01:35,L14,narrow_tunnel,0.1686,6.36,0.0572,20.577,27.47,73.69,SAFE,normal
2026-01-01 08:01:40,L14,narrow_tunnel,0.173,6.41,0.0583,20.576,27.53,73.61,SAFE,normal
2026-01-01 08:01:45,L14,narrow_tunnel,0.179,6.54,0.0584,20.574,27.54,73.73,SAFE,normal
2026-01-01 08:01:50,L14,narrow_tunnel,0.1797,6.66,0.0592,20.574,27.6,72.99,SAFE,normal
2026-01-01 08:01:55,L14,narrow_tunnel,0.1867,6.71,0.0558,20.574,27.6,73.21,SAFE,normal
2026-01-01 08:02:00,L14,narrow_tunnel,0.1949,6.68,0.0595,20.576,27.78,73.0,SAFE,normal
2026-01-01 08:02:05,L14,narrow_tunnel,0.1951,6.84,0.0589,20.572,27.71,72.44,SAFE,normal
2026-01-01 08:02:10,L14,narrow_tunnel,0.1965,6.9,0.06,20.57,27.76,72.41,SAFE,normal
2026-01-01 08:02:15,L14,narrow_tunnel,0.2005,6.89,0.0583,20.569,27.84,72.21,SAFE,normal
2026-01-01 08:02:20,L14,narrow_tunnel,0.2059,6.96,0.0604,20.567,27.82,72.16,SAFE,normal
2026-01-01 08:02:25,L14,narrow_tunnel,0.2051,7.12,0.0617,20.566,27.83,72.22,SAFE,normal
2026-01-01 08:02:30,L14,narrow_tunnel,0.2137,7.15,0.0606,20.568,27.95,71.95,SAFE,normal
2026-01-01 08:02:35,L14,narrow_tunnel,0.2198,7.23,0.0598,20.564,27.99,71.49,SAFE,normal
2026-01-01 08:02:40,L14,narrow_tunnel,0.221,7.37,0.0601,20.563,27.99,71.2,SAFE,normal
2026-01-01 08:02:45,L14,narrow_tunnel,0.2225,7.31,0.0618,20.562,28.09,70.87,SAFE,normal
2026-01-01 08:02:50,L14,narrow_tunnel,0.227,7.37,0.062,20.561,28.06,70.89,SAFE,normal
2026-01-01 08:02:55,L14,narrow_tunnel,0.2352,7.49,0.062,20.563,28.14,70.59,SAFE,normal
2026-01-01 08:03:00,L14,narrow_tunnel,0.2311,7.59,0.0618,20.56,28.2,70.55,SAFE,normal
2026-01-01 08:03:05,L14,narrow_tunnel,0.2363,7.5,0.0623,20.558,28.19,70.36,SAFE,normal
2026-01-01 08:03:10,L14,narrow_tunnel,0.2366,7.59,0.0622,20.558,28.24,70.07,SAFE,normal
2026-01-01 08:03:15,L14,narrow_tunnel,0.248,7.61,0.062,20.557,28.31,69.88,SAFE,normal
2026-01-01 08:03:20,L14,narrow_tunnel,0.2556,7.75,0.0637,20.554,28.29,69.63,SAFE,normal
2026-01-01 08:03:25,L14,narrow_tunnel,0.2617,7.85,0.0634,20.552,28.32,69.47,SAFE,normal
2026-01-01 08:03:30,L14,narrow_tunnel,0.2666,7.8,0.0648,20.556,28.44,69.62,SAFE,normal
2026-01-01 08:03:35,L14,narrow_tunnel,0.2602,7.99,0.0648,20.555,28.44,69.26,SAFE,normal
2026-01-01 08:03:40,L14,narrow_tunnel,0.2684,7.96,0.064,20.552,28.45,69.06,SAFE,normal
2026-01-01 08:03:45,L14,narrow_tunnel,0.2693,8.02,0.0646,20.552,28.52,68.95,SAFE,normal
2026-01-01 08:03:50,L14,narrow_tunnel,0.2826,8.18,0.063,20.553,28.57,68.73,SAFE,normal
2026-01-01 08:03:55,L14,narrow_tunnel,0.2849,8.14,0.0643,20.548,28.53,68.62,SAFE,normal
2026-01-01 08:04:00,L14,narrow_tunnel,0.2836,8.16,0.065,20.545,28.66,68.27,SAFE,normal
2026-01-01 08:04:05,L14,narrow_tunnel,0.2839,8.35,0.0629,20.548,28.69,68.0,SAFE,normal
2026-01-01 08:04:10,L14,narrow_tunnel,0.2749,8.36,0.0656,20.543,28.78,67.66,SAFE,normal
2026-01-01 08:04:15,L14,narrow_tunnel,0.288,8.51,0.0641,20.545,28.75,67.41,SAFE,normal
2026-01-01 08:04:20,L14,narrow_tunnel,0.29,8.55,0.0645,20.543,28.85,67.53,SAFE,normal
2026-01-01 08:04:25,L14,narrow_tunnel,0.2957,8.46,0.0651,20.544,28.84,67.15,SAFE,normal
2026-01-01 08:04:30,L14,narrow_tunnel,0.3148,8.71,0.066,20.54,28.89,66.72,SAFE,normal
2026-01-01 08:04:35,L14,narrow_tunnel,0.3042,8.8,0.0646,20.543,28.93,66.38,SAFE,normal
2026-01-01 08:04:40,L14,narrow_tunnel,0.3092,8.82,0.0675,20.538,29.04,66.96,SAFE,normal
2026-01-01 08:04:45,L14,narrow_tunnel,0.3137,8.88,0.0669,20.54,28.96,66.19,SAFE,normal
2026-01-01 08:04:50,L14,narrow_tunnel,0.3337,8.87,0.0693,20.536,29.06,66.04,SAFE,normal
2026-01-01 08:04:55,L14,narrow_tunnel,0.3254,8.92,0.0675,20.537,29.09,66.19,SAFE,normal
2026-01-01 08:05:00,L14,narrow_tunnel,0.3341,9.02,0.0681,20.533,29.13,65.55,SAFE,normal
2026-01-01 08:05:05,L14,narrow_tunnel,0.3343,9.13,0.0666,20.534,29.19,65.67,SAFE,normal
2026-01-01 08:05:10,L14,narrow_tunnel,0.3296,9.14,0.0696,20.527,29.17,65.51,SAFE,methane_buildup
2026-01-01 08:05:15,L14,narrow_tunnel,0.343,9.16,0.0719,20.531,29.17,65.61,SAFE,methane_buildup
2026-01-01 08:05:20,L14,narrow_tunnel,0.3655,9.1,0.0731,20.523,29.17,65.77,SAFE,methane_buildup
2026-01-01 08:05:25,L14,narrow_tunnel,0.3487,9.43,0.081,20.525,29.16,65.72,SAFE,methane_buildup
2026-01-01 08:05:30,L14,narrow_tunnel,0.3784,9.54,0.0785,20.526,29.16,65.87,SAFE,methane_buildup
2026-01-01 08:05:35,L14,narrow_tunnel,0.3798,9.37,0.0761,20.514,29.15,66.03,SAFE,methane_buildup
2026-01-01 08:05:40,L14,narrow_tunnel,0.4048,9.53,0.0832,20.516,29.15,65.94,SAFE,methane_buildup
2026-01-01 08:05:45,L14,narrow_tunnel,0.4139,9.87,0.0907,20.516,29.15,66.08,SAFE,methane_buildup
2026-01-01 08:05:50,L14,narrow_tunnel,0.4066,9.81,0.0828,20.509,29.14,66.12,SAFE,methane_buildup
2026-01-01 08:05:55,L14,narrow_tunnel,0.4192,9.88,0.0918,20.503,29.14,66.22,SAFE,methane_buildup
2026-01-01 08:06:00,L14,narrow_tunnel,0.4387,9.94,0.0968,20.502,29.13,66.44,SAFE,methane_buildup
2026-01-01 08:06:05,L14,narrow_tunnel,0.4492,9.98,0.1068,20.502,29.13,66.54,SAFE,methane_buildup
2026-01-01 08:06:10,L14,narrow_tunnel,0.4249,10.14,0.1044,20.497,29.12,66.53,SAFE,methane_buildup
2026-01-01 08:06:15,L14,narrow_tunnel,0.4676,10.33,0.1034,20.492,29.13,66.63,SAFE,methane_buildup
2026-01-01 08:06:20,L14,narrow_tunnel,0.4846,10.33,0.1075,20.494,29.12,66.71,SAFE,methane_buildup
2026-01-01 08:06:25,L14,narrow_tunnel,0.4806,10.47,0.1018,20.488,29.12,66.7,SAFE,methane_buildup
2026-01-01 08:06:30,L14,narrow_tunnel,0.4971,10.66,0.1074,20.478,29.11,66.85,SAFE,methane_buildup
2026-01-01 08:06:35,L14,narrow_tunnel,0.51,10.56,0.1161,20.482,29.11,66.81,WARNING,methane_buildup
2026-01-01 08:06:40,L14,narrow_tunnel,0.5092,10.72,0.1171,20.48,29.1,66.92,WARNING,methane_buildup
2026-01-01 08:06:45,L14,narrow_tunnel,0.5247,10.87,0.1203,20.468,29.1,67.06,WARNING,methane_buildup
2026-01-01 08:06:50,L14,narrow_tunnel,0.5265,10.8,0.1221,20.461,29.1,67.07,WARNING,methane_buildup
2026-01-01 08:06:55,L14,narrow_tunnel,0.5355,10.98,0.1247,20.462,29.08,67.13,WARNING,methane_buildup
2026-01-01 08:07:00,L14,narrow_tunnel,0.5391,11.21,0.1278,20.463,29.09,67.25,WARNING,methane_buildup
2026-01-01 08:07:05,L14,narrow_tunnel,0.5569,11.11,0.1264,20.464,29.09,67.46,WARNING,methane_buildup
2026-01-01 08:07:10,L14,narrow_tunnel,0.5834,11.32,0.132,20.453,29.08,67.57,WARNING,methane_buildup
2026-01-01 08:07:15,L14,narrow_tunnel,0.5657,11.31,0.1312,20.456,29.07,67.53,WARNING,methane_buildup
2026-01-01 08:07:20,L14,narrow_tunnel,0.5902,11.56,0.1361,20.439,29.08,67.66,WARNING,methane_buildup
2026-01-01 08:07:25,L14,narrow_tunnel,0.597,11.37,0.1451,20.448,29.07,67.65,WARNING,methane_buildup
2026-01-01 08:07:30,L14,narrow_tunnel,0.6179,11.6,0.1431,20.442,29.06,67.62,WARNING,methane_buildup
2026-01-01 08:07:35,L14,narrow_tunnel,0.6294,11.56,0.1485,20.449,29.06,67.79,WARNING,methane_buildup
2026-01-01 08:07:40,L14,narrow_tunnel,0.6137,11.71,0.1495,20.43,29.06,67.91,WARNING,methane_buildup
2026-01-01 08:07:45,L14,narrow_tunnel,0.6267,11.8,0.1505,20.434,29.05,68.02,WARNING,methane_buildup
2026-01-01 08:07:50,L14,narrow_tunnel,0.6369,11.93,0.151,20.424,29.05,68.08,WARNING,methane_buildup
2026-01-01 08:07:55,L14,narrow_tunnel,0.6469,11.94,0.1559,20.426,29.05,68.15,WARNING,methane_buildup
2026-01-01 08:08:00,L14,narrow_tunnel,0.6574,12.13,0.1606,20.418,29.04,68.2,WARNING,methane_buildup
2026-01-01 08:08:05,L14,narrow_tunnel,0.6744,12.26,0.1647,20.43,29.04,68.35,WARNING,methane_buildup
2026-01-01 08:08:10,L14,narrow_tunnel,0.6722,12.18,0.1658,20.417,29.04,68.3,WARNING,methane_buildup
2026-01-01 08:08:15,L14,narrow_tunnel,0.6832,12.35,0.1704,20.414,29.04,68.54,WARNING,methane_buildup
2026-01-01 08:08:20,L14,narrow_tunnel,0.6921,12.7,0.1655,20.411,29.03,68.52,WARNING,methane_buildup
2026-01-01 08:08:25,L14,narrow_tunnel,0.7143,12.61,0.1766,20.404,29.03,68.79,WARNING,methane_buildup
2026-01-01 08:08:30,L14,narrow_tunnel,0.7185,12.52,0.1723,20.409,29.02,68.69,WARNING,methane_buildup
2026-01-01 08:08:35,L14,narrow_tunnel,0.7264,12.64,0.1824,20.405,29.03,68.76,WARNING,methane_buildup
2026-01-01 08:08:40,L14,narrow_tunnel,0.7302,12.87,0.1835,20.402,29.02,68.83,WARNING,methane_buildup
2026-01-01 08:08:45,L14,narrow_tunnel,0.7323,12.95,0.1779,20.391,29.01,68.92,WARNING,methane_buildup
2026-01-01 08:08:50,L14,narrow_tunnel,0.7737,12.98,0.1897,20.397,29.01,69.08,WARNING,methane_buildup
2026-01-01 08:08:55,L14,narrow_tunnel,0.7645,13.3,0.1933,20.393,29.0,69.11,WARNING,methane_buildup
2026-01-01 08:09:00,L14,narrow_tunnel,0.8036,13.43,0.197,20.385,29.0,69.26,WARNING,methane_buildup
2026-01-01 08:09:05,L14,narrow_tunnel,0.7942,13.28,0.1926,20.386,29.0,69.3,WARNING,methane_buildup
2026-01-01 08:09:10,L14,narrow_tunnel,0.8142,13.46,0.1986,20.38,28.98,69.35,WARNING,methane_buildup
2026-01-01 08:09:15,L14,narrow_tunnel,0.8157,13.56,0.2031,20.37,28.99,69.45,WARNING,methane_buildup
2026-01-01 08:09:20,L14,narrow_tunnel,0.8171,13.66,0.206,20.372,28.98,69.59,WARNING,methane_buildup
2026-01-01 08:09:25,L14,narrow_tunnel,0.8193,13.61,0.2076,20.368,28.99,69.63,WARNING,methane_buildup
2026-01-01 08:09:30,L14,narrow_tunnel,0.8253,13.91,0.2074,20.367,28.97,69.68,WARNING,methane_buildup
2026-01-01 08:09:35,L14,narrow_tunnel,0.8555,13.83,0.215,20.367,28.98,69.77,WARNING,methane_buildup
2026-01-01 08:09:40,L14,narrow_tunnel,0.8567,13.96,0.2178,20.354,28.98,69.73,WARNING,methane_buildup
2026-01-01 08:09:45,L14,narrow_tunnel,0.8698,14.02,0.2165,20.355,28.96,70.08,WARNING,methane_buildup
2026-01-01 08:09:50,L14,narrow_tunnel,0.8814,14.1,0.217,20.35,28.97,70.01,WARNING,methane_buildup
2026-01-01 08:09:55,L14,narrow_tunnel,0.8865,14.22,0.2199,20.347,28.97,70.1,WARNING,methane_buildup
2026-01-01 08:10:00,L14,narrow_tunnel,0.8881,14.19,0.2299,20.344,28.96,70.13,WARNING,methane_buildup
2026-01-01 08:10:05,L14,narrow_tunnel,0.9123,14.22,0.2312,20.344,28.95,70.04,WARNING,methane_buildup
2026-01-01 08:10:10,L14,narrow_tunnel,0.91,14.45,0.2305,20.343,28.95,70.27,WARNING,methane_buildup
2026-01-01 08:10:15,L14,narrow_tunnel,0.9225,14.49,0.2326,20.339,28.96,70.37,WARNING,methane_buildup
2026-01-01 08:10:20,L14,narrow_tunnel,0.9161,13.79,0.2328,20.322,28.91,70.78,WARNING,co_buildup
2026-01-01 08:10:25,L14,narrow_tunnel,0.9085,15.27,0.2355,20.341,29.03,70.39,WARNING,co_buildup
2026-01-01 08:10:30,L14,narrow_tunnel,0.9034,15.42,0.2354,20.32,28.97,70.74,WARNING,co_buildup
2026-01-01 08:10:35,L14,narrow_tunnel,0.895,15.74,0.2353,20.309,29.06,71.7,WARNING,co_buildup
2026-01-01 08:10:40,L14,narrow_tunnel,0.8875,16.68,0.2349,20.293,29.08,71.15,WARNING,co_buildup
2026-01-01 08:10:45,L14,narrow_tunnel,0.8694,16.15,0.2387,20.298,29.12,71.85,WARNING,co_buildup
2026-01-01 08:10:50,L14,narrow_tunnel,0.8693,17.08,0.2385,20.29,29.17,71.75,WARNING,co_buildup
2026-01-01 08:10:55,L14,narrow_tunnel,0.8589,17.11,0.2418,20.292,29.2,72.06,WARNING,co_buildup
2026-01-01 08:11:00,L14,narrow_tunnel,0.841,18.15,0.2399,20.274,29.29,72.25,WARNING,co_buildup
2026-01-01 08:11:05,L14,narrow_tunnel,0.8185,17.46,0.2407,20.26,29.34,72.62,WARNING,co_buildup
2026-01-01 08:11:10,L14,narrow_tunnel,0.8171,19.04,0.238,20.258,29.34,72.41,WARNING,co_buildup
2026-01-01 08:11:15,L14,narrow_tunnel,0.8315,19.44,0.2416,20.256,29.36,73.04,WARNING,co_buildup
2026-01-01 08:11:20,L14,narrow_tunnel,0.79,19.21,0.2413,20.246,29.41,73.15,WARNING,co_buildup
2026-01-01 08:11:25,L14,narrow_tunnel,0.8098,20.01,0.2439,20.235,29.47,73.07,WARNING,co_buildup
2026-01-01 08:11:30,L14,narrow_tunnel,0.7705,20.05,0.2438,20.224,29.52,73.97,WARNING,co_buildup
2026-01-01 08:11:35,L14,narrow_tunnel,0.7702,20.98,0.2456,20.208,29.53,73.5,WARNING,co_buildup
2026-01-01 08:11:40,L14,narrow_tunnel,0.7645,21.55,0.2482,20.196,29.61,74.67,WARNING,co_buildup
2026-01-01 08:11:45,L14,narrow_tunnel,0.776,21.27,0.2441,20.186,29.57,74.57,WARNING,co_buildup
2026-01-01 08:11:50,L14,narrow_tunnel,0.7493,21.57,0.2477,20.192,29.67,74.38,WARNING,co_buildup
2026-01-01 08:11:55,L14,narrow_tunnel,0.7373,22.91,0.2479,20.184,29.7,75.21,WARNING,co_buildup
2026-01-01 08:12:00,L14,narrow_tunnel,0.7207,23.65,0.2508,20.181,29.69,74.99,WARNING,co_buildup
2026-01-01 08:12:05,L14,narrow_tunnel,0.7253,23.51,0.2494,20.168,29.76,75.24,WARNING,co_buildup
2026-01-01 08:12:10,L14,narrow_tunnel,0.7056,23.96,0.2499,20.164,29.8,75.24,WARNING,co_buildup
2026-01-01 08:12:15,L14,narrow_tunnel,0.6988,24.03,0.2511,20.146,29.82,75.68,WARNING,co_buildup
2026-01-01 08:12:20,L14,narrow_tunnel,0.688,24.64,0.2519,20.145,29.86,75.95,WARNING,co_buildup
2026-01-01 08:12:25,L14,narrow_tunnel,0.6889,25.12,0.2535,20.122,29.85,76.53,WARNING,co_buildup
2026-01-01 08:12:30,L14,narrow_tunnel,0.6797,25.34,0.2504,20.121,29.91,76.85,WARNING,co_buildup
2026-01-01 08:12:35,L14,narrow_tunnel,0.654,26.34,0.2518,20.098,29.97,76.56,WARNING,co_buildup
2026-01-01 08:12:40,L14,narrow_tunnel,0.647,26.31,0.2561,20.106,29.99,77.13,WARNING,co_buildup
2026-01-01 08:12:45,L14,narrow_tunnel,0.6364,26.77,0.2507,20.107,30.02,76.9,WARNING,co_buildup
2026-01-01 08:12:50,L14,narrow_tunnel,0.6357,27.01,0.2545,20.089,30.13,77.61,WARNING,co_buildup
2026-01-01 08:12:55,L14,narrow_tunnel,0.6332,27.47,0.2556,20.087,30.13,78.26,WARNING,co_buildup
2026-01-01 08:13:00,L14,narrow_tunnel,0.6167,28.38,0.2558,20.074,30.24,77.64,WARNING,co_buildup
2026-01-01 08:13:05,L14,narrow_tunnel,0.5837,28.38,0.2594,20.059,30.21,78.04,WARNING,co_buildup
2026-01-01 08:13:10,L14,narrow_tunnel,0.603,28.81,0.2582,20.054,30.28,78.67,WARNING,co_buildup
2026-01-01 08:13:15,L14,narrow_tunnel,0.5728,29.23,0.2575,20.057,30.27,78.93,WARNING,co_buildup
2026-01-01 08:13:20,L14,narrow_tunnel,0.5694,29.44,0.2578,20.045,30.3,78.78,WARNING,co_buildup
2026-01-01 08:13:25,L14,narrow_tunnel,0.5687,29.46,0.2601,20.025,30.37,79.55,WARNING,co_buildup
2026-01-01 08:13:30,L14,narrow_tunnel,0.5564,31.01,0.2622,20.01,30.44,79.28,WARNING,co_buildup
2026-01-01 08:13:35,L14,narrow_tunnel,0.5562,31.24,0.2612,20.016,30.43,80.07,WARNING,co_buildup
2026-01-01 08:13:40,L14,narrow_tunnel,0.5321,31.73,0.2615,20.001,30.49,80.05,WARNING,co_buildup
2026-01-01 08:13:45,L14,narrow_tunnel,0.519,31.25,0.2613,19.996,30.52,80.46,DANGER,co_buildup
2026-01-01 08:13:50,L14,narrow_tunnel,0.5158,32.63,0.2638,19.977,30.54,80.5,DANGER,co_buildup
2026-01-01 08:13:55,L14,narrow_tunnel,0.5188,33.25,0.2644,19.99,30.58,80.81,DANGER,co_buildup
2026-01-01 08:14:00,L14,narrow_tunnel,0.5058,33.32,0.2634,19.972,30.59,81.06,DANGER,co_buildup
2026-01-01 08:14:05,L14,narrow_tunnel,0.4909,33.96,0.267,19.965,30.66,81.39,WARNING,co_buildup
2026-01-01 08:14:10,L14,narrow_tunnel,0.4935,34.06,0.2688,19.949,30.72,81.37,WARNING,co_buildup
2026-01-01 08:14:15,L14,narrow_tunnel,0.4821,33.84,0.2668,19.945,30.75,81.42,WARNING,co_buildup
2026-01-01 08:14:20,L14,narrow_tunnel,0.469,34.78,0.2679,19.94,30.78,81.84,WARNING,co_buildup
2026-01-01 08:14:25,L14,narrow_tunnel,0.4402,34.61,0.2663,19.926,30.84,81.95,WARNING,co_buildup
2026-01-01 08:14:30,L14,narrow_tunnel,0.4498,35.19,0.27,19.921,30.86,82.2,WARNING,co_buildup
2026-01-01 08:14:35,L14,narrow_tunnel,0.4306,35.96,0.2703,19.926,30.89,82.94,WARNING,co_buildup
2026-01-01 08:14:40,L14,narrow_tunnel,0.4191,36.32,0.2697,19.891,30.95,82.95,WARNING,co_buildup
2026-01-01 08:14:45,L14,narrow_tunnel,0.4067,36.85,0.2697,19.899,30.97,83.18,WARNING,co_buildup
2026-01-01 08:14:50,L14,narrow_tunnel,0.4021,36.4,0.2747,19.883,31.0,83.53,WARNING,co_buildup
2026-01-01 08:14:55,L14,narrow_tunnel,0.3881,37.45,0.273,19.893,31.06,83.67,WARNING,co_buildup
2026-01-01 08:15:00,L14,narrow_tunnel,0.3863,38.13,0.2716,19.871,31.08,84.18,WARNING,co_buildup
2026-01-01 08:15:05,L14,narrow_tunnel,0.3733,38.63,0.2752,19.856,31.11,83.55,WARNING,co_buildup
2026-01-01 08:15:10,L14,narrow_tunnel,0.3676,39.07,0.2749,19.855,31.16,84.03,WARNING,co_buildup
2026-01-01 08:15:15,L14,narrow_tunnel,0.3612,39.27,0.2753,19.851,31.2,84.34,WARNING,co_buildup
2026-01-01 08:15:20,L14,narrow_tunnel,0.3434,39.45,0.2776,19.864,31.19,84.43,WARNING,co_buildup
2026-01-01 08:15:25,L14,narrow_tunnel,0.3294,40.2,0.2723,19.813,31.28,84.99,WARNING,co_buildup
2026-01-01 08:15:30,L14,narrow_tunnel,0.3408,39.94,0.2767,19.844,31.28,85.03,WARNING,low_oxygen
2026-01-01 08:15:35,L14,narrow_tunnel,0.3382,39.53,0.2753,19.802,31.15,84.75,WARNING,low_oxygen
2026-01-01 08:15:40,L14,narrow_tunnel,0.3467,39.36,0.277,19.829,31.19,84.69,WARNING,low_oxygen
2026-01-01 08:15:45,L14,narrow_tunnel,0.34,39.16,0.2763,19.767,31.12,84.56,WARNING,low_oxygen
2026-01-01 08:15:50,L14,narrow_tunnel,0.3529,38.38,0.276,19.719,31.16,84.56,WARNING,low_oxygen
2026-01-01 08:15:55,L14,narrow_tunnel,0.3566,38.32,0.2722,19.696,31.02,84.26,WARNING,low_oxygen
2026-01-01 08:16:00,L14,narrow_tunnel,0.3559,38.06,0.2733,19.675,31.02,84.13,WARNING,low_oxygen
2026-01-01 08:16:05,L14,narrow_tunnel,0.363,37.76,0.2738,19.635,30.96,83.94,WARNING,low_oxygen
2026-01-01 08:16:10,L14,narrow_tunnel,0.3647,37.38,0.2738,19.669,30.91,83.82,WARNING,low_oxygen
2026-01-01 08:16:15,L14,narrow_tunnel,0.3675,36.82,0.2684,19.606,30.9,83.64,WARNING,low_oxygen
2026-01-01 08:16:20,L14,narrow_tunnel,0.3788,36.88,0.2701,19.549,30.83,83.59,WARNING,low_oxygen
2026-01-01 08:16:25,L14,narrow_tunnel,0.3843,36.44,0.2692,19.562,30.88,83.73,WARNING,low_oxygen
2026-01-01 08:16:30,L14,narrow_tunnel,0.3858,36.12,0.2714,19.561,30.68,83.49,WARNING,low_oxygen
2026-01-01 08:16:35,L14,narrow_tunnel,0.3854,35.49,0.2647,19.527,30.74,83.43,WARNING,low_oxygen
2026-01-01 08:16:40,L14,narrow_tunnel,0.3883,35.68,0.2659,19.457,30.67,83.04,DANGER,low_oxygen
2026-01-01 08:16:45,L14,narrow_tunnel,0.3933,34.88,0.2692,19.423,30.63,82.79,DANGER,low_oxygen
2026-01-01 08:16:50,L14,narrow_tunnel,0.3981,35.32,0.2655,19.459,30.6,82.93,DANGER,low_oxygen
2026-01-01 08:16:55,L14,narrow_tunnel,0.399,34.17,0.2635,19.36,30.59,82.98,DANGER,low_oxygen
2026-01-01 08:17:00,L14,narrow_tunnel,0.4117,34.42,0.2673,19.383,30.52,82.57,DANGER,low_oxygen
2026-01-01 08:17:05,L14,narrow_tunnel,0.4099,33.3,0.262,19.335,30.51,82.51,DANGER,low_oxygen
2026-01-01 08:17:10,L14,narrow_tunnel,0.4182,32.88,0.2653,19.355,30.42,82.18,DANGER,low_oxygen
2026-01-01 08:17:15,L14,narrow_tunnel,0.4122,33.06,0.2605,19.272,30.34,82.25,DANGER,low_oxygen
2026-01-01 08:17:20,L14,narrow_tunnel,0.4193,32.23,0.26,19.253,30.33,82.1,DANGER,low_oxygen
2026-01-01 08:17:25,L14,narrow_tunnel,0.4303,32.79,0.262,19.262,30.34,81.73,DANGER,low_oxygen
2026-01-01 08:17:30,L14,narrow_tunnel,0.4343,32.25,0.2597,19.241,30.24,81.73,DANGER,low_oxygen
2026-01-01 08:17:35,L14,narrow_tunnel,0.4287,32.35,0.2608,19.229,30.17,81.59,DANGER,low_oxygen
2026-01-01 08:17:40,L14,narrow_tunnel,0.4395,31.56,0.2626,19.182,30.19,81.4,DANGER,low_oxygen
2026-01-01 08:17:45,L14,narrow_tunnel,0.4435,31.36,0.2588,19.154,30.14,81.38,DANGER,low_oxygen
2026-01-01 08:17:50,L14,narrow_tunnel,0.4427,30.88,0.261,19.145,30.05,81.39,DANGER,low_oxygen
2026-01-01 08:17:55,L14,narrow_tunnel,0.4514,30.38,0.2583,19.061,30.03,81.13,DANGER,low_oxygen
2026-01-01 08:18:00,L14,narrow_tunnel,0.4465,30.2,0.2586,19.047,29.99,81.21,DANGER,low_oxygen
2026-01-01 08:18:05,L14,narrow_tunnel,0.4534,29.64,0.2527,19.012,29.96,80.9,DANGER,low_oxygen
2026-01-01 08:18:10,L14,narrow_tunnel,0.4643,29.79,0.2568,18.953,29.94,80.85,DANGER,low_oxygen
2026-01-01 08:18:15,L14,narrow_tunnel,0.4656,29.26,0.2559,19.013,29.86,80.74,DANGER,low_oxygen
2026-01-01 08:18:20,L14,narrow_tunnel,0.4697,29.0,0.2539,19.002,29.86,80.74,DANGER,low_oxygen
2026-01-01 08:18:25,L14,narrow_tunnel,0.4724,29.54,0.2569,18.955,29.77,80.34,DANGER,low_oxygen
2026-01-01 08:18:30,L14,narrow_tunnel,0.4796,28.26,0.2524,18.925,29.81,80.35,DANGER,low_oxygen
2026-01-01 08:18:35,L14,narrow_tunnel,0.4837,28.15,0.25,18.893,29.77,80.05,DANGER,low_oxygen
2026-01-01 08:18:40,L14,narrow_tunnel,0.4885,27.72,0.2532,18.867,29.63,80.24,DANGER,low_oxygen
2026-01-01 08:18:45,L14,narrow_tunnel,0.4894,27.75,0.249,18.881,29.57,79.78,DANGER,low_oxygen
2026-01-01 08:18:50,L14,narrow_tunnel,0.491,27.16,0.2507,18.852,29.61,79.82,DANGER,low_oxygen
2026-01-01 08:18:55,L14,narrow_tunnel,0.4941,26.68,0.2521,18.775,29.54,79.83,DANGER,low_oxygen
2026-01-01 08:19:00,L14,narrow_tunnel,0.4957,27.12,0.2501,18.791,29.51,79.37,DANGER,low_oxygen
2026-01-01 08:19:05,L14,narrow_tunnel,0.5026,25.86,0.2483,18.768,29.42,79.46,DANGER,low_oxygen
2026-01-01 08:19:10,L14,narrow_tunnel,0.5056,25.74,0.2475,18.729,29.4,79.14,DANGER,low_oxygen
2026-01-01 08:19:15,L14,narrow_tunnel,0.5196,25.74,0.2494,18.697,29.35,79.41,DANGER,low_oxygen
2026-01-01 08:19:20,L14,narrow_tunnel,0.5114,24.91,0.2448,18.671,29.33,78.77,DANGER,low_oxygen
2026-01-01 08:19:25,L14,narrow_tunnel,0.5248,25.05,0.2473,18.601,29.23,78.69,DANGER,low_oxygen
2026-01-01 08:19:30,L14,narrow_tunnel,0.5227,24.36,0.2489,18.573,29.23,78.6,DANGER,low_oxygen
2026-01-01 08:19:35,L14,narrow_tunnel,0.5269,24.48,0.2456,18.605,29.14,78.48,DANGER,low_oxygen
2026-01-01 08:19:40,L14,narrow_tunnel,0.5336,24.15,0.2437,18.534,29.13,78.54,DANGER,low_oxygen
2026-01-01 08:19:45,L14,narrow_tunnel,0.5292,23.51,0.2432,18.501,29.1,78.56,DANGER,low_oxygen
2026-01-01 08:19:50,L14,narrow_tunnel,0.5359,22.91,0.242,18.459,29.09,78.36,DANGER,low_oxygen
2026-01-01 08:19:55,L14,narrow_tunnel,0.5378,22.77,0.2411,18.473,29.05,78.12,DANGER,low_oxygen
2026-01-01 08:20:00,L14,narrow_tunnel,0.5456,22.56,0.2417,18.468,29.01,77.96,DANGER,low_oxygen
2026-01-01 08:20:05,L14,narrow_tunnel,0.5471,22.5,0.2419,18.444,28.88,77.76,DANGER,low_oxygen
2026-01-01 08:20:10,L14,narrow_tunnel,0.5612,22.01,0.2428,18.428,28.95,77.75,DANGER,low_oxygen
2026-01-01 08:20:15,L14,narrow_tunnel,0.5564,21.75,0.2364,18.373,28.83,77.54,DANGER,low_oxygen
2026-01-01 08:20:20,L14,narrow_tunnel,0.5521,21.38,0.235,18.36,28.79,77.46,DANGER,low_oxygen
2026-01-01 08:20:25,L14,narrow_tunnel,0.5653,21.2,0.2409,18.352,28.78,77.22,DANGER,low_oxygen
2026-01-01 08:20:30,L14,narrow_tunnel,0.5745,20.57,0.2377,18.317,28.71,77.04,DANGER,low_oxygen
2026-01-01 08:20:35,L14,narrow_tunnel,0.5821,20.35,0.2371,18.267,28.7,77.05,DANGER,low_oxygen
2026-01-01 08:20:40,L14,narrow_tunnel,0.5835,20.32,0.2326,18.31,28.66,77.16,DANGER,co2_buildup
2026-01-01 08:20:45,L14,narrow_tunnel,0.5612,20.16,0.2396,18.284,28.74,77.14,DANGER,co2_buildup
2026-01-01 08:20:50,L14,narrow_tunnel,0.5617,20.14,0.2416,18.331,28.75,77.26,DANGER,co2_buildup
2026-01-01 08:20:55,L14,narrow_tunnel,0.5484,20.06,0.2572,18.335,28.72,77.26,DANGER,co2_buildup
2026-01-01 08:21:00,L14,narrow_tunnel,0.5395,20.08,0.2516,18.312,28.82,77.4,DANGER,co2_buildup
2026-01-01 08:21:05,L14,narrow_tunnel,0.5593,20.02,0.2629,18.352,28.83,77.5,DANGER,co2_buildup
2026-01-01 08:21:10,L14,narrow_tunnel,0.5489,19.93,0.2701,18.379,28.85,77.63,DANGER,co2_buildup
2026-01-01 08:21:15,L14,narrow_tunnel,0.5296,19.93,0.2649,18.388,28.88,77.6,DANGER,co2_buildup
2026-01-01 08:21:20,L14,narrow_tunnel,0.5357,19.89,0.2761,18.403,28.88,77.96,DANGER,co2_buildup
2026-01-01 08:21:25,L14,narrow_tunnel,0.5308,19.77,0.2741,18.409,28.95,77.95,DANGER,co2_buildup
2026-01-01 08:21:30,L14,narrow_tunnel,0.5038,19.72,0.2825,18.423,28.94,78.08,DANGER,co2_buildup
2026-01-01 08:21:35,L14,narrow_tunnel,0.5156,19.59,0.2857,18.444,28.99,78.24,DANGER,co2_buildup
2026-01-01 08:21:40,L14,narrow_tunnel,0.5012,19.52,0.2891,18.493,29.02,78.34,DANGER,co2_buildup
2026-01-01 08:21:45,L14,narrow_tunnel,0.5009,19.56,0.2982,18.466,29.08,78.31,DANGER,co2_buildup
2026-01-01 08:21:50,L14,narrow_tunnel,0.5117,19.39,0.2957,18.487,29.09,78.52,DANGER,co2_buildup
2026-01-01 08:21:55,L14,narrow_tunnel,0.4968,19.42,0.3116,18.51,29.14,78.62,DANGER,co2_buildup
2026-01-01 08:22:00,L14,narrow_tunnel,0.48,19.42,0.3057,18.503,29.12,78.69,DANGER,co2_buildup
2026-01-01 08:22:05,L14,narrow_tunnel,0.484,19.29,0.3093,18.547,29.18,78.86,DANGER,co2_buildup
2026-01-01 08:22:10,L14,narrow_tunnel,0.4569,19.19,0.3193,18.536,29.22,78.94,DANGER,co2_buildup
2026-01-01 08:22:15,L14,narrow_tunnel,0.4665,19.05,0.3233,18.555,29.27,79.03,DANGER,co2_buildup
2026-01-01 08:22:20,L14,narrow_tunnel,0.4608,19.08,0.3318,18.569,29.23,79.19,DANGER,co2_buildup
2026-01-01 08:22:25,L14,narrow_tunnel,0.456,19.07,0.335,18.577,29.27,79.17,DANGER,co2_buildup
2026-01-01 08:22:30,L14,narrow_tunnel,0.4424,18.94,0.3307,18.636,29.34,79.27,DANGER,co2_buildup
2026-01-01 08:22:35,L14,narrow_tunnel,0.4422,18.94,0.3491,18.64,29.4,79.44,DANGER,co2_buildup
2026-01-01 08:22:40,L14,narrow_tunnel,0.4394,18.84,0.3471,18.661,29.39,79.45,DANGER,co2_buildup
2026-01-01 08:22:45,L14,narrow_tunnel,0.4133,18.78,0.3544,18.675,29.38,79.61,DANGER,co2_buildup
2026-01-01 08:22:50,L14,narrow_tunnel,0.4202,18.68,0.3694,18.675,29.41,79.62,DANGER,co2_buildup
2026-01-01 08:22:55,L14,narrow_tunnel,0.4106,18.56,0.3692,18.693,29.47,79.56,DANGER,co2_buildup
2026-01-01 08:23:00,L14,narrow_tunnel,0.4147,18.55,0.3682,18.724,29.51,79.93,DANGER,co2_buildup
2026-01-01 08:23:05,L14,narrow_tunnel,0.4134,18.49,0.3646,18.748,29.52,79.83,DANGER,co2_buildup
2026-01-01 08:23:10,L14,narrow_tunnel,0.3949,18.49,0.3693,18.72,29.53,80.01,DANGER,co2_buildup
2026-01-01 08:23:15,L14,narrow_tunnel,0.386,18.39,0.3872,18.792,29.62,80.25,DANGER,co2_buildup
2026-01-01 08:23:20,L14,narrow_tunnel,0.3878,18.39,0.3836,18.75,29.6,80.35,DANGER,co2_buildup
2026-01-01 08:23:25,L14,narrow_tunnel,0.3738,18.29,0.3895,18.778,29.66,80.48,DANGER,co2_buildup
2026-01-01 08:23:30,L14,narrow_tunnel,0.3739,18.18,0.389,18.801,29.62,80.29,DANGER,co2_buildup
2026-01-01 08:23:35,L14,narrow_tunnel,0.3673,18.1,0.402,18.818,29.73,80.6,DANGER,co2_buildup
2026-01-01 08:23:40,L14,narrow_tunnel,0.3673,18.05,0.4103,18.86,29.71,80.65,DANGER,co2_buildup
2026-01-01 08:23:45,L14,narrow_tunnel,0.3597,18.03,0.417,18.861,29.8,80.87,DANGER,co2_buildup
2026-01-01 08:23:50,L14,narrow_tunnel,0.3529,17.94,0.4113,18.867,29.81,81.02,DANGER,co2_buildup
2026-01-01 08:23:55,L14,narrow_tunnel,0.3564,17.84,0.4216,18.892,29.78,80.86,DANGER,co2_buildup
2026-01-01 08:24:00,L14,narrow_tunnel,0.3418,17.9,0.4224,18.897,29.85,81.08,DANGER,co2_buildup
2026-01-01 08:24:05,L14,narrow_tunnel,0.3316,17.78,0.4322,18.897,29.92,81.26,DANGER,co2_buildup
2026-01-01 08:24:10,L14,narrow_tunnel,0.3265,17.73,0.4322,18.93,29.89,81.25,DANGER,co2_buildup
2026-01-01 08:24:15,L14,narrow_tunnel,0.3177,17.61,0.4325,18.939,29.98,81.54,DANGER,co2_buildup
2026-01-01 08:24:20,L14,narrow_tunnel,0.3102,17.53,0.4484,18.94,29.97,81.45,DANGER,co2_buildup
2026-01-01 08:24:25,L14,narrow_tunnel,0.302,17.52,0.4467,18.987,30.03,81.56,DANGER,co2_buildup
2026-01-01 08:24:30,L14,narrow_tunnel,0.3122,17.35,0.449,18.983,30.03,81.58,DANGER,co2_buildup
2026-01-01 08:24:35,L14,narrow_tunnel,0.2945,17.45,0.4564,18.982,30.05,81.8,DANGER,co2_buildup
2026-01-01 08:24:40,L14,narrow_tunnel,0.2952,17.3,0.4562,19.0,30.13,81.6,DANGER,co2_buildup
2026-01-01 08:24:45,L14,narrow_tunnel,0.2854,17.27,0.4669,19.037,30.13,81.96,DANGER,co2_buildup
2026-01-01 08:24:50,L14,narrow_tunnel,0.2813,17.25,0.4684,19.06,30.13,82.21,DANGER,co2_buildup
2026-01-01 08:24:55,L14,narrow_tunnel,0.283,17.15,0.4699,19.067,30.18,82.06,DANGER,co2_buildup
2026-01-01 08:25:00,L14,narrow_tunnel,0.2709,17.03,0.4912,19.082,30.18,82.14,DANGER,co2_buildup
2026-01-01 08:25:05,L14,narrow_tunnel,0.258,17.12,0.4781,19.078,30.23,82.49,DANGER,co2_buildup
2026-01-01 08:25:10,L14,narrow_tunnel,0.2544,16.89,0.4899,19.107,30.29,82.61,DANGER,co2_buildup
2026-01-01 08:25:15,L14,narrow_tunnel,0.2577,16.79,0.4929,19.116,30.28,82.46,DANGER,co2_buildup
2026-01-01 08:25:20,L14,narrow_tunnel,0.2494,16.9,0.4919,19.133,30.29,82.85,DANGER,co2_buildup
2026-01-01 08:25:25,L14,narrow_tunnel,0.2463,16.71,0.5002,19.15,30.31,82.83,DANGER,co2_buildup
2026-01-01 08:25:30,L14,narrow_tunnel,0.2331,16.8,0.4995,19.157,30.37,82.99,DANGER,co2_buildup
2026-01-01 08:25:35,L14,narrow_tunnel,0.2198,16.69,0.5221,19.193,30.38,82.92,DANGER,co2_buildup
2026-01-01 08:25:40,L14,narrow_tunnel,0.2261,16.62,0.5145,19.182,30.39,83.23,DANGER,co2_buildup
2026-01-01 08:25:45,L14,narrow_tunnel,0.2186,16.51,0.5196,19.193,30.42,83.17,DANGER,co2_buildup
2026-01-01 08:25:50,L14,narrow_tunnel,0.2056,17.04,0.5172,19.213,30.46,83.38,DANGER,ventilation_failure
2026-01-01 08:25:55,L14,narrow_tunnel,0.2507,17.02,0.5213,19.201,30.45,83.23,DANGER,ventilation_failure
2026-01-01 08:26:00,L14,narrow_tunnel,0.283,17.55,0.5179,19.207,30.46,83.46,DANGER,ventilation_failure
2026-01-01 08:26:05,L14,narrow_tunnel,0.2489,17.41,0.5183,19.202,30.46,83.4,DANGER,ventilation_failure
2026-01-01 08:26:10,L14,narrow_tunnel,0.2807,18.03,0.5121,19.194,30.44,83.63,DANGER,ventilation_failure
2026-01-01 08:26:15,L14,narrow_tunnel,0.287,18.32,0.5118,19.199,30.45,83.73,DANGER,ventilation_failure
2026-01-01 08:26:20,L14,narrow_tunnel,0.3422,18.2,0.5072,19.183,30.43,83.99,DANGER,ventilation_failure
2026-01-01 08:26:25,L14,narrow_tunnel,0.3306,18.34,0.503,19.172,30.43,83.91,DANGER,ventilation_failure
2026-01-01 08:26:30,L14,narrow_tunnel,0.3523,18.67,0.5058,19.186,30.43,84.16,DANGER,ventilation_failure
2026-01-01 08:26:35,L14,narrow_tunnel,0.3713,19.19,0.4966,19.177,30.42,84.17,DANGER,ventilation_failure
2026-01-01 08:26:40,L14,narrow_tunnel,0.3708,19.07,0.498,19.17,30.43,84.43,DANGER,ventilation_failure
2026-01-01 08:26:45,L14,narrow_tunnel,0.3813,19.53,0.4941,19.16,30.42,84.18,DANGER,ventilation_failure
2026-01-01 08:26:50,L14,narrow_tunnel,0.4218,20.24,0.4962,19.159,30.41,84.5,DANGER,ventilation_failure
2026-01-01 08:26:55,L14,narrow_tunnel,0.426,20.38,0.4884,19.146,30.41,84.3,DANGER,ventilation_failure
2026-01-01 08:27:00,L14,narrow_tunnel,0.417,19.88,0.4878,19.147,30.41,84.66,DANGER,ventilation_failure
2026-01-01 08:27:05,L14,narrow_tunnel,0.434,20.43,0.487,19.139,30.41,84.87,DANGER,ventilation_failure
2026-01-01 08:27:10,L14,narrow_tunnel,0.4542,21.62,0.4891,19.141,30.4,85.02,DANGER,ventilation_failure
2026-01-01 08:27:15,L14,narrow_tunnel,0.4924,21.64,0.4807,19.139,30.4,85.05,DANGER,ventilation_failure
2026-01-01 08:27:20,L14,narrow_tunnel,0.5123,21.47,0.4789,19.125,30.4,85.06,DANGER,ventilation_failure
2026-01-01 08:27:25,L14,narrow_tunnel,0.5376,21.52,0.4737,19.129,30.39,85.24,DANGER,ventilation_failure
2026-01-01 08:27:30,L14,narrow_tunnel,0.5101,21.86,0.4726,19.122,30.39,85.54,DANGER,ventilation_failure
2026-01-01 08:27:35,L14,narrow_tunnel,0.538,22.6,0.4746,19.12,30.39,85.41,DANGER,ventilation_failure
2026-01-01 08:27:40,L14,narrow_tunnel,0.5451,23.26,0.4712,19.11,30.38,85.6,DANGER,ventilation_failure
2026-01-01 08:27:45,L14,narrow_tunnel,0.5635,23.53,0.469,19.111,30.39,85.57,DANGER,ventilation_failure
2026-01-01 08:27:50,L14,narrow_tunnel,0.5953,22.9,0.472,19.099,30.37,85.82,DANGER,ventilation_failure
2026-01-01 08:27:55,L14,narrow_tunnel,0.5959,23.52,0.4593,19.089,30.38,85.91,DANGER,ventilation_failure
2026-01-01 08:28:00,L14,narrow_tunnel,0.6314,23.65,0.4692,19.086,30.37,85.87,DANGER,ventilation_failure
2026-01-01 08:28:05,L14,narrow_tunnel,0.6193,24.19,0.4635,19.086,30.37,86.11,DANGER,ventilation_failure
2026-01-01 08:28:10,L14,narrow_tunnel,0.6532,24.1,0.4567,19.076,30.36,86.22,DANGER,ventilation_failure
2026-01-01 08:28:15,L14,narrow_tunnel,0.6508,24.58,0.4566,19.088,30.36,86.31,DANGER,ventilation_failure
2026-01-01 08:28:20,L14,narrow_tunnel,0.6452,24.78,0.4511,19.075,30.36,86.34,DANGER,ventilation_failure
2026-01-01 08:28:25,L14,narrow_tunnel,0.6725,25.42,0.4519,19.075,30.35,86.57,DANGER,ventilation_failure
2026-01-01 08:28:30,L14,narrow_tunnel,0.7048,25.44,0.4552,19.07,30.36,86.46,DANGER,ventilation_failure
2026-01-01 08:28:35,L14,narrow_tunnel,0.7467,25.75,0.4444,19.061,30.35,86.66,DANGER,ventilation_failure
2026-01-01 08:28:40,L14,narrow_tunnel,0.7264,26.27,0.4435,19.075,30.35,86.78,DANGER,ventilation_failure
2026-01-01 08:28:45,L14,narrow_tunnel,0.746,26.84,0.4396,19.067,30.35,86.98,DANGER,ventilation_failure
2026-01-01 08:28:50,L14,narrow_tunnel,0.771,27.25,0.4379,19.055,30.34,86.88,CRITICAL,ventilation_failure
2026-01-01 08:28:55,L14,narrow_tunnel,0.7699,27.1,0.4362,19.038,30.34,87.1,CRITICAL,ventilation_failure
2026-01-01 08:29:00,L14,narrow_tunnel,0.7868,27.24,0.4318,19.046,30.33,87.14,CRITICAL,ventilation_failure
2026-01-01 08:29:05,L14,narrow_tunnel,0.8103,27.88,0.4321,19.025,30.34,87.3,CRITICAL,ventilation_failure
2026-01-01 08:29:10,L14,narrow_tunnel,0.8179,28.13,0.4309,19.036,30.32,87.43,CRITICAL,ventilation_failure
2026-01-01 08:29:15,L14,narrow_tunnel,0.813,28.34,0.4272,19.011,30.32,87.38,CRITICAL,ventilation_failure
2026-01-01 08:29:20,L14,narrow_tunnel,0.8451,27.98,0.4192,19.018,30.31,87.73,CRITICAL,ventilation_failure
2026-01-01 08:29:25,L14,narrow_tunnel,0.8791,28.98,0.4235,19.022,30.31,87.75,CRITICAL,ventilation_failure
2026-01-01 08:29:30,L14,narrow_tunnel,0.8948,29.05,0.4216,19.013,30.31,87.73,CRITICAL,ventilation_failure
2026-01-01 08:29:35,L14,narrow_tunnel,0.9202,29.0,0.4253,18.998,30.31,87.89,CRITICAL,ventilation_failure
2026-01-01 08:29:40,L14,narrow_tunnel,0.9342,29.34,0.4173,19.002,30.31,88.17,CRITICAL,ventilation_failure
2026-01-01 08:29:45,L14,narrow_tunnel,0.9173,29.95,0.4178,18.999,30.3,88.17,CRITICAL,ventilation_failure
2026-01-01 08:29:50,L14,narrow_tunnel,0.9348,29.43,0.4114,18.993,30.29,88.14,CRITICAL,ventilation_failure
2026-01-01 08:29:55,L14,narrow_tunnel,0.9506,30.33,0.4144,18.986,30.29,88.26,CRITICAL,ventilation_failure
2026-01-01 08:30:00,L14,narrow_tunnel,0.974,30.48,0.4053,18.988,30.3,88.51,CRITICAL,ventilation_failure
2026-01-01 08:30:05,L14,narrow_tunnel,0.9822,30.73,0.4075,18.984,30.29,88.62,CRITICAL,ventilation_failure
2026-01-01 08:30:10,L14,narrow_tunnel,1.004,31.09,0.4063,18.973,30.28,88.69,CRITICAL,ventilation_failure
2026-01-01 08:30:15,L14,narrow_tunnel,1.0088,31.11,0.4036,18.977,30.28,88.73,CRITICAL,ventilation_failure
2026-01-01 08:30:20,L14,narrow_tunnel,1.0487,32.05,0.4059,18.964,30.28,88.94,CRITICAL,ventilation_failure
2026-01-01 08:30:25,L14,narrow_tunnel,1.0381,31.5,0.3952,18.958,30.27,88.94,CRITICAL,ventilation_failure
2026-01-01 08:30:30,L14,narrow_tunnel,1.0525,32.38,0.3991,18.963,30.27,88.99,CRITICAL,ventilation_failure
2026-01-01 08:30:35,L14,narrow_tunnel,1.0903,32.4,0.396,18.958,30.27,89.33,CRITICAL,ventilation_failure
2026-01-01 08:30:40,L14,narrow_tunnel,1.1085,33.42,0.3904,18.943,30.27,89.33,CRITICAL,ventilation_failure
2026-01-01 08:30:45,L14,narrow_tunnel,1.1096,33.19,0.3936,18.938,30.26,89.31,CRITICAL,ventilation_failure
2026-01-01 08:30:50,L14,narrow_tunnel,1.141,32.92,0.3853,18.946,30.26,89.51,CRITICAL,ventilation_failure
2026-01-01 08:30:55,L14,narrow_tunnel,1.1552,33.89,0.3836,18.932,30.25,89.6,CRITICAL,ventilation_failure
2026-01-01 08:31:00,L14,narrow_tunnel,1.1432,33.85,0.383,18.936,30.29,89.89,CRITICAL,fire_heat
2026-01-01 08:31:05,L14,narrow_tunnel,1.1261,34.13,0.3842,18.931,30.43,89.22,CRITICAL,fire_heat
2026-01-01 08:31:10,L14,narrow_tunnel,1.1292,33.99,0.386,18.941,30.84,89.34,CRITICAL,fire_heat
2026-01-01 08:31:15,L14,narrow_tunnel,1.1202,34.05,0.3843,18.94,31.05,89.08,CRITICAL,fire_heat
2026-01-01 08:31:20,L14,narrow_tunnel,1.0979,34.43,0.3852,18.938,31.12,88.26,CRITICAL,fire_heat
2026-01-01 08:31:25,L14,narrow_tunnel,1.1108,34.9,0.3845,18.942,31.66,88.41,CRITICAL,fire_heat
2026-01-01 08:31:30,L14,narrow_tunnel,1.1125,34.73,0.3875,18.94,31.79,87.46,CRITICAL,fire_heat
2026-01-01 08:31:35,L14,narrow_tunnel,1.0985,35.23,0.389,18.942,32.25,87.14,CRITICAL,fire_heat
2026-01-01 08:31:40,L14,narrow_tunnel,1.0977,35.19,0.3896,18.954,32.13,87.39,CRITICAL,fire_heat
2026-01-01 08:31:45,L14,narrow_tunnel,1.0867,35.72,0.3866,18.949,32.31,86.32,CRITICAL,fire_heat
2026-01-01 08:31:50,L14,narrow_tunnel,1.0773,35.99,0.3887,18.955,32.57,86.45,CRITICAL,fire_heat
2026-01-01 08:31:55,L14,narrow_tunnel,1.0691,35.97,0.3917,18.955,33.1,86.5,CRITICAL,fire_heat
2026-01-01 08:32:00,L14,narrow_tunnel,1.0591,35.7,0.3908,18.957,33.05,86.2,CRITICAL,fire_heat
2026-01-01 08:32:05,L14,narrow_tunnel,1.0677,35.76,0.391,18.96,33.3,85.38,CRITICAL,fire_heat
2026-01-01 08:32:10,L14,narrow_tunnel,1.0601,36.37,0.3916,18.955,33.98,85.48,CRITICAL,fire_heat
2026-01-01 08:32:15,L14,narrow_tunnel,1.047,36.7,0.3929,18.967,33.5,84.55,CRITICAL,fire_heat
2026-01-01 08:32:20,L14,narrow_tunnel,1.0289,36.81,0.3931,18.965,34.1,84.37,CRITICAL,fire_heat
2026-01-01 08:32:25,L14,narrow_tunnel,1.0395,36.79,0.3924,18.966,34.25,84.31,CRITICAL,fire_heat
2026-01-01 08:32:30,L14,narrow_tunnel,1.0239,36.84,0.3952,18.971,34.44,84.04,CRITICAL,fire_heat
2026-01-01 08:32:35,L14,narrow_tunnel,1.0247,37.45,0.3926,18.969,34.52,83.31,CRITICAL,fire_heat
2026-01-01 08:32:40,L14,narrow_tunnel,1.007,37.79,0.397,18.974,34.82,83.84,CRITICAL,fire_heat
2026-01-01 08:32:45,L14,narrow_tunnel,1.0117,37.54,0.3942,18.975,35.11,82.44,CRITICAL,fire_heat
2026-01-01 08:32:50,L14,narrow_tunnel,1.0039,37.99,0.397,18.98,35.54,82.69,CRITICAL,fire_heat
2026-01-01 08:32:55,L14,narrow_tunnel,0.9822,38.48,0.3964,18.979,35.86,82.41,CRITICAL,fire_heat
2026-01-01 08:33:00,L14,narrow_tunnel,1.0032,38.18,0.3965,18.979,35.52,81.53,CRITICAL,fire_heat
2026-01-01 08:33:05,L14,narrow_tunnel,0.9837,38.37,0.3999,18.985,35.88,82.11,CRITICAL,fire_heat
2026-01-01 08:33:10,L14,narrow_tunnel,0.9779,38.69,0.3995,18.985,36.5,81.2,CRITICAL,fire_heat
2026-01-01 08:33:15,L14,narrow_tunnel,0.977,38.73,0.3989,18.983,36.75,81.12,CRITICAL,fire_heat
2026-01-01 08:33:20,L14,narrow_tunnel,0.9667,39.19,0.4022,18.99,36.53,80.87,CRITICAL,fire_heat
2026-01-01 08:33:25,L14,narrow_tunnel,0.9632,39.08,0.4016,18.99,37.27,80.04,CRITICAL,fire_heat
2026-01-01 08:33:30,L14,narrow_tunnel,0.9467,39.33,0.3995,18.995,37.32,79.84,CRITICAL,fire_heat
2026-01-01 08:33:35,L14,narrow_tunnel,0.9472,39.27,0.3978,18.994,37.72,80.29,CRITICAL,fire_heat
2026-01-01 08:33:40,L14,narrow_tunnel,0.929,39.67,0.402,18.995,37.61,79.5,CRITICAL,fire_heat
2026-01-01 08:33:45,L14,narrow_tunnel,0.934,39.72,0.4045,19.004,37.73,78.43,CRITICAL,fire_heat
2026-01-01 08:33:50,L14,narrow_tunnel,0.939,40.14,0.4039,19.005,38.2,78.8,CRITICAL,fire_heat
2026-01-01 08:33:55,L14,narrow_tunnel,0.9128,39.98,0.406,19.004,38.44,78.57,CRITICAL,fire_heat
2026-01-01 08:34:00,L14,narrow_tunnel,0.9143,40.62,0.4032,19.008,38.66,78.32,CRITICAL,fire_heat
2026-01-01 08:34:05,L14,narrow_tunnel,0.896,40.49,0.4045,19.011,38.88,77.37,CRITICAL,fire_heat
2026-01-01 08:34:10,L14,narrow_tunnel,0.9042,41.13,0.4051,19.01,39.57,77.62,CRITICAL,fire_heat
2026-01-01 08:34:15,L14,narrow_tunnel,0.901,41.24,0.4062,19.009,39.07,77.07,CRITICAL,fire_heat
2026-01-01 08:34:20,L14,narrow_tunnel,0.8941,41.29,0.4076,19.015,39.49,77.06,CRITICAL,fire_heat
2026-01-01 08:34:25,L14,narrow_tunnel,0.8812,41.12,0.4095,19.019,39.82,76.83,CRITICAL,fire_heat
2026-01-01 08:34:30,L14,narrow_tunnel,0.8644,41.46,0.4104,19.02,40.15,76.49,CRITICAL,fire_heat
2026-01-01 08:34:35,L14,narrow_tunnel,0.8642,41.6,0.4107,19.021,40.54,76.46,CRITICAL,fire_heat
2026-01-01 08:34:40,L14,narrow_tunnel,0.8748,41.81,0.4097,19.024,40.8,76.37,CRITICAL,fire_heat
2026-01-01 08:34:45,L14,narrow_tunnel,0.866,42.4,0.4088,19.024,41.09,75.1,CRITICAL,fire_heat
2026-01-01 08:34:50,L14,narrow_tunnel,0.8531,42.29,0.4102,19.03,41.19,75.0,CRITICAL,fire_heat
2026-01-01 08:34:55,L14,narrow_tunnel,0.8486,42.39,0.4114,19.033,40.95,75.01,CRITICAL,fire_heat
2026-01-01 08:35:00,L14,narrow_tunnel,0.8342,42.56,0.4112,19.027,41.2,74.44,CRITICAL,fire_heat
2026-01-01 08:35:05,L14,narrow_tunnel,0.8436,42.78,0.4102,19.036,42.04,73.38,CRITICAL,fire_heat
2026-01-01 08:35:10,L14,narrow_tunnel,0.8237,43.15,0.4115,19.041,42.26,73.79,CRITICAL,fire_heat
2026-01-01 08:35:15,L14,narrow_tunnel,0.8252,42.97,0.4141,19.038,42.4,73.89,CRITICAL,fire_heat
2026-01-01 08:35:20,L14,narrow_tunnel,0.807,43.45,0.4129,19.042,42.32,72.82,CRITICAL,fire_heat
2026-01-01 08:35:25,L14,narrow_tunnel,0.8085,43.69,0.4139,19.039,42.67,72.97,CRITICAL,fire_heat
2026-01-01 08:35:30,L14,narrow_tunnel,0.8118,43.51,0.4143,19.042,42.88,72.04,CRITICAL,fire_heat
2026-01-01 08:35:35,L14,narrow_tunnel,0.7907,43.75,0.4137,19.045,42.98,72.53,CRITICAL,fire_heat
2026-01-01 08:35:40,L14,narrow_tunnel,0.7959,44.17,0.4153,19.046,43.5,72.03,CRITICAL,fire_heat
2026-01-01 08:35:45,L14,narrow_tunnel,0.7772,44.61,0.4155,19.045,44.14,71.48,CRITICAL,fire_heat
2026-01-01 08:35:50,L14,narrow_tunnel,0.7721,44.75,0.4157,19.051,43.81,71.21,CRITICAL,fire_heat
2026-01-01 08:35:55,L14,narrow_tunnel,0.7719,44.63,0.4157,19.056,44.43,70.58,CRITICAL,fire_heat
2026-01-01 08:36:00,L14,narrow_tunnel,0.7722,45.16,0.4177,19.052,44.19,70.99,CRITICAL,fire_heat
2026-01-01 08:36:05,L14,narrow_tunnel,0.7573,45.05,0.4194,19.058,44.29,70.15,CRITICAL,fire_heat
2026-01-01 08:36:10,L14,narrow_tunnel,0.7619,44.74,0.4228,19.059,44.62,70.58,CRITICAL,combined_hazard
2026-01-01 08:36:15,L14,narrow_tunnel,0.7586,45.71,0.4206,19.061,44.54,70.47,CRITICAL,combined_hazard
2026-01-01 08:36:20,L14,narrow_tunnel,0.7791,45.92,0.4249,19.055,44.38,70.96,CRITICAL,combined_hazard
2026-01-01 08:36:25,L14,narrow_tunnel,0.7801,47.36,0.4321,19.046,44.29,71.15,CRITICAL,combined_hazard
2026-01-01 08:36:30,L14,narrow_tunnel,0.787,48.44,0.4286,19.042,43.89,71.19,CRITICAL,combined_hazard
2026-01-01 08:36:35,L14,narrow_tunnel,0.7918,50.31,0.4501,19.045,44.1,71.5,CRITICAL,combined_hazard
2026-01-01 08:36:40,L14,narrow_tunnel,0.7815,49.26,0.4494,19.044,43.72,72.13,CRITICAL,combined_hazard
2026-01-01 08:36:45,L14,narrow_tunnel,0.7845,51.23,0.4452,19.042,43.66,71.84,CRITICAL,combined_hazard
2026-01-01 08:36:50,L14,narrow_tunnel,0.8037,52.23,0.4473,19.034,43.43,72.07,CRITICAL,combined_hazard
2026-01-01 08:36:55,L14,narrow_tunnel,0.7968,52.59,0.4521,19.034,43.34,72.37,CRITICAL,combined_hazard
2026-01-01 08:37:00,L14,narrow_tunnel,0.8061,53.04,0.4649,19.032,43.27,72.51,CRITICAL,combined_hazard
2026-01-01 08:37:05,L14,narrow_tunnel,0.8028,53.35,0.4609,19.021,43.2,72.94,CRITICAL,combined_hazard
2026-01-01 08:37:10,L14,narrow_tunnel,0.8072,56.65,0.4692,19.025,43.08,73.3,CRITICAL,combined_hazard
2026-01-01 08:37:15,L14,narrow_tunnel,0.8188,56.0,0.466,19.024,42.88,73.15,CRITICAL,combined_hazard
2026-01-01 08:37:20,L14,narrow_tunnel,0.8086,56.52,0.4821,19.02,42.6,73.24,CRITICAL,combined_hazard
2026-01-01 08:37:25,L14,narrow_tunnel,0.827,59.34,0.4866,19.015,42.6,74.05,CRITICAL,combined_hazard
2026-01-01 08:37:30,L14,narrow_tunnel,0.83,58.63,0.4869,19.022,42.44,73.88,CRITICAL,combined_hazard
2026-01-01 08:37:35,L14,narrow_tunnel,0.8288,61.35,0.4933,19.017,42.28,73.71,CRITICAL,combined_hazard
2026-01-01 08:37:40,L14,narrow_tunnel,0.8359,58.96,0.5008,19.007,42.2,74.68,CRITICAL,combined_hazard
2026-01-01 08:37:45,L14,narrow_tunnel,0.8409,60.75,0.5018,19.003,41.82,74.74,CRITICAL,combined_hazard
2026-01-01 08:37:50,L14,narrow_tunnel,0.8455,60.66,0.5094,19.004,41.58,75.06,CRITICAL,combined_hazard
2026-01-01 08:37:55,L14,narrow_tunnel,0.852,62.51,0.5035,18.998,41.88,75.24,CRITICAL,combined_hazard
2026-01-01 08:38:00,L14,narrow_tunnel,0.8485,63.34,0.5159,19.0,41.56,75.71,CRITICAL,combined_hazard
2026-01-01 08:38:05,L14,narrow_tunnel,0.8708,63.91,0.5193,18.988,41.5,75.15,CRITICAL,combined_hazard
2026-01-01 08:38:10,L14,narrow_tunnel,0.8602,65.16,0.5289,18.989,41.18,75.42,CRITICAL,combined_hazard
2026-01-01 08:38:15,L14,narrow_tunnel,0.8648,65.61,0.5271,18.99,41.34,75.7,CRITICAL,combined_hazard
2026-01-01 08:38:20,L14,narrow_tunnel,0.8797,66.69,0.5308,18.988,41.07,75.91,CRITICAL,combined_hazard
2026-01-01 08:38:25,L14,narrow_tunnel,0.8646,67.0,0.5327,18.976,40.86,76.26,CRITICAL,combined_hazard
2026-01-01 08:38:30,L14,narrow_tunnel,0.8881,69.62,0.5478,18.975,40.79,76.35,CRITICAL,combined_hazard
2026-01-01 08:38:35,L14,narrow_tunnel,0.8829,68.38,0.532,18.97,40.38,76.42,CRITICAL,combined_hazard
2026-01-01 08:38:40,L14,narrow_tunnel,0.884,70.29,0.5513,18.97,40.52,76.7,CRITICAL,combined_hazard
2026-01-01 08:38:45,L14,narrow_tunnel,0.8852,69.98,0.5529,18.965,40.54,77.04,CRITICAL,combined_hazard
2026-01-01 08:38:50,L14,narrow_tunnel,0.8887,71.1,0.5564,18.969,40.24,77.56,CRITICAL,combined_hazard
2026-01-01 08:38:55,L14,narrow_tunnel,0.8977,72.02,0.56,18.965,40.08,77.41,CRITICAL,combined_hazard
2026-01-01 08:39:00,L14,narrow_tunnel,0.9051,73.34,0.5657,18.961,39.88,77.92,CRITICAL,combined_hazard
2026-01-01 08:39:05,L14,narrow_tunnel,0.9111,74.43,0.5729,18.959,39.93,77.69,CRITICAL,combined_hazard
2026-01-01 08:39:10,L14,narrow_tunnel,0.9135,74.22,0.5706,18.961,39.81,77.51,CRITICAL,combined_hazard
2026-01-01 08:39:15,L14,narrow_tunnel,0.9138,75.61,0.5798,18.949,39.45,78.37,CRITICAL,combined_hazard
2026-01-01 08:39:20,L14,narrow_tunnel,0.9275,75.98,0.5852,18.943,39.42,78.49,CRITICAL,combined_hazard
2026-01-01 08:39:25,L14,narrow_tunnel,0.9386,76.78,0.5827,18.95,39.26,78.65,CRITICAL,combined_hazard
2026-01-01 08:39:30,L14,narrow_tunnel,0.9368,79.37,0.5947,18.943,39.15,78.84,CRITICAL,combined_hazard
2026-01-01 08:39:35,L14,narrow_tunnel,0.9315,78.15,0.5983,18.938,38.85,79.12,CRITICAL,combined_hazard
2026-01-01 08:39:40,L14,narrow_tunnel,0.9402,80.18,0.5966,18.941,38.97,79.28,CRITICAL,combined_hazard
2026-01-01 08:39:45,L14,narrow_tunnel,0.9448,82.33,0.5989,18.929,38.75,79.51,CRITICAL,combined_hazard
2026-01-01 08:39:50,L14,narrow_tunnel,0.9544,82.77,0.6052,18.93,38.7,79.63,CRITICAL,combined_hazard
2026-01-01 08:39:55,L14,narrow_tunnel,0.9486,82.97,0.6145,18.922,38.25,79.68,CRITICAL,combined_hazard
2026-01-01 08:40:00,L14,narrow_tunnel,0.9496,83.44,0.6177,18.929,38.12,79.88,CRITICAL,combined_hazard
2026-01-01 08:40:05,L14,narrow_tunnel,0.9647,84.89,0.6297,18.931,38.4,81.09,CRITICAL,combined_hazard
2026-01-01 08:40:10,L14,narrow_tunnel,0.9652,85.42,0.6249,18.92,38.14,80.77,CRITICAL,combined_hazard
2026-01-01 08:40:15,L14,narrow_tunnel,0.9616,87.11,0.6265,18.917,37.74,81.33,CRITICAL,combined_hazard
2026-01-01 08:40:20,L14,narrow_tunnel,0.9752,86.68,0.6389,18.923,37.83,81.18,CRITICAL,combined_hazard
2026-01-01 08:40:25,L14,narrow_tunnel,0.9853,88.44,0.6347,18.916,37.51,81.4,CRITICAL,combined_hazard
2026-01-01 08:40:30,L14,narrow_tunnel,0.9765,88.19,0.64,18.92,37.2,81.72,CRITICAL,combined_hazard
2026-01-01 08:40:35,L14,narrow_tunnel,0.9797,90.83,0.6444,18.909,37.01,82.0,CRITICAL,combined_hazard
2026-01-01 08:40:40,L14,narrow_tunnel,0.9887,89.99,0.6372,18.906,37.15,81.82,CRITICAL,combined_hazard
2026-01-01 08:40:45,L14,narrow_tunnel,0.9963,89.64,0.6601,18.908,37.23,82.22,CRITICAL,combined_hazard
2026-01-01 08:40:50,L14,narrow_tunnel,0.9967,91.85,0.6664,18.899,37.09,82.58,CRITICAL,combined_hazard
2026-01-01 08:40:55,L14,narrow_tunnel,1.0071,93.25,0.6706,18.898,36.91,82.32,CRITICAL,combined_hazard
2026-01-01 08:41:00,L14,narrow_tunnel,1.0069,94.78,0.6801,18.885,36.72,83.23,CRITICAL,combined_hazard
2026-01-01 08:41:05,L14,narrow_tunnel,1.015,93.48,0.6824,18.898,36.51,83.39,CRITICAL,combined_hazard
2026-01-01 08:41:10,L14,narrow_tunnel,1.0103,93.7,0.6771,18.89,36.48,82.94,CRITICAL,combined_hazard
2026-01-01 08:41:15,L14,narrow_tunnel,1.012,96.36,0.689,18.885,35.92,83.42,CRITICAL,combined_hazard
2026-01-01 08:41:20,L14,narrow_tunnel,1.0208,97.17,0.687,18.886,36.19,83.84,CRITICAL,combined_hazard
2026-01-01 08:41:25,L14,narrow_tunnel,1.0199,96.48,0.6897,18.876,35.76,84.21,CRITICAL,combined_hazard
2026-01-01 08:41:30,L14,narrow_tunnel,1.0331,98.19,0.6923,18.875,35.65,84.58,CRITICAL,combined_hazard
2026-01-01 08:41:35,L14,narrow_tunnel,1.0249,99.06,0.6992,18.876,35.73,84.33,CRITICAL,combined_hazard
2026-01-01 08:00:00,L15,equipment_zone,0.1423,6.12,0.0864,20.41,28.69,69.21,SAFE,normal
2026-01-01 08:00:05,L15,equipment_zone,0.1403,6.08,0.095,20.415,28.69,69.48,SAFE,normal
2026-01-01 08:00:10,L15,equipment_zone,0.1391,6.27,0.0889,20.421,28.71,69.65,SAFE,normal
2026-01-01 08:00:15,L15,equipment_zone,0.1396,6.27,0.0949,20.434,28.73,69.71,SAFE,normal
2026-01-01 08:00:20,L15,equipment_zone,0.1429,6.38,0.0913,20.447,28.72,69.93,SAFE,normal
2026-01-01 08:00:25,L15,equipment_zone,0.1422,6.38,0.0975,20.433,28.74,70.13,SAFE,normal
2026-01-01 08:00:30,L15,equipment_zone,0.1396,6.54,0.0953,20.436,28.76,70.19,SAFE,normal
2026-01-01 08:00:35,L15,equipment_zone,0.1399,6.67,0.0973,20.439,28.75,70.22,SAFE,normal
2026-01-01 08:00:40,L15,equipment_zone,0.1423,6.74,0.094,20.45,28.78,70.45,SAFE,normal
2026-01-01 08:00:45,L15,equipment_zone,0.1434,6.8,0.0997,20.454,28.78,70.83,SAFE,normal
2026-01-01 08:00:50,L15,equipment_zone,0.142,6.89,0.1,20.457,28.78,70.78,SAFE,normal
2026-01-01 08:00:55,L15,equipment_zone,0.1411,6.95,0.1012,20.458,28.79,71.05,SAFE,normal
2026-01-01 08:01:00,L15,equipment_zone,0.1421,7.06,0.1027,20.471,28.8,70.96,SAFE,normal
2026-01-01 08:01:05,L15,equipment_zone,0.146,7.13,0.1022,20.472,28.81,71.21,SAFE,normal
2026-01-01 08:01:10,L15,equipment_zone,0.1448,7.24,0.1023,20.476,28.8,71.42,SAFE,normal
2026-01-01 08:01:15,L15,equipment_zone,0.1458,7.28,0.1021,20.478,28.81,71.66,SAFE,normal
2026-01-01 08:01:20,L15,equipment_zone,0.1464,7.34,0.1037,20.48,28.81,71.76,SAFE,normal
2026-01-01 08:01:25,L15,equipment_zone,0.1444,7.51,0.1075,20.481,28.84,71.6,SAFE,normal
2026-01-01 08:01:30,L15,equipment_zone,0.145,7.57,0.1047,20.491,28.87,72.04,SAFE,normal
2026-01-01 08:01:35,L15,equipment_zone,0.1456,7.6,0.1037,20.494,28.84,72.26,SAFE,normal
2026-01-01 08:01:40,L15,equipment_zone,0.1467,7.77,0.1061,20.499,28.87,72.1,SAFE,normal
2026-01-01 08:01:45,L15,equipment_zone,0.1479,7.76,0.1099,20.493,28.87,72.2,SAFE,normal
2026-01-01 08:01:50,L15,equipment_zone,0.1492,7.82,0.1091,20.506,28.88,72.46,SAFE,normal
2026-01-01 08:01:55,L15,equipment_zone,0.1482,7.91,0.1116,20.507,28.9,72.63,SAFE,normal
2026-01-01 08:02:00,L15,equipment_zone,0.1485,8.0,0.1078,20.508,28.89,72.7,SAFE,normal
2026-01-01 08:02:05,L15,equipment_zone,0.1502,8.0,0.1069,20.52,28.89,72.74,SAFE,normal
2026-01-01 08:02:10,L15,equipment_zone,0.1478,8.01,0.1136,20.521,28.91,73.23,SAFE,normal
2026-01-01 08:02:15,L15,equipment_zone,0.1499,8.24,0.1158,20.536,28.92,73.07,SAFE,normal
2026-01-01 08:02:20,L15,equipment_zone,0.1495,8.36,0.1118,20.531,28.92,73.26,SAFE,normal
2026-01-01 08:02:25,L15,equipment_zone,0.1498,8.3,0.1167,20.531,28.95,73.48,SAFE,normal
2026-01-01 08:02:30,L15,equipment_zone,0.1491,8.53,0.1187,20.536,28.94,73.42,SAFE,normal
2026-01-01 08:02:35,L15,equipment_zone,0.1479,8.41,0.1174,20.535,28.96,73.55,SAFE,normal
2026-01-01 08:02:40,L15,equipment_zone,0.1504,8.57,0.1199,20.55,28.97,73.84,SAFE,normal
2026-01-01 08:02:45,L15,equipment_zone,0.1508,8.81,0.1195,20.55,28.97,74.15,SAFE,normal
2026-01-01 08:02:50,L15,equipment_zone,0.1499,8.79,0.1196,20.554,28.99,74.21,SAFE,normal
2026-01-01 08:02:55,L15,equipment_zone,0.1508,8.82,0.1224,20.552,28.99,74.06,SAFE,normal
2026-01-01 08:03:00,L15,equipment_zone,0.1502,8.94,0.1252,20.564,29.0,74.66,SAFE,normal
2026-01-01 08:03:05,L15,equipment_zone,0.1505,9.08,0.1216,20.56,29.02,74.73,SAFE,normal
2026-01-01 08:03:10,L15,equipment_zone,0.1513,8.97,0.1233,20.566,29.02,74.79,SAFE,normal
2026-01-01 08:03:15,L15,equipment_zone,0.1505,9.24,0.1226,20.573,29.03,74.93,SAFE,normal
2026-01-01 08:03:20,L15,equipment_zone,0.1518,9.19,0.1255,20.574,29.03,75.14,SAFE,normal
2026-01-01 08:03:25,L15,equipment_zone,0.1538,9.35,0.1258,20.577,29.04,75.5,SAFE,normal
2026-01-01 08:03:30,L15,equipment_zone,0.1551,9.34,0.129,20.585,29.06,75.46,SAFE,normal
2026-01-01 08:03:35,L15,equipment_zone,0.1562,9.58,0.1304,20.594,29.06,75.52,SAFE,normal
2026-01-01 08:03:40,L15,equipment_zone,0.1534,9.53,0.1301,20.597,29.08,75.46,SAFE,normal
2026-01-01 08:03:45,L15,equipment_zone,0.1558,9.52,0.1314,20.6,29.08,75.79,SAFE,normal
2026-01-01 08:03:50,L15,equipment_zone,0.155,9.72,0.1292,20.603,29.1,76.02,SAFE,normal
2026-01-01 08:03:55,L15,equipment_zone,0.1545,9.86,0.1296,20.603,29.09,76.04,SAFE,normal
2026-01-01 08:04:00,L15,equipment_zone,0.1557,9.93,0.1329,20.614,29.1,76.13,SAFE,normal
2026-01-01 08:04:05,L15,equipment_zone,0.1569,9.93,0.1331,20.605,29.13,76.42,SAFE,normal
2026-01-01 08:04:10,L15,equipment_zone,0.1552,10.06,0.1375,20.619,29.12,76.36,SAFE,normal
2026-01-01 08:04:15,L15,equipment_zone,0.1555,10.05,0.1313,20.625,29.14,76.75,SAFE,normal
2026-01-01 08:04:20,L15,equipment_zone,0.1559,10.2,0.1367,20.625,29.13,76.72,SAFE,normal
2026-01-01 08:04:25,L15,equipment_zone,0.156,10.26,0.1376,20.626,29.15,76.64,SAFE,normal
2026-01-01 08:04:30,L15,equipment_zone,0.1587,10.1,0.136,20.633,29.17,77.0,SAFE,normal
2026-01-01 08:04:35,L15,equipment_zone,0.1564,10.31,0.1365,20.634,29.15,77.2,SAFE,normal
2026-01-01 08:04:40,L15,equipment_zone,0.157,10.48,0.1385,20.643,29.2,77.42,SAFE,normal
2026-01-01 08:04:45,L15,equipment_zone,0.1585,10.55,0.137,20.65,29.19,77.55,SAFE,normal
2026-01-01 08:04:50,L15,equipment_zone,0.1587,10.61,0.1434,20.651,29.19,77.47,SAFE,normal
2026-01-01 08:04:55,L15,equipment_zone,0.1582,10.7,0.1465,20.655,29.2,77.8,SAFE,normal
2026-01-01 08:05:00,L15,equipment_zone,0.1612,10.86,0.1419,20.661,29.22,77.86,SAFE,normal
2026-01-01 08:05:05,L15,equipment_zone,0.1585,10.87,0.1423,20.665,29.21,78.02,SAFE,normal
2026-01-01 08:05:10,L15,equipment_zone,0.1911,10.69,0.1435,20.656,29.23,77.89,SAFE,methane_buildup
2026-01-01 08:05:15,L15,equipment_zone,0.1881,11.14,0.1434,20.667,29.19,78.19,SAFE,methane_buildup
2026-01-01 08:05:20,L15,equipment_zone,0.1692,11.22,0.1455,20.626,29.2,78.15,SAFE,methane_buildup
2026-01-01 08:05:25,L15,equipment_zone,0.1899,11.06,0.1458,20.627,29.16,78.28,SAFE,methane_buildup
2026-01-01 08:05:30,L15,equipment_zone,0.1961,11.33,0.1451,20.621,29.14,78.57,SAFE,methane_buildup
2026-01-01 08:05:35,L15,equipment_zone,0.2107,11.5,0.1461,20.593,29.12,78.47,SAFE,methane_buildup
2026-01-01 08:05:40,L15,equipment_zone,0.2285,11.69,0.1473,20.582,29.08,78.57,SAFE,methane_buildup
2026-01-01 08:05:45,L15,equipment_zone,0.2279,11.73,0.1475,20.582,29.08,78.83,SAFE,methane_buildup
2026-01-01 08:05:50,L15,equipment_zone,0.2319,11.94,0.1467,20.555,29.07,78.78,SAFE,methane_buildup
2026-01-01 08:05:55,L15,equipment_zone,0.2608,11.97,0.1493,20.517,29.01,79.08,SAFE,methane_buildup
2026-01-01 08:06:00,L15,equipment_zone,0.2466,12.18,0.1493,20.55,29.04,79.14,SAFE,methane_buildup
2026-01-01 08:06:05,L15,equipment_zone,0.271,12.07,0.1516,20.505,29.0,79.11,WARNING,methane_buildup
2026-01-01 08:06:10,L15,equipment_zone,0.264,12.35,0.1468,20.508,28.99,79.38,SAFE,methane_buildup
2026-01-01 08:06:15,L15,equipment_zone,0.2786,12.62,0.1505,20.475,28.92,79.2,WARNING,methane_buildup
2026-01-01 08:06:20,L15,equipment_zone,0.3065,12.77,0.1516,20.472,28.95,79.53,WARNING,methane_buildup
2026-01-01 08:06:25,L15,equipment_zone,0.3021,12.75,0.1519,20.46,28.9,79.47,WARNING,methane_buildup
2026-01-01 08:06:30,L15,equipment_zone,0.2999,12.85,0.1506,20.455,28.9,79.64,WARNING,methane_buildup
2026-01-01 08:06:35,L15,equipment_zone,0.3216,13.14,0.1494,20.428,28.85,79.75,SAFE,methane_buildup
2026-01-01 08:06:40,L15,equipment_zone,0.3305,13.1,0.1541,20.452,28.85,80.01,WARNING,methane_buildup
2026-01-01 08:06:45,L15,equipment_zone,0.3361,13.37,0.1516,20.414,28.84,79.95,WARNING,methane_buildup
2026-01-01 08:06:50,L15,equipment_zone,0.3644,13.35,0.1524,20.412,28.82,80.09,WARNING,methane_buildup
2026-01-01 08:06:55,L15,equipment_zone,0.3532,13.49,0.1562,20.388,28.82,80.15,WARNING,methane_buildup
2026-01-01 08:07:00,L15,equipment_zone,0.3728,13.49,0.1519,20.387,28.75,80.2,WARNING,methane_buildup
2026-01-01 08:07:05,L15,equipment_zone,0.3901,13.59,0.1554,20.334,28.76,80.3,WARNING,methane_buildup
2026-01-01 08:07:10,L15,equipment_zone,0.3953,13.98,0.1536,20.339,28.74,80.53,WARNING,methane_buildup
2026-01-01 08:07:15,L15,equipment_zone,0.4046,14.19,0.154,20.329,28.72,80.6,WARNING,methane_buildup
2026-01-01 08:07:20,L15,equipment_zone,0.4114,14.13,0.1558,20.316,28.69,80.77,WARNING,methane_buildup
2026-01-01 08:07:25,L15,equipment_zone,0.4163,14.22,0.157,20.316,28.71,80.78,WARNING,methane_buildup
2026-01-01 08:07:30,L15,equipment_zone,0.4322,14.49,0.1579,20.304,28.71,80.88,WARNING,methane_buildup
2026-01-01 08:07:35,L15,equipment_zone,0.4553,14.53,0.1586,20.282,28.62,81.08,WARNING,methane_buildup
2026-01-01 08:07:40,L15,equipment_zone,0.4542,14.34,0.1565,20.27,28.61,81.07,WARNING,methane_buildup
2026-01-01 08:07:45,L15,equipment_zone,0.4703,14.86,0.1563,20.289,28.59,81.07,WARNING,methane_buildup
2026-01-01 08:07:50,L15,equipment_zone,0.4899,14.72,0.1579,20.249,28.58,81.39,WARNING,methane_buildup
2026-01-01 08:07:55,L15,equipment_zone,0.4946,15.0,0.1594,20.203,28.59,81.35,WARNING,methane_buildup
2026-01-01 08:08:00,L15,equipment_zone,0.4856,15.07,0.1591,20.228,28.56,81.52,WARNING,methane_buildup
2026-01-01 08:08:05,L15,equipment_zone,0.513,15.17,0.1546,20.213,28.53,81.55,WARNING,methane_buildup
2026-01-01 08:08:10,L15,equipment_zone,0.529,15.38,0.1577,20.207,28.51,81.62,WARNING,methane_buildup
2026-01-01 08:08:15,L15,equipment_zone,0.5225,15.6,0.1604,20.187,28.48,81.64,WARNING,methane_buildup
2026-01-01 08:08:20,L15,equipment_zone,0.5223,15.63,0.1625,20.155,28.49,81.95,WARNING,methane_buildup
2026-01-01 08:08:25,L15,equipment_zone,0.5439,15.91,0.1604,20.165,28.47,81.7,WARNING,methane_buildup
2026-01-01 08:08:30,L15,equipment_zone,0.5602,16.05,0.1632,20.141,28.44,82.24,WARNING,methane_buildup
2026-01-01 08:08:35,L15,equipment_zone,0.5743,16.18,0.1605,20.141,28.37,82.32,WARNING,methane_buildup
2026-01-01 08:08:40,L15,equipment_zone,0.573,16.12,0.1635,20.134,28.39,82.23,WARNING,methane_buildup
2026-01-01 08:08:45,L15,equipment_zone,0.5676,16.2,0.164,20.099,28.37,82.57,WARNING,methane_buildup
2026-01-01 08:08:50,L15,equipment_zone,0.5853,16.38,0.1647,20.099,28.37,82.72,WARNING,methane_buildup
2026-01-01 08:08:55,L15,equipment_zone,0.6119,16.64,0.1631,20.088,28.34,82.6,WARNING,methane_buildup
2026-01-01 08:09:00,L15,equipment_zone,0.6383,16.75,0.1628,20.064,28.32,82.76,WARNING,methane_buildup
2026-01-01 08:09:05,L15,equipment_zone,0.6279,16.46,0.1665,20.074,28.28,82.84,WARNING,methane_buildup
2026-01-01 08:09:10,L15,equipment_zone,0.6514,16.92,0.1637,20.049,28.29,83.07,WARNING,methane_buildup
2026-01-01 08:09:15,L15,equipment_zone,0.6374,16.73,0.1653,20.015,28.28,82.9,WARNING,methane_buildup
2026-01-01 08:09:20,L15,equipment_zone,0.6515,17.13,0.1689,20.013,28.2,83.11,WARNING,methane_buildup
2026-01-01 08:09:25,L15,equipment_zone,0.6444,17.2,0.1676,20.008,28.19,83.32,WARNING,methane_buildup
2026-01-01 08:09:30,L15,equipment_zone,0.6818,17.29,0.1683,20.009,28.21,83.41,WARNING,methane_buildup
2026-01-01 08:09:35,L15,equipment_zone,0.679,17.61,0.1692,19.979,28.17,83.43,WARNING,methane_buildup
2026-01-01 08:09:40,L15,equipment_zone,0.704,17.56,0.1696,19.962,28.18,83.66,WARNING,methane_buildup
2026-01-01 08:09:45,L15,equipment_zone,0.7029,17.76,0.1692,19.961,28.14,83.66,WARNING,methane_buildup
2026-01-01 08:09:50,L15,equipment_zone,0.7384,17.78,0.1684,19.929,28.13,83.75,WARNING,methane_buildup
2026-01-01 08:09:55,L15,equipment_zone,0.7461,18.02,0.174,19.906,28.08,83.9,WARNING,methane_buildup
2026-01-01 08:10:00,L15,equipment_zone,0.7146,18.25,0.1702,19.915,28.08,83.93,WARNING,methane_buildup
2026-01-01 08:10:05,L15,equipment_zone,0.7538,18.16,0.1716,19.888,28.06,84.04,DANGER,methane_buildup
2026-01-01 08:10:10,L15,equipment_zone,0.7503,18.47,0.1722,19.915,28.03,84.07,DANGER,methane_buildup
2026-01-01 08:10:15,L15,equipment_zone,0.7744,18.52,0.1713,19.87,28.04,84.52,DANGER,methane_buildup
2026-01-01 08:10:20,L15,equipment_zone,0.7756,18.83,0.1714,19.876,28.09,84.19,DANGER,co_buildup
2026-01-01 08:10:25,L15,equipment_zone,0.7602,18.65,0.1731,19.871,28.08,84.25,DANGER,co_buildup
2026-01-01 08:10:30,L15,equipment_zone,0.7573,19.67,0.1727,19.876,28.11,84.34,DANGER,co_buildup
2026-01-01 08:10:35,L15,equipment_zone,0.7567,18.89,0.1722,19.888,28.14,84.4,DANGER,co_buildup
2026-01-01 08:10:40,L15,equipment_zone,0.7512,19.96,0.1729,19.882,28.3,84.47,DANGER,co_buildup
2026-01-01 08:10:45,L15,equipment_zone,0.7477,19.95,0.1747,19.894,28.28,84.53,WARNING,co_buildup
2026-01-01 08:10:50,L15,equipment_zone,0.7548,20.62,0.1731,19.88,28.25,84.55,DANGER,co_buildup
2026-01-01 08:10:55,L15,equipment_zone,0.743,21.62,0.1751,19.889,28.29,84.59,WARNING,co_buildup
2026-01-01 08:11:00,L15,equipment_zone,0.7354,22.07,0.1736,19.895,28.43,84.7,WARNING,co_buildup
2026-01-01 08:11:05,L15,equipment_zone,0.7335,22.01,0.1723,19.904,28.48,84.68,WARNING,co_buildup
2026-01-01 08:11:10,L15,equipment_zone,0.7333,21.66,0.174,19.914,28.48,84.75,WARNING,co_buildup
2026-01-01 08:11:15,L15,equipment_zone,0.7294,22.16,0.1726,19.907,28.5,84.79,WARNING,co_buildup
2026-01-01 08:11:20,L15,equipment_zone,0.7218,22.99,0.1742,19.918,28.53,84.81,WARNING,co_buildup
2026-01-01 08:11:25,L15,equipment_zone,0.7136,23.03,0.1744,19.928,28.64,84.86,WARNING,co_buildup
2026-01-01 08:11:30,L15,equipment_zone,0.7168,23.9,0.1772,19.928,28.71,84.98,WARNING,co_buildup
2026-01-01 08:11:35,L15,equipment_zone,0.7131,24.61,0.1772,19.923,28.81,84.96,WARNING,co_buildup
2026-01-01 08:11:40,L15,equipment_zone,0.707,24.08,0.1756,19.933,28.82,85.0,WARNING,co_buildup
2026-01-01 08:11:45,L15,equipment_zone,0.7117,24.48,0.1772,19.935,28.93,85.03,WARNING,co_buildup
2026-01-01 08:11:50,L15,equipment_zone,0.705,24.75,0.1755,19.934,28.96,85.13,WARNING,co_buildup
2026-01-01 08:11:55,L15,equipment_zone,0.6995,25.43,0.1744,19.943,29.0,85.14,DANGER,co_buildup
2026-01-01 08:12:00,L15,equipment_zone,0.6937,25.9,0.177,19.943,29.08,85.22,DANGER,co_buildup
2026-01-01 08:12:05,L15,equipment_zone,0.6991,26.26,0.177,19.949,29.02,85.27,DANGER,co_buildup
2026-01-01 08:12:10,L15,equipment_zone,0.683,26.92,0.1757,19.946,29.11,85.29,DANGER,co_buildup
2026-01-01 08:12:15,L15,equipment_zone,0.6822,27.12,0.1759,19.948,29.3,85.29,DANGER,co_buildup
2026-01-01 08:12:20,L15,equipment_zone,0.6788,27.34,0.1784,19.959,29.14,85.36,DANGER,co_buildup
2026-01-01 08:12:25,L15,equipment_zone,0.6784,27.74,0.1754,19.966,29.27,85.41,DANGER,co_buildup
2026-01-01 08:12:30,L15,equipment_zone,0.6763,28.12,0.1783,19.963,29.36,85.45,DANGER,co_buildup
2026-01-01 08:12:35,L15,equipment_zone,0.6641,28.44,0.1775,19.974,29.3,85.57,DANGER,co_buildup
2026-01-01 08:12:40,L15,equipment_zone,0.6633,28.6,0.1788,19.976,29.4,85.69,DANGER,co_buildup
2026-01-01 08:12:45,L15,equipment_zone,0.6645,28.79,0.1795,19.983,29.58,85.62,DANGER,co_buildup
2026-01-01 08:12:50,L15,equipment_zone,0.6561,29.61,0.1775,19.988,29.54,85.68,DANGER,co_buildup
2026-01-01 08:12:55,L15,equipment_zone,0.6536,29.77,0.1774,19.994,29.56,85.71,DANGER,co_buildup
2026-01-01 08:13:00,L15,equipment_zone,0.6525,30.48,0.1807,19.994,29.65,85.83,DANGER,co_buildup
2026-01-01 08:13:05,L15,equipment_zone,0.6439,30.7,0.1791,19.994,29.66,85.86,DANGER,co_buildup
2026-01-01 08:13:10,L15,equipment_zone,0.6457,31.05,0.1798,20.0,29.82,85.88,WARNING,co_buildup
2026-01-01 08:13:15,L15,equipment_zone,0.6435,31.74,0.1807,20.014,29.74,85.88,WARNING,co_buildup
2026-01-01 08:13:20,L15,equipment_zone,0.6374,31.3,0.1787,20.012,29.81,85.94,WARNING,co_buildup
2026-01-01 08:13:25,L15,equipment_zone,0.6397,32.74,0.1811,20.011,29.82,86.04,WARNING,co_buildup
2026-01-01 08:13:30,L15,equipment_zone,0.6331,31.77,0.181,20.014,29.93,86.09,WARNING,co_buildup
2026-01-01 08:13:35,L15,equipment_zone,0.6261,33.37,0.1822,20.016,29.98,86.13,WARNING,co_buildup
2026-01-01 08:13:40,L15,equipment_zone,0.6213,33.32,0.1824,20.017,30.1,86.21,WARNING,co_buildup
2026-01-01 08:13:45,L15,equipment_zone,0.6266,33.44,0.181,20.035,30.04,86.17,WARNING,co_buildup
2026-01-01 08:13:50,L15,equipment_zone,0.6126,33.49,0.182,20.033,30.17,86.29,WARNING,co_buildup
2026-01-01 08:13:55,L15,equipment_zone,0.6106,34.15,0.1814,20.029,30.2,86.33,WARNING,co_buildup
2026-01-01 08:14:00,L15,equipment_zone,0.6064,34.67,0.1817,20.038,30.15,86.33,WARNING,co_buildup
2026-01-01 08:14:05,L15,equipment_zone,0.6063,35.16,0.1804,20.048,30.26,86.39,WARNING,co_buildup
2026-01-01 08:14:10,L15,equipment_zone,0.6107,35.95,0.1817,20.044,30.31,86.5,WARNING,co_buildup
2026-01-01 08:14:15,L15,equipment_zone,0.5984,35.85,0.1801,20.046,30.48,86.46,WARNING,co_buildup
2026-01-01 08:14:20,L15,equipment_zone,0.5923,36.3,0.1823,20.056,30.47,86.67,WARNING,co_buildup
2026-01-01 08:14:25,L15,equipment_zone,0.5909,36.68,0.1842,20.061,30.5,86.64,WARNING,co_buildup
2026-01-01 08:14:30,L15,equipment_zone,0.5807,36.82,0.1838,20.06,30.34,86.66,WARNING,co_buildup
2026-01-01 08:14:35,L15,equipment_zone,0.582,37.24,0.1832,20.063,30.51,86.7,WARNING,co_buildup
2026-01-01 08:14:40,L15,equipment_zone,0.5865,37.63,0.1831,20.072,30.68,86.79,WARNING,co_buildup
2026-01-01 08:14:45,L15,equipment_zone,0.5784,38.25,0.1829,20.068,30.74,86.79,WARNING,co_buildup
2026-01-01 08:14:50,L15,equipment_zone,0.5772,38.1,0.1826,20.075,30.71,86.84,WARNING,co_buildup
2026-01-01 08:14:55,L15,equipment_zone,0.5727,38.6,0.1849,20.081,30.8,86.97,WARNING,co_buildup
2026-01-01 08:15:00,L15,equipment_zone,0.5616,39.26,0.1823,20.089,30.85,86.93,WARNING,co_buildup
2026-01-01 08:15:05,L15,equipment_zone,0.5693,39.15,0.1825,20.087,30.91,87.0,WARNING,co_buildup
2026-01-01 08:15:10,L15,equipment_zone,0.5497,39.92,0.1857,20.096,30.93,87.01,WARNING,co_buildup
2026-01-01 08:15:15,L15,equipment_zone,0.5552,40.06,0.1851,20.102,31.04,87.11,WARNING,co_buildup
2026-01-01 08:15:20,L15,equipment_zone,0.5412,40.79,0.1851,20.099,31.11,87.17,WARNING,co_buildup
2026-01-01 08:15:25,L15,equipment_zone,0.5391,41.45,0.1855,20.12,31.06,87.27,WARNING,co_buildup
2026-01-01 08:15:30,L15,equipment_zone,0.5531,40.96,0.1858,20.119,31.06,87.22,WARNING,low_oxygen
2026-01-01 08:15:35,L15,equipment_zone,0.5431,40.46,0.1837,20.123,31.07,87.15,WARNING,low_oxygen
2026-01-01 08:15:40,L15,equipment_zone,0.536,40.67,0.1856,20.083,31.18,87.13,WARNING,low_oxygen
2026-01-01 08:15:45,L15,equipment_zone,0.5396,39.49,0.1877,20.014,31.21,86.92,WARNING,low_oxygen
2026-01-01 08:15:50,L15,equipment_zone,0.5392,39.18,0.1866,20.008,31.21,86.99,WARNING,low_oxygen
2026-01-01 08:15:55,L15,equipment_zone,0.5333,38.96,0.1869,20.017,31.21,86.71,WARNING,low_oxygen
2026-01-01 08:16:00,L15,equipment_zone,0.5348,38.26,0.1877,19.968,31.27,86.58,DANGER,low_oxygen
2026-01-01 08:16:05,L15,equipment_zone,0.5324,38.07,0.1891,19.955,31.33,86.67,DANGER,low_oxygen
2026-01-01 08:16:10,L15,equipment_zone,0.5307,38.3,0.1864,19.921,31.3,86.64,DANGER,low_oxygen
2026-01-01 08:16:15,L15,equipment_zone,0.5302,37.74,0.1896,19.883,31.39,86.45,DANGER,low_oxygen
2026-01-01 08:16:20,L15,equipment_zone,0.5256,36.97,0.1929,19.854,31.34,86.22,DANGER,low_oxygen
2026-01-01 08:16:25,L15,equipment_zone,0.5253,37.02,0.1925,19.802,31.38,86.2,DANGER,low_oxygen
2026-01-01 08:16:30,L15,equipment_zone,0.5165,37.09,0.1932,19.788,31.45,86.26,DANGER,low_oxygen
2026-01-01 08:16:35,L15,equipment_zone,0.5168,36.07,0.1903,19.76,31.5,86.15,DANGER,low_oxygen
2026-01-01 08:16:40,L15,equipment_zone,0.5165,36.08,0.1932,19.748,31.54,86.16,DANGER,low_oxygen
2026-01-01 08:16:45,L15,equipment_zone,0.5125,35.49,0.1942,19.734,31.56,85.99,DANGER,low_oxygen
2026-01-01 08:16:50,L15,equipment_zone,0.5134,34.7,0.1958,19.704,31.6,85.85,DANGER,low_oxygen
2026-01-01 08:16:55,L15,equipment_zone,0.5103,34.49,0.1974,19.687,31.59,85.85,DANGER,low_oxygen
2026-01-01 08:17:00,L15,equipment_zone,0.5079,34.22,0.1977,19.673,31.6,85.82,DANGER,low_oxygen
2026-01-01 08:17:05,L15,equipment_zone,0.5097,33.38,0.196,19.622,31.67,85.77,DANGER,low_oxygen
2026-01-01 08:17:10,L15,equipment_zone,0.5053,32.33,0.1966,19.625,31.71,85.58,DANGER,low_oxygen
2026-01-01 08:17:15,L15,equipment_zone,0.4999,32.58,0.2003,19.609,31.72,85.51,WARNING,low_oxygen
2026-01-01 08:17:20,L15,equipment_zone,0.4992,31.72,0.1981,19.567,31.74,85.48,WARNING,low_oxygen
2026-01-01 08:17:25,L15,equipment_zone,0.5011,31.83,0.1976,19.52,31.79,85.29,DANGER,low_oxygen
2026-01-01 08:17:30,L15,equipment_zone,0.4974,31.11,0.1996,19.53,31.79,85.32,WARNING,low_oxygen
2026-01-01 08:17:35,L15,equipment_zone,0.4982,31.64,0.2026,19.494,31.81,85.17,DANGER,low_oxygen
2026-01-01 08:17:40,L15,equipment_zone,0.4951,30.52,0.1997,19.473,31.86,85.1,DANGER,low_oxygen
2026-01-01 08:17:45,L15,equipment_zone,0.4895,30.75,0.2011,19.47,31.88,85.02,DANGER,low_oxygen
2026-01-01 08:17:50,L15,equipment_zone,0.4927,30.44,0.201,19.425,31.92,84.95,DANGER,low_oxygen
2026-01-01 08:17:55,L15,equipment_zone,0.4909,30.03,0.2045,19.421,31.92,85.0,DANGER,low_oxygen
2026-01-01 08:18:00,L15,equipment_zone,0.4792,28.73,0.204,19.355,31.98,84.75,DANGER,low_oxygen
2026-01-01 08:18:05,L15,equipment_zone,0.4824,29.41,0.2056,19.323,32.01,84.67,DANGER,low_oxygen
2026-01-01 08:18:10,L15,equipment_zone,0.4787,28.77,0.2072,19.336,32.02,84.73,DANGER,low_oxygen
2026-01-01 08:18:15,L15,equipment_zone,0.4774,28.52,0.2031,19.26,32.02,84.57,DANGER,low_oxygen
2026-01-01 08:18:20,L15,equipment_zone,0.4737,28.5,0.2048,19.304,32.1,84.52,DANGER,low_oxygen
2026-01-01 08:18:25,L15,equipment_zone,0.4713,27.74,0.206,19.265,32.06,84.3,DANGER,low_oxygen
2026-01-01 08:18:30,L15,equipment_zone,0.4746,26.66,0.2074,19.211,32.1,84.32,DANGER,low_oxygen
2026-01-01 08:18:35,L15,equipment_zone,0.4665,26.92,0.2086,19.213,32.16,84.28,DANGER,low_oxygen
2026-01-01 08:18:40,L15,equipment_zone,0.4681,25.77,0.2077,19.175,32.11,84.09,DANGER,low_oxygen
2026-01-01 08:18:45,L15,equipment_zone,0.4618,25.89,0.208,19.104,32.25,84.11,DANGER,low_oxygen
2026-01-01 08:18:50,L15,equipment_zone,0.4674,25.35,0.2112,19.09,32.24,83.96,DANGER,low_oxygen
2026-01-01 08:18:55,L15,equipment_zone,0.4617,25.15,0.2112,19.092,32.31,83.85,DANGER,low_oxygen
2026-01-01 08:19:00,L15,equipment_zone,0.4617,24.22,0.2114,19.064,32.34,83.89,DANGER,low_oxygen
2026-01-01 08:19:05,L15,equipment_zone,0.458,23.88,0.2082,19.066,32.32,83.82,DANGER,low_oxygen
2026-01-01 08:19:10,L15,equipment_zone,0.4547,23.83,0.214,19.017,32.39,83.67,DANGER,low_oxygen
2026-01-01 08:19:15,L15,equipment_zone,0.4535,23.52,0.213,18.955,32.35,83.61,DANGER,low_oxygen
2026-01-01 08:19:20,L15,equipment_zone,0.4556,23.06,0.2131,18.948,32.42,83.6,DANGER,low_oxygen
2026-01-01 08:19:25,L15,equipment_zone,0.4466,23.34,0.2127,18.953,32.42,83.39,DANGER,low_oxygen
2026-01-01 08:19:30,L15,equipment_zone,0.4397,22.59,0.2136,18.867,32.48,83.36,DANGER,low_oxygen
2026-01-01 08:19:35,L15,equipment_zone,0.4428,22.19,0.2138,18.852,32.52,83.23,DANGER,low_oxygen
2026-01-01 08:19:40,L15,equipment_zone,0.4395,21.53,0.2127,18.852,32.52,83.1,DANGER,low_oxygen
2026-01-01 08:19:45,L15,equipment_zone,0.4437,20.79,0.2151,18.858,32.57,83.07,DANGER,low_oxygen
2026-01-01 08:19:50,L15,equipment_zone,0.4383,20.89,0.2145,18.806,32.6,82.93,DANGER,low_oxygen
2026-01-01 08:19:55,L15,equipment_zone,0.4392,21.15,0.2175,18.797,32.61,82.97,DANGER,low_oxygen
2026-01-01 08:20:00,L15,equipment_zone,0.4348,20.2,0.2165,18.762,32.7,82.8,DANGER,low_oxygen
2026-01-01 08:20:05,L15,equipment_zone,0.4326,20.13,0.22,18.733,32.66,82.67,DANGER,low_oxygen
2026-01-01 08:20:10,L15,equipment_zone,0.431,19.79,0.2169,18.696,32.74,82.75,DANGER,low_oxygen
2026-01-01 08:20:15,L15,equipment_zone,0.4328,19.16,0.2219,18.707,32.75,82.66,DANGER,low_oxygen
2026-01-01 08:20:20,L15,equipment_zone,0.4269,18.65,0.222,18.632,32.7,82.51,DANGER,low_oxygen
2026-01-01 08:20:25,L15,equipment_zone,0.4275,17.84,0.2196,18.632,32.82,82.51,DANGER,low_oxygen
2026-01-01 08:20:30,L15,equipment_zone,0.4253,17.73,0.2218,18.639,32.83,82.31,DANGER,low_oxygen
2026-01-01 08:20:35,L15,equipment_zone,0.4197,17.29,0.2212,18.569,32.84,82.27,DANGER,low_oxygen
2026-01-01 08:20:40,L15,equipment_zone,0.4188,17.37,0.2232,18.593,32.81,82.41,DANGER,co2_buildup
2026-01-01 08:20:45,L15,equipment_zone,0.4209,17.39,0.2282,18.592,32.85,82.35,DANGER,co2_buildup
2026-01-01 08:20:50,L15,equipment_zone,0.4295,17.67,0.2361,18.59,32.77,82.4,DANGER,co2_buildup
2026-01-01 08:20:55,L15,equipment_zone,0.431,17.58,0.242,18.612,32.77,82.37,DANGER,co2_buildup
2026-01-01 08:21:00,L15,equipment_zone,0.4322,18.03,0.2461,18.629,32.73,82.39,DANGER,co2_buildup
2026-01-01 08:21:05,L15,equipment_zone,0.4388,18.07,0.2499,18.634,32.7,82.53,DANGER,co2_buildup
2026-01-01 08:21:10,L15,equipment_zone,0.4444,18.22,0.2526,18.655,32.69,82.55,DANGER,co2_buildup
2026-01-01 08:21:15,L15,equipment_zone,0.4415,18.14,0.2673,18.645,32.68,82.61,DANGER,co2_buildup
2026-01-01 08:21:20,L15,equipment_zone,0.4409,18.41,0.2641,18.654,32.64,82.58,DANGER,co2_buildup
2026-01-01 08:21:25,L15,equipment_zone,0.4477,18.41,0.2818,18.662,32.59,82.66,DANGER,co2_buildup
2026-01-01 08:21:30,L15,equipment_zone,0.4458,18.62,0.2787,18.666,32.57,82.57,DANGER,co2_buildup
2026-01-01 08:21:35,L15,equipment_zone,0.4561,18.62,0.2836,18.677,32.53,82.71,DANGER,co2_buildup
2026-01-01 08:21:40,L15,equipment_zone,0.452,18.84,0.2934,18.681,32.53,82.77,DANGER,co2_buildup
2026-01-01 08:21:45,L15,equipment_zone,0.4566,18.81,0.2904,18.678,32.5,82.74,DANGER,co2_buildup
2026-01-01 08:21:50,L15,equipment_zone,0.4572,19.07,0.3033,18.702,32.45,82.84,DANGER,co2_buildup
2026-01-01 08:21:55,L15,equipment_zone,0.4637,19.02,0.3061,18.716,32.47,82.83,DANGER,co2_buildup
2026-01-01 08:22:00,L15,equipment_zone,0.4667,19.51,0.3134,18.73,32.43,82.87,DANGER,co2_buildup
2026-01-01 08:22:05,L15,equipment_zone,0.4715,19.46,0.3123,18.728,32.43,82.9,DANGER,co2_buildup
2026-01-01 08:22:10,L15,equipment_zone,0.4721,19.56,0.3177,18.736,32.33,83.0,DANGER,co2_buildup
2026-01-01 08:22:15,L15,equipment_zone,0.4747,19.75,0.3164,18.759,32.33,82.97,DANGER,co2_buildup
2026-01-01 08:22:20,L15,equipment_zone,0.4753,19.65,0.3302,18.747,32.3,83.0,DANGER,co2_buildup
2026-01-01 08:22:25,L15,equipment_zone,0.4792,19.83,0.3354,18.765,32.34,83.03,DANGER,co2_buildup
2026-01-01 08:22:30,L15,equipment_zone,0.478,20.09,0.34,18.784,32.25,83.08,DANGER,co2_buildup
2026-01-01 08:22:35,L15,equipment_zone,0.491,20.17,0.3489,18.778,32.25,83.14,DANGER,co2_buildup
2026-01-01 08:22:40,L15,equipment_zone,0.4884,20.19,0.3555,18.779,32.22,83.19,DANGER,co2_buildup
2026-01-01 08:22:45,L15,equipment_zone,0.4976,20.46,0.3636,18.816,32.17,83.18,DANGER,co2_buildup
2026-01-01 08:22:50,L15,equipment_zone,0.4941,20.54,0.3696,18.817,32.14,83.25,DANGER,co2_buildup
2026-01-01 08:22:55,L15,equipment_zone,0.4905,20.69,0.3756,18.826,32.13,83.3,DANGER,co2_buildup
2026-01-01 08:23:00,L15,equipment_zone,0.4986,20.79,0.3814,18.826,32.12,83.28,DANGER,co2_buildup
2026-01-01 08:23:05,L15,equipment_zone,0.5031,20.79,0.3844,18.841,32.06,83.35,CRITICAL,co2_buildup
2026-01-01 08:23:10,L15,equipment_zone,0.5062,20.98,0.3886,18.822,32.02,83.38,CRITICAL,co2_buildup
2026-01-01 08:23:15,L15,equipment_zone,0.5112,20.9,0.3994,18.849,32.03,83.43,CRITICAL,co2_buildup
2026-01-01 08:23:20,L15,equipment_zone,0.5123,21.17,0.4035,18.869,31.95,83.44,DANGER,co2_buildup
2026-01-01 08:23:25,L15,equipment_zone,0.5133,21.32,0.3958,18.857,31.96,83.49,DANGER,co2_buildup
2026-01-01 08:23:30,L15,equipment_zone,0.5141,21.53,0.4093,18.875,31.95,83.53,DANGER,co2_buildup
2026-01-01 08:23:35,L15,equipment_zone,0.5187,21.64,0.4049,18.889,31.91,83.63,DANGER,co2_buildup
2026-01-01 08:23:40,L15,equipment_zone,0.5253,21.62,0.4103,18.888,31.86,83.61,DANGER,co2_buildup
2026-01-01 08:23:45,L15,equipment_zone,0.529,21.74,0.4238,18.904,31.82,83.69,DANGER,co2_buildup
2026-01-01 08:23:50,L15,equipment_zone,0.5264,22.08,0.4316,18.916,31.85,83.73,DANGER,co2_buildup
2026-01-01 08:23:55,L15,equipment_zone,0.5353,22.03,0.4354,18.923,31.79,83.67,DANGER,co2_buildup
2026-01-01 08:24:00,L15,equipment_zone,0.5366,22.19,0.4327,18.926,31.75,83.74,DANGER,co2_buildup
2026-01-01 08:24:05,L15,equipment_zone,0.5342,22.38,0.4537,18.931,31.77,83.84,DANGER,co2_buildup
2026-01-01 08:24:10,L15,equipment_zone,0.5411,22.41,0.4502,18.95,31.74,83.83,DANGER,co2_buildup
2026-01-01 08:24:15,L15,equipment_zone,0.5444,22.52,0.463,18.958,31.66,83.86,DANGER,co2_buildup
2026-01-01 08:24:20,L15,equipment_zone,0.5421,22.62,0.4614,18.966,31.73,83.92,DANGER,co2_buildup
2026-01-01 08:24:25,L15,equipment_zone,0.5439,22.72,0.4681,18.973,31.62,83.97,DANGER,co2_buildup
2026-01-01 08:24:30,L15,equipment_zone,0.5534,22.91,0.4792,18.984,31.63,83.97,DANGER,co2_buildup
2026-01-01 08:24:35,L15,equipment_zone,0.5529,22.81,0.48,18.997,31.63,84.0,DANGER,co2_buildup
2026-01-01 08:24:40,L15,equipment_zone,0.5628,23.09,0.4887,19.001,31.58,83.96,DANGER,co2_buildup
2026-01-01 08:24:45,L15,equipment_zone,0.5664,23.31,0.4948,19.007,31.53,84.08,DANGER,co2_buildup
2026-01-01 08:24:50,L15,equipment_zone,0.5648,23.41,0.4901,19.01,31.47,84.1,DANGER,co2_buildup
2026-01-01 08:24:55,L15,equipment_zone,0.5694,23.64,0.5071,19.036,31.53,84.12,DANGER,co2_buildup
2026-01-01 08:25:00,L15,equipment_zone,0.5651,23.7,0.5041,19.022,31.47,84.18,DANGER,co2_buildup
2026-01-01 08:25:05,L15,equipment_zone,0.5668,23.77,0.5085,19.039,31.39,84.21,DANGER,co2_buildup
2026-01-01 08:25:10,L15,equipment_zone,0.574,23.85,0.5164,19.045,31.43,84.27,DANGER,co2_buildup
2026-01-01 08:25:15,L15,equipment_zone,0.5727,23.91,0.5312,19.042,31.37,84.29,DANGER,co2_buildup
2026-01-01 08:25:20,L15,equipment_zone,0.5813,24.14,0.5221,19.069,31.33,84.35,DANGER,co2_buildup
2026-01-01 08:25:25,L15,equipment_zone,0.5803,24.24,0.5413,19.073,31.3,84.38,DANGER,co2_buildup
2026-01-01 08:25:30,L15,equipment_zone,0.5866,24.28,0.5449,19.084,31.29,84.45,DANGER,co2_buildup
2026-01-01 08:25:35,L15,equipment_zone,0.5882,24.34,0.5489,19.09,31.28,84.43,DANGER,co2_buildup
2026-01-01 08:25:40,L15,equipment_zone,0.594,24.55,0.5554,19.107,31.22,84.54,DANGER,co2_buildup
2026-01-01 08:25:45,L15,equipment_zone,0.5957,24.8,0.5577,19.117,31.21,84.56,DANGER,co2_buildup
2026-01-01 08:25:50,L15,equipment_zone,0.6062,25.33,0.5561,19.117,31.2,84.52,CRITICAL,ventilation_failure
2026-01-01 08:25:55,L15,equipment_zone,0.6081,24.63,0.5559,19.095,31.21,84.51,DANGER,ventilation_failure
2026-01-01 08:26:00,L15,equipment_zone,0.6002,25.57,0.5554,19.069,31.18,84.51,CRITICAL,ventilation_failure
2026-01-01 08:26:05,L15,equipment_zone,0.6197,26.24,0.543,19.086,31.16,84.49,CRITICAL,ventilation_failure
2026-01-01 08:26:10,L15,equipment_zone,0.6139,26.08,0.5437,19.06,31.15,84.49,CRITICAL,ventilation_failure
2026-01-01 08:26:15,L15,equipment_zone,0.6278,27.19,0.5425,19.074,31.15,84.47,CRITICAL,ventilation_failure
2026-01-01 08:26:20,L15,equipment_zone,0.6373,26.84,0.5397,19.057,31.13,84.47,CRITICAL,ventilation_failure
2026-01-01 08:26:25,L15,equipment_zone,0.6478,28.11,0.5367,19.046,31.12,84.46,CRITICAL,ventilation_failure
2026-01-01 08:26:30,L15,equipment_zone,0.6458,28.31,0.5233,19.046,31.12,84.46,CRITICAL,ventilation_failure
2026-01-01 08:26:35,L15,equipment_zone,0.6496,28.16,0.5247,19.015,31.11,84.45,CRITICAL,ventilation_failure
2026-01-01 08:26:40,L15,equipment_zone,0.657,29.49,0.5132,19.021,31.07,84.45,CRITICAL,ventilation_failure
2026-01-01 08:26:45,L15,equipment_zone,0.67,29.28,0.5119,19.018,31.08,84.43,CRITICAL,ventilation_failure
2026-01-01 08:26:50,L15,equipment_zone,0.6744,30.04,0.5105,19.007,31.05,84.42,CRITICAL,ventilation_failure
2026-01-01 08:26:55,L15,equipment_zone,0.6752,30.82,0.5126,18.992,31.07,84.43,CRITICAL,ventilation_failure
2026-01-01 08:27:00,L15,equipment_zone,0.6691,30.61,0.5057,18.983,31.06,84.41,CRITICAL,ventilation_failure
2026-01-01 08:27:05,L15,equipment_zone,0.6715,31.24,0.4995,18.993,31.03,84.41,CRITICAL,ventilation_failure
2026-01-01 08:27:10,L15,equipment_zone,0.6955,32.38,0.4973,18.978,31.03,84.39,CRITICAL,ventilation_failure
2026-01-01 08:27:15,L15,equipment_zone,0.6923,31.51,0.4937,18.956,31.0,84.38,CRITICAL,ventilation_failure
2026-01-01 08:27:20,L15,equipment_zone,0.7029,33.41,0.489,18.965,30.99,84.4,CRITICAL,ventilation_failure
2026-01-01 08:27:25,L15,equipment_zone,0.7111,32.66,0.4805,18.951,30.97,84.37,CRITICAL,ventilation_failure
2026-01-01 08:27:30,L15,equipment_zone,0.7327,33.43,0.4747,18.94,30.97,84.35,CRITICAL,ventilation_failure
2026-01-01 08:27:35,L15,equipment_zone,0.7259,34.29,0.4741,18.932,30.96,84.36,CRITICAL,ventilation_failure
2026-01-01 08:27:40,L15,equipment_zone,0.7361,34.88,0.4675,18.908,30.95,84.34,CRITICAL,ventilation_failure
2026-01-01 08:27:45,L15,equipment_zone,0.7409,35.2,0.4701,18.923,30.93,84.34,CRITICAL,ventilation_failure
2026-01-01 08:27:50,L15,equipment_zone,0.7275,35.55,0.4703,18.91,30.92,84.33,CRITICAL,ventilation_failure
2026-01-01 08:27:55,L15,equipment_zone,0.7473,35.8,0.4618,18.895,30.92,84.32,CRITICAL,ventilation_failure
2026-01-01 08:28:00,L15,equipment_zone,0.748,37.09,0.4467,18.886,30.87,84.31,CRITICAL,ventilation_failure
2026-01-01 08:28:05,L15,equipment_zone,0.7739,37.21,0.4482,18.874,30.91,84.32,CRITICAL,ventilation_failure
2026-01-01 08:28:10,L15,equipment_zone,0.7564,37.83,0.4472,18.861,30.87,84.3,CRITICAL,ventilation_failure
2026-01-01 08:28:15,L15,equipment_zone,0.772,37.62,0.4364,18.862,30.86,84.28,CRITICAL,ventilation_failure
2026-01-01 08:28:20,L15,equipment_zone,0.7793,37.28,0.4392,18.842,30.87,84.29,CRITICAL,ventilation_failure
2026-01-01 08:28:25,L15,equipment_zone,0.7806,39.12,0.4373,18.842,30.85,84.27,CRITICAL,ventilation_failure
2026-01-01 08:28:30,L15,equipment_zone,0.7941,39.3,0.4376,18.833,30.83,84.27,CRITICAL,ventilation_failure
2026-01-01 08:28:35,L15,equipment_zone,0.7994,39.68,0.4355,18.826,30.83,84.25,CRITICAL,ventilation_failure
2026-01-01 08:28:40,L15,equipment_zone,0.807,39.82,0.4175,18.823,30.8,84.25,CRITICAL,ventilation_failure
2026-01-01 08:28:45,L15,equipment_zone,0.8155,40.36,0.4185,18.809,30.8,84.25,CRITICAL,ventilation_failure
2026-01-01 08:28:50,L15,equipment_zone,0.8199,40.71,0.4145,18.803,30.76,84.24,CRITICAL,ventilation_failure
2026-01-01 08:28:55,L15,equipment_zone,0.8271,41.43,0.4077,18.771,30.77,84.23,CRITICAL,ventilation_failure
2026-01-01 08:29:00,L15,equipment_zone,0.8382,41.4,0.4074,18.784,30.76,84.23,CRITICAL,ventilation_failure
2026-01-01 08:29:05,L15,equipment_zone,0.8259,42.64,0.4026,18.772,30.76,84.22,CRITICAL,ventilation_failure
2026-01-01 08:29:10,L15,equipment_zone,0.8479,43.62,0.4018,18.766,30.74,84.2,CRITICAL,ventilation_failure
2026-01-01 08:29:15,L15,equipment_zone,0.8424,42.98,0.4013,18.749,30.72,84.19,CRITICAL,ventilation_failure
2026-01-01 08:29:20,L15,equipment_zone,0.8513,43.01,0.3915,18.755,30.7,84.2,CRITICAL,ventilation_failure
2026-01-01 08:29:25,L15,equipment_zone,0.8626,44.09,0.3846,18.739,30.69,84.18,CRITICAL,ventilation_failure
2026-01-01 08:29:30,L15,equipment_zone,0.8708,44.71,0.3781,18.721,30.68,84.18,CRITICAL,ventilation_failure
2026-01-01 08:29:35,L15,equipment_zone,0.8778,45.22,0.3884,18.714,30.66,84.17,CRITICAL,ventilation_failure
2026-01-01 08:29:40,L15,equipment_zone,0.8742,46.15,0.3791,18.718,30.68,84.15,CRITICAL,ventilation_failure
2026-01-01 08:29:45,L15,equipment_zone,0.8976,46.28,0.3727,18.701,30.66,84.15,CRITICAL,ventilation_failure
2026-01-01 08:29:50,L15,equipment_zone,0.8901,45.64,0.3661,18.693,30.64,84.15,CRITICAL,ventilation_failure
2026-01-01 08:29:55,L15,equipment_zone,0.8943,46.33,0.3704,18.683,30.63,84.13,CRITICAL,ventilation_failure
2026-01-01 08:30:00,L15,equipment_zone,0.8968,47.46,0.3581,18.685,30.62,84.12,CRITICAL,ventilation_failure
2026-01-01 08:30:05,L15,equipment_zone,0.9024,47.56,0.3468,18.671,30.59,84.13,CRITICAL,ventilation_failure
2026-01-01 08:30:10,L15,equipment_zone,0.9084,48.83,0.352,18.648,30.59,84.12,CRITICAL,ventilation_failure
2026-01-01 08:30:15,L15,equipment_zone,0.9261,48.26,0.3411,18.641,30.59,84.1,CRITICAL,ventilation_failure
2026-01-01 08:30:20,L15,equipment_zone,0.9343,49.5,0.344,18.641,30.56,84.11,CRITICAL,ventilation_failure
2026-01-01 08:30:25,L15,equipment_zone,0.9307,49.29,0.345,18.627,30.53,84.07,CRITICAL,ventilation_failure
2026-01-01 08:30:30,L15,equipment_zone,0.935,50.12,0.3269,18.605,30.53,84.07,CRITICAL,ventilation_failure
2026-01-01 08:30:35,L15,equipment_zone,0.9474,50.12,0.3265,18.608,30.53,84.07,CRITICAL,ventilation_failure
2026-01-01 08:30:40,L15,equipment_zone,0.9557,51.15,0.3308,18.604,30.5,84.06,CRITICAL,ventilation_failure
2026-01-01 08:30:45,L15,equipment_zone,0.9631,51.81,0.3204,18.594,30.5,84.05,CRITICAL,ventilation_failure
2026-01-01 08:30:50,L15,equipment_zone,0.9611,51.92,0.3206,18.596,30.48,84.05,CRITICAL,ventilation_failure
2026-01-01 08:30:55,L15,equipment_zone,0.9726,53.06,0.3166,18.561,30.48,84.04,CRITICAL,ventilation_failure
2026-01-01 08:31:00,L15,equipment_zone,0.9853,52.18,0.3132,18.569,30.43,84.06,CRITICAL,fire_heat
2026-01-01 08:31:05,L15,equipment_zone,0.9584,52.21,0.3153,18.592,30.43,83.89,CRITICAL,fire_heat
2026-01-01 08:31:10,L15,equipment_zone,0.9399,52.4,0.3149,18.627,30.96,83.59,CRITICAL,fire_heat
2026-01-01 08:31:15,L15,equipment_zone,0.9326,52.54,0.3165,18.632,30.91,83.48,CRITICAL,fire_heat
2026-01-01 08:31:20,L15,equipment_zone,0.9301,52.52,0.3157,18.646,31.03,83.12,CRITICAL,fire_heat
2026-01-01 08:31:25,L15,equipment_zone,0.9273,52.55,0.3196,18.712,31.16,83.1,CRITICAL,fire_heat
2026-01-01 08:31:30,L15,equipment_zone,0.9211,52.8,0.3182,18.685,31.52,82.64,CRITICAL,fire_heat
2026-01-01 08:31:35,L15,equipment_zone,0.9188,52.8,0.3195,18.726,31.43,82.78,CRITICAL,fire_heat
2026-01-01 08:31:40,L15,equipment_zone,0.899,52.95,0.3199,18.74,31.5,82.38,CRITICAL,fire_heat
2026-01-01 08:31:45,L15,equipment_zone,0.8718,52.98,0.3208,18.724,31.88,82.03,CRITICAL,fire_heat
2026-01-01 08:31:50,L15,equipment_zone,0.8686,53.05,0.3215,18.759,31.77,82.01,CRITICAL,fire_heat
2026-01-01 08:31:55,L15,equipment_zone,0.8379,53.13,0.3234,18.806,31.72,81.72,CRITICAL,fire_heat
2026-01-01 08:32:00,L15,equipment_zone,0.8469,53.19,0.3224,18.807,31.87,81.57,CRITICAL,fire_heat
2026-01-01 08:32:05,L15,equipment_zone,0.8335,53.26,0.3223,18.802,32.16,81.2,CRITICAL,fire_heat
2026-01-01 08:32:10,L15,equipment_zone,0.8054,53.29,0.3242,18.855,32.35,80.91,CRITICAL,fire_heat
2026-01-01 08:32:15,L15,equipment_zone,0.8412,53.49,0.3239,18.856,32.54,80.77,CRITICAL,fire_heat
2026-01-01 08:32:20,L15,equipment_zone,0.805,53.62,0.3254,18.894,32.46,80.42,CRITICAL,fire_heat
2026-01-01 08:32:25,L15,equipment_zone,0.7767,53.57,0.3245,18.955,32.68,80.5,CRITICAL,fire_heat
2026-01-01 08:32:30,L15,equipment_zone,0.7855,53.83,0.3286,18.931,32.74,80.38,CRITICAL,fire_heat
2026-01-01 08:32:35,L15,equipment_zone,0.7953,53.8,0.3263,18.954,33.1,79.98,CRITICAL,fire_heat
2026-01-01 08:32:40,L15,equipment_zone,0.7876,53.87,0.3302,18.957,33.25,79.93,CRITICAL,fire_heat
2026-01-01 08:32:45,L15,equipment_zone,0.7581,53.97,0.3288,18.961,33.47,79.65,CRITICAL,fire_heat
2026-01-01 08:32:50,L15,equipment_zone,0.7482,54.08,0.331,19.019,33.4,79.15,CRITICAL,fire_heat
2026-01-01 08:32:55,L15,equipment_zone,0.7496,54.05,0.329,19.008,33.72,79.15,CRITICAL,fire_heat
2026-01-01 08:33:00,L15,equipment_zone,0.725,54.2,0.3278,19.034,33.54,78.5,CRITICAL,fire_heat
2026-01-01 08:33:05,L15,equipment_zone,0.721,54.32,0.3289,19.091,33.78,78.58,CRITICAL,fire_heat
2026-01-01 08:33:10,L15,equipment_zone,0.7147,54.29,0.3363,19.07,33.76,78.08,CRITICAL,fire_heat
2026-01-01 08:33:15,L15,equipment_zone,0.6844,54.4,0.332,19.118,34.09,78.08,CRITICAL,fire_heat
2026-01-01 08:33:20,L15,equipment_zone,0.7014,54.42,0.3354,19.122,34.18,77.59,CRITICAL,fire_heat
2026-01-01 08:33:25,L15,equipment_zone,0.6659,54.52,0.3322,19.124,33.98,77.88,CRITICAL,fire_heat
2026-01-01 08:33:30,L15,equipment_zone,0.6581,54.61,0.3353,19.159,34.54,77.36,CRITICAL,fire_heat
2026-01-01 08:33:35,L15,equipment_zone,0.6555,54.65,0.3362,19.159,34.64,77.4,CRITICAL,fire_heat
2026-01-01 08:33:40,L15,equipment_zone,0.654,54.79,0.341,19.208,34.6,76.99,CRITICAL,fire_heat
2026-01-01 08:33:45,L15,equipment_zone,0.6409,54.9,0.3365,19.233,34.84,76.41,CRITICAL,fire_heat
2026-01-01 08:33:50,L15,equipment_zone,0.623,54.98,0.3366,19.23,34.75,76.46,CRITICAL,fire_heat
2026-01-01 08:33:55,L15,equipment_zone,0.6162,54.97,0.339,19.273,34.97,76.23,CRITICAL,fire_heat
2026-01-01 08:34:00,L15,equipment_zone,0.6141,55.06,0.3376,19.27,35.4,76.12,CRITICAL,fire_heat
2026-01-01 08:34:05,L15,equipment_zone,0.5927,55.25,0.3404,19.303,35.19,76.21,CRITICAL,fire_heat
2026-01-01 08:34:10,L15,equipment_zone,0.5739,55.22,0.3403,19.36,35.46,76.02,CRITICAL,fire_heat
2026-01-01 08:34:15,L15,equipment_zone,0.5658,55.4,0.3399,19.37,35.42,75.41,CRITICAL,fire_heat
2026-01-01 08:34:20,L15,equipment_zone,0.5712,55.37,0.3426,19.34,35.76,74.99,CRITICAL,fire_heat
2026-01-01 08:34:25,L15,equipment_zone,0.543,55.53,0.3426,19.368,35.92,74.87,CRITICAL,fire_heat
2026-01-01 08:34:30,L15,equipment_zone,0.5248,55.64,0.3444,19.363,36.07,74.9,CRITICAL,fire_heat
2026-01-01 08:34:35,L15,equipment_zone,0.5277,55.47,0.3465,19.416,36.17,74.56,CRITICAL,fire_heat
2026-01-01 08:34:40,L15,equipment_zone,0.5198,55.8,0.3437,19.427,36.42,74.04,CRITICAL,fire_heat
2026-01-01 08:34:45,L15,equipment_zone,0.5192,55.91,0.3445,19.425,36.31,74.04,CRITICAL,fire_heat
2026-01-01 08:34:50,L15,equipment_zone,0.4848,55.87,0.3437,19.48,36.38,74.19,CRITICAL,fire_heat
2026-01-01 08:34:55,L15,equipment_zone,0.4933,56.0,0.3474,19.473,36.57,73.76,CRITICAL,fire_heat
2026-01-01 08:35:00,L15,equipment_zone,0.4914,55.99,0.3461,19.487,36.6,73.49,CRITICAL,fire_heat
2026-01-01 08:35:05,L15,equipment_zone,0.4606,56.16,0.3484,19.523,36.91,73.18,CRITICAL,fire_heat
2026-01-01 08:35:10,L15,equipment_zone,0.4596,56.39,0.3504,19.526,37.01,72.95,CRITICAL,fire_heat
2026-01-01 08:35:15,L15,equipment_zone,0.4261,56.13,0.3481,19.553,37.22,72.93,CRITICAL,fire_heat
2026-01-01 08:35:20,L15,equipment_zone,0.4473,56.33,0.3491,19.605,37.1,72.63,CRITICAL,fire_heat
2026-01-01 08:35:25,L15,equipment_zone,0.4362,56.51,0.3522,19.581,37.42,72.54,CRITICAL,fire_heat
2026-01-01 08:35:30,L15,equipment_zone,0.4174,56.62,0.3524,19.623,37.7,72.27,CRITICAL,fire_heat
2026-01-01 08:35:35,L15,equipment_zone,0.3934,56.5,0.3529,19.619,37.75,71.94,CRITICAL,fire_heat
2026-01-01 08:35:40,L15,equipment_zone,0.4039,56.64,0.352,19.631,37.59,71.8,CRITICAL,fire_heat
2026-01-01 08:35:45,L15,equipment_zone,0.3841,56.72,0.351,19.667,37.95,71.38,CRITICAL,fire_heat
2026-01-01 08:35:50,L15,equipment_zone,0.3474,56.79,0.3528,19.737,37.99,71.27,CRITICAL,fire_heat
2026-01-01 08:35:55,L15,equipment_zone,0.3742,56.91,0.353,19.721,38.21,71.33,CRITICAL,fire_heat
2026-01-01 08:36:00,L15,equipment_zone,0.3679,56.89,0.3563,19.734,38.29,70.84,CRITICAL,fire_heat
2026-01-01 08:36:05,L15,equipment_zone,0.3594,57.06,0.3564,19.735,38.68,70.58,CRITICAL,fire_heat
2026-01-01 08:36:10,L15,equipment_zone,0.3452,57.44,0.3602,19.756,38.4,70.91,CRITICAL,combined_hazard
2026-01-01 08:36:15,L15,equipment_zone,0.3545,57.24,0.375,19.744,38.48,70.54,CRITICAL,combined_hazard
2026-01-01 08:36:20,L15,equipment_zone,0.3637,57.94,0.3682,19.743,38.65,71.25,CRITICAL,combined_hazard
2026-01-01 08:36:25,L15,equipment_zone,0.3812,58.37,0.3685,19.631,38.64,71.02,CRITICAL,combined_hazard
2026-01-01 08:36:30,L15,equipment_zone,0.3721,58.86,0.3739,19.68,38.6,71.48,CRITICAL,combined_hazard
2026-01-01 08:36:35,L15,equipment_zone,0.3999,58.27,0.3883,19.654,38.7,71.39,CRITICAL,combined_hazard
2026-01-01 08:36:40,L15,equipment_zone,0.403,58.58,0.3769,19.633,38.69,71.84,CRITICAL,combined_hazard
2026-01-01 08:36:45,L15,equipment_zone,0.3938,59.71,0.3954,19.609,38.84,71.52,CRITICAL,combined_hazard
2026-01-01 08:36:50,L15,equipment_zone,0.4252,59.99,0.3933,19.589,38.72,72.07,CRITICAL,combined_hazard
2026-01-01 08:36:55,L15,equipment_zone,0.4319,59.8,0.3933,19.57,38.88,72.42,CRITICAL,combined_hazard
2026-01-01 08:37:00,L15,equipment_zone,0.4313,59.29,0.3945,19.562,38.92,72.93,CRITICAL,combined_hazard
2026-01-01 08:37:05,L15,equipment_zone,0.4514,60.67,0.4154,19.54,38.9,72.38,CRITICAL,combined_hazard
2026-01-01 08:37:10,L15,equipment_zone,0.4457,60.48,0.4071,19.503,38.98,72.99,CRITICAL,combined_hazard
2026-01-01 08:37:15,L15,equipment_zone,0.4617,61.03,0.4168,19.479,39.05,73.09,CRITICAL,combined_hazard
2026-01-01 08:37:20,L15,equipment_zone,0.4785,61.67,0.4157,19.463,39.0,73.01,CRITICAL,combined_hazard
2026-01-01 08:37:25,L15,equipment_zone,0.4704,62.04,0.4367,19.434,39.07,73.36,CRITICAL,combined_hazard
2026-01-01 08:37:30,L15,equipment_zone,0.4853,62.76,0.431,19.459,39.16,73.69,CRITICAL,combined_hazard
2026-01-01 08:37:35,L15,equipment_zone,0.4963,62.47,0.4277,19.376,39.18,74.07,CRITICAL,combined_hazard
2026-01-01 08:37:40,L15,equipment_zone,0.5169,62.6,0.4374,19.398,39.24,74.19,CRITICAL,combined_hazard
2026-01-01 08:37:45,L15,equipment_zone,0.53,63.52,0.4521,19.378,39.3,74.12,CRITICAL,combined_hazard
2026-01-01 08:37:50,L15,equipment_zone,0.5259,63.67,0.4437,19.331,39.3,74.21,CRITICAL,combined_hazard
2026-01-01 08:37:55,L15,equipment_zone,0.5348,63.76,0.4517,19.328,39.39,74.85,CRITICAL,combined_hazard
2026-01-01 08:38:00,L15,equipment_zone,0.5554,64.21,0.465,19.328,39.44,74.93,CRITICAL,combined_hazard
2026-01-01 08:38:05,L15,equipment_zone,0.5646,64.41,0.4649,19.275,39.51,75.47,CRITICAL,combined_hazard
2026-01-01 08:38:10,L15,equipment_zone,0.5657,65.07,0.4609,19.289,39.46,75.29,CRITICAL,combined_hazard
2026-01-01 08:38:15,L15,equipment_zone,0.6011,65.71,0.4736,19.265,39.53,75.78,CRITICAL,combined_hazard
2026-01-01 08:38:20,L15,equipment_zone,0.5937,65.27,0.4762,19.207,39.63,75.86,CRITICAL,combined_hazard
2026-01-01 08:38:25,L15,equipment_zone,0.5996,65.96,0.4819,19.179,39.58,76.11,CRITICAL,combined_hazard
2026-01-01 08:38:30,L15,equipment_zone,0.6068,65.66,0.4915,19.185,39.7,76.23,CRITICAL,combined_hazard
2026-01-01 08:38:35,L15,equipment_zone,0.6306,66.13,0.4923,19.136,39.74,76.43,CRITICAL,combined_hazard
2026-01-01 08:38:40,L15,equipment_zone,0.6353,66.97,0.4951,19.081,39.67,76.1,CRITICAL,combined_hazard
2026-01-01 08:38:45,L15,equipment_zone,0.6214,67.1,0.4995,19.111,39.8,76.7,CRITICAL,combined_hazard
2026-01-01 08:38:50,L15,equipment_zone,0.6416,67.09,0.5109,19.146,39.88,76.81,CRITICAL,combined_hazard
2026-01-01 08:38:55,L15,equipment_zone,0.6536,67.77,0.5056,19.072,39.9,77.38,CRITICAL,combined_hazard
2026-01-01 08:39:00,L15,equipment_zone,0.6675,68.37,0.5022,19.069,39.93,77.14,CRITICAL,combined_hazard
2026-01-01 08:39:05,L15,equipment_zone,0.6836,67.95,0.5176,19.055,40.01,77.48,CRITICAL,combined_hazard
2026-01-01 08:39:10,L15,equipment_zone,0.6757,69.29,0.5256,19.02,40.09,77.88,CRITICAL,combined_hazard
2026-01-01 08:39:15,L15,equipment_zone,0.6953,69.24,0.5259,18.994,40.11,77.98,CRITICAL,combined_hazard
2026-01-01 08:39:20,L15,equipment_zone,0.723,69.57,0.5299,19.006,40.1,78.16,CRITICAL,combined_hazard
2026-01-01 08:39:25,L15,equipment_zone,0.7153,69.71,0.5355,18.961,40.11,78.54,CRITICAL,combined_hazard
2026-01-01 08:39:30,L15,equipment_zone,0.7174,70.59,0.542,18.938,40.24,78.57,CRITICAL,combined_hazard
2026-01-01 08:39:35,L15,equipment_zone,0.7203,70.66,0.5396,18.936,40.21,78.61,CRITICAL,combined_hazard
2026-01-01 08:39:40,L15,equipment_zone,0.7385,70.56,0.5551,18.879,40.28,78.66,CRITICAL,combined_hazard
2026-01-01 08:39:45,L15,equipment_zone,0.7419,71.24,0.5414,18.854,40.36,79.21,CRITICAL,combined_hazard
2026-01-01 08:39:50,L15,equipment_zone,0.7584,71.1,0.5638,18.826,40.44,79.16,CRITICAL,combined_hazard
2026-01-01 08:39:55,L15,equipment_zone,0.7774,71.56,0.5672,18.851,40.49,79.46,CRITICAL,combined_hazard
2026-01-01 08:40:00,L15,equipment_zone,0.7817,72.44,0.5728,18.816,40.48,79.91,CRITICAL,combined_hazard
2026-01-01 08:40:05,L15,equipment_zone,0.7859,72.42,0.5641,18.816,40.5,79.86,CRITICAL,combined_hazard
2026-01-01 08:40:10,L15,equipment_zone,0.782,72.83,0.581,18.78,40.51,80.01,CRITICAL,combined_hazard
2026-01-01 08:40:15,L15,equipment_zone,0.8183,73.32,0.581,18.731,40.69,80.24,CRITICAL,combined_hazard
2026-01-01 08:40:20,L15,equipment_zone,0.8157,73.44,0.5976,18.732,40.64,80.44,CRITICAL,combined_hazard
2026-01-01 08:40:25,L15,equipment_zone,0.8299,73.34,0.5954,18.737,40.73,80.5,CRITICAL,combined_hazard
2026-01-01 08:40:30,L15,equipment_zone,0.8289,74.44,0.5915,18.693,40.75,81.21,CRITICAL,combined_hazard
2026-01-01 08:40:35,L15,equipment_zone,0.8435,74.41,0.5933,18.703,40.76,80.98,CRITICAL,combined_hazard
2026-01-01 08:40:40,L15,equipment_zone,0.8512,74.75,0.6039,18.649,40.8,81.43,CRITICAL,combined_hazard
2026-01-01 08:40:45,L15,equipment_zone,0.853,74.91,0.6165,18.653,40.81,81.28,CRITICAL,combined_hazard
2026-01-01 08:40:50,L15,equipment_zone,0.8668,75.57,0.623,18.582,40.96,81.78,CRITICAL,combined_hazard
2026-01-01 08:40:55,L15,equipment_zone,0.8854,76.14,0.6223,18.594,40.95,81.91,CRITICAL,combined_hazard
2026-01-01 08:41:00,L15,equipment_zone,0.8981,75.74,0.6264,18.57,41.06,82.08,CRITICAL,combined_hazard
2026-01-01 08:41:05,L15,equipment_zone,0.8975,76.52,0.6288,18.529,41.03,82.3,CRITICAL,combined_hazard
2026-01-01 08:41:10,L15,equipment_zone,0.9017,76.52,0.6351,18.561,41.08,82.55,CRITICAL,combined_hazard
2026-01-01 08:41:15,L15,equipment_zone,0.9199,76.2,0.6466,18.505,41.08,82.62,CRITICAL,combined_hazard
2026-01-01 08:41:20,L15,equipment_zone,0.941,76.71,0.6426,18.482,41.16,82.83,CRITICAL,combined_hazard
2026-01-01 08:41:25,L15,equipment_zone,0.9328,77.62,0.6529,18.504,41.17,83.17,CRITICAL,combined_hazard
2026-01-01 08:41:30,L15,equipment_zone,0.9521,78.12,0.6509,18.461,41.28,83.04,CRITICAL,combined_hazard
2026-01-01 08:41:35,L15,equipment_zone,0.9546,78.32,0.6641,18.453,41.31,83.2,CRITICAL,combined_hazard
2026-01-01 08:00:00,L16,storage_area,0.1193,5.53,0.0739,20.57,26.67,74.56,SAFE,normal
2026-01-01 08:00:05,L16,storage_area,0.1201,5.54,0.075,20.574,26.67,74.63,SAFE,normal
2026-01-01 08:00:10,L16,storage_area,0.1204,5.79,0.075,20.573,26.67,74.91,SAFE,normal
2026-01-01 08:00:15,L16,storage_area,0.1177,5.97,0.0776,20.57,26.71,74.92,SAFE,normal
2026-01-01 08:00:20,L16,storage_area,0.1235,6.09,0.0762,20.571,26.72,74.9,SAFE,normal
2026-01-01 08:00:25,L16,storage_area,0.1246,5.97,0.0791,20.574,26.75,75.04,SAFE,normal
2026-01-01 08:00:30,L16,storage_area,0.1187,6.28,0.0792,20.576,26.75,75.0,SAFE,normal
2026-01-01 08:00:35,L16,storage_area,0.1229,6.46,0.0812,20.578,26.75,75.1,SAFE,normal
2026-01-01 08:00:40,L16,storage_area,0.1257,6.31,0.0821,20.578,26.78,75.14,SAFE,normal
2026-01-01 08:00:45,L16,storage_area,0.1246,6.46,0.0811,20.576,26.78,75.33,SAFE,normal
2026-01-01 08:00:50,L16,storage_area,0.1252,6.46,0.0831,20.58,26.83,75.41,SAFE,normal
2026-01-01 08:00:55,L16,storage_area,0.1221,6.84,0.0824,20.581,26.86,75.55,SAFE,normal
2026-01-01 08:01:00,L16,storage_area,0.1259,6.63,0.0862,20.582,26.83,75.53,SAFE,normal
2026-01-01 08:01:05,L16,storage_area,0.1256,6.83,0.0841,20.586,26.87,75.71,SAFE,normal
2026-01-01 08:01:10,L16,storage_area,0.1269,7.04,0.0852,20.584,26.91,75.76,SAFE,normal
2026-01-01 08:01:15,L16,storage_area,0.1248,7.0,0.0855,20.585,26.88,75.97,SAFE,normal
2026-01-01 08:01:20,L16,storage_area,0.1253,7.08,0.0858,20.588,26.92,76.0,SAFE,normal
2026-01-01 08:01:25,L16,storage_area,0.1272,7.26,0.0912,20.587,26.94,76.06,SAFE,normal
2026-01-01 08:01:30,L16,storage_area,0.1273,7.58,0.0894,20.585,26.97,76.09,SAFE,normal
2026-01-01 08:01:35,L16,storage_area,0.1282,7.44,0.0894,20.589,26.98,76.05,SAFE,normal
2026-01-01 08:01:40,L16,storage_area,0.1282,7.54,0.0893,20.587,27.0,76.21,SAFE,normal
2026-01-01 08:01:45,L16,storage_area,0.1292,7.56,0.0927,20.587,27.02,76.44,SAFE,normal
2026-01-01 08:01:50,L16,storage_area,0.129,7.8,0.0907,20.588,27.02,76.39,SAFE,normal
2026-01-01 08:01:55,L16,storage_area,0.1305,7.94,0.0926,20.593,27.07,76.37,SAFE,normal
2026-01-01 08:02:00,L16,storage_area,0.129,7.9,0.0969,20.593,27.05,76.54,SAFE,normal
2026-01-01 08:02:05,L16,storage_area,0.1324,8.11,0.0923,20.594,27.03,76.52,SAFE,normal
2026-01-01 08:02:10,L16,storage_area,0.1325,8.1,0.0956,20.594,27.06,76.61,SAFE,normal
2026-01-01 08:02:15,L16,storage_area,0.1308,8.08,0.0959,20.595,27.11,76.79,SAFE,normal
2026-01-01 08:02:20,L16,storage_area,0.1352,8.4,0.0971,20.596,27.12,76.89,SAFE,normal
2026-01-01 08:02:25,L16,storage_area,0.1325,8.65,0.0965,20.597,27.13,76.86,SAFE,normal
2026-01-01 08:02:30,L16,storage_area,0.136,8.44,0.0967,20.596,27.16,76.95,SAFE,normal
2026-01-01 08:02:35,L16,storage_area,0.1353,8.67,0.0989,20.595,27.2,76.97,SAFE,normal
2026-01-01 08:02:40,L16,storage_area,0.1368,8.87,0.0985,20.598,27.2,77.15,SAFE,normal
2026-01-01 08:02:45,L16,storage_area,0.1361,8.84,0.0961,20.601,27.22,77.09,SAFE,normal
2026-01-01 08:02:50,L16,storage_area,0.1372,8.82,0.0994,20.599,27.21,77.29,SAFE,normal
2026-01-01 08:02:55,L16,storage_area,0.1383,9.05,0.101,20.605,27.24,77.4,SAFE,normal
2026-01-01 08:03:00,L16,storage_area,0.1402,9.29,0.1005,20.603,27.27,77.35,SAFE,normal
2026-01-01 08:03:05,L16,storage_area,0.1395,9.2,0.1033,20.603,27.28,77.48,SAFE,normal
2026-01-01 08:03:10,L16,storage_area,0.1391,9.37,0.1026,20.603,27.3,77.63,SAFE,normal
2026-01-01 08:03:15,L16,storage_area,0.137,9.35,0.1045,20.606,27.32,77.7,SAFE,normal
2026-01-01 08:03:20,L16,storage_area,0.1359,9.54,0.1091,20.604,27.33,77.79,SAFE,normal
2026-01-01 08:03:25,L16,storage_area,0.1399,9.68,0.1082,20.607,27.37,77.9,SAFE,normal
2026-01-01 08:03:30,L16,storage_area,0.1395,9.76,0.1079,20.607,27.36,77.84,SAFE,normal
2026-01-01 08:03:35,L16,storage_area,0.1401,9.8,0.1108,20.609,27.37,78.09,SAFE,normal
2026-01-01 08:03:40,L16,storage_area,0.1415,9.98,0.1083,20.61,27.37,78.1,SAFE,normal
2026-01-01 08:03:45,L16,storage_area,0.1431,10.1,0.1091,20.608,27.43,78.16,SAFE,normal
2026-01-01 08:03:50,L16,storage_area,0.1418,10.21,0.1082,20.608,27.42,78.14,SAFE,normal
2026-01-01 08:03:55,L16,storage_area,0.1445,10.21,0.1129,20.61,27.47,78.34,SAFE,normal
2026-01-01 08:04:00,L16,storage_area,0.1438,10.28,0.1148,20.614,27.47,78.48,SAFE,normal
2026-01-01 08:04:05,L16,storage_area,0.1443,10.62,0.1138,20.614,27.48,78.53,SAFE,normal
2026-01-01 08:04:10,L16,storage_area,0.1476,10.55,0.1154,20.614,27.48,78.62,SAFE,normal
2026-01-01 08:04:15,L16,storage_area,0.1456,10.61,0.1091,20.619,27.53,78.66,SAFE,normal
2026-01-01 08:04:20,L16,storage_area,0.1458,10.6,0.1185,20.619,27.53,78.76,SAFE,normal
2026-01-01 08:04:25,L16,storage_area,0.1472,10.75,0.1151,20.619,27.56,78.76,SAFE,normal
2026-01-01 08:04:30,L16,storage_area,0.1496,10.88,0.1201,20.617,27.58,78.92,SAFE,normal
2026-01-01 08:04:35,L16,storage_area,0.1474,11.07,0.1198,20.621,27.59,78.97,SAFE,normal
2026-01-01 08:04:40,L16,storage_area,0.1486,11.1,0.1189,20.621,27.59,79.0,SAFE,normal
2026-01-01 08:04:45,L16,storage_area,0.1483,11.23,0.1178,20.619,27.63,79.22,SAFE,normal
2026-01-01 08:04:50,L16,storage_area,0.1489,11.2,0.1194,20.622,27.65,79.13,SAFE,normal
2026-01-01 08:04:55,L16,storage_area,0.1488,11.56,0.1167,20.621,27.66,79.37,SAFE,normal
2026-01-01 08:05:00,L16,storage_area,0.1492,11.46,0.1223,20.622,27.68,79.45,SAFE,normal
2026-01-01 08:05:05,L16,storage_area,0.1531,11.65,0.1171,20.622,27.7,79.45,SAFE,normal
2026-01-01 08:05:10,L16,storage_area,0.1417,11.78,0.1226,20.613,27.69,79.48,SAFE,methane_buildup
2026-01-01 08:05:15,L16,storage_area,0.1611,11.64,0.1208,20.625,27.69,79.44,SAFE,methane_buildup
2026-01-01 08:05:20,L16,storage_area,0.1727,11.72,0.119,20.616,27.67,79.4,SAFE,methane_buildup
2026-01-01 08:05:25,L16,storage_area,0.1983,11.92,0.123,20.598,27.68,79.4,SAFE,methane_buildup
2026-01-01 08:05:30,L16,storage_area,0.2058,11.97,0.1222,20.587,27.67,79.35,SAFE,methane_buildup
2026-01-01 08:05:35,L16,storage_area,0.2127,12.14,0.1235,20.562,27.67,79.35,SAFE,methane_buildup
2026-01-01 08:05:40,L16,storage_area,0.2161,12.15,0.1226,20.566,27.66,79.29,SAFE,methane_buildup
2026-01-01 08:05:45,L16,storage_area,0.2244,12.3,0.1227,20.543,27.65,79.24,SAFE,methane_buildup
2026-01-01 08:05:50,L16,storage_area,0.2398,12.36,0.1246,20.545,27.65,79.24,SAFE,methane_buildup
2026-01-01 08:05:55,L16,storage_area,0.2451,12.61,0.1232,20.531,27.64,79.13,SAFE,methane_buildup
2026-01-01 08:06:00,L16,storage_area,0.2546,12.68,0.1227,20.518,27.65,79.07,SAFE,methane_buildup
2026-01-01 08:06:05,L16,storage_area,0.2728,12.76,0.1233,20.514,27.64,79.07,SAFE,methane_buildup
2026-01-01 08:06:10,L16,storage_area,0.275,12.93,0.1238,20.511,27.63,79.07,SAFE,methane_buildup
2026-01-01 08:06:15,L16,storage_area,0.2869,12.96,0.1205,20.512,27.62,79.06,SAFE,methane_buildup
2026-01-01 08:06:20,L16,storage_area,0.318,13.05,0.1246,20.49,27.62,78.93,SAFE,methane_buildup
2026-01-01 08:06:25,L16,storage_area,0.3029,13.13,0.1258,20.497,27.63,78.98,SAFE,methane_buildup
2026-01-01 08:06:30,L16,storage_area,0.318,13.17,0.1243,20.466,27.61,78.94,SAFE,methane_buildup
2026-01-01 08:06:35,L16,storage_area,0.3551,13.27,0.124,20.472,27.61,78.92,SAFE,methane_buildup
2026-01-01 08:06:40,L16,storage_area,0.3476,13.45,0.1252,20.449,27.61,78.82,SAFE,methane_buildup
2026-01-01 08:06:45,L16,storage_area,0.3787,13.64,0.1269,20.437,27.6,78.93,SAFE,methane_buildup
2026-01-01 08:06:50,L16,storage_area,0.3613,13.69,0.1256,20.422,27.6,78.82,SAFE,methane_buildup
2026-01-01 08:06:55,L16,storage_area,0.3864,13.79,0.1255,20.417,27.59,78.75,SAFE,methane_buildup
2026-01-01 08:07:00,L16,storage_area,0.4054,13.74,0.125,20.408,27.59,78.76,SAFE,methane_buildup
2026-01-01 08:07:05,L16,storage_area,0.3978,13.99,0.1244,20.38,27.59,78.77,SAFE,methane_buildup
2026-01-01 08:07:10,L16,storage_area,0.438,14.01,0.1258,20.391,27.56,78.64,SAFE,methane_buildup
2026-01-01 08:07:15,L16,storage_area,0.426,14.16,0.126,20.359,27.58,78.6,SAFE,methane_buildup
2026-01-01 08:07:20,L16,storage_area,0.4473,14.3,0.1239,20.371,27.57,78.61,SAFE,methane_buildup
2026-01-01 08:07:25,L16,storage_area,0.4451,14.24,0.1255,20.36,27.57,78.58,SAFE,methane_buildup
2026-01-01 08:07:30,L16,storage_area,0.4807,14.46,0.1279,20.358,27.57,78.57,SAFE,methane_buildup
2026-01-01 08:07:35,L16,storage_area,0.4785,14.57,0.1264,20.325,27.55,78.56,SAFE,methane_buildup
2026-01-01 08:07:40,L16,storage_area,0.5099,14.74,0.124,20.314,27.56,78.51,WARNING,methane_buildup
2026-01-01 08:07:45,L16,storage_area,0.5107,14.7,0.1289,20.325,27.55,78.41,WARNING,methane_buildup
2026-01-01 08:07:50,L16,storage_area,0.5181,14.84,0.1262,20.293,27.54,78.38,WARNING,methane_buildup
2026-01-01 08:07:55,L16,storage_area,0.5091,14.97,0.1269,20.282,27.54,78.36,WARNING,methane_buildup
2026-01-01 08:08:00,L16,storage_area,0.532,15.0,0.1289,20.286,27.53,78.37,WARNING,methane_buildup
2026-01-01 08:08:05,L16,storage_area,0.5387,15.1,0.1269,20.273,27.52,78.34,WARNING,methane_buildup
2026-01-01 08:08:10,L16,storage_area,0.5537,15.2,0.1257,20.265,27.52,78.32,WARNING,methane_buildup
2026-01-01 08:08:15,L16,storage_area,0.5663,15.34,0.1284,20.259,27.53,78.27,WARNING,methane_buildup
2026-01-01 08:08:20,L16,storage_area,0.5657,15.62,0.1293,20.249,27.51,78.2,WARNING,methane_buildup
2026-01-01 08:08:25,L16,storage_area,0.5852,15.54,0.128,20.233,27.5,78.18,WARNING,methane_buildup
2026-01-01 08:08:30,L16,storage_area,0.5971,15.7,0.1286,20.224,27.51,78.1,WARNING,methane_buildup
2026-01-01 08:08:35,L16,storage_area,0.598,15.76,0.1275,20.213,27.5,78.14,WARNING,methane_buildup
2026-01-01 08:08:40,L16,storage_area,0.6296,15.83,0.1279,20.204,27.5,78.06,WARNING,methane_buildup
2026-01-01 08:08:45,L16,storage_area,0.6343,15.95,0.1289,20.18,27.5,78.09,WARNING,methane_buildup
2026-01-01 08:08:50,L16,storage_area,0.6521,16.13,0.1302,20.191,27.49,78.03,WARNING,methane_buildup
2026-01-01 08:08:55,L16,storage_area,0.6596,16.15,0.1297,20.184,27.49,78.04,WARNING,methane_buildup
2026-01-01 08:09:00,L16,storage_area,0.6461,16.24,0.131,20.17,27.48,77.96,WARNING,methane_buildup
2026-01-01 08:09:05,L16,storage_area,0.6671,16.34,0.1319,20.159,27.47,77.93,WARNING,methane_buildup
2026-01-01 08:09:10,L16,storage_area,0.7063,16.37,0.1312,20.134,27.47,77.88,WARNING,methane_buildup
2026-01-01 08:09:15,L16,storage_area,0.7077,16.66,0.1285,20.119,27.47,77.84,WARNING,methane_buildup
2026-01-01 08:09:20,L16,storage_area,0.6919,16.62,0.1302,20.132,27.46,77.81,WARNING,methane_buildup
2026-01-01 08:09:25,L16,storage_area,0.7266,16.9,0.1317,20.114,27.46,77.81,WARNING,methane_buildup
2026-01-01 08:09:30,L16,storage_area,0.7231,16.88,0.1308,20.105,27.45,77.71,WARNING,methane_buildup
2026-01-01 08:09:35,L16,storage_area,0.7201,17.09,0.1292,20.096,27.45,77.72,WARNING,methane_buildup
2026-01-01 08:09:40,L16,storage_area,0.7735,17.04,0.1306,20.086,27.44,77.63,WARNING,methane_buildup
2026-01-01 08:09:45,L16,storage_area,0.7669,17.1,0.1288,20.08,27.44,77.66,WARNING,methane_buildup
2026-01-01 08:09:50,L16,storage_area,0.7797,17.36,0.1313,20.063,27.43,77.6,WARNING,methane_buildup
2026-01-01 08:09:55,L16,storage_area,0.7743,17.31,0.131,20.034,27.44,77.6,WARNING,methane_buildup
2026-01-01 08:10:00,L16,storage_area,0.7866,17.59,0.1316,20.051,27.41,77.52,WARNING,methane_buildup
2026-01-01 08:10:05,L16,storage_area,0.7929,17.62,0.1336,20.039,27.41,77.51,WARNING,methane_buildup
2026-01-01 08:10:10,L16,storage_area,0.8379,17.8,0.1308,20.01,27.42,77.5,WARNING,methane_buildup
2026-01-01 08:10:15,L16,storage_area,0.8147,17.68,0.1317,20.002,27.41,77.45,WARNING,methane_buildup
2026-01-01 08:10:20,L16,storage_area,0.8281,17.29,0.1339,20.012,27.4,77.27,WARNING,co_buildup
2026-01-01 08:10:25,L16,storage_area,0.8355,17.83,0.1314,20.016,27.37,77.43,WARNING,co_buildup
2026-01-01 08:10:30,L16,storage_area,0.8128,18.09,0.1391,20.021,27.51,77.2,WARNING,co_buildup
2026-01-01 08:10:35,L16,storage_area,0.8038,18.78,0.1325,20.033,27.83,77.08,WARNING,co_buildup
2026-01-01 08:10:40,L16,storage_area,0.8023,18.67,0.1376,20.031,27.92,77.17,WARNING,co_buildup
2026-01-01 08:10:45,L16,storage_area,0.7889,18.68,0.1359,20.031,28.08,76.93,WARNING,co_buildup
2026-01-01 08:10:50,L16,storage_area,0.779,18.96,0.1362,20.046,27.9,76.9,WARNING,co_buildup
2026-01-01 08:10:55,L16,storage_area,0.7671,19.35,0.1395,20.041,28.05,76.64,WARNING,co_buildup
2026-01-01 08:11:00,L16,storage_area,0.7767,19.4,0.1385,20.035,28.19,76.52,WARNING,co_buildup
2026-01-01 08:11:05,L16,storage_area,0.7547,19.57,0.143,20.042,28.52,76.45,WARNING,co_buildup
2026-01-01 08:11:10,L16,storage_area,0.7425,19.79,0.1386,20.055,28.47,76.44,WARNING,co_buildup
2026-01-01 08:11:15,L16,storage_area,0.7363,20.21,0.1429,20.048,28.75,76.28,WARNING,co_buildup
2026-01-01 08:11:20,L16,storage_area,0.7335,20.06,0.1423,20.062,28.74,76.21,WARNING,co_buildup
2026-01-01 08:11:25,L16,storage_area,0.7347,20.33,0.1441,20.06,28.77,75.8,WARNING,co_buildup
2026-01-01 08:11:30,L16,storage_area,0.7117,20.57,0.1454,20.073,28.94,75.76,WARNING,co_buildup
2026-01-01 08:11:35,L16,storage_area,0.697,20.75,0.1422,20.072,28.83,75.63,WARNING,co_buildup
2026-01-01 08:11:40,L16,storage_area,0.7131,21.02,0.1466,20.068,28.9,75.7,WARNING,co_buildup
2026-01-01 08:11:45,L16,storage_area,0.6887,21.57,0.149,20.083,29.23,75.49,WARNING,co_buildup
2026-01-01 08:11:50,L16,storage_area,0.678,21.81,0.1487,20.089,29.31,75.69,WARNING,co_buildup
2026-01-01 08:11:55,L16,storage_area,0.671,21.88,0.1481,20.081,29.61,75.41,WARNING,co_buildup
2026-01-01 08:12:00,L16,storage_area,0.6508,22.08,0.1471,20.087,29.39,75.33,WARNING,co_buildup
2026-01-01 08:12:05,L16,storage_area,0.6529,22.12,0.1513,20.097,29.66,75.09,WARNING,co_buildup
2026-01-01 08:12:10,L16,storage_area,0.6514,22.06,0.1546,20.101,29.8,74.98,WARNING,co_buildup
2026-01-01 08:12:15,L16,storage_area,0.6469,22.71,0.1533,20.113,29.87,75.14,WARNING,co_buildup
2026-01-01 08:12:20,L16,storage_area,0.6244,22.95,0.155,20.11,30.05,75.06,WARNING,co_buildup
2026-01-01 08:12:25,L16,storage_area,0.6207,22.97,0.1555,20.121,29.99,74.81,WARNING,co_buildup
2026-01-01 08:12:30,L16,storage_area,0.6214,23.11,0.154,20.114,30.24,74.47,WARNING,co_buildup
2026-01-01 08:12:35,L16,storage_area,0.6022,23.28,0.1557,20.119,30.32,74.52,WARNING,co_buildup
2026-01-01 08:12:40,L16,storage_area,0.5997,23.78,0.1579,20.119,30.48,74.48,WARNING,co_buildup
2026-01-01 08:12:45,L16,storage_area,0.5885,23.97,0.1544,20.123,30.42,74.32,WARNING,co_buildup
2026-01-01 08:12:50,L16,storage_area,0.5703,24.41,0.1592,20.13,30.46,74.03,WARNING,co_buildup
2026-01-01 08:12:55,L16,storage_area,0.5595,24.23,0.1612,20.13,30.62,74.31,WARNING,co_buildup
2026-01-01 08:13:00,L16,storage_area,0.5684,24.54,0.1597,20.125,30.69,73.94,WARNING,co_buildup
2026-01-01 08:13:05,L16,storage_area,0.5268,24.82,0.1621,20.138,30.84,73.79,WARNING,co_buildup
2026-01-01 08:13:10,L16,storage_area,0.536,24.92,0.1605,20.149,30.97,73.81,WARNING,co_buildup
2026-01-01 08:13:15,L16,storage_area,0.521,25.4,0.1624,20.149,31.02,73.82,WARNING,co_buildup
2026-01-01 08:13:20,L16,storage_area,0.5341,25.7,0.1627,20.153,31.21,73.65,WARNING,co_buildup
2026-01-01 08:13:25,L16,storage_area,0.5283,25.45,0.1649,20.153,31.2,73.36,WARNING,co_buildup
2026-01-01 08:13:30,L16,storage_area,0.5012,25.79,0.1647,20.161,31.42,73.24,WARNING,co_buildup
2026-01-01 08:13:35,L16,storage_area,0.5235,26.35,0.1628,20.171,31.48,73.06,WARNING,co_buildup
2026-01-01 08:13:40,L16,storage_area,0.5027,26.37,0.1653,20.174,31.62,73.14,WARNING,co_buildup
2026-01-01 08:13:45,L16,storage_area,0.4837,26.54,0.1709,20.173,31.78,73.02,WARNING,co_buildup
2026-01-01 08:13:50,L16,storage_area,0.4866,26.8,0.1693,20.171,31.8,73.01,WARNING,co_buildup
2026-01-01 08:13:55,L16,storage_area,0.4591,27.08,0.1654,20.187,31.87,72.78,WARNING,co_buildup
2026-01-01 08:14:00,L16,storage_area,0.4538,27.24,0.1722,20.188,31.99,72.84,WARNING,co_buildup
2026-01-01 08:14:05,L16,storage_area,0.4518,27.42,0.1688,20.18,32.26,72.7,WARNING,co_buildup
2026-01-01 08:14:10,L16,storage_area,0.433,27.59,0.1733,20.183,32.39,72.46,WARNING,co_buildup
2026-01-01 08:14:15,L16,storage_area,0.4192,28.07,0.1749,20.188,32.32,72.46,WARNING,co_buildup
2026-01-01 08:14:20,L16,storage_area,0.4137,27.96,0.1736,20.196,32.46,72.44,WARNING,co_buildup
2026-01-01 08:14:25,L16,storage_area,0.4117,28.23,0.1725,20.206,32.42,72.11,WARNING,co_buildup
2026-01-01 08:14:30,L16,storage_area,0.409,28.75,0.1739,20.21,32.67,72.08,WARNING,co_buildup
2026-01-01 08:14:35,L16,storage_area,0.3933,28.72,0.1771,20.211,32.65,71.97,WARNING,co_buildup
2026-01-01 08:14:40,L16,storage_area,0.3732,28.86,0.1748,20.213,32.85,71.85,WARNING,co_buildup
2026-01-01 08:14:45,L16,storage_area,0.3833,29.21,0.1766,20.228,33.11,71.86,WARNING,co_buildup
2026-01-01 08:14:50,L16,storage_area,0.3818,29.34,0.1794,20.222,32.97,71.76,WARNING,co_buildup
2026-01-01 08:14:55,L16,storage_area,0.3562,29.36,0.1782,20.225,33.13,71.6,WARNING,co_buildup
2026-01-01 08:15:00,L16,storage_area,0.3681,29.77,0.1828,20.227,33.24,71.49,WARNING,co_buildup
2026-01-01 08:15:05,L16,storage_area,0.3526,29.78,0.1792,20.243,33.27,71.3,WARNING,co_buildup
2026-01-01 08:15:10,L16,storage_area,0.327,30.51,0.1761,20.24,33.62,71.28,WARNING,co_buildup
2026-01-01 08:15:15,L16,storage_area,0.322,30.41,0.1814,20.236,33.67,71.01,WARNING,co_buildup
2026-01-01 08:15:20,L16,storage_area,0.3164,30.39,0.1842,20.239,33.92,71.28,WARNING,co_buildup
2026-01-01 08:15:25,L16,storage_area,0.309,30.71,0.186,20.241,33.75,71.06,WARNING,co_buildup
2026-01-01 08:15:30,L16,storage_area,0.3109,30.81,0.1823,20.318,33.87,71.01,WARNING,low_oxygen
2026-01-01 08:15:35,L16,storage_area,0.3134,30.72,0.1869,20.235,33.68,71.18,WARNING,low_oxygen
2026-01-01 08:15:40,L16,storage_area,0.3226,30.73,0.1865,20.186,33.81,71.04,WARNING,low_oxygen
2026-01-01 08:15:45,L16,storage_area,0.3183,30.54,0.1912,20.17,33.67,71.17,WARNING,low_oxygen
2026-01-01 08:15:50,L16,storage_area,0.3318,30.58,0.1833,20.154,33.62,71.54,WARNING,low_oxygen
2026-01-01 08:15:55,L16,storage_area,0.3272,30.52,0.1934,20.168,33.57,71.91,WARNING,low_oxygen
2026-01-01 08:16:00,L16,storage_area,0.3331,30.4,0.1935,20.128,33.5,71.91,WARNING,low_oxygen
2026-01-01 08:16:05,L16,storage_area,0.3435,30.4,0.1939,20.061,33.31,71.91,WARNING,low_oxygen
2026-01-01 08:16:10,L16,storage_area,0.3457,30.32,0.1925,20.066,33.24,71.97,WARNING,low_oxygen
2026-01-01 08:16:15,L16,storage_area,0.3415,30.27,0.1931,20.013,33.39,72.07,WARNING,low_oxygen
2026-01-01 08:16:20,L16,storage_area,0.3565,30.21,0.1999,20.035,33.12,72.47,WARNING,low_oxygen
2026-01-01 08:16:25,L16,storage_area,0.356,30.11,0.2001,19.984,33.12,72.64,DANGER,low_oxygen
2026-01-01 08:16:30,L16,storage_area,0.3495,30.01,0.2014,19.963,33.13,72.58,DANGER,low_oxygen
2026-01-01 08:16:35,L16,storage_area,0.3597,29.95,0.202,19.913,32.93,72.78,DANGER,low_oxygen
2026-01-01 08:16:40,L16,storage_area,0.3659,29.91,0.2056,19.948,32.87,72.96,DANGER,low_oxygen
2026-01-01 08:16:45,L16,storage_area,0.3664,29.91,0.2037,19.935,32.88,73.34,DANGER,low_oxygen
2026-01-01 08:16:50,L16,storage_area,0.3824,29.84,0.2056,19.871,32.77,73.26,DANGER,low_oxygen
2026-01-01 08:16:55,L16,storage_area,0.3783,29.8,0.2074,19.86,32.72,73.26,DANGER,low_oxygen
2026-01-01 08:17:00,L16,storage_area,0.3864,29.74,0.2086,19.83,32.62,73.38,DANGER,low_oxygen
2026-01-01 08:17:05,L16,storage_area,0.3892,29.6,0.2135,19.813,32.52,73.56,DANGER,low_oxygen
2026-01-01 08:17:10,L16,storage_area,0.3957,29.67,0.209,19.777,32.46,74.0,DANGER,low_oxygen
2026-01-01 08:17:15,L16,storage_area,0.4044,29.49,0.2088,19.749,32.49,74.04,DANGER,low_oxygen
2026-01-01 08:17:20,L16,storage_area,0.4037,29.4,0.2113,19.78,32.33,74.07,DANGER,low_oxygen
2026-01-01 08:17:25,L16,storage_area,0.4129,29.39,0.2175,19.67,32.31,73.87,DANGER,low_oxygen
2026-01-01 08:17:30,L16,storage_area,0.412,29.33,0.2171,19.716,32.15,74.29,DANGER,low_oxygen
2026-01-01 08:17:35,L16,storage_area,0.4134,29.2,0.2151,19.688,32.27,74.6,DANGER,low_oxygen
2026-01-01 08:17:40,L16,storage_area,0.4184,29.17,0.2203,19.695,32.09,74.75,DANGER,low_oxygen
2026-01-01 08:17:45,L16,storage_area,0.4085,29.09,0.2207,19.632,32.03,74.89,DANGER,low_oxygen
2026-01-01 08:17:50,L16,storage_area,0.4229,29.07,0.2241,19.606,32.0,74.81,WARNING,low_oxygen
2026-01-01 08:17:55,L16,storage_area,0.4284,29.04,0.226,19.574,31.84,75.16,WARNING,low_oxygen
2026-01-01 08:18:00,L16,storage_area,0.4353,28.92,0.2312,19.576,31.88,75.15,WARNING,low_oxygen
2026-01-01 08:18:05,L16,storage_area,0.4372,28.91,0.2242,19.531,31.64,75.42,WARNING,low_oxygen
2026-01-01 08:18:10,L16,storage_area,0.443,28.73,0.2241,19.499,31.63,75.47,DANGER,low_oxygen
2026-01-01 08:18:15,L16,storage_area,0.4392,28.8,0.231,19.485,31.55,75.86,DANGER,low_oxygen
2026-01-01 08:18:20,L16,storage_area,0.4421,28.66,0.2332,19.457,31.41,75.91,DANGER,low_oxygen
2026-01-01 08:18:25,L16,storage_area,0.448,28.6,0.2295,19.434,31.43,75.99,DANGER,low_oxygen
2026-01-01 08:18:30,L16,storage_area,0.4652,28.59,0.2309,19.435,31.39,76.34,DANGER,low_oxygen
2026-01-01 08:18:35,L16,storage_area,0.4558,28.53,0.2359,19.406,31.25,76.25,DANGER,low_oxygen
2026-01-01 08:18:40,L16,storage_area,0.4622,28.43,0.2403,19.399,31.18,76.25,DANGER,low_oxygen
2026-01-01 08:18:45,L16,storage_area,0.4705,28.33,0.2359,19.368,31.19,76.73,DANGER,low_oxygen
2026-01-01 08:18:50,L16,storage_area,0.4665,28.29,0.2394,19.316,31.11,76.77,DANGER,low_oxygen
2026-01-01 08:18:55,L16,storage_area,0.474,28.26,0.2363,19.273,31.03,76.83,DANGER,low_oxygen
2026-01-01 08:19:00,L16,storage_area,0.4855,28.22,0.2415,19.274,30.9,76.94,DANGER,low_oxygen
2026-01-01 08:19:05,L16,storage_area,0.4843,28.08,0.2431,19.291,30.89,77.24,DANGER,low_oxygen
2026-01-01 08:19:10,L16,storage_area,0.4984,28.03,0.248,19.268,30.8,77.42,DANGER,low_oxygen
2026-01-01 08:19:15,L16,storage_area,0.4865,28.02,0.2445,19.25,30.78,77.35,DANGER,low_oxygen
2026-01-01 08:19:20,L16,storage_area,0.497,27.94,0.249,19.224,30.67,77.68,DANGER,low_oxygen
2026-01-01 08:19:25,L16,storage_area,0.5006,27.89,0.2471,19.207,30.64,77.78,DANGER,low_oxygen
2026-01-01 08:19:30,L16,storage_area,0.5067,27.67,0.2504,19.17,30.49,77.78,DANGER,low_oxygen
2026-01-01 08:19:35,L16,storage_area,0.5051,27.74,0.2562,19.177,30.41,78.04,DANGER,low_oxygen
2026-01-01 08:19:40,L16,storage_area,0.5122,27.75,0.2569,19.122,30.47,78.11,DANGER,low_oxygen
2026-01-01 08:19:45,L16,storage_area,0.5228,27.6,0.2587,19.136,30.42,78.49,DANGER,low_oxygen
2026-01-01 08:19:50,L16,storage_area,0.5219,27.6,0.2565,19.057,30.27,78.39,DANGER,low_oxygen
2026-01-01 08:19:55,L16,storage_area,0.5222,27.44,0.2565,19.033,30.23,78.82,DANGER,low_oxygen
2026-01-01 08:20:00,L16,storage_area,0.5412,27.36,0.259,19.021,30.13,78.78,DANGER,low_oxygen
2026-01-01 08:20:05,L16,storage_area,0.5356,27.41,0.2608,19.001,30.16,78.68,DANGER,low_oxygen
2026-01-01 08:20:10,L16,storage_area,0.5424,27.32,0.262,18.973,30.01,78.76,DANGER,low_oxygen
2026-01-01 08:20:15,L16,storage_area,0.5472,27.25,0.2609,18.969,29.93,79.17,DANGER,low_oxygen
2026-01-01 08:20:20,L16,storage_area,0.5473,27.25,0.2622,18.932,29.95,79.52,DANGER,low_oxygen
2026-01-01 08:20:25,L16,storage_area,0.548,27.12,0.2639,18.898,29.77,79.66,DANGER,low_oxygen
2026-01-01 08:20:30,L16,storage_area,0.5568,27.04,0.269,18.88,29.76,79.66,DANGER,low_oxygen
2026-01-01 08:20:35,L16,storage_area,0.5566,26.98,0.2706,18.893,29.62,79.68,DANGER,low_oxygen
2026-01-01 08:20:40,L16,storage_area,0.562,27.33,0.2729,18.866,29.69,79.86,DANGER,co2_buildup
2026-01-01 08:20:45,L16,storage_area,0.5601,26.44,0.272,18.91,29.75,79.69,DANGER,co2_buildup
2026-01-01 08:20:50,L16,storage_area,0.5594,26.29,0.2703,18.93,29.75,79.73,DANGER,co2_buildup
2026-01-01 08:20:55,L16,storage_area,0.5514,26.88,0.276,18.911,29.77,79.55,DANGER,co2_buildup
2026-01-01 08:21:00,L16,storage_area,0.5531,25.94,0.2862,18.924,29.77,79.52,DANGER,co2_buildup
2026-01-01 08:21:05,L16,storage_area,0.5514,25.5,0.2849,18.955,29.78,79.46,DANGER,co2_buildup
2026-01-01 08:21:10,L16,storage_area,0.5499,25.15,0.2857,18.994,29.83,79.48,DANGER,co2_buildup
2026-01-01 08:21:15,L16,storage_area,0.5513,25.08,0.2947,18.993,29.9,79.35,DANGER,co2_buildup
2026-01-01 08:21:20,L16,storage_area,0.5469,24.88,0.2946,19.014,29.91,79.21,DANGER,co2_buildup
2026-01-01 08:21:25,L16,storage_area,0.5467,23.83,0.304,19.048,29.92,79.15,DANGER,co2_buildup
2026-01-01 08:21:30,L16,storage_area,0.5473,23.52,0.3072,19.063,29.91,79.08,DANGER,co2_buildup
2026-01-01 08:21:35,L16,storage_area,0.5429,23.55,0.3043,19.082,29.91,79.03,DANGER,co2_buildup
2026-01-01 08:21:40,L16,storage_area,0.544,23.49,0.3211,19.093,29.95,78.9,DANGER,co2_buildup
2026-01-01 08:21:45,L16,storage_area,0.5452,23.26,0.3164,19.124,30.0,78.89,DANGER,co2_buildup
2026-01-01 08:21:50,L16,storage_area,0.5399,22.49,0.3088,19.097,30.01,78.91,DANGER,co2_buildup
2026-01-01 08:21:55,L16,storage_area,0.543,22.6,0.3262,19.176,30.07,78.84,DANGER,co2_buildup
2026-01-01 08:22:00,L16,storage_area,0.5384,22.35,0.3167,19.173,30.04,78.59,DANGER,co2_buildup
2026-01-01 08:22:05,L16,storage_area,0.5394,21.85,0.3366,19.17,30.09,78.51,DANGER,co2_buildup
2026-01-01 08:22:10,L16,storage_area,0.5352,21.64,0.336,19.21,30.1,78.52,DANGER,co2_buildup
2026-01-01 08:22:15,L16,storage_area,0.5373,21.3,0.3389,19.202,30.17,78.37,DANGER,co2_buildup
2026-01-01 08:22:20,L16,storage_area,0.5345,21.33,0.3429,19.235,30.18,78.34,DANGER,co2_buildup
2026-01-01 08:22:25,L16,storage_area,0.5349,20.92,0.3493,19.255,30.17,78.37,DANGER,co2_buildup
2026-01-01 08:22:30,L16,storage_area,0.5315,20.32,0.3483,19.278,30.24,78.28,DANGER,co2_buildup
2026-01-01 08:22:35,L16,storage_area,0.5326,20.59,0.3542,19.272,30.2,78.1,DANGER,co2_buildup
2026-01-01 08:22:40,L16,storage_area,0.532,19.68,0.3585,19.314,30.22,78.22,DANGER,co2_buildup
2026-01-01 08:22:45,L16,storage_area,0.5292,19.3,0.3489,19.309,30.27,78.05,DANGER,co2_buildup
2026-01-01 08:22:50,L16,storage_area,0.5267,19.4,0.3682,19.347,30.27,77.98,DANGER,co2_buildup
2026-01-01 08:22:55,L16,storage_area,0.5259,19.1,0.3727,19.352,30.33,78.01,DANGER,co2_buildup
2026-01-01 08:23:00,L16,storage_area,0.5225,18.9,0.3751,19.339,30.36,77.9,DANGER,co2_buildup
2026-01-01 08:23:05,L16,storage_area,0.5244,18.27,0.3785,19.376,30.38,77.8,DANGER,co2_buildup
2026-01-01 08:23:10,L16,storage_area,0.5241,18.54,0.3877,19.421,30.42,77.71,DANGER,co2_buildup
2026-01-01 08:23:15,L16,storage_area,0.5248,18.47,0.3842,19.419,30.42,77.7,DANGER,co2_buildup
2026-01-01 08:23:20,L16,storage_area,0.523,17.71,0.3881,19.464,30.43,77.57,DANGER,co2_buildup
2026-01-01 08:23:25,L16,storage_area,0.5169,17.51,0.389,19.439,30.46,77.52,DANGER,co2_buildup
2026-01-01 08:23:30,L16,storage_area,0.5182,16.57,0.3871,19.491,30.48,77.39,DANGER,co2_buildup
2026-01-01 08:23:35,L16,storage_area,0.5162,16.73,0.4015,19.496,30.52,77.47,DANGER,co2_buildup
2026-01-01 08:23:40,L16,storage_area,0.5179,16.37,0.4008,19.51,30.57,77.43,DANGER,co2_buildup
2026-01-01 08:23:45,L16,storage_area,0.5125,16.04,0.3984,19.512,30.54,77.27,DANGER,co2_buildup
2026-01-01 08:23:50,L16,storage_area,0.5147,15.8,0.4104,19.554,30.6,77.16,DANGER,co2_buildup
2026-01-01 08:23:55,L16,storage_area,0.5095,15.53,0.414,19.551,30.65,77.18,DANGER,co2_buildup
2026-01-01 08:24:00,L16,storage_area,0.5101,15.0,0.4172,19.575,30.68,77.09,DANGER,co2_buildup
2026-01-01 08:24:05,L16,storage_area,0.5072,14.97,0.4226,19.602,30.66,76.96,DANGER,co2_buildup
2026-01-01 08:24:10,L16,storage_area,0.5037,14.53,0.4188,19.616,30.75,76.99,DANGER,co2_buildup
2026-01-01 08:24:15,L16,storage_area,0.5047,14.73,0.434,19.659,30.7,76.82,DANGER,co2_buildup
2026-01-01 08:24:20,L16,storage_area,0.5048,14.32,0.4353,19.613,30.74,76.7,DANGER,co2_buildup
2026-01-01 08:24:25,L16,storage_area,0.5072,14.03,0.4426,19.674,30.75,76.71,DANGER,co2_buildup
2026-01-01 08:24:30,L16,storage_area,0.5006,13.91,0.4384,19.688,30.81,76.72,DANGER,co2_buildup
2026-01-01 08:24:35,L16,storage_area,0.5004,13.14,0.4465,19.713,30.89,76.59,DANGER,co2_buildup
2026-01-01 08:24:40,L16,storage_area,0.4973,13.14,0.4401,19.721,30.89,76.44,WARNING,co2_buildup
2026-01-01 08:24:45,L16,storage_area,0.5016,13.06,0.4485,19.767,30.89,76.42,DANGER,co2_buildup
2026-01-01 08:24:50,L16,storage_area,0.4969,12.25,0.4498,19.762,30.88,76.45,WARNING,co2_buildup
2026-01-01 08:24:55,L16,storage_area,0.496,11.65,0.4608,19.787,30.91,76.32,WARNING,co2_buildup
2026-01-01 08:25:00,L16,storage_area,0.4947,11.72,0.4585,19.818,30.97,76.24,WARNING,co2_buildup
2026-01-01 08:25:05,L16,storage_area,0.49,11.87,0.4653,19.822,30.98,76.16,WARNING,co2_buildup
2026-01-01 08:25:10,L16,storage_area,0.4898,11.07,0.471,19.817,30.99,76.17,WARNING,co2_buildup
2026-01-01 08:25:15,L16,storage_area,0.4897,10.91,0.4729,19.849,31.02,76.1,WARNING,co2_buildup
2026-01-01 08:25:20,L16,storage_area,0.4918,10.54,0.4727,19.873,31.06,75.88,WARNING,co2_buildup
2026-01-01 08:25:25,L16,storage_area,0.4839,10.4,0.4896,19.864,31.09,75.96,WARNING,co2_buildup
2026-01-01 08:25:30,L16,storage_area,0.4892,9.88,0.4866,19.898,31.05,75.86,WARNING,co2_buildup
2026-01-01 08:25:35,L16,storage_area,0.4875,9.48,0.4972,19.928,31.12,75.86,WARNING,co2_buildup
2026-01-01 08:25:40,L16,storage_area,0.4817,9.46,0.489,19.982,31.15,75.69,WARNING,co2_buildup
2026-01-01 08:25:45,L16,storage_area,0.4836,9.22,0.4957,19.971,31.15,75.7,WARNING,co2_buildup
2026-01-01 08:25:50,L16,storage_area,0.4807,8.85,0.5009,19.949,31.15,76.07,WARNING,ventilation_failure
2026-01-01 08:25:55,L16,storage_area,0.4909,10.17,0.4967,19.966,31.23,75.96,WARNING,ventilation_failure
2026-01-01 08:26:00,L16,storage_area,0.5061,11.23,0.5024,19.942,31.25,75.9,DANGER,ventilation_failure
2026-01-01 08:26:05,L16,storage_area,0.4966,11.77,0.4915,19.926,31.26,75.85,WARNING,ventilation_failure
2026-01-01 08:26:10,L16,storage_area,0.5084,11.92,0.4922,19.915,31.3,76.66,DANGER,ventilation_failure
2026-01-01 08:26:15,L16,storage_area,0.5032,12.06,0.4887,19.92,31.35,77.07,DANGER,ventilation_failure
2026-01-01 08:26:20,L16,storage_area,0.5112,12.63,0.477,19.921,31.38,77.52,DANGER,ventilation_failure
2026-01-01 08:26:25,L16,storage_area,0.5239,13.16,0.4788,19.895,31.48,77.3,DANGER,ventilation_failure
2026-01-01 08:26:30,L16,storage_area,0.5258,14.25,0.4773,19.888,31.5,77.98,DANGER,ventilation_failure
2026-01-01 08:26:35,L16,storage_area,0.5283,14.42,0.4716,19.887,31.54,77.53,DANGER,ventilation_failure
2026-01-01 08:26:40,L16,storage_area,0.5439,15.89,0.4727,19.889,31.55,78.0,DANGER,ventilation_failure
2026-01-01 08:26:45,L16,storage_area,0.5343,16.26,0.4672,19.882,31.55,78.09,DANGER,ventilation_failure
2026-01-01 08:26:50,L16,storage_area,0.5436,16.85,0.4657,19.867,31.65,78.75,DANGER,ventilation_failure
2026-01-01 08:26:55,L16,storage_area,0.5522,16.32,0.4676,19.866,31.59,78.52,DANGER,ventilation_failure
2026-01-01 08:27:00,L16,storage_area,0.5496,18.01,0.4706,19.856,31.71,79.15,DANGER,ventilation_failure
2026-01-01 08:27:05,L16,storage_area,0.5623,18.35,0.4578,19.838,31.71,79.02,DANGER,ventilation_failure
2026-01-01 08:27:10,L16,storage_area,0.5705,20.47,0.4559,19.841,31.75,79.95,DANGER,ventilation_failure
2026-01-01 08:27:15,L16,storage_area,0.5689,19.13,0.4556,19.814,31.8,79.71,DANGER,ventilation_failure
2026-01-01 08:27:20,L16,storage_area,0.5707,20.36,0.4545,19.821,31.85,80.13,DANGER,ventilation_failure
2026-01-01 08:27:25,L16,storage_area,0.5778,21.32,0.4477,19.799,31.89,79.88,DANGER,ventilation_failure
2026-01-01 08:27:30,L16,storage_area,0.5696,21.17,0.448,19.802,31.96,80.19,DANGER,ventilation_failure
2026-01-01 08:27:35,L16,storage_area,0.5952,23.44,0.4453,19.802,31.96,80.6,DANGER,ventilation_failure
2026-01-01 08:27:40,L16,storage_area,0.5961,24.08,0.4465,19.786,32.01,81.21,DANGER,ventilation_failure
2026-01-01 08:27:45,L16,storage_area,0.5986,23.1,0.4444,19.776,32.0,81.42,DANGER,ventilation_failure
2026-01-01 08:27:50,L16,storage_area,0.5953,23.87,0.4402,19.769,32.04,81.76,DANGER,ventilation_failure
2026-01-01 08:27:55,L16,storage_area,0.6158,26.06,0.4371,19.765,32.14,81.42,DANGER,ventilation_failure
2026-01-01 08:28:00,L16,storage_area,0.6122,26.25,0.4337,19.769,32.19,82.12,DANGER,ventilation_failure
2026-01-01 08:28:05,L16,storage_area,0.6228,25.87,0.4337,19.748,32.19,82.12,DANGER,ventilation_failure
2026-01-01 08:28:10,L16,storage_area,0.6246,26.94,0.4281,19.73,32.28,82.31,DANGER,ventilation_failure
2026-01-01 08:28:15,L16,storage_area,0.6206,26.53,0.4337,19.725,32.23,82.62,DANGER,ventilation_failure
2026-01-01 08:28:20,L16,storage_area,0.6418,29.19,0.4217,19.71,32.33,82.96,DANGER,ventilation_failure
2026-01-01 08:28:25,L16,storage_area,0.6457,28.6,0.422,19.699,32.33,83.38,DANGER,ventilation_failure
2026-01-01 08:28:30,L16,storage_area,0.649,29.52,0.4244,19.681,32.36,83.73,DANGER,ventilation_failure
2026-01-01 08:28:35,L16,storage_area,0.6515,29.27,0.4181,19.689,32.41,83.84,DANGER,ventilation_failure
2026-01-01 08:28:40,L16,storage_area,0.648,29.78,0.4191,19.673,32.47,84.11,DANGER,ventilation_failure
2026-01-01 08:28:45,L16,storage_area,0.6646,31.31,0.42,19.678,32.53,84.62,DANGER,ventilation_failure
2026-01-01 08:28:50,L16,storage_area,0.6771,32.76,0.4148,19.664,32.56,84.61,DANGER,ventilation_failure
2026-01-01 08:28:55,L16,storage_area,0.6704,31.98,0.406,19.651,32.58,84.65,DANGER,ventilation_failure
2026-01-01 08:29:00,L16,storage_area,0.6755,32.36,0.4038,19.634,32.65,85.08,DANGER,ventilation_failure
2026-01-01 08:29:05,L16,storage_area,0.6736,33.71,0.4045,19.641,32.73,85.58,DANGER,ventilation_failure
2026-01-01 08:29:10,L16,storage_area,0.6732,35.09,0.4041,19.621,32.7,85.24,DANGER,ventilation_failure
2026-01-01 08:29:15,L16,storage_area,0.6878,34.42,0.4041,19.634,32.75,85.59,DANGER,ventilation_failure
2026-01-01 08:29:20,L16,storage_area,0.7031,35.26,0.3954,19.622,32.76,86.25,DANGER,ventilation_failure
2026-01-01 08:29:25,L16,storage_area,0.7074,36.5,0.394,19.609,32.81,86.11,DANGER,ventilation_failure
2026-01-01 08:29:30,L16,storage_area,0.7045,37.18,0.3924,19.615,32.91,86.59,DANGER,ventilation_failure
2026-01-01 08:29:35,L16,storage_area,0.7123,37.1,0.3899,19.595,32.94,86.95,DANGER,ventilation_failure
2026-01-01 08:29:40,L16,storage_area,0.7081,38.51,0.3932,19.59,32.93,86.63,DANGER,ventilation_failure
2026-01-01 08:29:45,L16,storage_area,0.7205,38.81,0.3857,19.584,32.99,87.06,DANGER,ventilation_failure
2026-01-01 08:29:50,L16,storage_area,0.722,39.14,0.3842,19.566,33.05,87.67,DANGER,ventilation_failure
2026-01-01 08:29:55,L16,storage_area,0.7302,40.27,0.3842,19.557,33.04,87.62,DANGER,ventilation_failure
2026-01-01 08:30:00,L16,storage_area,0.7334,40.81,0.384,19.554,33.04,87.44,DANGER,ventilation_failure
2026-01-01 08:30:05,L16,storage_area,0.7383,40.4,0.3764,19.534,33.16,88.02,DANGER,ventilation_failure
2026-01-01 08:30:10,L16,storage_area,0.7505,42.46,0.3782,19.552,33.2,88.56,CRITICAL,ventilation_failure
2026-01-01 08:30:15,L16,storage_area,0.7609,42.44,0.3776,19.53,33.23,88.91,CRITICAL,ventilation_failure
2026-01-01 08:30:20,L16,storage_area,0.754,43.64,0.3691,19.519,33.23,88.88,CRITICAL,ventilation_failure
2026-01-01 08:30:25,L16,storage_area,0.7679,43.51,0.3652,19.53,33.34,89.23,CRITICAL,ventilation_failure
2026-01-01 08:30:30,L16,storage_area,0.7581,44.25,0.3716,19.495,33.33,89.28,CRITICAL,ventilation_failure
2026-01-01 08:30:35,L16,storage_area,0.7695,44.95,0.3658,19.509,33.32,89.81,CRITICAL,ventilation_failure
2026-01-01 08:30:40,L16,storage_area,0.7678,45.66,0.3599,19.495,33.34,90.17,CRITICAL,ventilation_failure
2026-01-01 08:30:45,L16,storage_area,0.7783,46.84,0.3596,19.489,33.43,90.27,CRITICAL,ventilation_failure
2026-01-01 08:30:50,L16,storage_area,0.7891,46.86,0.3518,19.47,33.49,90.32,CRITICAL,ventilation_failure
2026-01-01 08:30:55,L16,storage_area,0.7963,47.2,0.3563,19.464,33.51,90.69,CRITICAL,ventilation_failure
2026-01-01 08:31:00,L16,storage_area,0.7882,47.12,0.3502,19.461,33.72,90.62,CRITICAL,fire_heat
2026-01-01 08:31:05,L16,storage_area,0.7923,48.02,0.3513,19.469,33.57,90.54,CRITICAL,fire_heat
2026-01-01 08:31:10,L16,storage_area,0.7858,49.27,0.3578,19.47,33.78,90.43,CRITICAL,fire_heat
2026-01-01 08:31:15,L16,storage_area,0.7805,48.08,0.3544,19.478,34.1,90.38,CRITICAL,fire_heat
2026-01-01 08:31:20,L16,storage_area,0.773,49.11,0.3571,19.477,34.04,90.19,CRITICAL,fire_heat
2026-01-01 08:31:25,L16,storage_area,0.7759,50.25,0.3587,19.48,34.34,89.99,CRITICAL,fire_heat
2026-01-01 08:31:30,L16,storage_area,0.7789,50.28,0.3589,19.486,34.23,90.02,CRITICAL,fire_heat
2026-01-01 08:31:35,L16,storage_area,0.7588,50.7,0.3587,19.488,34.47,89.85,CRITICAL,fire_heat
2026-01-01 08:31:40,L16,storage_area,0.756,52.9,0.3591,19.495,34.53,89.71,CRITICAL,fire_heat
2026-01-01 08:31:45,L16,storage_area,0.7659,52.18,0.3609,19.497,34.82,89.78,CRITICAL,fire_heat
2026-01-01 08:31:50,L16,storage_area,0.7609,52.65,0.3604,19.501,34.74,89.51,CRITICAL,fire_heat
2026-01-01 08:31:55,L16,storage_area,0.7596,53.36,0.3628,19.504,34.79,89.6,CRITICAL,fire_heat
2026-01-01 08:32:00,L16,storage_area,0.7521,55.24,0.362,19.51,34.97,89.34,CRITICAL,fire_heat
2026-01-01 08:32:05,L16,storage_area,0.743,54.85,0.363,19.511,35.1,89.33,CRITICAL,fire_heat
2026-01-01 08:32:10,L16,storage_area,0.7449,55.08,0.3673,19.519,35.2,89.21,CRITICAL,fire_heat
2026-01-01 08:32:15,L16,storage_area,0.7509,56.01,0.364,19.513,35.32,89.26,CRITICAL,fire_heat
2026-01-01 08:32:20,L16,storage_area,0.7403,57.07,0.3657,19.522,35.66,89.12,CRITICAL,fire_heat
2026-01-01 08:32:25,L16,storage_area,0.7374,58.23,0.3672,19.516,35.82,88.9,CRITICAL,fire_heat
2026-01-01 08:32:30,L16,storage_area,0.7262,58.8,0.3681,19.529,35.82,88.86,CRITICAL,fire_heat
2026-01-01 08:32:35,L16,storage_area,0.7263,58.52,0.3686,19.529,35.83,88.9,CRITICAL,fire_heat
2026-01-01 08:32:40,L16,storage_area,0.7342,59.27,0.3667,19.536,35.96,88.82,CRITICAL,fire_heat
2026-01-01 08:32:45,L16,storage_area,0.7261,61.38,0.3699,19.543,35.92,88.47,CRITICAL,fire_heat
2026-01-01 08:32:50,L16,storage_area,0.7277,61.37,0.3709,19.542,36.33,88.61,CRITICAL,fire_heat
2026-01-01 08:32:55,L16,storage_area,0.7182,61.29,0.3733,19.541,36.33,88.51,CRITICAL,fire_heat
2026-01-01 08:33:00,L16,storage_area,0.7125,60.75,0.3734,19.541,36.7,88.32,CRITICAL,fire_heat
2026-01-01 08:33:05,L16,storage_area,0.714,62.4,0.375,19.552,36.5,88.21,CRITICAL,fire_heat
2026-01-01 08:33:10,L16,storage_area,0.7099,62.53,0.3719,19.552,36.72,88.07,CRITICAL,fire_heat
2026-01-01 08:33:15,L16,storage_area,0.7059,63.41,0.3728,19.559,36.9,87.91,CRITICAL,fire_heat
2026-01-01 08:33:20,L16,storage_area,0.703,63.97,0.3759,19.558,37.09,87.96,CRITICAL,fire_heat
2026-01-01 08:33:25,L16,storage_area,0.7025,65.01,0.3781,19.559,37.37,87.82,CRITICAL,fire_heat
2026-01-01 08:33:30,L16,storage_area,0.6982,65.79,0.3766,19.566,37.13,87.78,CRITICAL,fire_heat
2026-01-01 08:33:35,L16,storage_area,0.6935,65.96,0.3764,19.572,37.38,87.68,CRITICAL,fire_heat
2026-01-01 08:33:40,L16,storage_area,0.7008,66.27,0.3757,19.574,37.37,87.77,CRITICAL,fire_heat
2026-01-01 08:33:45,L16,storage_area,0.6927,67.51,0.38,19.574,37.76,87.56,CRITICAL,fire_heat
2026-01-01 08:33:50,L16,storage_area,0.6886,67.94,0.3799,19.588,37.71,87.41,CRITICAL,fire_heat
2026-01-01 08:33:55,L16,storage_area,0.6848,67.77,0.3802,19.583,37.9,87.08,CRITICAL,fire_heat
2026-01-01 08:34:00,L16,storage_area,0.6845,69.81,0.3833,19.578,38.02,87.2,CRITICAL,fire_heat
2026-01-01 08:34:05,L16,storage_area,0.681,69.67,0.3824,19.595,38.18,87.21,CRITICAL,fire_heat
2026-01-01 08:34:10,L16,storage_area,0.6721,70.55,0.3833,19.594,38.27,86.94,CRITICAL,fire_heat
2026-01-01 08:34:15,L16,storage_area,0.6673,71.19,0.3857,19.597,38.31,87.08,CRITICAL,fire_heat
2026-01-01 08:34:20,L16,storage_area,0.6615,71.93,0.3888,19.6,38.55,86.84,CRITICAL,fire_heat
2026-01-01 08:34:25,L16,storage_area,0.6737,72.64,0.385,19.604,38.58,86.72,CRITICAL,fire_heat
2026-01-01 08:34:30,L16,storage_area,0.6623,72.43,0.385,19.615,38.89,86.51,CRITICAL,fire_heat
2026-01-01 08:34:35,L16,storage_area,0.6632,73.97,0.3856,19.613,38.93,86.64,CRITICAL,fire_heat
2026-01-01 08:34:40,L16,storage_area,0.6587,74.21,0.389,19.616,38.93,86.34,CRITICAL,fire_heat
2026-01-01 08:34:45,L16,storage_area,0.6584,75.64,0.3871,19.617,39.45,86.26,CRITICAL,fire_heat
2026-01-01 08:34:50,L16,storage_area,0.6517,76.11,0.3891,19.629,39.49,86.05,CRITICAL,fire_heat
2026-01-01 08:34:55,L16,storage_area,0.644,77.01,0.3901,19.629,39.71,86.2,CRITICAL,fire_heat
2026-01-01 08:35:00,L16,storage_area,0.6421,76.35,0.3941,19.633,39.51,86.08,CRITICAL,fire_heat
2026-01-01 08:35:05,L16,storage_area,0.6417,78.23,0.3943,19.633,39.58,85.94,CRITICAL,fire_heat
2026-01-01 08:35:10,L16,storage_area,0.634,78.17,0.3903,19.64,39.89,85.9,CRITICAL,fire_heat
2026-01-01 08:35:15,L16,storage_area,0.6338,79.12,0.3966,19.641,40.05,85.8,CRITICAL,fire_heat
2026-01-01 08:35:20,L16,storage_area,0.6295,79.73,0.3925,19.641,40.07,85.62,CRITICAL,fire_heat
2026-01-01 08:35:25,L16,storage_area,0.6297,80.23,0.3957,19.648,39.93,85.49,CRITICAL,fire_heat
2026-01-01 08:35:30,L16,storage_area,0.6261,79.97,0.3948,19.658,40.19,85.31,CRITICAL,fire_heat
2026-01-01 08:35:35,L16,storage_area,0.6254,81.75,0.3963,19.654,40.48,85.35,CRITICAL,fire_heat
2026-01-01 08:35:40,L16,storage_area,0.6252,82.02,0.3961,19.662,40.48,85.15,CRITICAL,fire_heat
2026-01-01 08:35:45,L16,storage_area,0.618,81.61,0.4015,19.665,40.52,85.19,CRITICAL,fire_heat
2026-01-01 08:35:50,L16,storage_area,0.6103,82.79,0.3992,19.666,40.78,85.07,CRITICAL,fire_heat
2026-01-01 08:35:55,L16,storage_area,0.6053,82.99,0.4006,19.674,40.55,84.95,CRITICAL,fire_heat
2026-01-01 08:36:00,L16,storage_area,0.6106,83.49,0.3992,19.661,40.99,84.98,CRITICAL,fire_heat
2026-01-01 08:36:05,L16,storage_area,0.6045,85.4,0.3994,19.666,41.13,84.71,CRITICAL,fire_heat
2026-01-01 08:36:10,L16,storage_area,0.5989,85.1,0.4058,19.664,41.18,84.82,CRITICAL,combined_hazard
2026-01-01 08:36:15,L16,storage_area,0.6063,84.75,0.4047,19.64,41.18,84.77,CRITICAL,combined_hazard
2026-01-01 08:36:20,L16,storage_area,0.6269,84.21,0.4112,19.651,41.21,84.8,CRITICAL,combined_hazard
2026-01-01 08:36:25,L16,storage_area,0.6289,83.89,0.4011,19.587,41.19,84.76,CRITICAL,combined_hazard
2026-01-01 08:36:30,L16,storage_area,0.6269,83.12,0.4119,19.585,41.21,84.74,CRITICAL,combined_hazard
2026-01-01 08:36:35,L16,storage_area,0.6362,83.11,0.4138,19.61,41.22,84.73,CRITICAL,combined_hazard
2026-01-01 08:36:40,L16,storage_area,0.6484,83.21,0.411,19.492,41.21,84.72,CRITICAL,combined_hazard
2026-01-01 08:36:45,L16,storage_area,0.6495,82.52,0.4236,19.476,41.22,84.73,CRITICAL,combined_hazard
2026-01-01 08:36:50,L16,storage_area,0.664,82.91,0.4258,19.465,41.23,84.72,CRITICAL,combined_hazard
2026-01-01 08:36:55,L16,storage_area,0.6717,82.47,0.4274,19.468,41.25,84.71,CRITICAL,combined_hazard
2026-01-01 08:37:00,L16,storage_area,0.6737,81.65,0.4318,19.395,41.25,84.67,CRITICAL,combined_hazard
2026-01-01 08:37:05,L16,storage_area,0.694,81.39,0.4357,19.391,41.26,84.67,CRITICAL,combined_hazard
2026-01-01 08:37:10,L16,storage_area,0.6877,81.84,0.4424,19.353,41.27,84.64,CRITICAL,combined_hazard
2026-01-01 08:37:15,L16,storage_area,0.7138,81.1,0.444,19.314,41.28,84.66,CRITICAL,combined_hazard
2026-01-01 08:37:20,L16,storage_area,0.7092,80.55,0.4458,19.277,41.28,84.63,CRITICAL,combined_hazard
2026-01-01 08:37:25,L16,storage_area,0.7129,80.28,0.4566,19.244,41.3,84.63,CRITICAL,combined_hazard
2026-01-01 08:37:30,L16,storage_area,0.7303,79.95,0.4477,19.319,41.3,84.61,CRITICAL,combined_hazard
2026-01-01 08:37:35,L16,storage_area,0.7335,79.59,0.4482,19.163,41.3,84.58,CRITICAL,combined_hazard
2026-01-01 08:37:40,L16,storage_area,0.7469,78.95,0.4613,19.138,41.31,84.6,CRITICAL,combined_hazard
2026-01-01 08:37:45,L16,storage_area,0.7316,78.84,0.4671,19.158,41.31,84.59,CRITICAL,combined_hazard
2026-01-01 08:37:50,L16,storage_area,0.7598,78.21,0.4602,19.129,41.32,84.57,CRITICAL,combined_hazard
2026-01-01 08:37:55,L16,storage_area,0.7587,78.56,0.4712,19.108,41.32,84.53,CRITICAL,combined_hazard
2026-01-01 08:38:00,L16,storage_area,0.7707,77.99,0.4667,19.044,41.33,84.56,CRITICAL,combined_hazard
2026-01-01 08:38:05,L16,storage_area,0.7771,77.95,0.4742,19.012,41.32,84.53,CRITICAL,combined_hazard
2026-01-01 08:38:10,L16,storage_area,0.7963,77.01,0.4774,19.005,41.35,84.53,CRITICAL,combined_hazard
2026-01-01 08:38:15,L16,storage_area,0.7773,77.52,0.4754,19.011,41.35,84.51,CRITICAL,combined_hazard
2026-01-01 08:38:20,L16,storage_area,0.8134,77.17,0.4883,18.93,41.36,84.5,CRITICAL,combined_hazard
2026-01-01 08:38:25,L16,storage_area,0.8133,75.98,0.4918,18.935,41.36,84.5,CRITICAL,combined_hazard
2026-01-01 08:38:30,L16,storage_area,0.8162,75.99,0.483,18.889,41.38,84.47,CRITICAL,combined_hazard
2026-01-01 08:38:35,L16,storage_area,0.8106,75.71,0.4909,18.833,41.39,84.47,CRITICAL,combined_hazard
2026-01-01 08:38:40,L16,storage_area,0.816,75.08,0.4968,18.813,41.39,84.46,CRITICAL,combined_hazard
2026-01-01 08:38:45,L16,storage_area,0.8326,75.13,0.4887,18.846,41.41,84.47,CRITICAL,combined_hazard
2026-01-01 08:38:50,L16,storage_area,0.8499,75.07,0.4993,18.777,41.41,84.43,CRITICAL,combined_hazard
2026-01-01 08:38:55,L16,storage_area,0.852,74.44,0.4957,18.8,41.4,84.43,CRITICAL,combined_hazard
2026-01-01 08:39:00,L16,storage_area,0.8643,73.75,0.508,18.737,41.42,84.4,CRITICAL,combined_hazard
2026-01-01 08:39:05,L16,storage_area,0.8549,74.19,0.5087,18.673,41.42,84.42,CRITICAL,combined_hazard
2026-01-01 08:39:10,L16,storage_area,0.8748,73.4,0.5099,18.697,41.42,84.38,CRITICAL,combined_hazard
2026-01-01 08:39:15,L16,storage_area,0.8908,73.12,0.5082,18.634,41.43,84.38,CRITICAL,combined_hazard
2026-01-01 08:39:20,L16,storage_area,0.9012,73.53,0.5151,18.618,41.44,84.37,CRITICAL,combined_hazard
2026-01-01 08:39:25,L16,storage_area,0.8863,72.83,0.5226,18.632,41.45,84.35,CRITICAL,combined_hazard
2026-01-01 08:39:30,L16,storage_area,0.9012,72.14,0.5234,18.537,41.45,84.36,CRITICAL,combined_hazard
2026-01-01 08:39:35,L16,storage_area,0.9087,71.72,0.5313,18.533,41.46,84.32,CRITICAL,combined_hazard
2026-01-01 08:39:40,L16,storage_area,0.9138,72.06,0.5341,18.488,41.47,84.33,CRITICAL,combined_hazard
2026-01-01 08:39:45,L16,storage_area,0.9339,71.73,0.537,18.458,41.48,84.32,CRITICAL,combined_hazard
2026-01-01 08:39:50,L16,storage_area,0.9575,70.99,0.5336,18.45,41.49,84.31,CRITICAL,combined_hazard
2026-01-01 08:39:55,L16,storage_area,0.9321,70.44,0.54,18.412,41.48,84.3,CRITICAL,combined_hazard
2026-01-01 08:40:00,L16,storage_area,0.9522,70.63,0.538,18.401,41.51,84.31,CRITICAL,combined_hazard
2026-01-01 08:40:05,L16,storage_area,0.9585,70.38,0.5399,18.398,41.5,84.27,CRITICAL,combined_hazard
2026-01-01 08:40:10,L16,storage_area,0.9661,69.77,0.5526,18.332,41.51,84.25,CRITICAL,combined_hazard
2026-01-01 08:40:15,L16,storage_area,0.9819,69.24,0.5463,18.285,41.52,84.25,CRITICAL,combined_hazard
2026-01-01 08:40:20,L16,storage_area,0.9815,69.27,0.5489,18.316,41.54,84.25,CRITICAL,combined_hazard
2026-01-01 08:40:25,L16,storage_area,0.9682,69.09,0.5575,18.25,41.53,84.25,CRITICAL,combined_hazard
2026-01-01 08:40:30,L16,storage_area,0.9814,68.49,0.559,18.294,41.53,84.21,CRITICAL,combined_hazard
2026-01-01 08:40:35,L16,storage_area,0.9919,68.4,0.5624,18.204,41.53,84.19,CRITICAL,combined_hazard
2026-01-01 08:40:40,L16,storage_area,1.0019,68.12,0.5753,18.184,41.54,84.2,CRITICAL,combined_hazard
2026-01-01 08:40:45,L16,storage_area,1.0144,68.05,0.5653,18.097,41.56,84.16,CRITICAL,combined_hazard
2026-01-01 08:40:50,L16,storage_area,1.0212,67.26,0.5742,18.101,41.57,84.17,CRITICAL,combined_hazard
2026-01-01 08:40:55,L16,storage_area,1.0154,66.72,0.5756,18.042,41.56,84.16,CRITICAL,combined_hazard
2026-01-01 08:41:00,L16,storage_area,1.0246,66.74,0.5824,18.086,41.58,84.14,CRITICAL,combined_hazard
2026-01-01 08:41:05,L16,storage_area,1.0278,66.96,0.5783,18.048,41.57,84.13,CRITICAL,combined_hazard
2026-01-01 08:41:10,L16,storage_area,1.0399,65.59,0.5835,18.041,41.58,84.1,CRITICAL,combined_hazard
2026-01-01 08:41:15,L16,storage_area,1.0683,65.11,0.5879,18.018,41.6,84.1,CRITICAL,combined_hazard
2026-01-01 08:41:20,L16,storage_area,1.0653,65.47,0.5848,17.995,41.6,84.11,CRITICAL,combined_hazard
2026-01-01 08:41:25,L16,storage_area,1.0671,65.08,0.5864,17.934,41.62,84.06,CRITICAL,combined_hazard
2026-01-01 08:41:30,L16,storage_area,1.0666,64.82,0.5965,17.915,41.61,84.07,CRITICAL,combined_hazard
2026-01-01 08:41:35,L16,storage_area,1.0815,64.49,0.605,17.902,41.63,84.06,CRITICAL,combined_hazard
2026-01-01 08:00:00,L17,transport_tunnel,0.147,5.17,0.0792,20.474,25.58,69.01,SAFE,normal
2026-01-01 08:00:05,L17,transport_tunnel,0.1473,5.19,0.0778,20.474,25.63,69.0,SAFE,normal
2026-01-01 08:00:10,L17,transport_tunnel,0.1466,5.17,0.0795,20.475,25.68,69.03,SAFE,normal
2026-01-01 08:00:15,L17,transport_tunnel,0.1503,5.22,0.0786,20.472,25.73,69.01,SAFE,normal
2026-01-01 08:00:20,L17,transport_tunnel,0.1484,5.29,0.0799,20.473,25.85,69.02,SAFE,normal
2026-01-01 08:00:25,L17,transport_tunnel,0.1464,5.26,0.0776,20.473,25.86,69.03,SAFE,normal
2026-01-01 08:00:30,L17,transport_tunnel,0.1497,5.3,0.0777,20.472,25.88,69.03,SAFE,normal
2026-01-01 08:00:35,L17,transport_tunnel,0.1487,5.33,0.0764,20.468,25.92,69.04,SAFE,normal
2026-01-01 08:00:40,L17,transport_tunnel,0.1513,5.35,0.0783,20.469,26.15,69.05,SAFE,normal
2026-01-01 08:00:45,L17,transport_tunnel,0.1519,5.39,0.0771,20.471,26.13,69.04,SAFE,normal
2026-01-01 08:00:50,L17,transport_tunnel,0.1521,5.42,0.0762,20.47,26.1,69.05,SAFE,normal
2026-01-01 08:00:55,L17,transport_tunnel,0.1506,5.45,0.076,20.465,26.26,69.06,SAFE,normal
2026-01-01 08:01:00,L17,transport_tunnel,0.1515,5.44,0.0758,20.468,26.19,69.05,SAFE,normal
2026-01-01 08:01:05,L17,transport_tunnel,0.1523,5.49,0.0736,20.469,26.3,69.07,SAFE,normal
2026-01-01 08:01:10,L17,transport_tunnel,0.1536,5.52,0.0767,20.468,26.34,69.08,SAFE,normal
2026-01-01 08:01:15,L17,transport_tunnel,0.1514,5.52,0.0762,20.467,26.42,69.08,SAFE,normal
2026-01-01 08:01:20,L17,transport_tunnel,0.1533,5.53,0.0745,20.469,26.42,69.08,SAFE,normal
2026-01-01 08:01:25,L17,transport_tunnel,0.1561,5.58,0.074,20.465,26.52,69.09,SAFE,normal
2026-01-01 08:01:30,L17,transport_tunnel,0.1532,5.58,0.0724,20.465,26.48,69.09,SAFE,normal
2026-01-01 08:01:35,L17,transport_tunnel,0.1543,5.61,0.0757,20.463,26.6,69.09,SAFE,normal
2026-01-01 08:01:40,L17,transport_tunnel,0.1582,5.65,0.075,20.463,26.74,69.1,SAFE,normal
2026-01-01 08:01:45,L17,transport_tunnel,0.1547,5.67,0.0732,20.463,26.78,69.1,SAFE,normal
2026-01-01 08:01:50,L17,transport_tunnel,0.1534,5.7,0.0734,20.464,26.75,69.11,SAFE,normal
2026-01-01 08:01:55,L17,transport_tunnel,0.1557,5.68,0.0736,20.461,26.76,69.11,SAFE,normal
2026-01-01 08:02:00,L17,transport_tunnel,0.1585,5.74,0.073,20.463,26.78,69.12,SAFE,normal
2026-01-01 08:02:05,L17,transport_tunnel,0.158,5.72,0.0702,20.459,26.97,69.12,SAFE,normal
2026-01-01 08:02:10,L17,transport_tunnel,0.1556,5.77,0.0705,20.461,27.01,69.14,SAFE,normal
2026-01-01 08:02:15,L17,transport_tunnel,0.1579,5.82,0.0712,20.461,27.06,69.13,SAFE,normal
2026-01-01 08:02:20,L17,transport_tunnel,0.1575,5.87,0.0705,20.46,27.18,69.14,SAFE,normal
2026-01-01 08:02:25,L17,transport_tunnel,0.1592,5.88,0.0709,20.46,27.16,69.13,SAFE,normal
2026-01-01 08:02:30,L17,transport_tunnel,0.1577,5.89,0.0704,20.457,27.22,69.15,SAFE,normal
2026-01-01 08:02:35,L17,transport_tunnel,0.1595,5.91,0.0695,20.457,27.19,69.16,SAFE,normal
2026-01-01 08:02:40,L17,transport_tunnel,0.1618,5.94,0.0654,20.456,27.39,69.16,SAFE,normal
2026-01-01 08:02:45,L17,transport_tunnel,0.1561,6.0,0.07,20.456,27.35,69.17,SAFE,normal
2026-01-01 08:02:50,L17,transport_tunnel,0.1608,5.96,0.0692,20.456,27.38,69.17,SAFE,normal
2026-01-01 08:02:55,L17,transport_tunnel,0.1622,6.0,0.0705,20.457,27.48,69.17,SAFE,normal
2026-01-01 08:03:00,L17,transport_tunnel,0.1587,6.06,0.0668,20.455,27.62,69.17,SAFE,normal
2026-01-01 08:03:05,L17,transport_tunnel,0.1602,6.06,0.0647,20.455,27.68,69.19,SAFE,normal
2026-01-01 08:03:10,L17,transport_tunnel,0.161,6.13,0.0665,20.453,27.58,69.18,SAFE,normal
2026-01-01 08:03:15,L17,transport_tunnel,0.161,6.13,0.067,20.454,27.74,69.2,SAFE,normal
2026-01-01 08:03:20,L17,transport_tunnel,0.1612,6.16,0.0655,20.455,27.75,69.2,SAFE,normal
2026-01-01 08:03:25,L17,transport_tunnel,0.1622,6.12,0.0675,20.45,27.84,69.2,SAFE,normal
2026-01-01 08:03:30,L17,transport_tunnel,0.1642,6.21,0.0645,20.449,27.85,69.21,SAFE,normal
2026-01-01 08:03:35,L17,transport_tunnel,0.1655,6.19,0.0649,20.452,27.92,69.21,SAFE,normal
2026-01-01 08:03:40,L17,transport_tunnel,0.1656,6.25,0.0643,20.449,28.01,69.22,SAFE,normal
2026-01-01 08:03:45,L17,transport_tunnel,0.1656,6.25,0.068,20.448,27.91,69.22,SAFE,normal
2026-01-01 08:03:50,L17,transport_tunnel,0.1671,6.29,0.0627,20.45,28.07,69.23,SAFE,normal
2026-01-01 08:03:55,L17,transport_tunnel,0.1677,6.28,0.0644,20.447,28.05,69.23,SAFE,normal
2026-01-01 08:04:00,L17,transport_tunnel,0.1656,6.29,0.0617,20.451,28.13,69.24,SAFE,normal
2026-01-01 08:04:05,L17,transport_tunnel,0.1677,6.36,0.0633,20.448,28.21,69.24,SAFE,normal
2026-01-01 08:04:10,L17,transport_tunnel,0.1667,6.38,0.0613,20.447,28.21,69.24,SAFE,normal
2026-01-01 08:04:15,L17,transport_tunnel,0.1662,6.39,0.0636,20.445,28.29,69.25,SAFE,normal
2026-01-01 08:04:20,L17,transport_tunnel,0.1668,6.39,0.063,20.446,28.3,69.25,SAFE,normal
2026-01-01 08:04:25,L17,transport_tunnel,0.1687,6.39,0.0618,20.443,28.39,69.26,SAFE,normal
2026-01-01 08:04:30,L17,transport_tunnel,0.1696,6.49,0.0593,20.441,28.5,69.25,SAFE,normal
2026-01-01 08:04:35,L17,transport_tunnel,0.1688,6.5,0.0607,20.442,28.57,69.27,SAFE,normal
2026-01-01 08:04:40,L17,transport_tunnel,0.1679,6.52,0.06,20.446,28.54,69.27,SAFE,normal
2026-01-01 08:04:45,L17,transport_tunnel,0.1682,6.56,0.0612,20.442,28.7,69.27,SAFE,normal
2026-01-01 08:04:50,L17,transport_tunnel,0.1667,6.6,0.0585,20.441,28.72,69.29,SAFE,normal
2026-01-01 08:04:55,L17,transport_tunnel,0.1701,6.61,0.0609,20.442,28.81,69.29,SAFE,normal
2026-01-01 08:05:00,L17,transport_tunnel,0.1704,6.62,0.0603,20.445,28.71,69.29,SAFE,normal
2026-01-01 08:05:05,L17,transport_tunnel,0.1689,6.7,0.0569,20.443,28.86,69.3,SAFE,normal
2026-01-01 08:05:10,L17,transport_tunnel,0.1613,6.42,0.0624,20.439,28.85,69.31,SAFE,methane_buildup
2026-01-01 08:05:15,L17,transport_tunnel,0.1682,6.59,0.0589,20.436,28.85,69.49,SAFE,methane_buildup
2026-01-01 08:05:20,L17,transport_tunnel,0.2084,6.9,0.0582,20.439,28.85,69.52,SAFE,methane_buildup
2026-01-01 08:05:25,L17,transport_tunnel,0.231,7.24,0.0689,20.44,28.85,69.63,SAFE,methane_buildup
2026-01-01 08:05:30,L17,transport_tunnel,0.2119,7.41,0.069,20.438,28.85,69.95,SAFE,methane_buildup
2026-01-01 08:05:35,L17,transport_tunnel,0.2323,7.55,0.0706,20.437,28.86,70.31,SAFE,methane_buildup
2026-01-01 08:05:40,L17,transport_tunnel,0.2445,7.86,0.0743,20.431,28.86,70.37,SAFE,methane_buildup
2026-01-01 08:05:45,L17,transport_tunnel,0.2607,7.79,0.0702,20.435,28.86,70.23,SAFE,methane_buildup
2026-01-01 08:05:50,L17,transport_tunnel,0.2524,8.09,0.0771,20.434,28.87,70.53,SAFE,methane_buildup
2026-01-01 08:05:55,L17,transport_tunnel,0.2991,8.28,0.0772,20.434,28.86,70.84,SAFE,methane_buildup
2026-01-01 08:06:00,L17,transport_tunnel,0.3172,8.35,0.082,20.43,28.87,71.11,SAFE,methane_buildup
2026-01-01 08:06:05,L17,transport_tunnel,0.2901,9.06,0.0847,20.433,28.87,71.31,SAFE,methane_buildup
2026-01-01 08:06:10,L17,transport_tunnel,0.3509,8.49,0.0874,20.43,28.87,71.18,SAFE,methane_buildup
2026-01-01 08:06:15,L17,transport_tunnel,0.3622,9.25,0.0884,20.429,28.87,71.49,SAFE,methane_buildup
2026-01-01 08:06:20,L17,transport_tunnel,0.3143,9.35,0.0896,20.43,28.88,71.56,SAFE,methane_buildup
2026-01-01 08:06:25,L17,transport_tunnel,0.3391,9.54,0.0918,20.426,28.88,71.67,SAFE,methane_buildup
2026-01-01 08:06:30,L17,transport_tunnel,0.3788,9.6,0.0942,20.428,28.88,71.85,SAFE,methane_buildup
2026-01-01 08:06:35,L17,transport_tunnel,0.4108,9.99,0.0934,20.424,28.88,72.01,SAFE,methane_buildup
2026-01-01 08:06:40,L17,transport_tunnel,0.4106,9.88,0.0963,20.426,28.88,72.33,SAFE,methane_buildup
2026-01-01 08:06:45,L17,transport_tunnel,0.4203,10.2,0.1008,20.424,28.89,72.11,SAFE,methane_buildup
2026-01-01 08:06:50,L17,transport_tunnel,0.4406,10.33,0.1037,20.423,28.89,72.55,SAFE,methane_buildup
2026-01-01 08:06:55,L17,transport_tunnel,0.4357,10.46,0.1019,20.417,28.9,72.86,SAFE,methane_buildup
2026-01-01 08:07:00,L17,transport_tunnel,0.476,10.71,0.1028,20.421,28.89,73.01,SAFE,methane_buildup
2026-01-01 08:07:05,L17,transport_tunnel,0.4712,10.71,0.1032,20.42,28.9,73.04,SAFE,methane_buildup
2026-01-01 08:07:10,L17,transport_tunnel,0.4644,10.94,0.1066,20.423,28.9,73.0,SAFE,methane_buildup
2026-01-01 08:07:15,L17,transport_tunnel,0.4885,11.5,0.1109,20.419,28.9,73.39,SAFE,methane_buildup
2026-01-01 08:07:20,L17,transport_tunnel,0.5168,11.91,0.1133,20.417,28.9,73.63,WARNING,methane_buildup
2026-01-01 08:07:25,L17,transport_tunnel,0.5213,11.69,0.1159,20.419,28.91,73.52,WARNING,methane_buildup
2026-01-01 08:07:30,L17,transport_tunnel,0.5331,11.93,0.1154,20.415,28.91,73.8,WARNING,methane_buildup
2026-01-01 08:07:35,L17,transport_tunnel,0.554,12.01,0.1157,20.417,28.91,73.88,WARNING,methane_buildup
2026-01-01 08:07:40,L17,transport_tunnel,0.5692,12.23,0.1236,20.415,28.91,73.98,WARNING,methane_buildup
2026-01-01 08:07:45,L17,transport_tunnel,0.5616,12.43,0.1258,20.412,28.91,74.18,WARNING,methane_buildup
2026-01-01 08:07:50,L17,transport_tunnel,0.6067,12.69,0.1294,20.414,28.91,74.41,WARNING,methane_buildup
2026-01-01 08:07:55,L17,transport_tunnel,0.6022,12.96,0.1321,20.413,28.92,74.41,WARNING,methane_buildup
2026-01-01 08:08:00,L17,transport_tunnel,0.6225,12.74,0.133,20.413,28.92,74.55,WARNING,methane_buildup
2026-01-01 08:08:05,L17,transport_tunnel,0.6315,13.55,0.1343,20.41,28.92,74.73,WARNING,methane_buildup
2026-01-01 08:08:10,L17,transport_tunnel,0.638,13.28,0.1387,20.41,28.92,75.07,WARNING,methane_buildup
2026-01-01 08:08:15,L17,transport_tunnel,0.6683,13.46,0.1425,20.412,28.92,74.97,WARNING,methane_buildup
2026-01-01 08:08:20,L17,transport_tunnel,0.6707,13.55,0.1384,20.408,28.93,75.02,WARNING,methane_buildup
2026-01-01 08:08:25,L17,transport_tunnel,0.6837,13.73,0.1449,20.406,28.93,75.7,WARNING,methane_buildup
2026-01-01 08:08:30,L17,transport_tunnel,0.6635,14.09,0.1429,20.408,28.93,75.51,WARNING,methane_buildup
2026-01-01 08:08:35,L17,transport_tunnel,0.7197,14.28,0.1476,20.406,28.93,75.79,WARNING,methane_buildup
2026-01-01 08:08:40,L17,transport_tunnel,0.7199,14.45,0.1522,20.403,28.94,76.11,WARNING,methane_buildup
2026-01-01 08:08:45,L17,transport_tunnel,0.7451,14.46,0.1504,20.406,28.94,75.93,WARNING,methane_buildup
2026-01-01 08:08:50,L17,transport_tunnel,0.7699,14.26,0.1505,20.4,28.94,76.09,WARNING,methane_buildup
2026-01-01 08:08:55,L17,transport_tunnel,0.7723,14.6,0.1541,20.402,28.94,76.36,WARNING,methane_buildup
2026-01-01 08:09:00,L17,transport_tunnel,0.7754,15.09,0.1548,20.402,28.94,76.76,WARNING,methane_buildup
2026-01-01 08:09:05,L17,transport_tunnel,0.7841,15.32,0.1566,20.401,28.94,76.77,WARNING,methane_buildup
2026-01-01 08:09:10,L17,transport_tunnel,0.8339,15.38,0.1655,20.397,28.95,76.93,WARNING,methane_buildup
2026-01-01 08:09:15,L17,transport_tunnel,0.8204,15.52,0.1657,20.395,28.95,77.05,WARNING,methane_buildup
2026-01-01 08:09:20,L17,transport_tunnel,0.83,15.87,0.1641,20.397,28.95,77.33,WARNING,methane_buildup
2026-01-01 08:09:25,L17,transport_tunnel,0.838,15.98,0.1655,20.397,28.95,77.62,WARNING,methane_buildup
2026-01-01 08:09:30,L17,transport_tunnel,0.8419,16.1,0.1678,20.393,28.96,78.01,WARNING,methane_buildup
2026-01-01 08:09:35,L17,transport_tunnel,0.8413,16.1,0.1706,20.395,28.96,77.71,WARNING,methane_buildup
2026-01-01 08:09:40,L17,transport_tunnel,0.8996,16.41,0.1783,20.391,28.96,78.11,WARNING,methane_buildup
2026-01-01 08:09:45,L17,transport_tunnel,0.8828,16.89,0.1767,20.394,28.96,78.19,WARNING,methane_buildup
2026-01-01 08:09:50,L17,transport_tunnel,0.9036,16.76,0.1855,20.39,28.96,78.24,WARNING,methane_buildup
2026-01-01 08:09:55,L17,transport_tunnel,0.9179,17.21,0.1812,20.39,28.97,78.04,WARNING,methane_buildup
2026-01-01 08:10:00,L17,transport_tunnel,0.951,17.52,0.1818,20.391,28.97,78.47,WARNING,methane_buildup
2026-01-01 08:10:05,L17,transport_tunnel,0.9355,17.33,0.1884,20.39,28.97,78.63,WARNING,methane_buildup
2026-01-01 08:10:10,L17,transport_tunnel,0.962,17.58,0.1828,20.389,28.97,78.89,WARNING,methane_buildup
2026-01-01 08:10:15,L17,transport_tunnel,0.9785,18.0,0.1905,20.389,28.98,78.97,WARNING,methane_buildup
2026-01-01 08:10:20,L17,transport_tunnel,0.9694,17.78,0.1918,20.388,28.99,79.0,WARNING,co_buildup
2026-01-01 08:10:25,L17,transport_tunnel,0.969,18.41,0.1884,20.387,28.99,79.04,WARNING,co_buildup
2026-01-01 08:10:30,L17,transport_tunnel,0.9668,18.86,0.1899,20.388,29.01,79.09,WARNING,co_buildup
2026-01-01 08:10:35,L17,transport_tunnel,0.9441,19.31,0.1936,20.385,29.03,79.02,WARNING,co_buildup
2026-01-01 08:10:40,L17,transport_tunnel,0.9378,19.61,0.2007,20.389,29.05,79.08,WARNING,co_buildup
2026-01-01 08:10:45,L17,transport_tunnel,0.9323,20.02,0.1965,20.387,29.1,79.07,WARNING,co_buildup
2026-01-01 08:10:50,L17,transport_tunnel,0.929,20.97,0.1984,20.389,29.13,79.14,WARNING,co_buildup
2026-01-01 08:10:55,L17,transport_tunnel,0.9026,21.35,0.2015,20.389,29.14,79.14,WARNING,co_buildup
2026-01-01 08:11:00,L17,transport_tunnel,0.8905,21.51,0.2046,20.389,29.18,79.14,WARNING,co_buildup
2026-01-01 08:11:05,L17,transport_tunnel,0.9098,22.48,0.207,20.388,29.2,79.16,WARNING,co_buildup
2026-01-01 08:11:10,L17,transport_tunnel,0.883,22.61,0.2028,20.39,29.17,79.21,WARNING,co_buildup
2026-01-01 08:11:15,L17,transport_tunnel,0.901,24.03,0.2069,20.388,29.21,79.22,WARNING,co_buildup
2026-01-01 08:11:20,L17,transport_tunnel,0.8679,24.95,0.2092,20.391,29.28,79.24,WARNING,co_buildup
2026-01-01 08:11:25,L17,transport_tunnel,0.8656,24.95,0.211,20.389,29.25,79.27,WARNING,co_buildup
2026-01-01 08:11:30,L17,transport_tunnel,0.8621,25.42,0.2139,20.39,29.24,79.28,DANGER,co_buildup
2026-01-01 08:11:35,L17,transport_tunnel,0.8332,25.68,0.2153,20.389,29.37,79.3,DANGER,co_buildup
2026-01-01 08:11:40,L17,transport_tunnel,0.8669,25.71,0.2149,20.391,29.36,79.3,DANGER,co_buildup
2026-01-01 08:11:45,L17,transport_tunnel,0.8316,25.44,0.2192,20.389,29.36,79.28,DANGER,co_buildup
2026-01-01 08:11:50,L17,transport_tunnel,0.8198,26.34,0.2204,20.39,29.38,79.34,DANGER,co_buildup
2026-01-01 08:11:55,L17,transport_tunnel,0.809,26.99,0.2217,20.394,29.44,79.35,DANGER,co_buildup
2026-01-01 08:12:00,L17,transport_tunnel,0.8138,28.35,0.2198,20.392,29.46,79.39,DANGER,co_buildup
2026-01-01 08:12:05,L17,transport_tunnel,0.8051,28.42,0.2244,20.392,29.48,79.36,DANGER,co_buildup
2026-01-01 08:12:10,L17,transport_tunnel,0.7852,28.5,0.2272,20.392,29.49,79.43,DANGER,co_buildup
2026-01-01 08:12:15,L17,transport_tunnel,0.7751,28.45,0.2246,20.392,29.49,79.44,DANGER,co_buildup
2026-01-01 08:12:20,L17,transport_tunnel,0.7874,30.86,0.2277,20.392,29.54,79.46,DANGER,co_buildup
2026-01-01 08:12:25,L17,transport_tunnel,0.765,30.54,0.2327,20.393,29.59,79.48,DANGER,co_buildup
2026-01-01 08:12:30,L17,transport_tunnel,0.748,31.21,0.2314,20.392,29.57,79.49,WARNING,co_buildup
2026-01-01 08:12:35,L17,transport_tunnel,0.7531,31.05,0.2318,20.395,29.62,79.5,DANGER,co_buildup
2026-01-01 08:12:40,L17,transport_tunnel,0.743,31.73,0.2372,20.393,29.62,79.55,WARNING,co_buildup
2026-01-01 08:12:45,L17,transport_tunnel,0.7546,32.13,0.234,20.394,29.68,79.56,DANGER,co_buildup
2026-01-01 08:12:50,L17,transport_tunnel,0.7259,32.82,0.2326,20.395,29.66,79.58,WARNING,co_buildup
2026-01-01 08:12:55,L17,transport_tunnel,0.7196,34.13,0.2364,20.394,29.7,79.58,WARNING,co_buildup
2026-01-01 08:13:00,L17,transport_tunnel,0.716,33.23,0.2426,20.393,29.74,79.6,WARNING,co_buildup
2026-01-01 08:13:05,L17,transport_tunnel,0.7013,34.26,0.2427,20.396,29.74,79.62,WARNING,co_buildup
2026-01-01 08:13:10,L17,transport_tunnel,0.7017,34.95,0.2431,20.396,29.78,79.61,WARNING,co_buildup
2026-01-01 08:13:15,L17,transport_tunnel,0.6815,35.23,0.2471,20.392,29.8,79.63,WARNING,co_buildup
2026-01-01 08:13:20,L17,transport_tunnel,0.6799,36.23,0.2465,20.395,29.82,79.67,WARNING,co_buildup
2026-01-01 08:13:25,L17,transport_tunnel,0.6773,35.48,0.2471,20.395,29.83,79.66,WARNING,co_buildup
2026-01-01 08:13:30,L17,transport_tunnel,0.6753,37.63,0.2512,20.395,29.89,79.71,WARNING,co_buildup
2026-01-01 08:13:35,L17,transport_tunnel,0.6528,36.65,0.2498,20.394,29.87,79.72,WARNING,co_buildup
2026-01-01 08:13:40,L17,transport_tunnel,0.6447,37.25,0.2535,20.395,29.92,79.75,WARNING,co_buildup
2026-01-01 08:13:45,L17,transport_tunnel,0.6545,38.06,0.252,20.394,29.92,79.77,WARNING,co_buildup
2026-01-01 08:13:50,L17,transport_tunnel,0.629,38.47,0.2529,20.397,29.96,79.76,WARNING,co_buildup
2026-01-01 08:13:55,L17,transport_tunnel,0.6251,39.46,0.2549,20.398,30.0,79.81,WARNING,co_buildup
2026-01-01 08:14:00,L17,transport_tunnel,0.6318,39.91,0.2585,20.398,30.0,79.82,WARNING,co_buildup
2026-01-01 08:14:05,L17,transport_tunnel,0.61,40.31,0.2585,20.397,29.96,79.8,WARNING,co_buildup
2026-01-01 08:14:10,L17,transport_tunnel,0.5993,40.11,0.2602,20.397,30.03,79.86,WARNING,co_buildup
2026-01-01 08:14:15,L17,transport_tunnel,0.5919,41.2,0.2629,20.398,30.03,79.89,WARNING,co_buildup
2026-01-01 08:14:20,L17,transport_tunnel,0.5791,41.77,0.2646,20.397,30.11,79.89,WARNING,co_buildup
2026-01-01 08:14:25,L17,transport_tunnel,0.581,42.82,0.2626,20.396,30.13,79.91,WARNING,co_buildup
2026-01-01 08:14:30,L17,transport_tunnel,0.5614,42.85,0.2618,20.397,30.14,79.94,WARNING,co_buildup
2026-01-01 08:14:35,L17,transport_tunnel,0.5676,43.43,0.2705,20.398,30.16,79.95,WARNING,co_buildup
2026-01-01 08:14:40,L17,transport_tunnel,0.5532,44.65,0.2714,20.397,30.2,79.97,WARNING,co_buildup
2026-01-01 08:14:45,L17,transport_tunnel,0.547,43.72,0.2693,20.399,30.19,79.97,WARNING,co_buildup
2026-01-01 08:14:50,L17,transport_tunnel,0.5514,44.57,0.2752,20.397,30.27,80.0,WARNING,co_buildup
2026-01-01 08:14:55,L17,transport_tunnel,0.5168,44.73,0.2768,20.399,30.27,80.07,WARNING,co_buildup
2026-01-01 08:15:00,L17,transport_tunnel,0.5211,46.48,0.2765,20.4,30.27,80.05,WARNING,co_buildup
2026-01-01 08:15:05,L17,transport_tunnel,0.5181,47.01,0.2836,20.399,30.31,80.08,WARNING,co_buildup
2026-01-01 08:15:10,L17,transport_tunnel,0.4996,47.44,0.2835,20.399,30.34,80.08,WARNING,co_buildup
2026-01-01 08:15:15,L17,transport_tunnel,0.5047,47.49,0.281,20.401,30.33,80.1,WARNING,co_buildup
2026-01-01 08:15:20,L17,transport_tunnel,0.4841,47.91,0.2826,20.4,30.4,80.12,WARNING,co_buildup
2026-01-01 08:15:25,L17,transport_tunnel,0.483,48.03,0.2815,20.398,30.43,80.16,WARNING,co_buildup
2026-01-01 08:15:30,L17,transport_tunnel,0.4805,47.83,0.2869,20.395,30.39,80.1,WARNING,low_oxygen
2026-01-01 08:15:35,L17,transport_tunnel,0.4816,47.25,0.2817,20.376,30.45,80.31,WARNING,low_oxygen
2026-01-01 08:15:40,L17,transport_tunnel,0.4804,47.56,0.2797,20.384,30.46,80.25,WARNING,low_oxygen
2026-01-01 08:15:45,L17,transport_tunnel,0.4782,47.04,0.2825,20.332,30.46,80.32,WARNING,low_oxygen
2026-01-01 08:15:50,L17,transport_tunnel,0.4788,46.74,0.2786,20.285,30.5,80.52,WARNING,low_oxygen
2026-01-01 08:15:55,L17,transport_tunnel,0.4781,45.97,0.2777,20.265,30.48,80.69,WARNING,low_oxygen
2026-01-01 08:16:00,L17,transport_tunnel,0.4765,45.67,0.2729,20.264,30.5,81.01,WARNING,low_oxygen
2026-01-01 08:16:05,L17,transport_tunnel,0.4771,44.88,0.2727,20.239,30.51,81.15,WARNING,low_oxygen
2026-01-01 08:16:10,L17,transport_tunnel,0.4786,44.9,0.2747,20.161,30.57,80.92,WARNING,low_oxygen
2026-01-01 08:16:15,L17,transport_tunnel,0.4781,44.77,0.2723,20.165,30.58,81.2,WARNING,low_oxygen
2026-01-01 08:16:20,L17,transport_tunnel,0.4774,44.43,0.2736,20.128,30.59,81.47,WARNING,low_oxygen
2026-01-01 08:16:25,L17,transport_tunnel,0.4767,44.24,0.2681,20.099,30.6,81.5,WARNING,low_oxygen
2026-01-01 08:16:30,L17,transport_tunnel,0.4755,44.15,0.2684,20.108,30.68,81.81,WARNING,low_oxygen
2026-01-01 08:16:35,L17,transport_tunnel,0.4739,43.31,0.2676,20.04,30.65,81.84,WARNING,low_oxygen
2026-01-01 08:16:40,L17,transport_tunnel,0.4751,43.34,0.2656,20.005,30.7,81.86,WARNING,low_oxygen
2026-01-01 08:16:45,L17,transport_tunnel,0.4715,43.08,0.2661,19.971,30.69,81.99,WARNING,low_oxygen
2026-01-01 08:16:50,L17,transport_tunnel,0.4724,42.84,0.2609,19.961,30.71,82.13,WARNING,low_oxygen
2026-01-01 08:16:55,L17,transport_tunnel,0.4745,42.26,0.2632,19.919,30.76,82.16,WARNING,low_oxygen
2026-01-01 08:17:00,L17,transport_tunnel,0.4718,41.76,0.2632,19.888,30.77,82.49,WARNING,low_oxygen
2026-01-01 08:17:05,L17,transport_tunnel,0.4729,41.02,0.2575,19.86,30.77,82.59,WARNING,low_oxygen
2026-01-01 08:17:10,L17,transport_tunnel,0.471,41.1,0.2588,19.835,30.81,82.68,WARNING,low_oxygen
2026-01-01 08:17:15,L17,transport_tunnel,0.4719,40.53,0.2574,19.809,30.86,82.78,WARNING,low_oxygen
2026-01-01 08:17:20,L17,transport_tunnel,0.4685,40.75,0.2566,19.812,30.82,82.76,WARNING,low_oxygen
2026-01-01 08:17:25,L17,transport_tunnel,0.472,39.96,0.2539,19.724,30.86,83.06,WARNING,low_oxygen
2026-01-01 08:17:30,L17,transport_tunnel,0.4682,39.51,0.2557,19.729,30.86,83.14,WARNING,low_oxygen
2026-01-01 08:17:35,L17,transport_tunnel,0.4674,39.67,0.2559,19.718,30.87,83.48,WARNING,low_oxygen
2026-01-01 08:17:40,L17,transport_tunnel,0.4706,38.68,0.2512,19.723,30.89,83.23,WARNING,low_oxygen
2026-01-01 08:17:45,L17,transport_tunnel,0.4684,38.48,0.2492,19.66,30.95,83.42,WARNING,low_oxygen
2026-01-01 08:17:50,L17,transport_tunnel,0.4675,38.79,0.2471,19.635,30.91,83.44,WARNING,low_oxygen
2026-01-01 08:17:55,L17,transport_tunnel,0.4697,37.85,0.2428,19.609,30.97,83.73,WARNING,low_oxygen
2026-01-01 08:18:00,L17,transport_tunnel,0.4681,37.77,0.2412,19.537,30.97,83.68,WARNING,low_oxygen
2026-01-01 08:18:05,L17,transport_tunnel,0.4659,37.54,0.2404,19.574,31.03,84.14,WARNING,low_oxygen
2026-01-01 08:18:10,L17,transport_tunnel,0.4659,36.49,0.2423,19.546,31.01,84.25,WARNING,low_oxygen
2026-01-01 08:18:15,L17,transport_tunnel,0.4672,36.62,0.2399,19.524,31.03,84.23,WARNING,low_oxygen
2026-01-01 08:18:20,L17,transport_tunnel,0.4639,35.84,0.2424,19.54,31.09,84.26,WARNING,low_oxygen
2026-01-01 08:18:25,L17,transport_tunnel,0.4668,36.27,0.232,19.415,31.09,84.32,DANGER,low_oxygen
2026-01-01 08:18:30,L17,transport_tunnel,0.4637,35.71,0.2363,19.383,31.11,84.54,DANGER,low_oxygen
2026-01-01 08:18:35,L17,transport_tunnel,0.4626,35.12,0.2359,19.412,31.13,84.82,DANGER,low_oxygen
2026-01-01 08:18:40,L17,transport_tunnel,0.4649,34.86,0.2355,19.358,31.11,84.78,DANGER,low_oxygen
2026-01-01 08:18:45,L17,transport_tunnel,0.464,33.92,0.2325,19.314,31.17,85.21,DANGER,low_oxygen
2026-01-01 08:18:50,L17,transport_tunnel,0.46,34.36,0.2316,19.305,31.17,85.29,DANGER,low_oxygen
2026-01-01 08:18:55,L17,transport_tunnel,0.4619,33.13,0.2299,19.269,31.2,85.24,DANGER,low_oxygen
2026-01-01 08:19:00,L17,transport_tunnel,0.46,33.2,0.2291,19.303,31.22,85.31,DANGER,low_oxygen
2026-01-01 08:19:05,L17,transport_tunnel,0.4623,32.47,0.2267,19.289,31.21,85.43,DANGER,low_oxygen
2026-01-01 08:19:10,L17,transport_tunnel,0.4631,32.63,0.2301,19.161,31.26,85.8,DANGER,low_oxygen
2026-01-01 08:19:15,L17,transport_tunnel,0.461,32.56,0.2253,19.138,31.26,85.67,DANGER,low_oxygen
2026-01-01 08:19:20,L17,transport_tunnel,0.4587,31.77,0.2231,19.13,31.26,85.97,DANGER,low_oxygen
2026-01-01 08:19:25,L17,transport_tunnel,0.4606,31.36,0.2197,19.104,31.3,85.99,DANGER,low_oxygen
2026-01-01 08:19:30,L17,transport_tunnel,0.4588,30.86,0.2192,19.075,31.32,86.2,DANGER,low_oxygen
2026-01-01 08:19:35,L17,transport_tunnel,0.4583,30.57,0.222,19.063,31.35,86.14,DANGER,low_oxygen
2026-01-01 08:19:40,L17,transport_tunnel,0.4573,30.06,0.2117,19.029,31.32,86.32,DANGER,low_oxygen
2026-01-01 08:19:45,L17,transport_tunnel,0.4577,30.35,0.216,18.978,31.39,86.48,DANGER,low_oxygen
2026-01-01 08:19:50,L17,transport_tunnel,0.457,29.71,0.2145,18.96,31.39,86.54,DANGER,low_oxygen
2026-01-01 08:19:55,L17,transport_tunnel,0.4532,28.97,0.2143,18.999,31.43,86.88,DANGER,low_oxygen
2026-01-01 08:20:00,L17,transport_tunnel,0.4562,28.75,0.2124,18.922,31.44,86.77,DANGER,low_oxygen
2026-01-01 08:20:05,L17,transport_tunnel,0.4555,29.33,0.2139,18.894,31.45,86.92,DANGER,low_oxygen
2026-01-01 08:20:10,L17,transport_tunnel,0.4558,28.1,0.2093,18.838,31.47,87.26,DANGER,low_oxygen
2026-01-01 08:20:15,L17,transport_tunnel,0.452,28.13,0.2076,18.838,31.5,87.37,DANGER,low_oxygen
2026-01-01 08:20:20,L17,transport_tunnel,0.4551,27.09,0.2085,18.848,31.53,87.54,DANGER,low_oxygen
2026-01-01 08:20:25,L17,transport_tunnel,0.4539,27.08,0.2085,18.811,31.52,87.26,DANGER,low_oxygen
2026-01-01 08:20:30,L17,transport_tunnel,0.4542,26.35,0.2052,18.79,31.55,87.63,DANGER,low_oxygen
2026-01-01 08:20:35,L17,transport_tunnel,0.4507,26.02,0.2046,18.71,31.6,87.74,DANGER,low_oxygen
2026-01-01 08:20:40,L17,transport_tunnel,0.4536,26.15,0.195,18.741,31.6,87.68,DANGER,co2_buildup
2026-01-01 08:20:45,L17,transport_tunnel,0.4549,25.6,0.2083,18.754,31.54,87.66,DANGER,co2_buildup
2026-01-01 08:20:50,L17,transport_tunnel,0.4545,25.9,0.2104,18.757,31.53,87.54,DANGER,co2_buildup
2026-01-01 08:20:55,L17,transport_tunnel,0.4531,25.25,0.2088,18.766,31.49,87.52,DANGER,co2_buildup
2026-01-01 08:21:00,L17,transport_tunnel,0.4529,24.92,0.2175,18.772,31.42,87.49,DANGER,co2_buildup
2026-01-01 08:21:05,L17,transport_tunnel,0.456,24.74,0.2306,18.767,31.38,87.37,DANGER,co2_buildup
2026-01-01 08:21:10,L17,transport_tunnel,0.4562,24.55,0.228,18.776,31.36,87.39,DANGER,co2_buildup
2026-01-01 08:21:15,L17,transport_tunnel,0.4542,24.44,0.2344,18.775,31.34,87.33,DANGER,co2_buildup
2026-01-01 08:21:20,L17,transport_tunnel,0.4604,23.84,0.2455,18.776,31.31,87.08,DANGER,co2_buildup
2026-01-01 08:21:25,L17,transport_tunnel,0.4586,24.04,0.2537,18.797,31.28,86.93,DANGER,co2_buildup
2026-01-01 08:21:30,L17,transport_tunnel,0.4613,23.64,0.2574,18.803,31.23,86.92,DANGER,co2_buildup
2026-01-01 08:21:35,L17,transport_tunnel,0.4562,23.13,0.2585,18.791,31.18,86.87,DANGER,co2_buildup
2026-01-01 08:21:40,L17,transport_tunnel,0.4626,22.95,0.2652,18.804,31.15,86.94,DANGER,co2_buildup
2026-01-01 08:21:45,L17,transport_tunnel,0.4601,22.62,0.2697,18.814,31.15,86.67,DANGER,co2_buildup
2026-01-01 08:21:50,L17,transport_tunnel,0.4635,22.47,0.2683,18.82,31.08,86.64,DANGER,co2_buildup
2026-01-01 08:21:55,L17,transport_tunnel,0.4624,22.56,0.2809,18.837,31.08,86.49,DANGER,co2_buildup
2026-01-01 08:22:00,L17,transport_tunnel,0.4634,21.81,0.2785,18.827,31.05,86.44,DANGER,co2_buildup
2026-01-01 08:22:05,L17,transport_tunnel,0.464,21.7,0.2931,18.835,31.05,86.3,DANGER,co2_buildup
2026-01-01 08:22:10,L17,transport_tunnel,0.4633,21.21,0.2955,18.846,30.95,86.2,DANGER,co2_buildup
2026-01-01 08:22:15,L17,transport_tunnel,0.4635,21.25,0.2875,18.845,30.92,86.33,DANGER,co2_buildup
2026-01-01 08:22:20,L17,transport_tunnel,0.4646,20.92,0.3105,18.85,30.82,86.23,DANGER,co2_buildup
2026-01-01 08:22:25,L17,transport_tunnel,0.4635,20.91,0.3071,18.855,30.83,86.04,DANGER,co2_buildup
2026-01-01 08:22:30,L17,transport_tunnel,0.4656,20.11,0.3118,18.865,30.8,86.07,DANGER,co2_buildup
2026-01-01 08:22:35,L17,transport_tunnel,0.4659,20.21,0.3258,18.868,30.81,85.81,DANGER,co2_buildup
2026-01-01 08:22:40,L17,transport_tunnel,0.4653,20.09,0.3246,18.879,30.82,85.82,DANGER,co2_buildup
2026-01-01 08:22:45,L17,transport_tunnel,0.4689,19.4,0.334,18.883,30.75,85.76,DANGER,co2_buildup
2026-01-01 08:22:50,L17,transport_tunnel,0.4688,19.21,0.332,18.868,30.73,85.77,DANGER,co2_buildup
2026-01-01 08:22:55,L17,transport_tunnel,0.4698,19.02,0.3455,18.881,30.64,85.61,DANGER,co2_buildup
2026-01-01 08:23:00,L17,transport_tunnel,0.4711,18.65,0.3471,18.894,30.59,85.55,DANGER,co2_buildup
2026-01-01 08:23:05,L17,transport_tunnel,0.4702,18.48,0.3535,18.909,30.58,85.4,DANGER,co2_buildup
2026-01-01 08:23:10,L17,transport_tunnel,0.4698,18.34,0.3553,18.905,30.54,85.38,DANGER,co2_buildup
2026-01-01 08:23:15,L17,transport_tunnel,0.4723,17.88,0.3707,18.916,30.5,85.37,DANGER,co2_buildup
2026-01-01 08:23:20,L17,transport_tunnel,0.4679,17.61,0.3772,18.923,30.5,85.08,DANGER,co2_buildup
2026-01-01 08:23:25,L17,transport_tunnel,0.4729,17.43,0.3591,18.929,30.42,85.2,DANGER,co2_buildup
2026-01-01 08:23:30,L17,transport_tunnel,0.4748,17.0,0.3821,18.927,30.45,85.02,DANGER,co2_buildup
2026-01-01 08:23:35,L17,transport_tunnel,0.4759,16.75,0.3758,18.929,30.38,84.86,DANGER,co2_buildup
2026-01-01 08:23:40,L17,transport_tunnel,0.474,16.34,0.39,18.934,30.35,84.86,DANGER,co2_buildup
2026-01-01 08:23:45,L17,transport_tunnel,0.472,16.29,0.3821,18.966,30.33,84.9,DANGER,co2_buildup
2026-01-01 08:23:50,L17,transport_tunnel,0.472,16.14,0.3996,18.956,30.27,84.69,DANGER,co2_buildup
2026-01-01 08:23:55,L17,transport_tunnel,0.4777,15.7,0.3977,18.97,30.3,84.67,DANGER,co2_buildup
2026-01-01 08:24:00,L17,transport_tunnel,0.4767,15.3,0.405,18.959,30.17,84.45,DANGER,co2_buildup
2026-01-01 08:24:05,L17,transport_tunnel,0.481,15.2,0.4103,18.977,30.23,84.35,DANGER,co2_buildup
2026-01-01 08:24:10,L17,transport_tunnel,0.4763,15.06,0.4137,18.972,30.14,84.33,DANGER,co2_buildup
2026-01-01 08:24:15,L17,transport_tunnel,0.4796,14.72,0.419,18.981,30.15,84.4,DANGER,co2_buildup
2026-01-01 08:24:20,L17,transport_tunnel,0.4823,14.97,0.4259,18.985,30.09,84.24,DANGER,co2_buildup
2026-01-01 08:24:25,L17,transport_tunnel,0.4806,14.0,0.4324,18.987,30.08,84.25,DANGER,co2_buildup
2026-01-01 08:24:30,L17,transport_tunnel,0.4785,13.85,0.4402,18.992,30.02,84.18,DANGER,co2_buildup
2026-01-01 08:24:35,L17,transport_tunnel,0.4859,13.81,0.4541,19.003,29.99,83.96,DANGER,co2_buildup
2026-01-01 08:24:40,L17,transport_tunnel,0.4846,13.18,0.4433,19.005,29.99,84.05,DANGER,co2_buildup
2026-01-01 08:24:45,L17,transport_tunnel,0.4824,13.56,0.4545,19.015,29.92,83.81,DANGER,co2_buildup
2026-01-01 08:24:50,L17,transport_tunnel,0.4846,12.82,0.4633,19.015,29.93,83.85,DANGER,co2_buildup
2026-01-01 08:24:55,L17,transport_tunnel,0.4853,12.69,0.46,19.03,29.86,83.77,DANGER,co2_buildup
2026-01-01 08:25:00,L17,transport_tunnel,0.4856,12.29,0.4563,19.028,29.79,83.62,DANGER,co2_buildup
2026-01-01 08:25:05,L17,transport_tunnel,0.483,12.27,0.4634,19.047,29.77,83.54,DANGER,co2_buildup
2026-01-01 08:25:10,L17,transport_tunnel,0.4863,11.49,0.4668,19.042,29.78,83.48,DANGER,co2_buildup
2026-01-01 08:25:15,L17,transport_tunnel,0.4887,11.87,0.4933,19.047,29.68,83.39,DANGER,co2_buildup
2026-01-01 08:25:20,L17,transport_tunnel,0.4878,11.27,0.4932,19.063,29.71,83.27,DANGER,co2_buildup
2026-01-01 08:25:25,L17,transport_tunnel,0.4882,11.11,0.4991,19.056,29.64,83.19,DANGER,co2_buildup
2026-01-01 08:25:30,L17,transport_tunnel,0.4874,10.5,0.5055,19.062,29.57,83.11,DANGER,co2_buildup
2026-01-01 08:25:35,L17,transport_tunnel,0.4874,10.49,0.5018,19.066,29.59,83.15,DANGER,co2_buildup
2026-01-01 08:25:40,L17,transport_tunnel,0.487,9.9,0.5233,19.077,29.52,82.87,DANGER,co2_buildup
2026-01-01 08:25:45,L17,transport_tunnel,0.4912,10.16,0.5173,19.077,29.49,82.87,DANGER,co2_buildup
2026-01-01 08:25:50,L17,transport_tunnel,0.494,9.99,0.5202,19.082,29.57,82.84,DANGER,ventilation_failure
2026-01-01 08:25:55,L17,transport_tunnel,0.4941,10.65,0.5083,19.079,29.54,83.07,DANGER,ventilation_failure
2026-01-01 08:26:00,L17,transport_tunnel,0.4963,10.48,0.5079,19.08,29.67,83.08,DANGER,ventilation_failure
2026-01-01 08:26:05,L17,transport_tunnel,0.504,9.95,0.5086,19.082,29.74,83.3,DANGER,ventilation_failure
2026-01-01 08:26:10,L17,transport_tunnel,0.5115,10.67,0.5062,19.083,29.69,83.41,DANGER,ventilation_failure
2026-01-01 08:26:15,L17,transport_tunnel,0.5203,11.73,0.5047,19.08,29.9,83.53,DANGER,ventilation_failure
2026-01-01 08:26:20,L17,transport_tunnel,0.5213,11.56,0.5014,19.08,29.93,83.67,DANGER,ventilation_failure
2026-01-01 08:26:25,L17,transport_tunnel,0.5291,12.11,0.5022,19.078,29.98,83.7,DANGER,ventilation_failure
2026-01-01 08:26:30,L17,transport_tunnel,0.5298,12.67,0.4977,19.078,30.06,83.75,DANGER,ventilation_failure
2026-01-01 08:26:35,L17,transport_tunnel,0.5392,12.71,0.49,19.079,30.11,84.01,DANGER,ventilation_failure
2026-01-01 08:26:40,L17,transport_tunnel,0.5414,12.72,0.483,19.08,30.22,84.25,DANGER,ventilation_failure
2026-01-01 08:26:45,L17,transport_tunnel,0.5497,13.27,0.4894,19.077,30.21,84.31,DANGER,ventilation_failure
2026-01-01 08:26:50,L17,transport_tunnel,0.5431,13.61,0.4912,19.079,30.35,84.42,DANGER,ventilation_failure
2026-01-01 08:26:55,L17,transport_tunnel,0.5615,13.77,0.4801,19.08,30.4,84.43,DANGER,ventilation_failure
2026-01-01 08:27:00,L17,transport_tunnel,0.5671,13.81,0.4784,19.079,30.42,84.63,DANGER,ventilation_failure
2026-01-01 08:27:05,L17,transport_tunnel,0.5724,14.41,0.4805,19.08,30.61,84.64,DANGER,ventilation_failure
2026-01-01 08:27:10,L17,transport_tunnel,0.5688,14.79,0.4785,19.078,30.59,84.81,DANGER,ventilation_failure
2026-01-01 08:27:15,L17,transport_tunnel,0.5757,14.72,0.4781,19.078,30.64,85.02,DANGER,ventilation_failure
2026-01-01 08:27:20,L17,transport_tunnel,0.58,15.17,0.4774,19.077,30.73,84.89,DANGER,ventilation_failure
2026-01-01 08:27:25,L17,transport_tunnel,0.5923,15.54,0.4705,19.078,30.76,85.42,DANGER,ventilation_failure
2026-01-01 08:27:30,L17,transport_tunnel,0.5995,15.53,0.4644,19.077,30.9,85.19,DANGER,ventilation_failure
2026-01-01 08:27:35,L17,transport_tunnel,0.5969,16.4,0.4621,19.076,30.9,85.68,DANGER,ventilation_failure
2026-01-01 08:27:40,L17,transport_tunnel,0.6139,16.74,0.4608,19.077,31.01,85.49,DANGER,ventilation_failure
2026-01-01 08:27:45,L17,transport_tunnel,0.6191,16.83,0.4634,19.076,30.96,85.61,DANGER,ventilation_failure
2026-01-01 08:27:50,L17,transport_tunnel,0.6176,16.9,0.4561,19.075,30.98,85.79,DANGER,ventilation_failure
2026-01-01 08:27:55,L17,transport_tunnel,0.6242,17.71,0.4584,19.077,31.18,85.9,DANGER,ventilation_failure
2026-01-01 08:28:00,L17,transport_tunnel,0.6176,18.06,0.448,19.075,31.2,86.01,DANGER,ventilation_failure
2026-01-01 08:28:05,L17,transport_tunnel,0.6296,18.24,0.4514,19.076,31.28,86.15,DANGER,ventilation_failure
2026-01-01 08:28:10,L17,transport_tunnel,0.6306,18.54,0.4457,19.075,31.21,86.33,DANGER,ventilation_failure
2026-01-01 08:28:15,L17,transport_tunnel,0.6379,19.0,0.4474,19.073,31.53,86.34,DANGER,ventilation_failure
2026-01-01 08:28:20,L17,transport_tunnel,0.6515,19.11,0.4425,19.073,31.5,86.66,DANGER,ventilation_failure
2026-01-01 08:28:25,L17,transport_tunnel,0.6582,19.19,0.4435,19.073,31.64,86.84,DANGER,ventilation_failure
2026-01-01 08:28:30,L17,transport_tunnel,0.6637,19.74,0.4371,19.074,31.54,86.59,DANGER,ventilation_failure
2026-01-01 08:28:35,L17,transport_tunnel,0.6657,19.96,0.436,19.075,31.69,87.14,DANGER,ventilation_failure
2026-01-01 08:28:40,L17,transport_tunnel,0.6727,20.36,0.4363,19.073,31.78,87.14,DANGER,ventilation_failure
2026-01-01 08:28:45,L17,transport_tunnel,0.6656,20.94,0.431,19.073,31.83,87.2,DANGER,ventilation_failure
2026-01-01 08:28:50,L17,transport_tunnel,0.6727,20.65,0.4291,19.074,31.9,87.23,DANGER,ventilation_failure
2026-01-01 08:28:55,L17,transport_tunnel,0.6842,21.35,0.4289,19.072,31.87,87.44,DANGER,ventilation_failure
2026-01-01 08:29:00,L17,transport_tunnel,0.6942,21.26,0.4239,19.072,32.04,87.64,DANGER,ventilation_failure
2026-01-01 08:29:05,L17,transport_tunnel,0.6934,21.66,0.4166,19.073,32.03,87.95,DANGER,ventilation_failure
2026-01-01 08:29:10,L17,transport_tunnel,0.6934,22.68,0.4175,19.072,32.11,88.03,DANGER,ventilation_failure
2026-01-01 08:29:15,L17,transport_tunnel,0.7026,22.67,0.4107,19.071,32.22,87.73,DANGER,ventilation_failure
2026-01-01 08:29:20,L17,transport_tunnel,0.7064,22.89,0.4137,19.071,32.26,88.0,DANGER,ventilation_failure
2026-01-01 08:29:25,L17,transport_tunnel,0.7071,22.69,0.4136,19.071,32.33,88.16,DANGER,ventilation_failure
2026-01-01 08:29:30,L17,transport_tunnel,0.7354,23.4,0.4101,19.071,32.48,88.42,DANGER,ventilation_failure
2026-01-01 08:29:35,L17,transport_tunnel,0.7349,23.19,0.4118,19.072,32.47,88.38,DANGER,ventilation_failure
2026-01-01 08:29:40,L17,transport_tunnel,0.7215,24.1,0.409,19.071,32.52,88.43,DANGER,ventilation_failure
2026-01-01 08:29:45,L17,transport_tunnel,0.7271,24.04,0.4033,19.069,32.6,88.64,DANGER,ventilation_failure
2026-01-01 08:29:50,L17,transport_tunnel,0.7389,24.86,0.3924,19.069,32.61,88.71,DANGER,ventilation_failure
2026-01-01 08:29:55,L17,transport_tunnel,0.7402,25.06,0.3998,19.07,32.75,88.99,CRITICAL,ventilation_failure
2026-01-01 08:30:00,L17,transport_tunnel,0.768,24.98,0.3928,19.07,32.85,89.27,CRITICAL,ventilation_failure
2026-01-01 08:30:05,L17,transport_tunnel,0.7547,25.74,0.3957,19.068,32.89,89.23,CRITICAL,ventilation_failure
2026-01-01 08:30:10,L17,transport_tunnel,0.7668,26.53,0.3915,19.07,32.94,89.35,CRITICAL,ventilation_failure
2026-01-01 08:30:15,L17,transport_tunnel,0.767,26.19,0.3902,19.066,33.04,89.51,CRITICAL,ventilation_failure
2026-01-01 08:30:20,L17,transport_tunnel,0.7684,26.81,0.3873,19.069,33.04,89.54,CRITICAL,ventilation_failure
2026-01-01 08:30:25,L17,transport_tunnel,0.7866,26.27,0.3909,19.066,33.14,89.57,CRITICAL,ventilation_failure
2026-01-01 08:30:30,L17,transport_tunnel,0.7896,27.31,0.3825,19.069,33.29,89.7,CRITICAL,ventilation_failure
2026-01-01 08:30:35,L17,transport_tunnel,0.7907,27.32,0.3744,19.067,33.25,89.98,CRITICAL,ventilation_failure
2026-01-01 08:30:40,L17,transport_tunnel,0.8103,27.72,0.3795,19.068,33.37,90.01,CRITICAL,ventilation_failure
2026-01-01 08:30:45,L17,transport_tunnel,0.803,28.27,0.3723,19.067,33.44,89.99,CRITICAL,ventilation_failure
2026-01-01 08:30:50,L17,transport_tunnel,0.8043,28.34,0.3756,19.069,33.42,90.37,CRITICAL,ventilation_failure
2026-01-01 08:30:55,L17,transport_tunnel,0.8234,28.26,0.3738,19.064,33.58,90.26,CRITICAL,ventilation_failure
2026-01-01 08:31:00,L17,transport_tunnel,0.8075,29.01,0.366,19.069,33.59,90.27,CRITICAL,fire_heat
2026-01-01 08:31:05,L17,transport_tunnel,0.8114,29.59,0.3708,19.082,33.53,90.22,CRITICAL,fire_heat
2026-01-01 08:31:10,L17,transport_tunnel,0.8011,30.45,0.3747,19.086,33.62,90.11,CRITICAL,fire_heat
2026-01-01 08:31:15,L17,transport_tunnel,0.7983,29.58,0.3704,19.087,33.62,90.01,CRITICAL,fire_heat
2026-01-01 08:31:20,L17,transport_tunnel,0.7902,30.58,0.376,19.095,33.67,89.74,CRITICAL,fire_heat
2026-01-01 08:31:25,L17,transport_tunnel,0.7875,30.89,0.3744,19.097,33.82,89.8,CRITICAL,fire_heat
2026-01-01 08:31:30,L17,transport_tunnel,0.7827,30.98,0.3755,19.108,33.75,89.61,CRITICAL,fire_heat
2026-01-01 08:31:35,L17,transport_tunnel,0.7893,31.28,0.3816,19.109,33.78,89.59,CRITICAL,fire_heat
2026-01-01 08:31:40,L17,transport_tunnel,0.7722,32.53,0.3824,19.109,33.8,89.38,CRITICAL,fire_heat
2026-01-01 08:31:45,L17,transport_tunnel,0.7623,31.95,0.382,19.114,33.85,89.38,CRITICAL,fire_heat
2026-01-01 08:31:50,L17,transport_tunnel,0.7603,32.21,0.3857,19.131,33.86,89.24,CRITICAL,fire_heat
2026-01-01 08:31:55,L17,transport_tunnel,0.7485,32.92,0.387,19.129,33.96,89.1,CRITICAL,fire_heat
2026-01-01 08:32:00,L17,transport_tunnel,0.7431,32.87,0.3833,19.147,34.0,89.08,CRITICAL,fire_heat
2026-01-01 08:32:05,L17,transport_tunnel,0.7507,33.61,0.3886,19.134,34.04,88.98,CRITICAL,fire_heat
2026-01-01 08:32:10,L17,transport_tunnel,0.7399,33.94,0.3932,19.155,34.07,88.83,CRITICAL,fire_heat
2026-01-01 08:32:15,L17,transport_tunnel,0.7394,34.76,0.3925,19.15,34.08,88.79,CRITICAL,fire_heat
2026-01-01 08:32:20,L17,transport_tunnel,0.7181,35.66,0.3867,19.161,34.12,88.58,CRITICAL,fire_heat
2026-01-01 08:32:25,L17,transport_tunnel,0.7166,35.31,0.3918,19.156,34.19,88.56,CRITICAL,fire_heat
2026-01-01 08:32:30,L17,transport_tunnel,0.7187,36.25,0.3982,19.158,34.22,88.4,CRITICAL,fire_heat
2026-01-01 08:32:35,L17,transport_tunnel,0.7069,36.6,0.396,19.185,34.23,88.2,CRITICAL,fire_heat
2026-01-01 08:32:40,L17,transport_tunnel,0.6981,35.91,0.4015,19.178,34.29,88.11,CRITICAL,fire_heat
2026-01-01 08:32:45,L17,transport_tunnel,0.6948,36.93,0.4052,19.193,34.39,88.2,CRITICAL,fire_heat
2026-01-01 08:32:50,L17,transport_tunnel,0.6939,37.39,0.4013,19.189,34.44,88.14,CRITICAL,fire_heat
2026-01-01 08:32:55,L17,transport_tunnel,0.6929,38.07,0.4019,19.205,34.4,87.94,CRITICAL,fire_heat
2026-01-01 08:33:00,L17,transport_tunnel,0.6952,38.54,0.4025,19.201,34.42,87.71,CRITICAL,fire_heat
2026-01-01 08:33:05,L17,transport_tunnel,0.6738,38.85,0.4081,19.202,34.49,87.8,CRITICAL,fire_heat
2026-01-01 08:33:10,L17,transport_tunnel,0.6688,38.8,0.4064,19.22,34.57,87.61,CRITICAL,fire_heat
2026-01-01 08:33:15,L17,transport_tunnel,0.6609,39.3,0.4084,19.227,34.56,87.48,CRITICAL,fire_heat
2026-01-01 08:33:20,L17,transport_tunnel,0.6674,39.38,0.4082,19.231,34.61,87.52,CRITICAL,fire_heat
2026-01-01 08:33:25,L17,transport_tunnel,0.6595,40.36,0.4113,19.232,34.62,87.14,CRITICAL,fire_heat
2026-01-01 08:33:30,L17,transport_tunnel,0.6478,40.6,0.4122,19.228,34.64,87.2,CRITICAL,fire_heat
2026-01-01 08:33:35,L17,transport_tunnel,0.6433,41.33,0.4106,19.237,34.74,86.93,CRITICAL,fire_heat
2026-01-01 08:33:40,L17,transport_tunnel,0.6421,41.79,0.4149,19.245,34.76,86.84,CRITICAL,fire_heat
2026-01-01 08:33:45,L17,transport_tunnel,0.6372,41.81,0.4201,19.254,34.82,87.06,CRITICAL,fire_heat
2026-01-01 08:33:50,L17,transport_tunnel,0.6262,42.44,0.423,19.268,34.77,86.74,CRITICAL,fire_heat
2026-01-01 08:33:55,L17,transport_tunnel,0.628,42.66,0.4211,19.266,34.93,86.77,CRITICAL,fire_heat
2026-01-01 08:34:00,L17,transport_tunnel,0.6137,42.73,0.4229,19.26,34.92,86.53,CRITICAL,fire_heat
2026-01-01 08:34:05,L17,transport_tunnel,0.6167,43.24,0.425,19.262,34.88,86.41,CRITICAL,fire_heat
2026-01-01 08:34:10,L17,transport_tunnel,0.6101,43.1,0.4305,19.28,35.02,86.2,CRITICAL,fire_heat
2026-01-01 08:34:15,L17,transport_tunnel,0.6082,44.19,0.4249,19.287,35.01,86.25,CRITICAL,fire_heat
2026-01-01 08:34:20,L17,transport_tunnel,0.6076,44.52,0.4258,19.298,35.06,86.05,CRITICAL,fire_heat
2026-01-01 08:34:25,L17,transport_tunnel,0.5931,44.74,0.4302,19.292,35.08,85.94,CRITICAL,fire_heat
2026-01-01 08:34:30,L17,transport_tunnel,0.5899,45.84,0.4328,19.298,35.13,85.8,CRITICAL,fire_heat
2026-01-01 08:34:35,L17,transport_tunnel,0.5731,46.13,0.4333,19.316,35.17,85.71,CRITICAL,fire_heat
2026-01-01 08:34:40,L17,transport_tunnel,0.5909,46.54,0.4316,19.327,35.15,85.62,CRITICAL,fire_heat
2026-01-01 08:34:45,L17,transport_tunnel,0.5632,47.0,0.4384,19.312,35.28,85.52,CRITICAL,fire_heat
2026-01-01 08:34:50,L17,transport_tunnel,0.5683,47.14,0.4375,19.325,35.29,85.39,CRITICAL,fire_heat
2026-01-01 08:34:55,L17,transport_tunnel,0.5486,47.54,0.4406,19.343,35.34,85.14,CRITICAL,fire_heat
2026-01-01 08:35:00,L17,transport_tunnel,0.5534,48.25,0.4445,19.347,35.39,85.24,CRITICAL,fire_heat
2026-01-01 08:35:05,L17,transport_tunnel,0.563,48.59,0.4389,19.341,35.41,85.06,CRITICAL,fire_heat
2026-01-01 08:35:10,L17,transport_tunnel,0.5543,49.12,0.4397,19.36,35.45,84.64,CRITICAL,fire_heat
2026-01-01 08:35:15,L17,transport_tunnel,0.5481,49.13,0.4467,19.359,35.43,84.7,CRITICAL,fire_heat
2026-01-01 08:35:20,L17,transport_tunnel,0.5359,49.18,0.442,19.368,35.49,84.71,CRITICAL,fire_heat
2026-01-01 08:35:25,L17,transport_tunnel,0.5414,50.03,0.4474,19.366,35.56,84.77,CRITICAL,fire_heat
2026-01-01 08:35:30,L17,transport_tunnel,0.5279,50.13,0.4485,19.378,35.6,84.6,CRITICAL,fire_heat
2026-01-01 08:35:35,L17,transport_tunnel,0.5252,50.99,0.4522,19.374,35.65,84.36,CRITICAL,fire_heat
2026-01-01 08:35:40,L17,transport_tunnel,0.5313,51.25,0.4512,19.384,35.72,84.31,CRITICAL,fire_heat
2026-01-01 08:35:45,L17,transport_tunnel,0.5169,51.57,0.4555,19.391,35.7,84.33,CRITICAL,fire_heat
2026-01-01 08:35:50,L17,transport_tunnel,0.5049,51.8,0.4533,19.4,35.76,84.05,CRITICAL,fire_heat
2026-01-01 08:35:55,L17,transport_tunnel,0.503,52.72,0.4544,19.419,35.79,83.89,CRITICAL,fire_heat
2026-01-01 08:36:00,L17,transport_tunnel,0.5029,53.09,0.4589,19.426,35.81,83.98,CRITICAL,fire_heat
2026-01-01 08:36:05,L17,transport_tunnel,0.493,52.94,0.4606,19.413,35.85,83.9,CRITICAL,fire_heat
2026-01-01 08:36:10,L17,transport_tunnel,0.4983,53.14,0.4599,19.431,35.84,83.83,CRITICAL,combined_hazard
2026-01-01 08:36:15,L17,transport_tunnel,0.5013,53.13,0.4583,19.402,35.96,84.01,CRITICAL,combined_hazard
2026-01-01 08:36:20,L17,transport_tunnel,0.5095,53.39,0.46,19.37,35.92,84.0,CRITICAL,combined_hazard
2026-01-01 08:36:25,L17,transport_tunnel,0.516,53.36,0.4598,19.374,36.01,84.06,CRITICAL,combined_hazard
2026-01-01 08:36:30,L17,transport_tunnel,0.522,53.48,0.4578,19.358,36.02,84.37,CRITICAL,combined_hazard
2026-01-01 08:36:35,L17,transport_tunnel,0.5417,53.5,0.4565,19.343,36.06,84.56,CRITICAL,combined_hazard
2026-01-01 08:36:40,L17,transport_tunnel,0.5497,53.76,0.4553,19.32,36.13,84.85,CRITICAL,combined_hazard
2026-01-01 08:36:45,L17,transport_tunnel,0.5679,53.8,0.4554,19.308,36.06,84.92,CRITICAL,combined_hazard
2026-01-01 08:36:50,L17,transport_tunnel,0.5637,53.78,0.4559,19.291,36.19,84.73,CRITICAL,combined_hazard
2026-01-01 08:36:55,L17,transport_tunnel,0.5871,53.76,0.4529,19.293,36.24,85.03,CRITICAL,combined_hazard
2026-01-01 08:37:00,L17,transport_tunnel,0.6047,53.99,0.452,19.232,36.29,85.25,CRITICAL,combined_hazard
2026-01-01 08:37:05,L17,transport_tunnel,0.6031,54.1,0.4537,19.221,36.28,85.21,CRITICAL,combined_hazard
2026-01-01 08:37:10,L17,transport_tunnel,0.6308,54.02,0.4505,19.223,36.33,85.42,CRITICAL,combined_hazard
2026-01-01 08:37:15,L17,transport_tunnel,0.6431,54.16,0.4515,19.192,36.28,85.7,CRITICAL,combined_hazard
2026-01-01 08:37:20,L17,transport_tunnel,0.6299,54.26,0.4507,19.192,36.39,85.78,CRITICAL,combined_hazard
2026-01-01 08:37:25,L17,transport_tunnel,0.6463,54.41,0.4499,19.154,36.46,85.88,CRITICAL,combined_hazard
2026-01-01 08:37:30,L17,transport_tunnel,0.6505,54.4,0.4481,19.14,36.55,85.93,CRITICAL,combined_hazard
2026-01-01 08:37:35,L17,transport_tunnel,0.6823,54.56,0.4514,19.175,36.6,85.97,CRITICAL,combined_hazard
2026-01-01 08:37:40,L17,transport_tunnel,0.6899,54.51,0.4485,19.12,36.56,86.26,CRITICAL,combined_hazard
2026-01-01 08:37:45,L17,transport_tunnel,0.6806,54.56,0.4462,19.088,36.65,86.43,CRITICAL,combined_hazard
2026-01-01 08:37:50,L17,transport_tunnel,0.7028,54.87,0.4469,19.09,36.64,86.38,CRITICAL,combined_hazard
2026-01-01 08:37:55,L17,transport_tunnel,0.7252,54.7,0.4488,19.093,36.63,86.73,CRITICAL,combined_hazard
2026-01-01 08:38:00,L17,transport_tunnel,0.7339,54.82,0.4451,19.08,36.75,86.92,CRITICAL,combined_hazard
2026-01-01 08:38:05,L17,transport_tunnel,0.7579,55.02,0.4469,19.018,36.84,86.91,CRITICAL,combined_hazard
2026-01-01 08:38:10,L17,transport_tunnel,0.7411,55.0,0.4417,19.014,36.79,87.2,CRITICAL,combined_hazard
2026-01-01 08:38:15,L17,transport_tunnel,0.7657,55.07,0.4415,19.014,36.81,87.32,CRITICAL,combined_hazard
2026-01-01 08:38:20,L17,transport_tunnel,0.765,55.18,0.4386,18.994,36.89,87.38,CRITICAL,combined_hazard
2026-01-01 08:38:25,L17,transport_tunnel,0.7892,55.11,0.4448,18.951,36.92,87.5,CRITICAL,combined_hazard
2026-01-01 08:38:30,L17,transport_tunnel,0.7968,55.44,0.438,18.938,37.07,87.66,CRITICAL,combined_hazard
2026-01-01 08:38:35,L17,transport_tunnel,0.8132,55.44,0.4404,18.928,37.05,87.72,CRITICAL,combined_hazard
2026-01-01 08:38:40,L17,transport_tunnel,0.8162,55.45,0.4423,18.9,37.05,88.03,CRITICAL,combined_hazard
2026-01-01 08:38:45,L17,transport_tunnel,0.8411,55.46,0.4404,18.906,36.97,88.0,CRITICAL,combined_hazard
2026-01-01 08:38:50,L17,transport_tunnel,0.8347,55.56,0.4387,18.917,37.12,88.15,CRITICAL,combined_hazard
2026-01-01 08:38:55,L17,transport_tunnel,0.8422,55.62,0.4395,18.87,37.24,88.47,CRITICAL,combined_hazard
2026-01-01 08:39:00,L17,transport_tunnel,0.8679,55.84,0.4355,18.883,37.21,88.51,CRITICAL,combined_hazard
2026-01-01 08:39:05,L17,transport_tunnel,0.8981,55.92,0.4368,18.849,37.28,88.69,CRITICAL,combined_hazard
2026-01-01 08:39:10,L17,transport_tunnel,0.8694,56.03,0.4351,18.829,37.3,88.59,CRITICAL,combined_hazard
2026-01-01 08:39:15,L17,transport_tunnel,0.8849,56.12,0.4343,18.788,37.3,88.89,CRITICAL,combined_hazard
2026-01-01 08:39:20,L17,transport_tunnel,0.9122,56.19,0.4342,18.82,37.43,89.33,CRITICAL,combined_hazard
2026-01-01 08:39:25,L17,transport_tunnel,0.9338,56.34,0.4351,18.786,37.41,88.99,CRITICAL,combined_hazard
2026-01-01 08:39:30,L17,transport_tunnel,0.9352,56.39,0.4351,18.741,37.41,89.62,CRITICAL,combined_hazard
2026-01-01 08:39:35,L17,transport_tunnel,0.9355,56.45,0.4313,18.758,37.48,89.55,CRITICAL,combined_hazard
2026-01-01 08:39:40,L17,transport_tunnel,0.9586,56.47,0.4292,18.725,37.58,89.59,CRITICAL,combined_hazard
2026-01-01 08:39:45,L17,transport_tunnel,0.9708,56.59,0.429,18.72,37.5,89.77,CRITICAL,combined_hazard
2026-01-01 08:39:50,L17,transport_tunnel,0.9678,56.58,0.433,18.707,37.61,90.11,CRITICAL,combined_hazard
2026-01-01 08:39:55,L17,transport_tunnel,0.9966,56.67,0.4315,18.707,37.64,89.77,CRITICAL,combined_hazard
2026-01-01 08:40:00,L17,transport_tunnel,0.9975,56.9,0.4265,18.651,37.62,90.41,CRITICAL,combined_hazard
2026-01-01 08:40:05,L17,transport_tunnel,0.9883,56.8,0.4304,18.664,37.75,90.39,CRITICAL,combined_hazard
2026-01-01 08:40:10,L17,transport_tunnel,1.0184,56.88,0.4257,18.66,37.77,90.64,CRITICAL,combined_hazard
2026-01-01 08:40:15,L17,transport_tunnel,1.0244,56.98,0.4273,18.664,37.83,90.4,CRITICAL,combined_hazard
2026-01-01 08:40:20,L17,transport_tunnel,1.0575,57.04,0.4243,18.623,37.88,90.75,CRITICAL,combined_hazard
2026-01-01 08:40:25,L17,transport_tunnel,1.0375,57.13,0.4284,18.595,37.87,90.6,CRITICAL,combined_hazard
2026-01-01 08:40:30,L17,transport_tunnel,1.0585,57.26,0.4232,18.578,37.89,91.22,CRITICAL,combined_hazard
2026-01-01 08:40:35,L17,transport_tunnel,1.0783,57.34,0.4217,18.583,37.9,91.06,CRITICAL,combined_hazard
2026-01-01 08:40:40,L17,transport_tunnel,1.1148,57.47,0.422,18.536,37.97,91.2,CRITICAL,combined_hazard
2026-01-01 08:40:45,L17,transport_tunnel,1.1204,57.65,0.4264,18.538,38.03,91.21,CRITICAL,combined_hazard
2026-01-01 08:40:50,L17,transport_tunnel,1.1079,57.53,0.4218,18.545,38.03,91.68,CRITICAL,combined_hazard
2026-01-01 08:40:55,L17,transport_tunnel,1.1236,57.63,0.4189,18.49,38.13,91.77,CRITICAL,combined_hazard
2026-01-01 08:41:00,L17,transport_tunnel,1.1376,57.57,0.4186,18.442,38.12,91.79,CRITICAL,combined_hazard
2026-01-01 08:41:05,L17,transport_tunnel,1.1297,57.69,0.4163,18.445,38.12,92.07,CRITICAL,combined_hazard
2026-01-01 08:41:10,L17,transport_tunnel,1.1528,57.86,0.4194,18.448,38.21,92.07,CRITICAL,combined_hazard
2026-01-01 08:41:15,L17,transport_tunnel,1.1797,57.98,0.4157,18.413,38.28,92.07,CRITICAL,combined_hazard
2026-01-01 08:41:20,L17,transport_tunnel,1.1764,58.07,0.419,18.405,38.26,92.4,CRITICAL,combined_hazard
2026-01-01 08:41:25,L17,transport_tunnel,1.2088,58.15,0.4178,18.39,38.31,92.82,CRITICAL,combined_hazard
2026-01-01 08:41:30,L17,transport_tunnel,1.1916,58.28,0.4156,18.388,38.36,92.87,CRITICAL,combined_hazard
2026-01-01 08:41:35,L17,transport_tunnel,1.2069,58.4,0.4171,18.346,38.41,92.94,CRITICAL,combined_hazard
2026-01-01 08:00:00,L18,junction,0.094,6.83,0.0858,20.723,28.81,69.01,SAFE,normal
2026-01-01 08:00:05,L18,junction,0.0909,6.83,0.0848,20.729,28.84,68.99,SAFE,normal
2026-01-01 08:00:10,L18,junction,0.0996,6.83,0.085,20.723,28.85,68.89,SAFE,normal
2026-01-01 08:00:15,L18,junction,0.1028,6.83,0.0849,20.707,28.85,68.89,SAFE,normal
2026-01-01 08:00:20,L18,junction,0.1017,6.83,0.0856,20.705,28.88,68.76,SAFE,normal
2026-01-01 08:00:25,L18,junction,0.1024,6.83,0.0834,20.705,28.88,68.77,SAFE,normal
2026-01-01 08:00:30,L18,junction,0.1099,6.83,0.0848,20.695,28.89,68.71,SAFE,normal
2026-01-01 08:00:35,L18,junction,0.1107,6.83,0.0836,20.696,28.9,68.72,SAFE,normal
2026-01-01 08:00:40,L18,junction,0.1151,6.83,0.0856,20.684,28.92,68.67,SAFE,normal
2026-01-01 08:00:45,L18,junction,0.1103,6.83,0.0833,20.682,28.92,68.56,SAFE,normal
2026-01-01 08:00:50,L18,junction,0.1152,6.83,0.0848,20.672,28.92,68.43,SAFE,normal
2026-01-01 08:00:55,L18,junction,0.1177,6.83,0.0835,20.664,28.94,68.4,SAFE,normal
2026-01-01 08:01:00,L18,junction,0.1214,6.83,0.0851,20.67,28.94,68.47,SAFE,normal
2026-01-01 08:01:05,L18,junction,0.125,6.83,0.0848,20.649,28.95,68.36,SAFE,normal
2026-01-01 08:01:10,L18,junction,0.1258,6.83,0.0845,20.649,28.99,68.4,SAFE,normal
2026-01-01 08:01:15,L18,junction,0.132,6.83,0.0863,20.646,28.97,68.31,SAFE,normal
2026-01-01 08:01:20,L18,junction,0.1289,6.83,0.0835,20.646,28.98,68.23,SAFE,normal
2026-01-01 08:01:25,L18,junction,0.1291,6.83,0.0851,20.631,29.01,68.17,SAFE,normal
2026-01-01 08:01:30,L18,junction,0.1327,6.83,0.0853,20.631,29.03,68.06,SAFE,normal
2026-01-01 08:01:35,L18,junction,0.1347,6.83,0.0851,20.617,29.01,68.04,SAFE,normal
2026-01-01 08:01:40,L18,junction,0.1381,6.83,0.0834,20.622,29.04,68.03,SAFE,normal
2026-01-01 08:01:45,L18,junction,0.141,6.83,0.0838,20.625,29.04,67.95,SAFE,normal
2026-01-01 08:01:50,L18,junction,0.1435,6.83,0.0834,20.597,29.06,67.94,SAFE,normal
2026-01-01 08:01:55,L18,junction,0.1473,6.83,0.0837,20.599,29.07,67.91,SAFE,normal
2026-01-01 08:02:00,L18,junction,0.1474,6.83,0.0831,20.603,29.07,67.8,SAFE,normal
2026-01-01 08:02:05,L18,junction,0.1545,6.83,0.0835,20.61,29.09,67.74,SAFE,normal
2026-01-01 08:02:10,L18,junction,0.1475,6.83,0.0854,20.591,29.11,67.67,SAFE,normal
2026-01-01 08:02:15,L18,junction,0.1489,6.83,0.0835,20.577,29.14,67.7,SAFE,normal
2026-01-01 08:02:20,L18,junction,0.1614,6.83,0.0839,20.576,29.13,67.65,SAFE,normal
2026-01-01 08:02:25,L18,junction,0.1635,6.84,0.083,20.564,29.13,67.66,SAFE,normal
2026-01-01 08:02:30,L18,junction,0.1669,6.83,0.0837,20.57,29.13,67.52,SAFE,normal
2026-01-01 08:02:35,L18,junction,0.1673,6.84,0.0846,20.566,29.16,67.45,SAFE,normal
2026-01-01 08:02:40,L18,junction,0.1677,6.83,0.0842,20.563,29.16,67.43,SAFE,normal
2026-01-01 08:02:45,L18,junction,0.1692,6.83,0.0851,20.547,29.18,67.34,SAFE,normal
2026-01-01 08:02:50,L18,junction,0.1673,6.83,0.0824,20.539,29.19,67.27,SAFE,normal
2026-01-01 08:02:55,L18,junction,0.1752,6.83,0.0828,20.547,29.21,67.26,SAFE,normal
2026-01-01 08:03:00,L18,junction,0.1726,6.84,0.0831,20.541,29.21,67.23,SAFE,normal
2026-01-01 08:03:05,L18,junction,0.1872,6.83,0.0851,20.522,29.24,67.18,SAFE,normal
2026-01-01 08:03:10,L18,junction,0.1785,6.83,0.0838,20.52,29.24,67.13,SAFE,normal
2026-01-01 08:03:15,L18,junction,0.1839,6.83,0.082,20.522,29.24,67.1,SAFE,normal
2026-01-01 08:03:20,L18,junction,0.1912,6.84,0.0845,20.51,29.26,67.03,SAFE,normal
2026-01-01 08:03:25,L18,junction,0.1877,6.84,0.0835,20.506,29.25,66.97,SAFE,normal
2026-01-01 08:03:30,L18,junction,0.19,6.84,0.0843,20.492,29.27,66.84,SAFE,normal
2026-01-01 08:03:35,L18,junction,0.1854,6.84,0.0849,20.489,29.28,66.86,SAFE,normal
2026-01-01 08:03:40,L18,junction,0.1917,6.83,0.0823,20.489,29.31,66.79,SAFE,normal
2026-01-01 08:03:45,L18,junction,0.2,6.84,0.0849,20.48,29.31,66.7,SAFE,normal
2026-01-01 08:03:50,L18,junction,0.2058,6.84,0.0831,20.472,29.31,66.72,SAFE,normal
2026-01-01 08:03:55,L18,junction,0.2001,6.84,0.0827,20.472,29.33,66.68,SAFE,normal
2026-01-01 08:04:00,L18,junction,0.2059,6.84,0.0833,20.463,29.35,66.62,SAFE,normal
2026-01-01 08:04:05,L18,junction,0.2161,6.84,0.0819,20.463,29.37,66.58,SAFE,normal
2026-01-01 08:04:10,L18,junction,0.2118,6.84,0.0831,20.463,29.34,66.5,SAFE,normal
2026-01-01 08:04:15,L18,junction,0.2154,6.84,0.0828,20.45,29.39,66.44,SAFE,normal
2026-01-01 08:04:20,L18,junction,0.2123,6.84,0.082,20.444,29.36,66.48,SAFE,normal
2026-01-01 08:04:25,L18,junction,0.2219,6.84,0.0823,20.448,29.4,66.35,SAFE,normal
2026-01-01 08:04:30,L18,junction,0.2172,6.84,0.0841,20.44,29.42,66.18,SAFE,normal
2026-01-01 08:04:35,L18,junction,0.219,6.84,0.0827,20.435,29.43,66.13,SAFE,normal
2026-01-01 08:04:40,L18,junction,0.2287,6.84,0.0819,20.41,29.43,66.25,SAFE,normal
2026-01-01 08:04:45,L18,junction,0.2244,6.84,0.0833,20.417,29.42,66.06,SAFE,normal
2026-01-01 08:04:50,L18,junction,0.2287,6.84,0.0836,20.411,29.45,66.07,SAFE,normal
2026-01-01 08:04:55,L18,junction,0.2362,6.84,0.0828,20.404,29.45,65.99,SAFE,normal
2026-01-01 08:05:00,L18,junction,0.2306,6.84,0.0815,20.41,29.46,65.98,SAFE,normal
2026-01-01 08:05:05,L18,junction,0.2351,6.84,0.0801,20.395,29.47,65.96,SAFE,normal
2026-01-01 08:05:10,L18,junction,0.2438,6.88,0.0804,20.388,29.5,65.8,SAFE,methane_buildup
2026-01-01 08:05:15,L18,junction,0.2608,6.83,0.0838,20.392,29.44,66.26,SAFE,methane_buildup
2026-01-01 08:05:20,L18,junction,0.2635,7.07,0.0866,20.394,29.42,66.14,SAFE,methane_buildup
2026-01-01 08:05:25,L18,junction,0.2485,7.13,0.0904,20.377,29.36,66.43,SAFE,methane_buildup
2026-01-01 08:05:30,L18,junction,0.2765,7.03,0.0887,20.378,29.35,66.96,SAFE,methane_buildup
2026-01-01 08:05:35,L18,junction,0.2764,7.22,0.0938,20.37,29.34,67.35,SAFE,methane_buildup
2026-01-01 08:05:40,L18,junction,0.2901,7.22,0.091,20.379,29.26,67.26,SAFE,methane_buildup
2026-01-01 08:05:45,L18,junction,0.2951,7.45,0.0954,20.367,29.3,67.7,SAFE,methane_buildup
2026-01-01 08:05:50,L18,junction,0.3143,7.34,0.095,20.365,29.23,67.88,SAFE,methane_buildup
2026-01-01 08:05:55,L18,junction,0.3132,7.48,0.1019,20.357,29.27,68.16,SAFE,methane_buildup
2026-01-01 08:06:00,L18,junction,0.3385,7.55,0.1032,20.355,29.2,68.16,SAFE,methane_buildup
2026-01-01 08:06:05,L18,junction,0.3344,7.61,0.1021,20.352,29.11,68.51,SAFE,methane_buildup
2026-01-01 08:06:10,L18,junction,0.3413,7.82,0.1017,20.342,29.14,68.78,SAFE,methane_buildup
2026-01-01 08:06:15,L18,junction,0.3576,7.86,0.1009,20.334,29.09,69.35,SAFE,methane_buildup
2026-01-01 08:06:20,L18,junction,0.3645,7.72,0.1074,20.327,29.08,69.02,SAFE,methane_buildup
2026-01-01 08:06:25,L18,junction,0.3757,7.92,0.1087,20.337,29.09,69.19,SAFE,methane_buildup
2026-01-01 08:06:30,L18,junction,0.378,7.96,0.112,20.327,29.03,70.38,SAFE,methane_buildup
2026-01-01 08:06:35,L18,junction,0.4004,8.09,0.1078,20.307,28.98,70.03,SAFE,methane_buildup
2026-01-01 08:06:40,L18,junction,0.4062,8.12,0.1136,20.312,28.92,70.32,SAFE,methane_buildup
2026-01-01 08:06:45,L18,junction,0.406,8.12,0.116,20.311,28.95,70.58,SAFE,methane_buildup
2026-01-01 08:06:50,L18,junction,0.4226,8.18,0.1143,20.313,28.91,70.84,SAFE,methane_buildup
2026-01-01 08:06:55,L18,junction,0.4216,8.29,0.1186,20.294,28.9,71.11,SAFE,methane_buildup
2026-01-01 08:07:00,L18,junction,0.4382,8.38,0.1182,20.297,28.83,71.32,SAFE,methane_buildup
2026-01-01 08:07:05,L18,junction,0.4495,8.47,0.1196,20.288,28.82,71.63,SAFE,methane_buildup
2026-01-01 08:07:10,L18,junction,0.4532,8.49,0.1221,20.279,28.77,71.66,SAFE,methane_buildup
2026-01-01 08:07:15,L18,junction,0.4523,8.71,0.1244,20.288,28.75,72.09,SAFE,methane_buildup
2026-01-01 08:07:20,L18,junction,0.4578,8.7,0.13,20.271,28.68,72.51,SAFE,methane_buildup
2026-01-01 08:07:25,L18,junction,0.4805,8.79,0.1277,20.277,28.7,72.38,SAFE,methane_buildup
2026-01-01 08:07:30,L18,junction,0.4801,8.8,0.1281,20.258,28.67,72.67,SAFE,methane_buildup
2026-01-01 08:07:35,L18,junction,0.5054,8.81,0.134,20.26,28.62,72.68,SAFE,methane_buildup
2026-01-01 08:07:40,L18,junction,0.4908,9.0,0.1362,20.261,28.62,73.01,SAFE,methane_buildup
2026-01-01 08:07:45,L18,junction,0.5257,8.95,0.1374,20.257,28.6,73.36,SAFE,methane_buildup
2026-01-01 08:07:50,L18,junction,0.523,8.96,0.1405,20.25,28.59,73.43,SAFE,methane_buildup
2026-01-01 08:07:55,L18,junction,0.5237,9.2,0.1392,20.249,28.49,73.77,SAFE,methane_buildup
2026-01-01 08:08:00,L18,junction,0.5363,9.18,0.1408,20.237,28.51,74.06,SAFE,methane_buildup
2026-01-01 08:08:05,L18,junction,0.5476,9.28,0.1403,20.241,28.5,74.56,SAFE,methane_buildup
2026-01-01 08:08:10,L18,junction,0.5629,9.41,0.1474,20.231,28.42,74.28,SAFE,methane_buildup
2026-01-01 08:08:15,L18,junction,0.5561,9.38,0.1452,20.229,28.44,74.79,SAFE,methane_buildup
2026-01-01 08:08:20,L18,junction,0.5675,9.4,0.1464,20.222,28.35,74.81,SAFE,methane_buildup
2026-01-01 08:08:25,L18,junction,0.5823,9.66,0.1479,20.218,28.34,75.34,SAFE,methane_buildup
2026-01-01 08:08:30,L18,junction,0.594,9.65,0.1522,20.205,28.27,75.59,WARNING,methane_buildup
2026-01-01 08:08:35,L18,junction,0.6098,9.8,0.1525,20.201,28.23,76.01,WARNING,methane_buildup
2026-01-01 08:08:40,L18,junction,0.6147,9.83,0.1544,20.198,28.21,75.79,WARNING,methane_buildup
2026-01-01 08:08:45,L18,junction,0.6176,9.9,0.1548,20.199,28.27,76.15,WARNING,methane_buildup
2026-01-01 08:08:50,L18,junction,0.6323,9.94,0.1569,20.189,28.18,76.53,WARNING,methane_buildup
2026-01-01 08:08:55,L18,junction,0.6406,10.01,0.1587,20.186,28.15,76.74,WARNING,methane_buildup
2026-01-01 08:09:00,L18,junction,0.6457,10.15,0.1644,20.182,28.15,76.29,WARNING,methane_buildup
2026-01-01 08:09:05,L18,junction,0.6581,10.2,0.1579,20.185,28.09,76.92,WARNING,methane_buildup
2026-01-01 08:09:10,L18,junction,0.6462,10.17,0.1653,20.176,28.11,77.43,WARNING,methane_buildup
2026-01-01 08:09:15,L18,junction,0.6835,10.31,0.1686,20.161,28.1,77.49,WARNING,methane_buildup
2026-01-01 08:09:20,L18,junction,0.6889,10.31,0.1628,20.165,27.96,77.95,WARNING,methane_buildup
2026-01-01 08:09:25,L18,junction,0.7066,10.4,0.1691,20.158,28.01,78.24,WARNING,methane_buildup
2026-01-01 08:09:30,L18,junction,0.6943,10.53,0.1734,20.153,27.91,78.2,WARNING,methane_buildup
2026-01-01 08:09:35,L18,junction,0.716,10.52,0.1707,20.15,27.9,78.62,WARNING,methane_buildup
2026-01-01 08:09:40,L18,junction,0.7022,10.64,0.175,20.151,27.92,79.04,WARNING,methane_buildup
2026-01-01 08:09:45,L18,junction,0.7124,10.73,0.1736,20.136,27.85,79.18,WARNING,methane_buildup
2026-01-01 08:09:50,L18,junction,0.7355,10.75,0.1778,20.137,27.85,79.03,WARNING,methane_buildup
2026-01-01 08:09:55,L18,junction,0.7413,10.89,0.1827,20.133,27.82,79.39,WARNING,methane_buildup
2026-01-01 08:10:00,L18,junction,0.7652,10.89,0.1854,20.125,27.74,79.68,WARNING,methane_buildup
2026-01-01 08:10:05,L18,junction,0.7754,11.05,0.1835,20.118,27.78,79.7,WARNING,methane_buildup
2026-01-01 08:10:10,L18,junction,0.7853,11.06,0.1812,20.113,27.74,80.38,WARNING,methane_buildup
2026-01-01 08:10:15,L18,junction,0.7879,11.14,0.1854,20.11,27.7,80.24,WARNING,methane_buildup
2026-01-01 08:10:20,L18,junction,0.7892,11.05,0.1847,20.107,27.7,80.32,WARNING,co_buildup
2026-01-01 08:10:25,L18,junction,0.7747,11.04,0.1857,20.101,27.74,80.45,WARNING,co_buildup
2026-01-01 08:10:30,L18,junction,0.7649,11.86,0.1846,20.087,27.73,80.47,WARNING,co_buildup
2026-01-01 08:10:35,L18,junction,0.775,12.72,0.1874,20.094,27.79,80.57,WARNING,co_buildup
2026-01-01 08:10:40,L18,junction,0.766,13.79,0.1854,20.085,27.79,80.74,WARNING,co_buildup
2026-01-01 08:10:45,L18,junction,0.7603,14.26,0.1829,20.085,27.79,80.67,WARNING,co_buildup
2026-01-01 08:10:50,L18,junction,0.7618,14.11,0.1824,20.07,27.82,80.7,WARNING,co_buildup
2026-01-01 08:10:55,L18,junction,0.7582,16.18,0.1839,20.06,27.84,80.77,WARNING,co_buildup
2026-01-01 08:11:00,L18,junction,0.7493,15.62,0.1795,20.054,27.84,80.88,WARNING,co_buildup
2026-01-01 08:11:05,L18,junction,0.7542,16.9,0.1768,20.039,27.89,81.19,WARNING,co_buildup
2026-01-01 08:11:10,L18,junction,0.749,16.73,0.1778,20.034,27.91,81.12,WARNING,co_buildup
2026-01-01 08:11:15,L18,junction,0.7502,19.28,0.1781,20.033,27.9,80.92,WARNING,co_buildup
2026-01-01 08:11:20,L18,junction,0.7358,19.24,0.1803,20.011,27.92,81.16,WARNING,co_buildup
2026-01-01 08:11:25,L18,junction,0.7347,18.67,0.179,20.024,27.94,81.19,WARNING,co_buildup
2026-01-01 08:11:30,L18,junction,0.7314,19.77,0.1766,20.007,27.94,81.35,WARNING,co_buildup
2026-01-01 08:11:35,L18,junction,0.7252,19.76,0.1768,20.01,27.95,81.28,WARNING,co_buildup
2026-01-01 08:11:40,L18,junction,0.7247,20.75,0.1742,19.976,27.99,81.36,WARNING,co_buildup
2026-01-01 08:11:45,L18,junction,0.7213,21.8,0.178,19.968,28.0,81.45,WARNING,co_buildup
2026-01-01 08:11:50,L18,junction,0.7176,22.66,0.1759,19.973,28.07,81.51,WARNING,co_buildup
2026-01-01 08:11:55,L18,junction,0.7103,22.1,0.1734,19.963,28.05,81.65,WARNING,co_buildup
2026-01-01 08:12:00,L18,junction,0.7071,22.99,0.1725,19.95,28.08,81.66,WARNING,co_buildup
2026-01-01 08:12:05,L18,junction,0.7018,24.55,0.1731,19.936,28.08,81.81,WARNING,co_buildup
2026-01-01 08:12:10,L18,junction,0.6972,25.38,0.1712,19.936,28.15,81.76,DANGER,co_buildup
2026-01-01 08:12:15,L18,junction,0.6966,24.82,0.1676,19.932,28.13,81.93,WARNING,co_buildup
2026-01-01 08:12:20,L18,junction,0.6998,26.4,0.1724,19.912,28.13,81.87,DANGER,co_buildup
2026-01-01 08:12:25,L18,junction,0.6984,25.78,0.1711,19.911,28.18,82.04,DANGER,co_buildup
2026-01-01 08:12:30,L18,junction,0.6915,26.93,0.1691,19.91,28.19,82.04,DANGER,co_buildup
2026-01-01 08:12:35,L18,junction,0.6799,27.06,0.1672,19.905,28.23,82.19,DANGER,co_buildup
2026-01-01 08:12:40,L18,junction,0.68,28.09,0.1672,19.889,28.22,82.05,DANGER,co_buildup
2026-01-01 08:12:45,L18,junction,0.6655,30.01,0.1622,19.876,28.25,82.22,DANGER,co_buildup
2026-01-01 08:12:50,L18,junction,0.6701,29.52,0.164,19.876,28.24,82.4,DANGER,co_buildup
2026-01-01 08:12:55,L18,junction,0.6653,30.01,0.168,19.865,28.3,82.38,DANGER,co_buildup
2026-01-01 08:13:00,L18,junction,0.6716,30.46,0.1653,19.847,28.3,82.36,DANGER,co_buildup
2026-01-01 08:13:05,L18,junction,0.6608,31.22,0.1606,19.848,28.32,82.48,DANGER,co_buildup
2026-01-01 08:13:10,L18,junction,0.6561,31.55,0.1617,19.839,28.33,82.61,DANGER,co_buildup
2026-01-01 08:13:15,L18,junction,0.6519,32.7,0.1593,19.836,28.35,82.61,DANGER,co_buildup
2026-01-01 08:13:20,L18,junction,0.6472,33.22,0.1605,19.822,28.39,82.79,DANGER,co_buildup
2026-01-01 08:13:25,L18,junction,0.6471,33.59,0.1608,19.815,28.38,82.85,DANGER,co_buildup
2026-01-01 08:13:30,L18,junction,0.6381,34.16,0.163,19.81,28.43,82.89,DANGER,co_buildup
2026-01-01 08:13:35,L18,junction,0.6397,35.18,0.161,19.809,28.4,82.98,DANGER,co_buildup
2026-01-01 08:13:40,L18,junction,0.6399,35.28,0.1585,19.797,28.42,82.95,DANGER,co_buildup
2026-01-01 08:13:45,L18,junction,0.6303,36.17,0.1579,19.81,28.5,83.13,DANGER,co_buildup
2026-01-01 08:13:50,L18,junction,0.6247,36.67,0.1564,19.77,28.47,83.17,DANGER,co_buildup
2026-01-01 08:13:55,L18,junction,0.6221,36.29,0.1587,19.78,28.51,83.17,DANGER,co_buildup
2026-01-01 08:14:00,L18,junction,0.624,38.63,0.1583,19.764,28.52,83.14,DANGER,co_buildup
2026-01-01 08:14:05,L18,junction,0.6156,37.73,0.1534,19.745,28.55,83.16,DANGER,co_buildup
2026-01-01 08:14:10,L18,junction,0.6085,38.38,0.1521,19.745,28.56,83.43,DANGER,co_buildup
2026-01-01 08:14:15,L18,junction,0.6111,40.5,0.1537,19.728,28.6,83.34,DANGER,co_buildup
2026-01-01 08:14:20,L18,junction,0.6006,39.98,0.1533,19.733,28.58,83.44,DANGER,co_buildup
2026-01-01 08:14:25,L18,junction,0.599,40.05,0.1533,19.722,28.63,83.59,DANGER,co_buildup
2026-01-01 08:14:30,L18,junction,0.5973,42.59,0.1495,19.711,28.64,83.55,WARNING,co_buildup
2026-01-01 08:14:35,L18,junction,0.5891,42.09,0.1504,19.7,28.63,83.84,DANGER,co_buildup
2026-01-01 08:14:40,L18,junction,0.581,43.75,0.1507,19.709,28.67,83.77,DANGER,co_buildup
2026-01-01 08:14:45,L18,junction,0.5871,43.16,0.1489,19.692,28.67,83.91,WARNING,co_buildup
2026-01-01 08:14:50,L18,junction,0.5718,43.37,0.1509,19.687,28.68,83.95,DANGER,co_buildup
2026-01-01 08:14:55,L18,junction,0.5736,44.72,0.1518,19.679,28.72,83.8,DANGER,co_buildup
2026-01-01 08:15:00,L18,junction,0.5774,44.84,0.1473,19.67,28.77,84.06,WARNING,co_buildup
2026-01-01 08:15:05,L18,junction,0.5721,46.36,0.1489,19.659,28.78,84.08,WARNING,co_buildup
2026-01-01 08:15:10,L18,junction,0.5659,47.13,0.1462,19.666,28.81,84.15,WARNING,co_buildup
2026-01-01 08:15:15,L18,junction,0.5589,47.88,0.1446,19.664,28.81,84.21,WARNING,co_buildup
2026-01-01 08:15:20,L18,junction,0.5572,47.8,0.1443,19.65,28.85,84.34,WARNING,co_buildup
2026-01-01 08:15:25,L18,junction,0.5579,49.37,0.146,19.63,28.87,84.44,WARNING,co_buildup
2026-01-01 08:15:30,L18,junction,0.5559,48.22,0.1476,19.611,28.88,84.3,WARNING,low_oxygen
2026-01-01 08:15:35,L18,junction,0.5577,48.36,0.1427,19.6,28.8,84.36,WARNING,low_oxygen
2026-01-01 08:15:40,L18,junction,0.5645,47.52,0.1548,19.547,28.87,84.43,DANGER,low_oxygen
2026-01-01 08:15:45,L18,junction,0.5627,45.26,0.1522,19.568,28.96,84.48,DANGER,low_oxygen
2026-01-01 08:15:50,L18,junction,0.568,46.5,0.1453,19.56,28.96,84.54,WARNING,low_oxygen
2026-01-01 08:15:55,L18,junction,0.5689,45.15,0.1637,19.55,28.96,84.57,DANGER,low_oxygen
2026-01-01 08:16:00,L18,junction,0.5655,45.09,0.1681,19.509,28.97,84.61,DANGER,low_oxygen
2026-01-01 08:16:05,L18,junction,0.5686,44.09,0.1618,19.472,29.02,84.67,DANGER,low_oxygen
2026-01-01 08:16:10,L18,junction,0.575,43.46,0.1628,19.47,29.05,84.65,DANGER,low_oxygen
2026-01-01 08:16:15,L18,junction,0.5684,42.26,0.1772,19.444,29.03,84.7,DANGER,low_oxygen
2026-01-01 08:16:20,L18,junction,0.5752,42.45,0.1729,19.441,29.11,84.76,DANGER,low_oxygen
2026-01-01 08:16:25,L18,junction,0.577,42.73,0.1834,19.404,29.11,84.79,DANGER,low_oxygen
2026-01-01 08:16:30,L18,junction,0.576,41.23,0.1745,19.402,29.15,84.79,DANGER,low_oxygen
2026-01-01 08:16:35,L18,junction,0.5775,40.66,0.1897,19.358,29.17,84.93,DANGER,low_oxygen
2026-01-01 08:16:40,L18,junction,0.5797,39.89,0.1915,19.369,29.18,84.91,DANGER,low_oxygen
2026-01-01 08:16:45,L18,junction,0.5839,38.98,0.1925,19.326,29.21,85.07,DANGER,low_oxygen
2026-01-01 08:16:50,L18,junction,0.5877,38.54,0.1859,19.29,29.23,85.05,DANGER,low_oxygen
2026-01-01 08:16:55,L18,junction,0.5876,38.61,0.1952,19.275,29.24,85.02,DANGER,low_oxygen
2026-01-01 08:17:00,L18,junction,0.5841,39.24,0.2034,19.276,29.28,85.15,DANGER,low_oxygen
2026-01-01 08:17:05,L18,junction,0.5932,37.83,0.1963,19.216,29.29,85.17,DANGER,low_oxygen
2026-01-01 08:17:10,L18,junction,0.5941,37.05,0.2037,19.218,29.31,85.22,DANGER,low_oxygen
2026-01-01 08:17:15,L18,junction,0.5921,37.2,0.2102,19.221,29.37,85.24,DANGER,low_oxygen
2026-01-01 08:17:20,L18,junction,0.5928,35.77,0.2074,19.19,29.36,85.26,DANGER,low_oxygen
2026-01-01 08:17:25,L18,junction,0.594,35.51,0.2198,19.136,29.39,85.28,DANGER,low_oxygen
2026-01-01 08:17:30,L18,junction,0.6009,34.45,0.2221,19.145,29.41,85.33,DANGER,low_oxygen
2026-01-01 08:17:35,L18,junction,0.595,33.98,0.2219,19.091,29.42,85.37,DANGER,low_oxygen
2026-01-01 08:17:40,L18,junction,0.6046,32.38,0.2256,19.101,29.5,85.46,DANGER,low_oxygen
2026-01-01 08:17:45,L18,junction,0.6023,32.38,0.225,19.104,29.45,85.51,DANGER,low_oxygen
2026-01-01 08:17:50,L18,junction,0.606,31.65,0.2323,19.058,29.5,85.5,DANGER,low_oxygen
2026-01-01 08:17:55,L18,junction,0.598,31.03,0.2309,19.014,29.5,85.64,DANGER,low_oxygen
2026-01-01 08:18:00,L18,junction,0.6041,30.4,0.2354,19.012,29.58,85.65,DANGER,low_oxygen
2026-01-01 08:18:05,L18,junction,0.6088,30.95,0.2374,18.999,29.57,85.79,DANGER,low_oxygen
2026-01-01 08:18:10,L18,junction,0.61,29.38,0.2477,18.996,29.59,85.72,DANGER,low_oxygen
2026-01-01 08:18:15,L18,junction,0.6161,28.91,0.2499,18.976,29.58,85.87,DANGER,low_oxygen
2026-01-01 08:18:20,L18,junction,0.6167,29.62,0.2446,18.912,29.68,85.85,DANGER,low_oxygen
2026-01-01 08:18:25,L18,junction,0.6228,28.22,0.2565,18.907,29.64,85.78,DANGER,low_oxygen
2026-01-01 08:18:30,L18,junction,0.6208,27.21,0.2514,18.901,29.7,85.86,DANGER,low_oxygen
2026-01-01 08:18:35,L18,junction,0.6196,27.18,0.2645,18.86,29.74,85.96,DANGER,low_oxygen
2026-01-01 08:18:40,L18,junction,0.6263,25.65,0.2665,18.862,29.79,85.92,DANGER,low_oxygen
2026-01-01 08:18:45,L18,junction,0.6236,25.19,0.2719,18.805,29.75,86.0,DANGER,low_oxygen
2026-01-01 08:18:50,L18,junction,0.6252,24.63,0.2678,18.816,29.77,86.01,DANGER,low_oxygen
2026-01-01 08:18:55,L18,junction,0.6284,24.37,0.2686,18.811,29.8,86.21,DANGER,low_oxygen
2026-01-01 08:19:00,L18,junction,0.6344,23.89,0.2716,18.771,29.82,86.21,DANGER,low_oxygen
2026-01-01 08:19:05,L18,junction,0.6347,22.53,0.2772,18.753,29.81,86.2,DANGER,low_oxygen
2026-01-01 08:19:10,L18,junction,0.6364,22.67,0.275,18.746,29.92,86.31,DANGER,low_oxygen
2026-01-01 08:19:15,L18,junction,0.6407,22.18,0.2728,18.7,29.89,86.35,DANGER,low_oxygen
2026-01-01 08:19:20,L18,junction,0.6399,21.01,0.2834,18.7,29.92,86.39,DANGER,low_oxygen
2026-01-01 08:19:25,L18,junction,0.6358,20.58,0.2881,18.667,29.96,86.36,DANGER,low_oxygen
2026-01-01 08:19:30,L18,junction,0.6423,19.45,0.2931,18.629,30.0,86.41,DANGER,low_oxygen
2026-01-01 08:19:35,L18,junction,0.6469,18.66,0.2956,18.644,29.97,86.43,DANGER,low_oxygen
2026-01-01 08:19:40,L18,junction,0.6404,18.26,0.2977,18.634,30.03,86.51,DANGER,low_oxygen
2026-01-01 08:19:45,L18,junction,0.6461,18.68,0.3046,18.609,30.02,86.52,DANGER,low_oxygen
2026-01-01 08:19:50,L18,junction,0.6452,17.98,0.2999,18.583,30.07,86.56,DANGER,low_oxygen
2026-01-01 08:19:55,L18,junction,0.6501,18.15,0.3037,18.555,30.1,86.69,DANGER,low_oxygen
2026-01-01 08:20:00,L18,junction,0.6545,16.53,0.3173,18.531,30.1,86.71,DANGER,low_oxygen
2026-01-01 08:20:05,L18,junction,0.6568,15.94,0.3003,18.502,30.14,86.69,DANGER,low_oxygen
2026-01-01 08:20:10,L18,junction,0.6546,15.5,0.3197,18.47,30.17,86.81,DANGER,low_oxygen
2026-01-01 08:20:15,L18,junction,0.6586,14.14,0.3206,18.422,30.18,86.83,DANGER,low_oxygen
2026-01-01 08:20:20,L18,junction,0.6547,14.62,0.3215,18.411,30.2,86.85,DANGER,low_oxygen
2026-01-01 08:20:25,L18,junction,0.6558,13.75,0.328,18.422,30.2,86.97,DANGER,low_oxygen
2026-01-01 08:20:30,L18,junction,0.6652,12.43,0.3303,18.376,30.23,86.96,DANGER,low_oxygen
2026-01-01 08:20:35,L18,junction,0.656,12.55,0.3251,18.389,30.26,87.06,DANGER,low_oxygen
2026-01-01 08:20:40,L18,junction,0.6685,12.17,0.3317,18.381,30.3,87.12,DANGER,co2_buildup
2026-01-01 08:20:45,L18,junction,0.6653,12.66,0.3324,18.392,30.28,87.03,DANGER,co2_buildup
2026-01-01 08:20:50,L18,junction,0.6583,12.63,0.3434,18.397,30.26,86.9,DANGER,co2_buildup
2026-01-01 08:20:55,L18,junction,0.653,12.81,0.3453,18.424,30.21,86.55,DANGER,co2_buildup
2026-01-01 08:21:00,L18,junction,0.66,12.73,0.3575,18.42,30.16,86.47,DANGER,co2_buildup
2026-01-01 08:21:05,L18,junction,0.6559,13.26,0.3521,18.447,30.12,86.15,DANGER,co2_buildup
2026-01-01 08:21:10,L18,junction,0.6468,13.3,0.3511,18.458,30.07,86.1,DANGER,co2_buildup
2026-01-01 08:21:15,L18,junction,0.6446,13.28,0.3485,18.483,30.12,85.92,DANGER,co2_buildup
2026-01-01 08:21:20,L18,junction,0.6515,13.78,0.3604,18.486,30.08,85.77,DANGER,co2_buildup
2026-01-01 08:21:25,L18,junction,0.642,13.46,0.3712,18.469,30.04,85.8,DANGER,co2_buildup
2026-01-01 08:21:30,L18,junction,0.6398,13.74,0.3767,18.495,29.97,85.53,DANGER,co2_buildup
2026-01-01 08:21:35,L18,junction,0.6369,14.06,0.3749,18.507,29.97,85.58,DANGER,co2_buildup
2026-01-01 08:21:40,L18,junction,0.6378,14.23,0.3801,18.519,29.93,85.23,DANGER,co2_buildup
2026-01-01 08:21:45,L18,junction,0.6301,14.02,0.3869,18.551,29.98,85.35,DANGER,co2_buildup
2026-01-01 08:21:50,L18,junction,0.6329,14.33,0.3927,18.525,29.93,85.07,DANGER,co2_buildup
2026-01-01 08:21:55,L18,junction,0.6256,14.61,0.4001,18.581,29.86,84.74,DANGER,co2_buildup
2026-01-01 08:22:00,L18,junction,0.6233,14.85,0.3965,18.588,29.91,84.63,DANGER,co2_buildup
2026-01-01 08:22:05,L18,junction,0.6211,14.98,0.4,18.591,29.82,84.34,DANGER,co2_buildup
2026-01-01 08:22:10,L18,junction,0.619,15.03,0.418,18.605,29.82,84.33,DANGER,co2_buildup
2026-01-01 08:22:15,L18,junction,0.623,15.09,0.4211,18.614,29.8,84.02,DANGER,co2_buildup
2026-01-01 08:22:20,L18,junction,0.6208,15.2,0.414,18.627,29.76,84.19,DANGER,co2_buildup
2026-01-01 08:22:25,L18,junction,0.6158,15.44,0.4265,18.651,29.73,83.81,DANGER,co2_buildup
2026-01-01 08:22:30,L18,junction,0.612,15.7,0.4361,18.647,29.71,83.76,DANGER,co2_buildup
2026-01-01 08:22:35,L18,junction,0.616,15.63,0.436,18.669,29.68,83.24,DANGER,co2_buildup
2026-01-01 08:22:40,L18,junction,0.6116,15.77,0.43,18.663,29.66,83.37,DANGER,co2_buildup
2026-01-01 08:22:45,L18,junction,0.6035,16.1,0.4386,18.693,29.64,83.21,DANGER,co2_buildup
2026-01-01 08:22:50,L18,junction,0.606,16.23,0.4337,18.695,29.59,83.24,DANGER,co2_buildup
2026-01-01 08:22:55,L18,junction,0.6035,16.17,0.4419,18.716,29.61,83.03,DANGER,co2_buildup
2026-01-01 08:23:00,L18,junction,0.6026,16.2,0.4509,18.712,29.53,82.95,DANGER,co2_buildup
2026-01-01 08:23:05,L18,junction,0.6065,16.29,0.4563,18.741,29.54,82.72,DANGER,co2_buildup
2026-01-01 08:23:10,L18,junction,0.5933,16.68,0.4561,18.747,29.5,82.68,DANGER,co2_buildup
2026-01-01 08:23:15,L18,junction,0.5952,16.66,0.4503,18.779,29.46,82.42,DANGER,co2_buildup
2026-01-01 08:23:20,L18,junction,0.5959,17.07,0.4691,18.775,29.45,82.02,DANGER,co2_buildup
2026-01-01 08:23:25,L18,junction,0.5943,16.87,0.476,18.79,29.41,82.05,DANGER,co2_buildup
2026-01-01 08:23:30,L18,junction,0.5873,17.45,0.4805,18.791,29.42,81.91,DANGER,co2_buildup
2026-01-01 08:23:35,L18,junction,0.5804,17.34,0.48,18.812,29.37,81.32,DANGER,co2_buildup
2026-01-01 08:23:40,L18,junction,0.5766,17.42,0.4847,18.826,29.38,81.48,DANGER,co2_buildup
2026-01-01 08:23:45,L18,junction,0.5824,17.6,0.4909,18.828,29.3,81.75,DANGER,co2_buildup
2026-01-01 08:23:50,L18,junction,0.5787,17.7,0.4959,18.84,29.24,81.28,DANGER,co2_buildup
2026-01-01 08:23:55,L18,junction,0.5758,18.16,0.4978,18.847,29.28,81.15,DANGER,co2_buildup
2026-01-01 08:24:00,L18,junction,0.574,18.19,0.4911,18.869,29.29,80.72,DANGER,co2_buildup
2026-01-01 08:24:05,L18,junction,0.5738,18.26,0.5137,18.874,29.23,80.69,CRITICAL,co2_buildup
2026-01-01 08:24:10,L18,junction,0.5702,18.23,0.5088,18.897,29.17,80.79,CRITICAL,co2_buildup
2026-01-01 08:24:15,L18,junction,0.5675,18.53,0.5094,18.896,29.14,80.51,CRITICAL,co2_buildup
2026-01-01 08:24:20,L18,junction,0.5622,18.58,0.5178,18.917,29.19,80.27,CRITICAL,co2_buildup
2026-01-01 08:24:25,L18,junction,0.5649,18.47,0.5246,18.919,29.11,80.45,CRITICAL,co2_buildup
2026-01-01 08:24:30,L18,junction,0.5577,18.88,0.5253,18.957,29.07,80.03,CRITICAL,co2_buildup
2026-01-01 08:24:35,L18,junction,0.5602,19.19,0.5299,18.955,29.09,79.8,CRITICAL,co2_buildup
2026-01-01 08:24:40,L18,junction,0.5537,19.2,0.5353,18.967,29.04,79.83,CRITICAL,co2_buildup
2026-01-01 08:24:45,L18,junction,0.5544,19.38,0.543,18.987,28.96,79.56,CRITICAL,co2_buildup
2026-01-01 08:24:50,L18,junction,0.5558,19.68,0.5416,19.013,29.04,79.42,DANGER,co2_buildup
2026-01-01 08:24:55,L18,junction,0.5501,19.8,0.5515,19.005,28.98,79.37,DANGER,co2_buildup
2026-01-01 08:25:00,L18,junction,0.5502,20.09,0.5473,18.998,28.9,79.14,CRITICAL,co2_buildup
2026-01-01 08:25:05,L18,junction,0.5424,19.68,0.5683,19.043,28.94,78.85,DANGER,co2_buildup
2026-01-01 08:25:10,L18,junction,0.5416,20.01,0.568,19.024,28.86,79.01,DANGER,co2_buildup
2026-01-01 08:25:15,L18,junction,0.5379,20.38,0.5656,19.047,28.83,78.9,DANGER,co2_buildup
2026-01-01 08:25:20,L18,junction,0.5316,20.46,0.5729,19.079,28.81,78.6,DANGER,co2_buildup
2026-01-01 08:25:25,L18,junction,0.5377,20.56,0.5698,19.073,28.85,78.57,DANGER,co2_buildup
2026-01-01 08:25:30,L18,junction,0.5339,20.61,0.5826,19.082,28.83,78.28,DANGER,co2_buildup
2026-01-01 08:25:35,L18,junction,0.5314,20.87,0.5883,19.105,28.74,77.92,DANGER,co2_buildup
2026-01-01 08:25:40,L18,junction,0.5314,21.0,0.5898,19.114,28.77,78.16,DANGER,co2_buildup
2026-01-01 08:25:45,L18,junction,0.5219,20.88,0.5972,19.117,28.65,77.87,DANGER,co2_buildup
2026-01-01 08:25:50,L18,junction,0.5259,21.12,0.5903,19.127,28.75,78.37,DANGER,ventilation_failure
2026-01-01 08:25:55,L18,junction,0.5279,21.57,0.5919,19.118,28.73,78.15,DANGER,ventilation_failure
2026-01-01 08:26:00,L18,junction,0.5305,22.49,0.5923,19.11,28.59,78.22,DANGER,ventilation_failure
2026-01-01 08:26:05,L18,junction,0.5346,22.8,0.5922,19.109,28.98,78.41,DANGER,ventilation_failure
2026-01-01 08:26:10,L18,junction,0.5375,22.24,0.5953,19.088,29.07,78.76,DANGER,ventilation_failure
2026-01-01 08:26:15,L18,junction,0.5445,23.13,0.5948,19.079,29.2,79.02,DANGER,ventilation_failure
2026-01-01 08:26:20,L18,junction,0.5443,23.24,0.5927,19.07,29.42,79.23,DANGER,ventilation_failure
2026-01-01 08:26:25,L18,junction,0.5499,23.08,0.5929,19.061,29.37,79.12,DANGER,ventilation_failure
2026-01-01 08:26:30,L18,junction,0.554,24.55,0.5932,19.068,29.54,79.2,DANGER,ventilation_failure
2026-01-01 08:26:35,L18,junction,0.5455,25.17,0.5947,19.049,29.61,79.69,CRITICAL,ventilation_failure
2026-01-01 08:26:40,L18,junction,0.559,25.39,0.5955,19.05,29.54,80.12,CRITICAL,ventilation_failure
2026-01-01 08:26:45,L18,junction,0.5596,25.96,0.596,19.035,29.65,80.35,CRITICAL,ventilation_failure
2026-01-01 08:26:50,L18,junction,0.5619,26.08,0.5945,19.016,29.96,80.65,CRITICAL,ventilation_failure
2026-01-01 08:26:55,L18,junction,0.5666,26.24,0.5957,19.002,29.88,80.85,CRITICAL,ventilation_failure
2026-01-01 08:27:00,L18,junction,0.5649,26.92,0.5961,18.994,30.09,80.9,CRITICAL,ventilation_failure
2026-01-01 08:27:05,L18,junction,0.571,28.02,0.5979,18.991,30.06,81.01,CRITICAL,ventilation_failure
2026-01-01 08:27:10,L18,junction,0.5678,28.06,0.5976,18.999,30.31,81.55,CRITICAL,ventilation_failure
2026-01-01 08:27:15,L18,junction,0.5694,27.74,0.5952,18.993,30.37,81.71,CRITICAL,ventilation_failure
2026-01-01 08:27:20,L18,junction,0.5794,28.81,0.5949,18.974,30.41,81.67,CRITICAL,ventilation_failure
2026-01-01 08:27:25,L18,junction,0.5801,29.68,0.5973,18.973,30.6,82.24,CRITICAL,ventilation_failure
2026-01-01 08:27:30,L18,junction,0.5833,29.9,0.5969,18.951,30.66,82.53,CRITICAL,ventilation_failure
2026-01-01 08:27:35,L18,junction,0.5833,30.53,0.5967,18.942,30.66,82.72,CRITICAL,ventilation_failure
2026-01-01 08:27:40,L18,junction,0.5905,29.88,0.5972,18.946,30.83,82.98,CRITICAL,ventilation_failure
2026-01-01 08:27:45,L18,junction,0.5904,30.93,0.5991,18.932,30.98,82.85,CRITICAL,ventilation_failure
2026-01-01 08:27:50,L18,junction,0.5947,31.17,0.5968,18.928,31.12,83.4,CRITICAL,ventilation_failure
2026-01-01 08:27:55,L18,junction,0.596,31.96,0.6012,18.914,31.1,83.42,CRITICAL,ventilation_failure
2026-01-01 08:28:00,L18,junction,0.5977,31.82,0.5983,18.902,31.37,84.09,CRITICAL,ventilation_failure
2026-01-01 08:28:05,L18,junction,0.6028,32.24,0.6002,18.895,31.24,84.08,CRITICAL,ventilation_failure
2026-01-01 08:28:10,L18,junction,0.6108,33.0,0.5988,18.891,31.26,84.2,CRITICAL,ventilation_failure
2026-01-01 08:28:15,L18,junction,0.6076,33.07,0.598,18.882,31.37,84.69,CRITICAL,ventilation_failure
2026-01-01 08:28:20,L18,junction,0.6118,33.95,0.6,18.863,31.6,84.46,CRITICAL,ventilation_failure
2026-01-01 08:28:25,L18,junction,0.6142,33.48,0.5988,18.861,31.69,84.9,CRITICAL,ventilation_failure
2026-01-01 08:28:30,L18,junction,0.6157,35.15,0.6008,18.841,31.8,85.46,CRITICAL,ventilation_failure
2026-01-01 08:28:35,L18,junction,0.6254,34.04,0.6008,18.842,31.83,85.4,CRITICAL,ventilation_failure
2026-01-01 08:28:40,L18,junction,0.6189,35.9,0.6003,18.829,32.18,85.48,CRITICAL,ventilation_failure
2026-01-01 08:28:45,L18,junction,0.6264,35.74,0.6016,18.802,32.21,85.62,CRITICAL,ventilation_failure
2026-01-01 08:28:50,L18,junction,0.6265,35.83,0.6029,18.839,32.07,85.7,CRITICAL,ventilation_failure
2026-01-01 08:28:55,L18,junction,0.6346,36.88,0.6017,18.805,32.26,86.06,CRITICAL,ventilation_failure
2026-01-01 08:29:00,L18,junction,0.6359,37.59,0.6012,18.795,32.37,86.17,CRITICAL,ventilation_failure
2026-01-01 08:29:05,L18,junction,0.6426,38.12,0.6028,18.809,32.53,86.52,CRITICAL,ventilation_failure
2026-01-01 08:29:10,L18,junction,0.6439,38.53,0.6031,18.776,32.43,86.76,CRITICAL,ventilation_failure
2026-01-01 08:29:15,L18,junction,0.6444,38.18,0.6025,18.765,32.5,87.21,CRITICAL,ventilation_failure
2026-01-01 08:29:20,L18,junction,0.6497,39.02,0.6048,18.767,32.65,87.15,CRITICAL,ventilation_failure
2026-01-01 08:29:25,L18,junction,0.6529,38.67,0.603,18.756,32.98,87.33,CRITICAL,ventilation_failure
2026-01-01 08:29:30,L18,junction,0.6495,39.82,0.6054,18.746,32.89,87.86,CRITICAL,ventilation_failure
2026-01-01 08:29:35,L18,junction,0.6585,40.34,0.603,18.735,33.12,88.04,CRITICAL,ventilation_failure
2026-01-01 08:29:40,L18,junction,0.6597,40.49,0.6051,18.733,33.19,88.07,CRITICAL,ventilation_failure
2026-01-01 08:29:45,L18,junction,0.6633,40.34,0.6041,18.741,33.22,88.47,CRITICAL,ventilation_failure
2026-01-01 08:29:50,L18,junction,0.6629,41.25,0.6049,18.704,33.41,88.51,CRITICAL,ventilation_failure
2026-01-01 08:29:55,L18,junction,0.6641,42.65,0.6023,18.717,33.32,88.75,CRITICAL,ventilation_failure
2026-01-01 08:30:00,L18,junction,0.6664,42.48,0.6077,18.714,33.48,89.33,CRITICAL,ventilation_failure
2026-01-01 08:30:05,L18,junction,0.6606,42.57,0.6057,18.687,33.42,89.21,CRITICAL,ventilation_failure
2026-01-01 08:30:10,L18,junction,0.6734,43.12,0.6068,18.687,33.73,89.37,CRITICAL,ventilation_failure
2026-01-01 08:30:15,L18,junction,0.6878,43.75,0.6041,18.674,33.74,89.68,CRITICAL,ventilation_failure
2026-01-01 08:30:20,L18,junction,0.6847,43.42,0.6063,18.652,34.11,89.5,CRITICAL,ventilation_failure
2026-01-01 08:30:25,L18,junction,0.6858,43.87,0.6061,18.669,34.01,90.09,CRITICAL,ventilation_failure
2026-01-01 08:30:30,L18,junction,0.691,44.59,0.6052,18.65,34.18,90.4,CRITICAL,ventilation_failure
2026-01-01 08:30:35,L18,junction,0.6895,45.1,0.6084,18.637,34.26,90.97,CRITICAL,ventilation_failure
2026-01-01 08:30:40,L18,junction,0.6919,46.42,0.6072,18.62,34.29,90.81,CRITICAL,ventilation_failure
2026-01-01 08:30:45,L18,junction,0.6952,46.17,0.6072,18.629,34.48,91.1,CRITICAL,ventilation_failure
2026-01-01 08:30:50,L18,junction,0.6964,46.37,0.6083,18.617,34.49,91.31,CRITICAL,ventilation_failure
2026-01-01 08:30:55,L18,junction,0.6996,47.02,0.6067,18.613,34.63,91.92,CRITICAL,ventilation_failure
2026-01-01 08:31:00,L18,junction,0.7097,46.28,0.6098,18.597,34.59,91.73,CRITICAL,fire_heat
2026-01-01 08:31:05,L18,junction,0.7035,47.97,0.6019,18.619,34.62,91.32,CRITICAL,fire_heat
2026-01-01 08:31:10,L18,junction,0.7002,47.64,0.6109,18.63,34.6,91.2,CRITICAL,fire_heat
2026-01-01 08:31:15,L18,junction,0.6958,47.54,0.5924,18.641,34.76,90.48,CRITICAL,fire_heat
2026-01-01 08:31:20,L18,junction,0.6908,48.23,0.5743,18.676,34.85,90.47,CRITICAL,fire_heat
2026-01-01 08:31:25,L18,junction,0.683,48.61,0.5867,18.697,34.82,90.39,CRITICAL,fire_heat
2026-01-01 08:31:30,L18,junction,0.6817,49.23,0.584,18.712,34.83,90.42,CRITICAL,fire_heat
2026-01-01 08:31:35,L18,junction,0.6751,50.69,0.5765,18.715,34.91,89.68,CRITICAL,fire_heat
2026-01-01 08:31:40,L18,junction,0.6702,50.55,0.574,18.748,35.0,89.34,CRITICAL,fire_heat
2026-01-01 08:31:45,L18,junction,0.6675,50.79,0.5524,18.732,35.05,89.42,CRITICAL,fire_heat
2026-01-01 08:31:50,L18,junction,0.6767,51.46,0.5578,18.775,35.08,89.0,CRITICAL,fire_heat
2026-01-01 08:31:55,L18,junction,0.6616,52.1,0.5476,18.785,35.11,89.28,CRITICAL,fire_heat
2026-01-01 08:32:00,L18,junction,0.6639,52.02,0.5501,18.787,35.16,88.8,CRITICAL,fire_heat
2026-01-01 08:32:05,L18,junction,0.6649,52.76,0.5507,18.805,35.18,88.39,CRITICAL,fire_heat
2026-01-01 08:32:10,L18,junction,0.6559,52.39,0.535,18.832,35.18,88.16,CRITICAL,fire_heat
2026-01-01 08:32:15,L18,junction,0.6457,52.71,0.5357,18.841,35.25,87.96,CRITICAL,fire_heat
2026-01-01 08:32:20,L18,junction,0.6424,53.05,0.5221,18.85,35.3,87.37,CRITICAL,fire_heat
2026-01-01 08:32:25,L18,junction,0.6425,53.94,0.5219,18.854,35.37,87.54,CRITICAL,fire_heat
2026-01-01 08:32:30,L18,junction,0.648,53.26,0.514,18.862,35.33,87.19,CRITICAL,fire_heat
2026-01-01 08:32:35,L18,junction,0.6409,55.13,0.522,18.892,35.47,87.2,CRITICAL,fire_heat
2026-01-01 08:32:40,L18,junction,0.6337,54.86,0.5008,18.889,35.41,86.64,CRITICAL,fire_heat
2026-01-01 08:32:45,L18,junction,0.627,55.75,0.5023,18.931,35.56,86.75,CRITICAL,fire_heat
2026-01-01 08:32:50,L18,junction,0.6259,55.33,0.5044,18.91,35.64,86.49,CRITICAL,fire_heat
2026-01-01 08:32:55,L18,junction,0.6216,56.66,0.4807,18.955,35.67,86.17,CRITICAL,fire_heat
2026-01-01 08:33:00,L18,junction,0.618,57.16,0.4891,18.961,35.64,86.18,CRITICAL,fire_heat
2026-01-01 08:33:05,L18,junction,0.61,57.09,0.4822,18.974,35.75,85.28,CRITICAL,fire_heat
2026-01-01 08:33:10,L18,junction,0.6064,57.65,0.4727,18.991,35.8,85.54,CRITICAL,fire_heat
2026-01-01 08:33:15,L18,junction,0.6081,57.48,0.4783,18.968,35.89,85.21,CRITICAL,fire_heat
2026-01-01 08:33:20,L18,junction,0.5982,58.27,0.4761,19.019,35.88,84.97,CRITICAL,fire_heat
2026-01-01 08:33:25,L18,junction,0.597,59.02,0.4651,19.027,35.95,84.54,CRITICAL,fire_heat
2026-01-01 08:33:30,L18,junction,0.5962,58.95,0.4547,19.042,35.94,84.22,CRITICAL,fire_heat
2026-01-01 08:33:35,L18,junction,0.5939,60.03,0.4432,19.116,35.96,84.48,CRITICAL,fire_heat
2026-01-01 08:33:40,L18,junction,0.5937,59.21,0.4473,19.064,36.08,84.23,CRITICAL,fire_heat
2026-01-01 08:33:45,L18,junction,0.5802,60.15,0.4403,19.106,36.13,84.21,CRITICAL,fire_heat
2026-01-01 08:33:50,L18,junction,0.5767,59.96,0.4356,19.103,36.11,84.01,CRITICAL,fire_heat
2026-01-01 08:33:55,L18,junction,0.5839,61.19,0.4283,19.116,36.13,83.04,CRITICAL,fire_heat
2026-01-01 08:34:00,L18,junction,0.582,61.4,0.4228,19.125,36.23,83.1,CRITICAL,fire_heat
2026-01-01 08:34:05,L18,junction,0.5669,61.81,0.4212,19.176,36.28,82.96,CRITICAL,fire_heat
2026-01-01 08:34:10,L18,junction,0.5642,62.55,0.409,19.192,36.33,82.88,CRITICAL,fire_heat
2026-01-01 08:34:15,L18,junction,0.5666,62.58,0.4167,19.18,36.4,82.74,CRITICAL,fire_heat
2026-01-01 08:34:20,L18,junction,0.561,64.12,0.4016,19.217,36.45,81.99,CRITICAL,fire_heat
2026-01-01 08:34:25,L18,junction,0.5575,63.78,0.4015,19.204,36.46,81.86,CRITICAL,fire_heat
2026-01-01 08:34:30,L18,junction,0.5504,63.9,0.394,19.228,36.46,82.04,CRITICAL,fire_heat
2026-01-01 08:34:35,L18,junction,0.5532,64.04,0.3944,19.259,36.52,81.16,CRITICAL,fire_heat
2026-01-01 08:34:40,L18,junction,0.5456,64.36,0.389,19.249,36.57,81.06,CRITICAL,fire_heat
2026-01-01 08:34:45,L18,junction,0.542,65.26,0.3835,19.268,36.63,81.15,CRITICAL,fire_heat
2026-01-01 08:34:50,L18,junction,0.5348,65.3,0.369,19.294,36.66,81.26,CRITICAL,fire_heat
2026-01-01 08:34:55,L18,junction,0.5394,66.26,0.3695,19.309,36.72,80.23,CRITICAL,fire_heat
2026-01-01 08:35:00,L18,junction,0.531,66.27,0.3745,19.308,36.78,80.37,CRITICAL,fire_heat
2026-01-01 08:35:05,L18,junction,0.5288,66.67,0.3585,19.371,36.79,80.25,CRITICAL,fire_heat
2026-01-01 08:35:10,L18,junction,0.5305,67.15,0.3613,19.341,36.88,80.21,CRITICAL,fire_heat
2026-01-01 08:35:15,L18,junction,0.5175,67.45,0.3503,19.382,36.99,79.76,CRITICAL,fire_heat
2026-01-01 08:35:20,L18,junction,0.518,68.01,0.3436,19.392,36.95,79.04,CRITICAL,fire_heat
2026-01-01 08:35:25,L18,junction,0.5083,69.08,0.3413,19.386,36.97,78.93,CRITICAL,fire_heat
2026-01-01 08:35:30,L18,junction,0.5091,68.91,0.3305,19.42,37.06,79.26,CRITICAL,fire_heat
2026-01-01 08:35:35,L18,junction,0.5132,69.27,0.3352,19.416,37.06,78.83,CRITICAL,fire_heat
2026-01-01 08:35:40,L18,junction,0.4977,69.81,0.3203,19.444,37.13,78.27,CRITICAL,fire_heat
2026-01-01 08:35:45,L18,junction,0.5017,69.88,0.3232,19.47,37.16,78.38,CRITICAL,fire_heat
2026-01-01 08:35:50,L18,junction,0.504,69.97,0.3211,19.464,37.19,78.11,CRITICAL,fire_heat
2026-01-01 08:35:55,L18,junction,0.496,69.61,0.3124,19.494,37.24,77.29,CRITICAL,fire_heat
2026-01-01 08:36:00,L18,junction,0.4877,70.37,0.3017,19.494,37.29,77.14,CRITICAL,fire_heat
2026-01-01 08:36:05,L18,junction,0.4819,71.81,0.3009,19.52,37.32,77.42,CRITICAL,fire_heat
2026-01-01 08:36:10,L18,junction,0.4846,71.72,0.3017,19.511,37.5,77.01,CRITICAL,combined_hazard
2026-01-01 08:36:15,L18,junction,0.4912,71.92,0.3044,19.516,37.23,77.61,CRITICAL,combined_hazard
2026-01-01 08:36:20,L18,junction,0.514,71.9,0.3066,19.493,37.57,77.96,CRITICAL,combined_hazard
2026-01-01 08:36:25,L18,junction,0.5267,72.01,0.3126,19.469,37.64,77.79,CRITICAL,combined_hazard
2026-01-01 08:36:30,L18,junction,0.5321,72.02,0.3288,19.452,37.73,78.23,CRITICAL,combined_hazard
2026-01-01 08:36:35,L18,junction,0.5246,72.61,0.3107,19.406,37.88,78.39,CRITICAL,combined_hazard
2026-01-01 08:36:40,L18,junction,0.5533,72.66,0.3236,19.419,37.84,79.23,CRITICAL,combined_hazard
2026-01-01 08:36:45,L18,junction,0.55,72.68,0.3323,19.382,37.88,78.91,CRITICAL,combined_hazard
2026-01-01 08:36:50,L18,junction,0.557,72.92,0.3262,19.41,37.94,79.13,CRITICAL,combined_hazard
2026-01-01 08:36:55,L18,junction,0.5662,73.2,0.3383,19.347,38.07,79.28,CRITICAL,combined_hazard
2026-01-01 08:37:00,L18,junction,0.5826,73.22,0.342,19.378,38.3,79.26,CRITICAL,combined_hazard
2026-01-01 08:37:05,L18,junction,0.5978,73.59,0.3367,19.315,38.37,80.08,CRITICAL,combined_hazard
2026-01-01 08:37:10,L18,junction,0.5806,73.47,0.3457,19.299,38.49,80.11,CRITICAL,combined_hazard
2026-01-01 08:37:15,L18,junction,0.6035,73.86,0.3615,19.277,38.46,80.31,CRITICAL,combined_hazard
2026-01-01 08:37:20,L18,junction,0.6159,73.93,0.3488,19.241,38.55,80.68,CRITICAL,combined_hazard
2026-01-01 08:37:25,L18,junction,0.6409,74.36,0.3586,19.271,38.81,80.51,CRITICAL,combined_hazard
2026-01-01 08:37:30,L18,junction,0.6308,74.33,0.364,19.23,38.85,81.51,CRITICAL,combined_hazard
2026-01-01 08:37:35,L18,junction,0.646,74.6,0.3689,19.222,38.91,80.92,CRITICAL,combined_hazard
2026-01-01 08:37:40,L18,junction,0.6673,75.3,0.3709,19.222,38.78,81.98,CRITICAL,combined_hazard
2026-01-01 08:37:45,L18,junction,0.6689,75.23,0.3774,19.171,39.19,81.81,CRITICAL,combined_hazard
2026-01-01 08:37:50,L18,junction,0.6939,75.37,0.3809,19.154,39.1,81.95,CRITICAL,combined_hazard
2026-01-01 08:37:55,L18,junction,0.6861,75.68,0.3887,19.14,39.21,82.43,CRITICAL,combined_hazard
2026-01-01 08:38:00,L18,junction,0.7167,75.73,0.3934,19.096,39.32,82.43,CRITICAL,combined_hazard
2026-01-01 08:38:05,L18,junction,0.7281,75.56,0.3954,19.067,39.38,82.96,CRITICAL,combined_hazard
2026-01-01 08:38:10,L18,junction,0.7211,75.76,0.3985,19.055,39.44,83.05,CRITICAL,combined_hazard
2026-01-01 08:38:15,L18,junction,0.7303,75.7,0.3936,19.088,39.55,83.38,CRITICAL,combined_hazard
2026-01-01 08:38:20,L18,junction,0.7413,76.41,0.406,19.041,39.68,83.69,CRITICAL,combined_hazard
2026-01-01 08:38:25,L18,junction,0.7536,76.37,0.415,19.044,39.79,83.64,CRITICAL,combined_hazard
2026-01-01 08:38:30,L18,junction,0.756,76.65,0.4056,19.006,39.91,84.14,CRITICAL,combined_hazard
2026-01-01 08:38:35,L18,junction,0.7764,76.88,0.4111,18.963,39.79,84.27,CRITICAL,combined_hazard
2026-01-01 08:38:40,L18,junction,0.779,77.01,0.4291,18.991,39.93,84.69,CRITICAL,combined_hazard
2026-01-01 08:38:45,L18,junction,0.7977,77.3,0.4183,18.94,40.13,84.54,CRITICAL,combined_hazard
2026-01-01 08:38:50,L18,junction,0.778,77.44,0.4293,18.949,40.01,85.17,CRITICAL,combined_hazard
2026-01-01 08:38:55,L18,junction,0.8048,77.61,0.4311,18.938,40.25,84.91,CRITICAL,combined_hazard
2026-01-01 08:39:00,L18,junction,0.8226,77.59,0.445,18.902,40.26,84.87,CRITICAL,combined_hazard
2026-01-01 08:39:05,L18,junction,0.8099,78.1,0.4435,18.893,40.46,85.25,CRITICAL,combined_hazard
2026-01-01 08:39:10,L18,junction,0.8357,78.64,0.45,18.84,40.42,85.72,CRITICAL,combined_hazard
2026-01-01 08:39:15,L18,junction,0.8472,78.48,0.4504,18.903,40.55,86.09,CRITICAL,combined_hazard
2026-01-01 08:39:20,L18,junction,0.8683,79.03,0.4641,18.838,40.65,86.27,CRITICAL,combined_hazard
2026-01-01 08:39:25,L18,junction,0.8565,78.7,0.4545,18.826,40.78,86.68,CRITICAL,combined_hazard
2026-01-01 08:39:30,L18,junction,0.8718,78.94,0.464,18.811,40.93,86.46,CRITICAL,combined_hazard
2026-01-01 08:39:35,L18,junction,0.8734,79.17,0.4726,18.773,41.02,87.36,CRITICAL,combined_hazard
2026-01-01 08:39:40,L18,junction,0.8873,79.33,0.4778,18.759,41.04,87.51,CRITICAL,combined_hazard
2026-01-01 08:39:45,L18,junction,0.9151,79.76,0.4731,18.76,41.01,87.65,CRITICAL,combined_hazard
2026-01-01 08:39:50,L18,junction,0.9076,79.33,0.4685,18.715,41.41,87.96,CRITICAL,combined_hazard
2026-01-01 08:39:55,L18,junction,0.9101,79.84,0.4807,18.711,41.27,87.55,CRITICAL,combined_hazard
2026-01-01 08:40:00,L18,junction,0.9252,80.41,0.4953,18.694,41.39,88.3,CRITICAL,combined_hazard
2026-01-01 08:40:05,L18,junction,0.9313,80.2,0.4869,18.654,41.47,88.54,CRITICAL,combined_hazard
2026-01-01 08:40:10,L18,junction,0.9416,80.65,0.4962,18.657,41.57,88.83,CRITICAL,combined_hazard
2026-01-01 08:40:15,L18,junction,0.9502,80.78,0.4973,18.599,41.55,89.04,CRITICAL,combined_hazard
2026-01-01 08:40:20,L18,junction,0.9602,80.84,0.5025,18.63,41.75,89.18,CRITICAL,combined_hazard
2026-01-01 08:40:25,L18,junction,0.9627,81.1,0.5135,18.624,41.96,89.41,CRITICAL,combined_hazard
2026-01-01 08:40:30,L18,junction,0.9852,81.21,0.5123,18.594,41.71,89.82,CRITICAL,combined_hazard
2026-01-01 08:40:35,L18,junction,0.984,81.02,0.5252,18.587,41.98,89.64,CRITICAL,combined_hazard
2026-01-01 08:40:40,L18,junction,1.0154,81.68,0.524,18.526,41.96,90.1,CRITICAL,combined_hazard
2026-01-01 08:40:45,L18,junction,1.01,81.67,0.5238,18.518,42.23,90.12,CRITICAL,combined_hazard
2026-01-01 08:40:50,L18,junction,1.027,81.72,0.5268,18.507,42.33,90.45,CRITICAL,combined_hazard
2026-01-01 08:40:55,L18,junction,1.0366,82.23,0.533,18.489,42.31,90.11,CRITICAL,combined_hazard
2026-01-01 08:41:00,L18,junction,1.023,82.4,0.5293,18.46,42.41,90.75,CRITICAL,combined_hazard
2026-01-01 08:41:05,L18,junction,1.0488,82.71,0.5342,18.433,42.42,91.09,CRITICAL,combined_hazard
2026-01-01 08:41:10,L18,junction,1.0789,82.67,0.5472,18.464,42.38,91.33,CRITICAL,combined_hazard
2026-01-01 08:41:15,L18,junction,1.0626,83.06,0.5521,18.398,42.65,91.58,CRITICAL,combined_hazard
2026-01-01 08:41:20,L18,junction,1.1037,83.09,0.545,18.427,42.74,91.62,CRITICAL,combined_hazard
2026-01-01 08:41:25,L18,junction,1.0954,83.34,0.5599,18.387,42.85,92.05,CRITICAL,combined_hazard
2026-01-01 08:41:30,L18,junction,1.1047,83.54,0.5589,18.363,42.65,92.61,CRITICAL,combined_hazard
2026-01-01 08:41:35,L18,junction,1.1114,83.41,0.5597,18.352,42.87,92.53,CRITICAL,combined_hazard
2026-01-01 08:00:00,L19,maintenance_area,0.1616,6.31,0.0879,20.416,28.19,67.67,SAFE,normal
2026-01-01 08:00:05,L19,maintenance_area,0.1592,6.37,0.0863,20.416,28.17,67.75,SAFE,normal
2026-01-01 08:00:10,L19,maintenance_area,0.1609,6.34,0.0854,20.414,28.29,67.8,SAFE,normal
2026-01-01 08:00:15,L19,maintenance_area,0.1617,6.35,0.087,20.412,28.27,67.87,SAFE,normal
2026-01-01 08:00:20,L19,maintenance_area,0.1659,6.37,0.0865,20.411,28.25,68.03,SAFE,normal
2026-01-01 08:00:25,L19,maintenance_area,0.1661,6.37,0.0878,20.407,28.33,68.06,SAFE,normal
2026-01-01 08:00:30,L19,maintenance_area,0.1652,6.38,0.0845,20.409,28.31,68.26,SAFE,normal
2026-01-01 08:00:35,L19,maintenance_area,0.167,6.4,0.0874,20.399,28.39,68.21,SAFE,normal
2026-01-01 08:00:40,L19,maintenance_area,0.1672,6.44,0.0833,20.395,28.36,68.21,SAFE,normal
2026-01-01 08:00:45,L19,maintenance_area,0.1695,6.44,0.0829,20.402,28.45,68.39,SAFE,normal
2026-01-01 08:00:50,L19,maintenance_area,0.1701,6.45,0.0843,20.397,28.42,68.62,SAFE,normal
2026-01-01 08:00:55,L19,maintenance_area,0.1689,6.48,0.0837,20.401,28.45,68.69,SAFE,normal
2026-01-01 08:01:00,L19,maintenance_area,0.1707,6.5,0.084,20.397,28.51,68.81,SAFE,normal
2026-01-01 08:01:05,L19,maintenance_area,0.1718,6.5,0.081,20.394,28.51,68.8,SAFE,normal
2026-01-01 08:01:10,L19,maintenance_area,0.1728,6.49,0.0828,20.389,28.54,69.06,SAFE,normal
2026-01-01 08:01:15,L19,maintenance_area,0.1725,6.5,0.0794,20.391,28.54,69.04,SAFE,normal
2026-01-01 08:01:20,L19,maintenance_area,0.1751,6.51,0.0782,20.386,28.6,69.29,SAFE,normal
2026-01-01 08:01:25,L19,maintenance_area,0.1745,6.56,0.0835,20.385,28.66,69.21,SAFE,normal
2026-01-01 08:01:30,L19,maintenance_area,0.1753,6.55,0.0819,20.382,28.71,69.37,SAFE,normal
2026-01-01 08:01:35,L19,maintenance_area,0.1772,6.59,0.0799,20.382,28.71,69.47,SAFE,normal
2026-01-01 08:01:40,L19,maintenance_area,0.1789,6.58,0.0766,20.379,28.74,69.72,SAFE,normal
2026-01-01 08:01:45,L19,maintenance_area,0.1818,6.61,0.0784,20.381,28.7,69.73,SAFE,normal
2026-01-01 08:01:50,L19,maintenance_area,0.1818,6.63,0.0792,20.377,28.77,69.92,SAFE,normal
2026-01-01 08:01:55,L19,maintenance_area,0.1835,6.62,0.0774,20.373,28.78,70.1,SAFE,normal
2026-01-01 08:02:00,L19,maintenance_area,0.1858,6.66,0.0799,20.371,28.79,70.26,SAFE,normal
2026-01-01 08:02:05,L19,maintenance_area,0.1823,6.65,0.0781,20.367,28.82,70.22,SAFE,normal
2026-01-01 08:02:10,L19,maintenance_area,0.1857,6.66,0.0754,20.363,28.9,70.19,SAFE,normal
2026-01-01 08:02:15,L19,maintenance_area,0.1868,6.7,0.074,20.369,28.89,70.53,SAFE,normal
2026-01-01 08:02:20,L19,maintenance_area,0.1869,6.71,0.077,20.364,28.9,70.66,SAFE,normal
2026-01-01 08:02:25,L19,maintenance_area,0.1891,6.72,0.0765,20.36,28.94,70.61,SAFE,normal
2026-01-01 08:02:30,L19,maintenance_area,0.1885,6.71,0.0759,20.362,29.0,70.85,SAFE,normal
2026-01-01 08:02:35,L19,maintenance_area,0.1906,6.74,0.0768,20.357,29.0,70.86,SAFE,normal
2026-01-01 08:02:40,L19,maintenance_area,0.1876,6.77,0.0746,20.357,29.01,70.77,SAFE,normal
2026-01-01 08:02:45,L19,maintenance_area,0.1914,6.8,0.0736,20.352,29.05,70.98,SAFE,normal
2026-01-01 08:02:50,L19,maintenance_area,0.1937,6.81,0.0741,20.356,29.12,71.1,SAFE,normal
2026-01-01 08:02:55,L19,maintenance_area,0.1953,6.79,0.0743,20.352,29.07,71.22,SAFE,normal
2026-01-01 08:03:00,L19,maintenance_area,0.1927,6.8,0.0731,20.352,29.14,71.27,SAFE,normal
2026-01-01 08:03:05,L19,maintenance_area,0.1952,6.85,0.0717,20.347,29.17,71.37,SAFE,normal
2026-01-01 08:03:10,L19,maintenance_area,0.1943,6.85,0.0726,20.347,29.18,71.7,SAFE,normal
2026-01-01 08:03:15,L19,maintenance_area,0.1966,6.85,0.0709,20.341,29.21,71.51,SAFE,normal
2026-01-01 08:03:20,L19,maintenance_area,0.1989,6.87,0.0696,20.349,29.28,71.71,SAFE,normal
2026-01-01 08:03:25,L19,maintenance_area,0.2013,6.86,0.07,20.342,29.31,71.95,SAFE,normal
2026-01-01 08:03:30,L19,maintenance_area,0.202,6.91,0.0689,20.344,29.31,71.94,SAFE,normal
2026-01-01 08:03:35,L19,maintenance_area,0.2017,6.93,0.0687,20.337,29.33,72.14,SAFE,normal
2026-01-01 08:03:40,L19,maintenance_area,0.201,6.94,0.0672,20.333,29.37,72.17,SAFE,normal
2026-01-01 08:03:45,L19,maintenance_area,0.203,6.95,0.0694,20.332,29.4,72.35,SAFE,normal
2026-01-01 08:03:50,L19,maintenance_area,0.2091,6.94,0.0678,20.332,29.42,72.32,SAFE,normal
2026-01-01 08:03:55,L19,maintenance_area,0.2026,6.98,0.068,20.33,29.46,72.34,SAFE,normal
2026-01-01 08:04:00,L19,maintenance_area,0.204,7.0,0.0672,20.333,29.47,72.59,SAFE,normal
2026-01-01 08:04:05,L19,maintenance_area,0.2076,7.0,0.0648,20.324,29.42,72.56,SAFE,normal
2026-01-01 08:04:10,L19,maintenance_area,0.2096,7.02,0.0675,20.323,29.52,72.83,SAFE,normal
2026-01-01 08:04:15,L19,maintenance_area,0.2109,7.02,0.0649,20.325,29.57,72.84,SAFE,normal
2026-01-01 08:04:20,L19,maintenance_area,0.2108,7.02,0.0642,20.317,29.58,72.94,SAFE,normal
2026-01-01 08:04:25,L19,maintenance_area,0.2083,7.07,0.0646,20.319,29.62,73.3,SAFE,normal
2026-01-01 08:04:30,L19,maintenance_area,0.2118,7.06,0.0641,20.317,29.63,73.29,SAFE,normal
2026-01-01 08:04:35,L19,maintenance_area,0.2098,7.09,0.067,20.316,29.66,73.22,SAFE,normal
2026-01-01 08:04:40,L19,maintenance_area,0.215,7.12,0.0637,20.314,29.69,73.47,SAFE,normal
2026-01-01 08:04:45,L19,maintenance_area,0.2161,7.11,0.0617,20.317,29.77,73.57,SAFE,normal
2026-01-01 08:04:50,L19,maintenance_area,0.216,7.13,0.0646,20.307,29.77,73.48,SAFE,normal
2026-01-01 08:04:55,L19,maintenance_area,0.2149,7.12,0.0592,20.306,29.79,73.83,SAFE,normal
2026-01-01 08:05:00,L19,maintenance_area,0.2166,7.13,0.0603,20.308,29.8,73.99,SAFE,normal
2026-01-01 08:05:05,L19,maintenance_area,0.2161,7.17,0.0598,20.305,29.79,73.96,SAFE,normal
2026-01-01 08:05:10,L19,maintenance_area,0.2245,7.22,0.0583,20.306,29.82,74.09,SAFE,methane_buildup
2026-01-01 08:05:15,L19,maintenance_area,0.2297,7.25,0.0631,20.287,29.83,73.97,SAFE,methane_buildup
2026-01-01 08:05:20,L19,maintenance_area,0.2443,7.88,0.0615,20.291,29.83,74.25,SAFE,methane_buildup
2026-01-01 08:05:25,L19,maintenance_area,0.25,7.62,0.0579,20.297,29.82,74.78,SAFE,methane_buildup
2026-01-01 08:05:30,L19,maintenance_area,0.3034,7.67,0.0648,20.289,29.83,74.7,SAFE,methane_buildup
2026-01-01 08:05:35,L19,maintenance_area,0.2856,7.96,0.0657,20.283,29.83,74.64,SAFE,methane_buildup
2026-01-01 08:05:40,L19,maintenance_area,0.3129,8.13,0.0676,20.286,29.83,75.4,SAFE,methane_buildup
2026-01-01 08:05:45,L19,maintenance_area,0.3209,8.57,0.0675,20.256,29.83,75.13,SAFE,methane_buildup
2026-01-01 08:05:50,L19,maintenance_area,0.2959,8.55,0.0679,20.259,29.83,75.38,SAFE,methane_buildup
2026-01-01 08:05:55,L19,maintenance_area,0.3401,8.76,0.0677,20.256,29.83,75.46,SAFE,methane_buildup
2026-01-01 08:06:00,L19,maintenance_area,0.3433,8.93,0.0686,20.246,29.83,75.59,SAFE,methane_buildup
2026-01-01 08:06:05,L19,maintenance_area,0.3868,9.29,0.0716,20.245,29.83,76.13,SAFE,methane_buildup
2026-01-01 08:06:10,L19,maintenance_area,0.3698,9.22,0.071,20.247,29.83,76.12,SAFE,methane_buildup
2026-01-01 08:06:15,L19,maintenance_area,0.4081,9.42,0.0695,20.234,29.83,76.32,SAFE,methane_buildup
2026-01-01 08:06:20,L19,maintenance_area,0.429,9.52,0.0724,20.215,29.83,76.23,SAFE,methane_buildup
2026-01-01 08:06:25,L19,maintenance_area,0.4332,9.74,0.0738,20.227,29.83,76.57,SAFE,methane_buildup
2026-01-01 08:06:30,L19,maintenance_area,0.4433,10.07,0.0712,20.217,29.83,76.69,SAFE,methane_buildup
2026-01-01 08:06:35,L19,maintenance_area,0.4518,10.28,0.077,20.199,29.83,76.83,SAFE,methane_buildup
2026-01-01 08:06:40,L19,maintenance_area,0.4696,10.61,0.0766,20.203,29.83,77.21,SAFE,methane_buildup
2026-01-01 08:06:45,L19,maintenance_area,0.4668,10.49,0.075,20.191,29.83,77.26,SAFE,methane_buildup
2026-01-01 08:06:50,L19,maintenance_area,0.5018,10.65,0.0778,20.194,29.83,77.59,WARNING,methane_buildup
2026-01-01 08:06:55,L19,maintenance_area,0.5279,10.93,0.0791,20.187,29.83,77.77,WARNING,methane_buildup
2026-01-01 08:07:00,L19,maintenance_area,0.5153,10.97,0.0819,20.176,29.83,77.76,WARNING,methane_buildup
2026-01-01 08:07:05,L19,maintenance_area,0.5416,11.11,0.0827,20.181,29.83,78.08,WARNING,methane_buildup
2026-01-01 08:07:10,L19,maintenance_area,0.5539,11.45,0.0839,20.168,29.84,78.11,WARNING,methane_buildup
2026-01-01 08:07:15,L19,maintenance_area,0.5737,11.51,0.0835,20.177,29.83,78.23,WARNING,methane_buildup
2026-01-01 08:07:20,L19,maintenance_area,0.5759,11.7,0.0825,20.164,29.83,78.36,WARNING,methane_buildup
2026-01-01 08:07:25,L19,maintenance_area,0.5765,12.02,0.0829,20.156,29.83,78.71,WARNING,methane_buildup
2026-01-01 08:07:30,L19,maintenance_area,0.5959,12.15,0.0842,20.16,29.83,78.76,WARNING,methane_buildup
2026-01-01 08:07:35,L19,maintenance_area,0.5933,12.6,0.0862,20.149,29.84,79.27,WARNING,methane_buildup
2026-01-01 08:07:40,L19,maintenance_area,0.6501,12.6,0.0872,20.144,29.83,79.48,WARNING,methane_buildup
2026-01-01 08:07:45,L19,maintenance_area,0.6589,12.51,0.09,20.136,29.84,79.47,WARNING,methane_buildup
2026-01-01 08:07:50,L19,maintenance_area,0.6672,12.74,0.0886,20.129,29.84,79.61,WARNING,methane_buildup
2026-01-01 08:07:55,L19,maintenance_area,0.6718,12.76,0.0863,20.128,29.84,79.75,WARNING,methane_buildup
2026-01-01 08:08:00,L19,maintenance_area,0.6932,13.0,0.0886,20.129,29.84,80.3,WARNING,methane_buildup
2026-01-01 08:08:05,L19,maintenance_area,0.709,13.54,0.0899,20.094,29.84,80.41,WARNING,methane_buildup
2026-01-01 08:08:10,L19,maintenance_area,0.7162,13.47,0.0908,20.12,29.84,80.23,WARNING,methane_buildup
2026-01-01 08:08:15,L19,maintenance_area,0.7308,13.47,0.0884,20.098,29.84,80.41,WARNING,methane_buildup
2026-01-01 08:08:20,L19,maintenance_area,0.7695,13.55,0.0972,20.1,29.84,80.67,WARNING,methane_buildup
2026-01-01 08:08:25,L19,maintenance_area,0.7482,13.8,0.0913,20.083,29.84,80.6,WARNING,methane_buildup
2026-01-01 08:08:30,L19,maintenance_area,0.7932,14.09,0.0951,20.096,29.84,80.67,WARNING,methane_buildup
2026-01-01 08:08:35,L19,maintenance_area,0.7711,14.4,0.0982,20.074,29.84,80.92,WARNING,methane_buildup
2026-01-01 08:08:40,L19,maintenance_area,0.8297,14.51,0.099,20.083,29.84,81.26,WARNING,methane_buildup
2026-01-01 08:08:45,L19,maintenance_area,0.7885,14.86,0.0962,20.07,29.84,81.33,WARNING,methane_buildup
2026-01-01 08:08:50,L19,maintenance_area,0.8419,14.77,0.1019,20.065,29.84,81.89,WARNING,methane_buildup
2026-01-01 08:08:55,L19,maintenance_area,0.8404,15.3,0.1025,20.053,29.84,81.6,WARNING,methane_buildup
2026-01-01 08:09:00,L19,maintenance_area,0.8612,15.26,0.1012,20.062,29.84,81.79,WARNING,methane_buildup
2026-01-01 08:09:05,L19,maintenance_area,0.8756,15.53,0.1024,20.049,29.84,81.89,WARNING,methane_buildup
2026-01-01 08:09:10,L19,maintenance_area,0.8999,15.55,0.1016,20.049,29.84,82.25,WARNING,methane_buildup
2026-01-01 08:09:15,L19,maintenance_area,0.8784,15.97,0.1046,20.027,29.84,82.46,WARNING,methane_buildup
2026-01-01 08:09:20,L19,maintenance_area,0.9191,15.77,0.1055,20.028,29.84,82.69,WARNING,methane_buildup
2026-01-01 08:09:25,L19,maintenance_area,0.9361,15.96,0.1051,20.029,29.84,82.87,WARNING,methane_buildup
2026-01-01 08:09:30,L19,maintenance_area,0.9384,16.18,0.108,20.013,29.84,82.95,WARNING,methane_buildup
2026-01-01 08:09:35,L19,maintenance_area,0.96,16.71,0.1083,20.019,29.84,83.06,WARNING,methane_buildup
2026-01-01 08:09:40,L19,maintenance_area,0.9664,16.65,0.1144,20.008,29.84,83.47,WARNING,methane_buildup
2026-01-01 08:09:45,L19,maintenance_area,0.9972,16.71,0.1079,20.002,29.84,83.43,WARNING,methane_buildup
2026-01-01 08:09:50,L19,maintenance_area,1.0086,17.01,0.1128,20.004,29.84,83.87,WARNING,methane_buildup
2026-01-01 08:09:55,L19,maintenance_area,1.0206,17.25,0.1097,19.997,29.84,83.68,WARNING,methane_buildup
2026-01-01 08:10:00,L19,maintenance_area,1.0407,17.22,0.1131,19.983,29.84,83.97,WARNING,methane_buildup
2026-01-01 08:10:05,L19,maintenance_area,1.0628,17.6,0.1083,19.991,29.84,84.6,WARNING,methane_buildup
2026-01-01 08:10:10,L19,maintenance_area,1.0459,17.73,0.113,19.982,29.85,84.79,WARNING,methane_buildup
2026-01-01 08:10:15,L19,maintenance_area,1.1043,17.85,0.1157,19.962,29.85,84.4,WARNING,methane_buildup
2026-01-01 08:10:20,L19,maintenance_area,1.0505,17.78,0.1161,19.97,29.86,84.64,WARNING,co_buildup
2026-01-01 08:10:25,L19,maintenance_area,1.0626,18.69,0.1172,19.975,29.86,84.65,WARNING,co_buildup
2026-01-01 08:10:30,L19,maintenance_area,1.0545,18.68,0.1199,19.978,29.89,84.64,WARNING,co_buildup
2026-01-01 08:10:35,L19,maintenance_area,1.0405,18.77,0.1246,19.98,29.91,84.68,WARNING,co_buildup
2026-01-01 08:10:40,L19,maintenance_area,1.0313,18.58,0.1217,19.981,29.88,84.67,WARNING,co_buildup
2026-01-01 08:10:45,L19,maintenance_area,1.0039,19.18,0.1245,19.981,29.91,84.67,WARNING,co_buildup
2026-01-01 08:10:50,L19,maintenance_area,0.9958,18.75,0.1234,19.986,29.94,84.72,WARNING,co_buildup
2026-01-01 08:10:55,L19,maintenance_area,0.961,19.37,0.1245,19.988,29.94,84.75,WARNING,co_buildup
2026-01-01 08:11:00,L19,maintenance_area,0.9883,19.64,0.1298,19.99,29.97,84.75,WARNING,co_buildup
2026-01-01 08:11:05,L19,maintenance_area,0.9549,19.75,0.132,19.996,29.97,84.79,WARNING,co_buildup
2026-01-01 08:11:10,L19,maintenance_area,0.9507,20.36,0.1354,19.992,30.0,84.81,WARNING,co_buildup
2026-01-01 08:11:15,L19,maintenance_area,0.9447,20.28,0.137,19.999,30.01,84.79,WARNING,co_buildup
2026-01-01 08:11:20,L19,maintenance_area,0.9229,20.28,0.138,19.995,30.05,84.83,WARNING,co_buildup
2026-01-01 08:11:25,L19,maintenance_area,0.9048,20.83,0.1437,20.002,30.08,84.88,WARNING,co_buildup
2026-01-01 08:11:30,L19,maintenance_area,0.9087,20.97,0.1402,19.998,30.08,84.89,WARNING,co_buildup
2026-01-01 08:11:35,L19,maintenance_area,0.8723,20.76,0.1424,20.004,30.14,84.89,WARNING,co_buildup
2026-01-01 08:11:40,L19,maintenance_area,0.8908,21.58,0.1455,20.009,30.13,84.93,WARNING,co_buildup
2026-01-01 08:11:45,L19,maintenance_area,0.8776,21.55,0.1434,20.007,30.14,84.97,WARNING,co_buildup
2026-01-01 08:11:50,L19,maintenance_area,0.8511,21.93,0.1504,20.009,30.14,84.95,WARNING,co_buildup
2026-01-01 08:11:55,L19,maintenance_area,0.8398,22.03,0.1506,20.019,30.16,84.99,WARNING,co_buildup
2026-01-01 08:12:00,L19,maintenance_area,0.8219,22.1,0.1525,20.013,30.2,85.0,WARNING,co_buildup
2026-01-01 08:12:05,L19,maintenance_area,0.8171,22.46,0.1556,20.02,30.19,85.0,WARNING,co_buildup
2026-01-01 08:12:10,L19,maintenance_area,0.8073,22.57,0.157,20.027,30.21,85.01,WARNING,co_buildup
2026-01-01 08:12:15,L19,maintenance_area,0.7939,22.86,0.159,20.025,30.22,85.08,WARNING,co_buildup
2026-01-01 08:12:20,L19,maintenance_area,0.803,23.13,0.1587,20.027,30.25,85.09,WARNING,co_buildup
2026-01-01 08:12:25,L19,maintenance_area,0.7528,23.25,0.1659,20.027,30.27,85.08,WARNING,co_buildup
2026-01-01 08:12:30,L19,maintenance_area,0.7508,23.53,0.1595,20.029,30.29,85.13,WARNING,co_buildup
2026-01-01 08:12:35,L19,maintenance_area,0.7585,23.58,0.1635,20.033,30.29,85.13,WARNING,co_buildup
2026-01-01 08:12:40,L19,maintenance_area,0.7623,23.75,0.1657,20.03,30.31,85.16,WARNING,co_buildup
2026-01-01 08:12:45,L19,maintenance_area,0.7154,24.22,0.1672,20.041,30.33,85.13,WARNING,co_buildup
2026-01-01 08:12:50,L19,maintenance_area,0.7258,24.57,0.1662,20.041,30.37,85.17,WARNING,co_buildup
2026-01-01 08:12:55,L19,maintenance_area,0.688,24.39,0.1773,20.037,30.33,85.23,WARNING,co_buildup
2026-01-01 08:13:00,L19,maintenance_area,0.6851,24.77,0.1765,20.048,30.38,85.27,WARNING,co_buildup
2026-01-01 08:13:05,L19,maintenance_area,0.6779,24.64,0.1749,20.049,30.38,85.23,WARNING,co_buildup
2026-01-01 08:13:10,L19,maintenance_area,0.6575,25.48,0.1804,20.05,30.4,85.25,WARNING,co_buildup
2026-01-01 08:13:15,L19,maintenance_area,0.6487,25.57,0.1799,20.058,30.41,85.29,WARNING,co_buildup
2026-01-01 08:13:20,L19,maintenance_area,0.6254,25.44,0.1814,20.054,30.45,85.3,WARNING,co_buildup
2026-01-01 08:13:25,L19,maintenance_area,0.6378,25.7,0.1815,20.06,30.42,85.32,WARNING,co_buildup
2026-01-01 08:13:30,L19,maintenance_area,0.607,26.21,0.186,20.058,30.47,85.29,WARNING,co_buildup
2026-01-01 08:13:35,L19,maintenance_area,0.5978,26.22,0.1861,20.061,30.46,85.35,WARNING,co_buildup
2026-01-01 08:13:40,L19,maintenance_area,0.5844,26.52,0.1871,20.06,30.5,85.38,WARNING,co_buildup
2026-01-01 08:13:45,L19,maintenance_area,0.573,26.42,0.1942,20.059,30.52,85.34,WARNING,co_buildup
2026-01-01 08:13:50,L19,maintenance_area,0.5715,26.94,0.1912,20.061,30.54,85.38,WARNING,co_buildup
2026-01-01 08:13:55,L19,maintenance_area,0.5585,27.01,0.1991,20.069,30.57,85.39,WARNING,co_buildup
2026-01-01 08:14:00,L19,maintenance_area,0.5759,27.31,0.1952,20.07,30.6,85.46,WARNING,co_buildup
2026-01-01 08:14:05,L19,maintenance_area,0.5309,27.38,0.195,20.07,30.62,85.45,WARNING,co_buildup
2026-01-01 08:14:10,L19,maintenance_area,0.5206,27.63,0.2024,20.075,30.61,85.46,WARNING,co_buildup
2026-01-01 08:14:15,L19,maintenance_area,0.5258,27.9,0.2016,20.079,30.64,85.5,WARNING,co_buildup
2026-01-01 08:14:20,L19,maintenance_area,0.5005,27.98,0.2004,20.084,30.67,85.5,WARNING,co_buildup
2026-01-01 08:14:25,L19,maintenance_area,0.4846,28.75,0.2072,20.08,30.65,85.55,WARNING,co_buildup
2026-01-01 08:14:30,L19,maintenance_area,0.4722,28.31,0.2049,20.085,30.7,85.6,WARNING,co_buildup
2026-01-01 08:14:35,L19,maintenance_area,0.4641,28.83,0.2049,20.092,30.66,85.57,WARNING,co_buildup
2026-01-01 08:14:40,L19,maintenance_area,0.4615,29.0,0.214,20.091,30.71,85.56,WARNING,co_buildup
2026-01-01 08:14:45,L19,maintenance_area,0.4539,29.3,0.2181,20.089,30.75,85.6,WARNING,co_buildup
2026-01-01 08:14:50,L19,maintenance_area,0.4382,28.88,0.2148,20.093,30.74,85.64,WARNING,co_buildup
2026-01-01 08:14:55,L19,maintenance_area,0.4194,29.25,0.2211,20.096,30.76,85.66,WARNING,co_buildup
2026-01-01 08:15:00,L19,maintenance_area,0.4044,29.68,0.2218,20.099,30.77,85.68,WARNING,co_buildup
2026-01-01 08:15:05,L19,maintenance_area,0.4143,30.18,0.2233,20.1,30.82,85.68,WARNING,co_buildup
2026-01-01 08:15:10,L19,maintenance_area,0.3722,30.16,0.2229,20.103,30.78,85.7,WARNING,co_buildup
2026-01-01 08:15:15,L19,maintenance_area,0.3742,30.37,0.2236,20.107,30.82,85.68,WARNING,co_buildup
2026-01-01 08:15:20,L19,maintenance_area,0.3679,30.64,0.2281,20.103,30.86,85.76,WARNING,co_buildup
2026-01-01 08:15:25,L19,maintenance_area,0.3544,30.69,0.2308,20.105,30.86,85.74,WARNING,co_buildup
2026-01-01 08:15:30,L19,maintenance_area,0.3414,30.69,0.2216,20.113,30.8,85.8,WARNING,low_oxygen
2026-01-01 08:15:35,L19,maintenance_area,0.3411,30.66,0.2294,20.103,30.88,85.63,WARNING,low_oxygen
2026-01-01 08:15:40,L19,maintenance_area,0.3418,30.61,0.2426,20.06,30.93,85.55,WARNING,low_oxygen
2026-01-01 08:15:45,L19,maintenance_area,0.3411,30.27,0.2394,20.034,30.99,85.63,WARNING,low_oxygen
2026-01-01 08:15:50,L19,maintenance_area,0.3408,30.25,0.2409,20.028,30.93,85.53,WARNING,low_oxygen
2026-01-01 08:15:55,L19,maintenance_area,0.3436,29.92,0.2415,20.042,31.02,85.38,WARNING,low_oxygen
2026-01-01 08:16:00,L19,maintenance_area,0.3398,29.93,0.2455,20.023,31.0,85.39,WARNING,low_oxygen
2026-01-01 08:16:05,L19,maintenance_area,0.3424,29.95,0.2583,19.997,31.07,85.25,WARNING,low_oxygen
2026-01-01 08:16:10,L19,maintenance_area,0.3415,29.55,0.2541,20.003,31.04,85.32,WARNING,low_oxygen
2026-01-01 08:16:15,L19,maintenance_area,0.3408,29.35,0.2647,19.933,31.09,85.22,WARNING,low_oxygen
2026-01-01 08:16:20,L19,maintenance_area,0.342,29.42,0.2606,19.941,31.13,85.1,WARNING,low_oxygen
2026-01-01 08:16:25,L19,maintenance_area,0.3416,29.12,0.2679,19.936,31.17,85.04,WARNING,low_oxygen
2026-01-01 08:16:30,L19,maintenance_area,0.3429,29.41,0.2717,19.924,31.19,84.99,WARNING,low_oxygen
2026-01-01 08:16:35,L19,maintenance_area,0.3404,28.95,0.2723,19.907,31.19,84.89,WARNING,low_oxygen
2026-01-01 08:16:40,L19,maintenance_area,0.341,28.92,0.2795,19.89,31.22,84.97,WARNING,low_oxygen
2026-01-01 08:16:45,L19,maintenance_area,0.3425,28.45,0.2737,19.883,31.3,84.9,WARNING,low_oxygen
2026-01-01 08:16:50,L19,maintenance_area,0.3413,28.55,0.2859,19.857,31.29,84.74,WARNING,low_oxygen
2026-01-01 08:16:55,L19,maintenance_area,0.342,28.2,0.2918,19.81,31.3,84.69,WARNING,low_oxygen
2026-01-01 08:17:00,L19,maintenance_area,0.3427,28.16,0.2899,19.805,31.35,84.58,WARNING,low_oxygen
2026-01-01 08:17:05,L19,maintenance_area,0.342,27.94,0.2979,19.768,31.38,84.57,WARNING,low_oxygen
2026-01-01 08:17:10,L19,maintenance_area,0.3407,28.04,0.3013,19.795,31.35,84.55,DANGER,low_oxygen
2026-01-01 08:17:15,L19,maintenance_area,0.341,27.79,0.305,19.782,31.43,84.52,DANGER,low_oxygen
2026-01-01 08:17:20,L19,maintenance_area,0.3426,27.61,0.302,19.727,31.4,84.34,DANGER,low_oxygen
2026-01-01 08:17:25,L19,maintenance_area,0.3415,27.64,0.3118,19.724,31.45,84.23,DANGER,low_oxygen
2026-01-01 08:17:30,L19,maintenance_area,0.3411,27.3,0.3076,19.685,31.47,84.21,DANGER,low_oxygen
2026-01-01 08:17:35,L19,maintenance_area,0.3416,27.29,0.3158,19.695,31.52,84.24,DANGER,low_oxygen
2026-01-01 08:17:40,L19,maintenance_area,0.3399,27.25,0.3221,19.667,31.54,84.14,DANGER,low_oxygen
2026-01-01 08:17:45,L19,maintenance_area,0.341,26.88,0.3266,19.645,31.57,84.14,DANGER,low_oxygen
2026-01-01 08:17:50,L19,maintenance_area,0.3411,26.75,0.3241,19.647,31.55,84.02,DANGER,low_oxygen
2026-01-01 08:17:55,L19,maintenance_area,0.3411,26.69,0.3316,19.661,31.63,84.05,DANGER,low_oxygen
2026-01-01 08:18:00,L19,maintenance_area,0.3407,26.61,0.3398,19.627,31.63,83.8,DANGER,low_oxygen
2026-01-01 08:18:05,L19,maintenance_area,0.3408,26.28,0.3358,19.594,31.74,83.69,DANGER,low_oxygen
2026-01-01 08:18:10,L19,maintenance_area,0.341,26.03,0.3344,19.581,31.7,83.85,DANGER,low_oxygen
2026-01-01 08:18:15,L19,maintenance_area,0.3425,26.09,0.3494,19.595,31.73,83.66,DANGER,low_oxygen
2026-01-01 08:18:20,L19,maintenance_area,0.3388,25.9,0.3467,19.569,31.78,83.65,DANGER,low_oxygen
2026-01-01 08:18:25,L19,maintenance_area,0.3417,25.79,0.3516,19.527,31.82,83.59,DANGER,low_oxygen
2026-01-01 08:18:30,L19,maintenance_area,0.3409,25.62,0.3585,19.524,31.78,83.54,DANGER,low_oxygen
2026-01-01 08:18:35,L19,maintenance_area,0.3409,25.41,0.3618,19.483,31.85,83.43,DANGER,low_oxygen
2026-01-01 08:18:40,L19,maintenance_area,0.3405,25.27,0.3694,19.483,31.89,83.34,DANGER,low_oxygen
2026-01-01 08:18:45,L19,maintenance_area,0.3414,25.18,0.3676,19.479,31.9,83.27,DANGER,low_oxygen
2026-01-01 08:18:50,L19,maintenance_area,0.3419,24.74,0.3725,19.466,31.92,83.31,DANGER,low_oxygen
2026-01-01 08:18:55,L19,maintenance_area,0.3389,24.97,0.3686,19.423,31.93,83.25,DANGER,low_oxygen
2026-01-01 08:19:00,L19,maintenance_area,0.343,24.7,0.3821,19.433,31.96,83.13,DANGER,low_oxygen
2026-01-01 08:19:05,L19,maintenance_area,0.341,24.38,0.38,19.403,32.0,83.05,DANGER,low_oxygen
2026-01-01 08:19:10,L19,maintenance_area,0.3409,24.37,0.4004,19.379,32.01,83.06,DANGER,low_oxygen
2026-01-01 08:19:15,L19,maintenance_area,0.3393,24.38,0.3892,19.398,32.07,82.87,DANGER,low_oxygen
2026-01-01 08:19:20,L19,maintenance_area,0.3402,24.09,0.3955,19.345,32.06,83.01,DANGER,low_oxygen
2026-01-01 08:19:25,L19,maintenance_area,0.3421,23.8,0.4,19.317,32.13,82.86,DANGER,low_oxygen
2026-01-01 08:19:30,L19,maintenance_area,0.3408,23.58,0.4005,19.307,32.16,82.76,DANGER,low_oxygen
2026-01-01 08:19:35,L19,maintenance_area,0.3411,23.94,0.4063,19.313,32.17,82.76,DANGER,low_oxygen
2026-01-01 08:19:40,L19,maintenance_area,0.3402,23.22,0.4177,19.269,32.14,82.68,DANGER,low_oxygen
2026-01-01 08:19:45,L19,maintenance_area,0.3426,23.36,0.4084,19.282,32.23,82.6,DANGER,low_oxygen
2026-01-01 08:19:50,L19,maintenance_area,0.3404,23.08,0.4056,19.239,32.22,82.41,DANGER,low_oxygen
2026-01-01 08:19:55,L19,maintenance_area,0.3417,23.16,0.4132,19.235,32.25,82.49,DANGER,low_oxygen
2026-01-01 08:20:00,L19,maintenance_area,0.3404,22.7,0.4266,19.255,32.3,82.48,DANGER,low_oxygen
2026-01-01 08:20:05,L19,maintenance_area,0.3409,22.94,0.4239,19.189,32.34,82.3,DANGER,low_oxygen
2026-01-01 08:20:10,L19,maintenance_area,0.3409,22.55,0.4395,19.154,32.3,82.33,DANGER,low_oxygen
2026-01-01 08:20:15,L19,maintenance_area,0.3414,22.39,0.4362,19.192,32.37,82.26,DANGER,low_oxygen
2026-01-01 08:20:20,L19,maintenance_area,0.3412,22.23,0.4339,19.131,32.45,82.17,DANGER,low_oxygen
2026-01-01 08:20:25,L19,maintenance_area,0.3399,22.05,0.4369,19.124,32.39,82.1,DANGER,low_oxygen
2026-01-01 08:20:30,L19,maintenance_area,0.3416,21.93,0.4419,19.132,32.44,82.06,DANGER,low_oxygen
2026-01-01 08:20:35,L19,maintenance_area,0.3394,21.93,0.4386,19.115,32.46,81.99,DANGER,low_oxygen
2026-01-01 08:20:40,L19,maintenance_area,0.342,21.93,0.4498,19.058,32.53,81.99,DANGER,co2_buildup
2026-01-01 08:20:45,L19,maintenance_area,0.337,21.77,0.4527,19.109,32.45,82.02,DANGER,co2_buildup
2026-01-01 08:20:50,L19,maintenance_area,0.343,21.77,0.4578,19.117,32.42,82.11,DANGER,co2_buildup
2026-01-01 08:20:55,L19,maintenance_area,0.3433,21.73,0.4544,19.151,32.39,82.09,DANGER,co2_buildup
2026-01-01 08:21:00,L19,maintenance_area,0.347,21.6,0.4609,19.175,32.38,82.22,DANGER,co2_buildup
2026-01-01 08:21:05,L19,maintenance_area,0.3464,21.57,0.4566,19.198,32.34,82.26,DANGER,co2_buildup
2026-01-01 08:21:10,L19,maintenance_area,0.3505,21.57,0.4603,19.19,32.31,82.34,DANGER,co2_buildup
2026-01-01 08:21:15,L19,maintenance_area,0.3496,21.43,0.466,19.198,32.31,82.4,DANGER,co2_buildup
2026-01-01 08:21:20,L19,maintenance_area,0.356,21.45,0.4641,19.206,32.27,82.35,DANGER,co2_buildup
2026-01-01 08:21:25,L19,maintenance_area,0.3574,21.3,0.468,19.244,32.27,82.48,DANGER,co2_buildup
2026-01-01 08:21:30,L19,maintenance_area,0.3516,21.36,0.4735,19.29,32.17,82.45,DANGER,co2_buildup
2026-01-01 08:21:35,L19,maintenance_area,0.3572,21.37,0.4732,19.265,32.23,82.62,DANGER,co2_buildup
2026-01-01 08:21:40,L19,maintenance_area,0.3568,21.27,0.4726,19.288,32.18,82.57,DANGER,co2_buildup
2026-01-01 08:21:45,L19,maintenance_area,0.36,21.15,0.476,19.307,32.14,82.65,DANGER,co2_buildup
2026-01-01 08:21:50,L19,maintenance_area,0.3622,21.15,0.4794,19.314,32.11,82.74,DANGER,co2_buildup
2026-01-01 08:21:55,L19,maintenance_area,0.3593,21.15,0.4844,19.357,32.1,82.82,DANGER,co2_buildup
2026-01-01 08:22:00,L19,maintenance_area,0.3615,21.08,0.4839,19.369,32.03,82.85,DANGER,co2_buildup
2026-01-01 08:22:05,L19,maintenance_area,0.3632,21.05,0.4796,19.379,32.03,82.93,DANGER,co2_buildup
2026-01-01 08:22:10,L19,maintenance_area,0.3654,20.97,0.4921,19.396,32.01,82.94,DANGER,co2_buildup
2026-01-01 08:22:15,L19,maintenance_area,0.3669,20.9,0.494,19.387,31.93,83.01,DANGER,co2_buildup
2026-01-01 08:22:20,L19,maintenance_area,0.3715,20.89,0.4909,19.395,31.96,82.96,DANGER,co2_buildup
2026-01-01 08:22:25,L19,maintenance_area,0.3716,20.84,0.4931,19.418,31.89,83.16,DANGER,co2_buildup
2026-01-01 08:22:30,L19,maintenance_area,0.3705,20.84,0.5032,19.447,31.93,83.15,DANGER,co2_buildup
2026-01-01 08:22:35,L19,maintenance_area,0.3732,20.73,0.5005,19.454,31.91,83.19,DANGER,co2_buildup
2026-01-01 08:22:40,L19,maintenance_area,0.3699,20.7,0.506,19.483,31.89,83.37,DANGER,co2_buildup
2026-01-01 08:22:45,L19,maintenance_area,0.3816,20.65,0.5038,19.491,31.82,83.19,DANGER,co2_buildup
2026-01-01 08:22:50,L19,maintenance_area,0.3784,20.7,0.5104,19.485,31.79,83.38,DANGER,co2_buildup
2026-01-01 08:22:55,L19,maintenance_area,0.3821,20.52,0.5078,19.539,31.72,83.32,DANGER,co2_buildup
2026-01-01 08:23:00,L19,maintenance_area,0.3831,20.49,0.5143,19.528,31.76,83.5,DANGER,co2_buildup
2026-01-01 08:23:05,L19,maintenance_area,0.3827,20.42,0.5165,19.563,31.68,83.51,DANGER,co2_buildup
2026-01-01 08:23:10,L19,maintenance_area,0.3786,20.47,0.5112,19.554,31.66,83.45,DANGER,co2_buildup
2026-01-01 08:23:15,L19,maintenance_area,0.3844,20.43,0.5204,19.569,31.66,83.71,DANGER,co2_buildup
2026-01-01 08:23:20,L19,maintenance_area,0.3879,20.31,0.5201,19.583,31.61,83.64,DANGER,co2_buildup
2026-01-01 08:23:25,L19,maintenance_area,0.3887,20.33,0.5282,19.591,31.59,83.81,DANGER,co2_buildup
2026-01-01 08:23:30,L19,maintenance_area,0.3925,20.24,0.5278,19.607,31.59,83.76,DANGER,co2_buildup
2026-01-01 08:23:35,L19,maintenance_area,0.3915,20.21,0.5286,19.649,31.59,83.84,DANGER,co2_buildup
2026-01-01 08:23:40,L19,maintenance_area,0.3973,20.09,0.5365,19.645,31.55,83.81,DANGER,co2_buildup
2026-01-01 08:23:45,L19,maintenance_area,0.3919,20.09,0.5281,19.68,31.52,84.0,DANGER,co2_buildup
2026-01-01 08:23:50,L19,maintenance_area,0.3971,20.12,0.5425,19.691,31.51,84.0,DANGER,co2_buildup
2026-01-01 08:23:55,L19,maintenance_area,0.3949,20.06,0.5447,19.719,31.46,84.07,DANGER,co2_buildup
2026-01-01 08:24:00,L19,maintenance_area,0.4009,19.98,0.5399,19.705,31.42,84.14,DANGER,co2_buildup
2026-01-01 08:24:05,L19,maintenance_area,0.3985,19.94,0.5463,19.752,31.39,84.11,DANGER,co2_buildup
2026-01-01 08:24:10,L19,maintenance_area,0.3976,19.96,0.5473,19.738,31.4,84.28,DANGER,co2_buildup
2026-01-01 08:24:15,L19,maintenance_area,0.3997,19.84,0.5403,19.726,31.33,84.27,DANGER,co2_buildup
2026-01-01 08:24:20,L19,maintenance_area,0.4035,19.72,0.5501,19.785,31.34,84.47,DANGER,co2_buildup
2026-01-01 08:24:25,L19,maintenance_area,0.4098,19.76,0.5489,19.785,31.29,84.39,DANGER,co2_buildup
2026-01-01 08:24:30,L19,maintenance_area,0.4093,19.66,0.5509,19.836,31.26,84.45,DANGER,co2_buildup
2026-01-01 08:24:35,L19,maintenance_area,0.4101,19.63,0.5566,19.833,31.23,84.45,DANGER,co2_buildup
2026-01-01 08:24:40,L19,maintenance_area,0.4103,19.57,0.5591,19.843,31.25,84.49,DANGER,co2_buildup
2026-01-01 08:24:45,L19,maintenance_area,0.4093,19.49,0.566,19.862,31.18,84.67,DANGER,co2_buildup
2026-01-01 08:24:50,L19,maintenance_area,0.4112,19.48,0.5622,19.867,31.17,84.74,DANGER,co2_buildup
2026-01-01 08:24:55,L19,maintenance_area,0.4136,19.47,0.5657,19.916,31.14,84.71,DANGER,co2_buildup
2026-01-01 08:25:00,L19,maintenance_area,0.4148,19.41,0.5735,19.897,31.15,84.8,DANGER,co2_buildup
2026-01-01 08:25:05,L19,maintenance_area,0.4163,19.35,0.571,19.928,31.13,84.91,DANGER,co2_buildup
2026-01-01 08:25:10,L19,maintenance_area,0.417,19.27,0.5723,19.924,31.09,84.92,DANGER,co2_buildup
2026-01-01 08:25:15,L19,maintenance_area,0.4207,19.16,0.579,19.952,31.03,84.98,DANGER,co2_buildup
2026-01-01 08:25:20,L19,maintenance_area,0.4204,19.19,0.5803,19.949,31.03,85.02,DANGER,co2_buildup
2026-01-01 08:25:25,L19,maintenance_area,0.4263,19.16,0.5813,19.986,30.97,85.03,DANGER,co2_buildup
2026-01-01 08:25:30,L19,maintenance_area,0.4277,19.0,0.5862,19.999,30.97,85.14,DANGER,co2_buildup
2026-01-01 08:25:35,L19,maintenance_area,0.428,19.04,0.5817,20.022,30.9,85.27,WARNING,co2_buildup
2026-01-01 08:25:40,L19,maintenance_area,0.4292,18.99,0.5861,20.036,30.92,85.2,WARNING,co2_buildup
2026-01-01 08:25:45,L19,maintenance_area,0.4259,18.91,0.5966,20.045,30.89,85.33,WARNING,co2_buildup
2026-01-01 08:25:50,L19,maintenance_area,0.4327,18.49,0.5909,20.033,30.88,85.24,WARNING,ventilation_failure
2026-01-01 08:25:55,L19,maintenance_area,0.4442,20.41,0.5909,20.038,30.85,85.41,WARNING,ventilation_failure
2026-01-01 08:26:00,L19,maintenance_area,0.4496,19.91,0.5904,20.028,30.85,85.36,WARNING,ventilation_failure
2026-01-01 08:26:05,L19,maintenance_area,0.4447,20.38,0.5909,19.992,30.83,85.43,DANGER,ventilation_failure
2026-01-01 08:26:10,L19,maintenance_area,0.4488,20.06,0.5892,19.986,30.84,85.59,DANGER,ventilation_failure
2026-01-01 08:26:15,L19,maintenance_area,0.4464,21.32,0.5873,19.969,30.81,85.61,DANGER,ventilation_failure
2026-01-01 08:26:20,L19,maintenance_area,0.4678,21.8,0.5885,19.961,30.82,85.57,DANGER,ventilation_failure
2026-01-01 08:26:25,L19,maintenance_area,0.4639,21.7,0.5865,19.975,30.77,85.7,DANGER,ventilation_failure
2026-01-01 08:26:30,L19,maintenance_area,0.4659,22.21,0.5862,19.945,30.77,85.85,DANGER,ventilation_failure
2026-01-01 08:26:35,L19,maintenance_area,0.469,22.73,0.5845,19.954,30.77,85.88,DANGER,ventilation_failure
2026-01-01 08:26:40,L19,maintenance_area,0.474,23.45,0.5849,19.935,30.76,85.96,DANGER,ventilation_failure
2026-01-01 08:26:45,L19,maintenance_area,0.4939,24.13,0.5816,19.918,30.77,86.05,DANGER,ventilation_failure
2026-01-01 08:26:50,L19,maintenance_area,0.4941,24.41,0.5851,19.91,30.7,86.13,DANGER,ventilation_failure
2026-01-01 08:26:55,L19,maintenance_area,0.4859,25.09,0.5814,19.893,30.7,86.17,DANGER,ventilation_failure
2026-01-01 08:27:00,L19,maintenance_area,0.4911,25.72,0.581,19.887,30.72,86.02,DANGER,ventilation_failure
2026-01-01 08:27:05,L19,maintenance_area,0.5047,26.12,0.5783,19.86,30.67,86.3,DANGER,ventilation_failure
2026-01-01 08:27:10,L19,maintenance_area,0.5034,26.51,0.58,19.849,30.67,86.34,DANGER,ventilation_failure
2026-01-01 08:27:15,L19,maintenance_area,0.5126,26.94,0.5792,19.836,30.64,86.44,DANGER,ventilation_failure
2026-01-01 08:27:20,L19,maintenance_area,0.5276,27.4,0.5805,19.809,30.62,86.57,DANGER,ventilation_failure
2026-01-01 08:27:25,L19,maintenance_area,0.5299,27.68,0.5776,19.812,30.62,86.51,DANGER,ventilation_failure
2026-01-01 08:27:30,L19,maintenance_area,0.5194,27.93,0.5783,19.805,30.64,86.65,DANGER,ventilation_failure
2026-01-01 08:27:35,L19,maintenance_area,0.5283,28.63,0.5774,19.769,30.58,86.74,DANGER,ventilation_failure
2026-01-01 08:27:40,L19,maintenance_area,0.5402,29.41,0.5752,19.752,30.58,86.76,DANGER,ventilation_failure
2026-01-01 08:27:45,L19,maintenance_area,0.5501,29.87,0.5777,19.744,30.57,86.76,DANGER,ventilation_failure
2026-01-01 08:27:50,L19,maintenance_area,0.5442,30.27,0.5764,19.755,30.57,86.84,DANGER,ventilation_failure
2026-01-01 08:27:55,L19,maintenance_area,0.5558,30.32,0.5762,19.722,30.56,86.98,DANGER,ventilation_failure
2026-01-01 08:28:00,L19,maintenance_area,0.5562,30.89,0.5769,19.698,30.53,87.01,DANGER,ventilation_failure
2026-01-01 08:28:05,L19,maintenance_area,0.5734,31.35,0.575,19.686,30.48,87.0,DANGER,ventilation_failure
2026-01-01 08:28:10,L19,maintenance_area,0.5721,31.65,0.574,19.675,30.49,87.13,DANGER,ventilation_failure
2026-01-01 08:28:15,L19,maintenance_area,0.5726,32.75,0.5753,19.665,30.48,87.17,DANGER,ventilation_failure
2026-01-01 08:28:20,L19,maintenance_area,0.5703,32.05,0.5728,19.643,30.49,87.37,DANGER,ventilation_failure
2026-01-01 08:28:25,L19,maintenance_area,0.5777,34.15,0.572,19.656,30.45,87.3,DANGER,ventilation_failure
2026-01-01 08:28:30,L19,maintenance_area,0.5746,34.64,0.5732,19.633,30.47,87.55,DANGER,ventilation_failure
2026-01-01 08:28:35,L19,maintenance_area,0.5951,34.24,0.5704,19.63,30.44,87.66,DANGER,ventilation_failure
2026-01-01 08:28:40,L19,maintenance_area,0.6022,34.86,0.5728,19.581,30.44,87.55,DANGER,ventilation_failure
2026-01-01 08:28:45,L19,maintenance_area,0.6075,35.51,0.5707,19.611,30.44,87.62,DANGER,ventilation_failure
2026-01-01 08:28:50,L19,maintenance_area,0.605,35.29,0.5723,19.584,30.38,87.79,DANGER,ventilation_failure
2026-01-01 08:28:55,L19,maintenance_area,0.6205,36.31,0.5693,19.578,30.36,87.87,DANGER,ventilation_failure
2026-01-01 08:29:00,L19,maintenance_area,0.6272,37.09,0.5702,19.578,30.37,87.83,DANGER,ventilation_failure
2026-01-01 08:29:05,L19,maintenance_area,0.6197,36.23,0.5657,19.551,30.37,87.9,DANGER,ventilation_failure
2026-01-01 08:29:10,L19,maintenance_area,0.6349,36.85,0.5696,19.56,30.33,87.97,DANGER,ventilation_failure
2026-01-01 08:29:15,L19,maintenance_area,0.6341,38.24,0.5681,19.497,30.33,88.01,CRITICAL,ventilation_failure
2026-01-01 08:29:20,L19,maintenance_area,0.6354,38.27,0.5656,19.504,30.33,88.19,DANGER,ventilation_failure
2026-01-01 08:29:25,L19,maintenance_area,0.6501,38.68,0.5673,19.472,30.32,88.21,CRITICAL,ventilation_failure
2026-01-01 08:29:30,L19,maintenance_area,0.6415,39.17,0.5635,19.486,30.28,88.23,CRITICAL,ventilation_failure
2026-01-01 08:29:35,L19,maintenance_area,0.645,39.29,0.5641,19.471,30.28,88.34,CRITICAL,ventilation_failure
2026-01-01 08:29:40,L19,maintenance_area,0.656,40.06,0.563,19.443,30.25,88.38,CRITICAL,ventilation_failure
2026-01-01 08:29:45,L19,maintenance_area,0.6619,40.14,0.5651,19.472,30.23,88.63,CRITICAL,ventilation_failure
2026-01-01 08:29:50,L19,maintenance_area,0.659,41.72,0.565,19.427,30.25,88.53,CRITICAL,ventilation_failure
2026-01-01 08:29:55,L19,maintenance_area,0.6758,41.68,0.5619,19.391,30.19,88.66,CRITICAL,ventilation_failure
2026-01-01 08:30:00,L19,maintenance_area,0.6737,42.13,0.5601,19.414,30.21,88.71,CRITICAL,ventilation_failure
2026-01-01 08:30:05,L19,maintenance_area,0.6758,42.83,0.56,19.402,30.19,88.74,CRITICAL,ventilation_failure
2026-01-01 08:30:10,L19,maintenance_area,0.6916,44.2,0.561,19.374,30.19,88.84,CRITICAL,ventilation_failure
2026-01-01 08:30:15,L19,maintenance_area,0.6906,43.03,0.5604,19.377,30.16,88.9,CRITICAL,ventilation_failure
2026-01-01 08:30:20,L19,maintenance_area,0.7038,43.16,0.5592,19.343,30.17,89.11,CRITICAL,ventilation_failure
2026-01-01 08:30:25,L19,maintenance_area,0.7055,44.39,0.5579,19.337,30.13,89.01,CRITICAL,ventilation_failure
2026-01-01 08:30:30,L19,maintenance_area,0.7068,44.09,0.5611,19.334,30.14,88.92,CRITICAL,ventilation_failure
2026-01-01 08:30:35,L19,maintenance_area,0.7189,45.18,0.5571,19.328,30.11,89.29,CRITICAL,ventilation_failure
2026-01-01 08:30:40,L19,maintenance_area,0.7202,46.16,0.5562,19.301,30.08,89.19,CRITICAL,ventilation_failure
2026-01-01 08:30:45,L19,maintenance_area,0.7227,46.9,0.5587,19.285,30.09,89.3,CRITICAL,ventilation_failure
2026-01-01 08:30:50,L19,maintenance_area,0.7306,46.05,0.5559,19.278,30.07,89.33,CRITICAL,ventilation_failure
2026-01-01 08:30:55,L19,maintenance_area,0.7358,46.78,0.5566,19.239,30.05,89.39,CRITICAL,ventilation_failure
2026-01-01 08:31:00,L19,maintenance_area,0.7421,47.44,0.5528,19.26,29.98,89.62,CRITICAL,fire_heat
2026-01-01 08:31:05,L19,maintenance_area,0.7306,47.44,0.5499,19.257,30.55,89.24,CRITICAL,fire_heat
2026-01-01 08:31:10,L19,maintenance_area,0.7205,47.73,0.5618,19.254,30.45,88.63,CRITICAL,fire_heat
2026-01-01 08:31:15,L19,maintenance_area,0.7244,47.87,0.5467,19.251,30.77,88.57,CRITICAL,fire_heat
2026-01-01 08:31:20,L19,maintenance_area,0.7233,48.15,0.5426,19.253,30.84,88.16,CRITICAL,fire_heat
2026-01-01 08:31:25,L19,maintenance_area,0.7214,48.39,0.5482,19.244,31.0,88.24,CRITICAL,fire_heat
2026-01-01 08:31:30,L19,maintenance_area,0.7135,48.76,0.5434,19.237,31.04,87.77,CRITICAL,fire_heat
2026-01-01 08:31:35,L19,maintenance_area,0.7119,48.83,0.5405,19.229,31.47,87.45,CRITICAL,fire_heat
2026-01-01 08:31:40,L19,maintenance_area,0.7096,49.41,0.5368,19.224,31.6,87.16,CRITICAL,fire_heat
2026-01-01 08:31:45,L19,maintenance_area,0.7052,49.16,0.5348,19.215,31.57,87.78,CRITICAL,fire_heat
2026-01-01 08:31:50,L19,maintenance_area,0.7007,49.75,0.5329,19.205,31.73,86.85,CRITICAL,fire_heat
2026-01-01 08:31:55,L19,maintenance_area,0.6935,49.92,0.5351,19.204,31.86,86.84,CRITICAL,fire_heat
2026-01-01 08:32:00,L19,maintenance_area,0.6967,50.31,0.5287,19.213,32.28,86.69,CRITICAL,fire_heat
2026-01-01 08:32:05,L19,maintenance_area,0.6873,50.3,0.5307,19.197,32.36,86.47,CRITICAL,fire_heat
2026-01-01 08:32:10,L19,maintenance_area,0.6967,50.59,0.5249,19.194,32.54,86.35,CRITICAL,fire_heat
2026-01-01 08:32:15,L19,maintenance_area,0.6802,50.82,0.5222,19.197,32.61,85.98,CRITICAL,fire_heat
2026-01-01 08:32:20,L19,maintenance_area,0.6827,50.73,0.5176,19.172,33.08,85.66,CRITICAL,fire_heat
2026-01-01 08:32:25,L19,maintenance_area,0.671,51.32,0.5249,19.179,32.78,85.58,CRITICAL,fire_heat
2026-01-01 08:32:30,L19,maintenance_area,0.6709,52.19,0.5163,19.171,33.32,85.35,CRITICAL,fire_heat
2026-01-01 08:32:35,L19,maintenance_area,0.6671,52.06,0.5141,19.174,33.53,85.08,CRITICAL,fire_heat
2026-01-01 08:32:40,L19,maintenance_area,0.6606,51.78,0.5175,19.17,33.49,84.98,CRITICAL,fire_heat
2026-01-01 08:32:45,L19,maintenance_area,0.6605,51.79,0.5109,19.165,33.49,84.48,CRITICAL,fire_heat
2026-01-01 08:32:50,L19,maintenance_area,0.661,52.44,0.5091,19.165,33.96,84.34,CRITICAL,fire_heat
2026-01-01 08:32:55,L19,maintenance_area,0.6552,52.9,0.5055,19.155,34.26,83.88,CRITICAL,fire_heat
2026-01-01 08:33:00,L19,maintenance_area,0.6577,52.89,0.5008,19.149,34.53,83.87,CRITICAL,fire_heat
2026-01-01 08:33:05,L19,maintenance_area,0.6458,53.55,0.5046,19.156,34.52,83.56,CRITICAL,fire_heat
2026-01-01 08:33:10,L19,maintenance_area,0.649,53.21,0.4945,19.126,34.49,83.69,CRITICAL,fire_heat
2026-01-01 08:33:15,L19,maintenance_area,0.6405,53.67,0.4936,19.145,34.88,82.93,CRITICAL,fire_heat
2026-01-01 08:33:20,L19,maintenance_area,0.6441,53.83,0.492,19.137,35.02,82.91,CRITICAL,fire_heat
2026-01-01 08:33:25,L19,maintenance_area,0.6394,54.25,0.4929,19.122,35.17,82.67,CRITICAL,fire_heat
2026-01-01 08:33:30,L19,maintenance_area,0.637,54.51,0.4899,19.114,35.15,82.69,CRITICAL,fire_heat
2026-01-01 08:33:35,L19,maintenance_area,0.6289,54.83,0.4821,19.109,35.56,82.05,CRITICAL,fire_heat
2026-01-01 08:33:40,L19,maintenance_area,0.6316,54.78,0.4925,19.106,35.71,82.09,CRITICAL,fire_heat
2026-01-01 08:33:45,L19,maintenance_area,0.6162,55.32,0.4856,19.11,36.2,81.88,CRITICAL,fire_heat
2026-01-01 08:33:50,L19,maintenance_area,0.6214,55.36,0.4797,19.085,36.0,81.83,CRITICAL,fire_heat
2026-01-01 08:33:55,L19,maintenance_area,0.6168,55.82,0.4803,19.104,36.43,81.22,CRITICAL,fire_heat
2026-01-01 08:34:00,L19,maintenance_area,0.6163,56.09,0.4781,19.088,36.56,80.9,CRITICAL,fire_heat
2026-01-01 08:34:05,L19,maintenance_area,0.6093,56.01,0.4736,19.09,36.52,81.05,CRITICAL,fire_heat
2026-01-01 08:34:10,L19,maintenance_area,0.6023,56.09,0.4736,19.072,36.88,80.42,CRITICAL,fire_heat
2026-01-01 08:34:15,L19,maintenance_area,0.5985,56.52,0.4714,19.078,36.73,80.38,CRITICAL,fire_heat
2026-01-01 08:34:20,L19,maintenance_area,0.5996,56.94,0.4713,19.071,37.0,80.21,CRITICAL,fire_heat
2026-01-01 08:34:25,L19,maintenance_area,0.5952,56.63,0.466,19.067,37.12,80.16,CRITICAL,fire_heat
2026-01-01 08:34:30,L19,maintenance_area,0.5964,57.09,0.4646,19.055,37.36,79.48,CRITICAL,fire_heat
2026-01-01 08:34:35,L19,maintenance_area,0.5935,57.58,0.4608,19.052,37.24,79.51,CRITICAL,fire_heat
2026-01-01 08:34:40,L19,maintenance_area,0.5865,57.11,0.4579,19.042,38.02,79.35,CRITICAL,fire_heat
2026-01-01 08:34:45,L19,maintenance_area,0.5831,57.68,0.4547,19.048,37.86,78.93,CRITICAL,fire_heat
2026-01-01 08:34:50,L19,maintenance_area,0.5839,58.02,0.4524,19.047,38.21,78.81,CRITICAL,fire_heat
2026-01-01 08:34:55,L19,maintenance_area,0.5753,58.37,0.4512,19.036,38.3,78.84,CRITICAL,fire_heat
2026-01-01 08:35:00,L19,maintenance_area,0.5722,58.56,0.4497,19.015,38.39,78.32,CRITICAL,fire_heat
2026-01-01 08:35:05,L19,maintenance_area,0.5643,58.8,0.4513,19.032,38.4,78.12,CRITICAL,fire_heat
2026-01-01 08:35:10,L19,maintenance_area,0.5699,58.81,0.4449,19.02,38.63,78.15,CRITICAL,fire_heat
2026-01-01 08:35:15,L19,maintenance_area,0.5626,59.73,0.4429,19.0,38.92,77.69,CRITICAL,fire_heat
2026-01-01 08:35:20,L19,maintenance_area,0.5643,59.45,0.4408,19.0,39.05,77.79,CRITICAL,fire_heat
2026-01-01 08:35:25,L19,maintenance_area,0.5515,59.4,0.4393,18.999,39.15,76.93,CRITICAL,fire_heat
2026-01-01 08:35:30,L19,maintenance_area,0.551,60.31,0.4424,19.0,39.37,76.99,CRITICAL,fire_heat
2026-01-01 08:35:35,L19,maintenance_area,0.5535,60.13,0.4339,18.989,39.73,76.98,CRITICAL,fire_heat
2026-01-01 08:35:40,L19,maintenance_area,0.5477,60.27,0.4346,18.985,39.97,76.44,CRITICAL,fire_heat
2026-01-01 08:35:45,L19,maintenance_area,0.5382,60.92,0.4317,18.99,39.81,76.31,CRITICAL,fire_heat
2026-01-01 08:35:50,L19,maintenance_area,0.5434,60.9,0.4287,18.987,40.03,76.4,CRITICAL,fire_heat
2026-01-01 08:35:55,L19,maintenance_area,0.5311,61.29,0.4234,18.981,40.38,75.74,CRITICAL,fire_heat
2026-01-01 08:36:00,L19,maintenance_area,0.5364,61.35,0.4257,18.961,40.5,75.78,CRITICAL,fire_heat
2026-01-01 08:36:05,L19,maintenance_area,0.5257,61.63,0.4161,18.971,40.64,75.6,CRITICAL,fire_heat
2026-01-01 08:36:10,L19,maintenance_area,0.5214,61.63,0.4173,18.968,40.68,75.42,CRITICAL,combined_hazard
2026-01-01 08:36:15,L19,maintenance_area,0.538,61.74,0.4182,18.962,40.73,75.75,CRITICAL,combined_hazard
2026-01-01 08:36:20,L19,maintenance_area,0.5378,61.47,0.4241,18.963,40.74,75.83,CRITICAL,combined_hazard
2026-01-01 08:36:25,L19,maintenance_area,0.5443,61.48,0.4251,18.965,40.78,75.94,CRITICAL,combined_hazard
2026-01-01 08:36:30,L19,maintenance_area,0.5513,61.39,0.4373,18.965,40.78,76.04,CRITICAL,combined_hazard
2026-01-01 08:36:35,L19,maintenance_area,0.5617,61.32,0.4441,18.964,40.81,76.33,CRITICAL,combined_hazard
2026-01-01 08:36:40,L19,maintenance_area,0.5744,61.12,0.4392,18.966,40.78,76.45,CRITICAL,combined_hazard
2026-01-01 08:36:45,L19,maintenance_area,0.5706,61.01,0.4517,18.96,40.83,76.45,CRITICAL,combined_hazard
2026-01-01 08:36:50,L19,maintenance_area,0.5709,61.08,0.4527,18.962,40.85,76.76,CRITICAL,combined_hazard
2026-01-01 08:36:55,L19,maintenance_area,0.5719,60.96,0.4518,18.961,40.86,76.7,CRITICAL,combined_hazard
2026-01-01 08:37:00,L19,maintenance_area,0.5948,60.85,0.4563,18.961,40.92,76.98,CRITICAL,combined_hazard
2026-01-01 08:37:05,L19,maintenance_area,0.594,60.83,0.4665,18.96,40.87,77.15,CRITICAL,combined_hazard
2026-01-01 08:37:10,L19,maintenance_area,0.5971,60.67,0.4546,18.958,40.93,77.19,CRITICAL,combined_hazard
2026-01-01 08:37:15,L19,maintenance_area,0.6047,60.52,0.4737,18.959,40.97,77.41,CRITICAL,combined_hazard
2026-01-01 08:37:20,L19,maintenance_area,0.6151,60.51,0.4763,18.958,40.98,77.63,CRITICAL,combined_hazard
2026-01-01 08:37:25,L19,maintenance_area,0.6131,60.41,0.4732,18.958,40.98,77.53,CRITICAL,combined_hazard
2026-01-01 08:37:30,L19,maintenance_area,0.6171,60.32,0.4791,18.959,40.99,77.87,CRITICAL,combined_hazard
2026-01-01 08:37:35,L19,maintenance_area,0.6186,60.11,0.4904,18.96,41.05,78.31,CRITICAL,combined_hazard
2026-01-01 08:37:40,L19,maintenance_area,0.6259,60.01,0.4808,18.953,41.04,78.02,CRITICAL,combined_hazard
2026-01-01 08:37:45,L19,maintenance_area,0.6365,60.09,0.4895,18.957,41.05,78.44,CRITICAL,combined_hazard
2026-01-01 08:37:50,L19,maintenance_area,0.6516,59.91,0.4968,18.956,41.1,78.42,CRITICAL,combined_hazard
2026-01-01 08:37:55,L19,maintenance_area,0.6469,59.66,0.4984,18.953,41.11,78.76,CRITICAL,combined_hazard
2026-01-01 08:38:00,L19,maintenance_area,0.6577,59.62,0.5013,18.953,41.12,78.63,CRITICAL,combined_hazard
2026-01-01 08:38:05,L19,maintenance_area,0.6691,59.53,0.5129,18.955,41.15,78.89,CRITICAL,combined_hazard
2026-01-01 08:38:10,L19,maintenance_area,0.67,59.65,0.5033,18.953,41.17,79.36,CRITICAL,combined_hazard
2026-01-01 08:38:15,L19,maintenance_area,0.6862,59.46,0.5071,18.952,41.18,79.16,CRITICAL,combined_hazard
2026-01-01 08:38:20,L19,maintenance_area,0.6794,59.38,0.5042,18.951,41.2,79.43,CRITICAL,combined_hazard
2026-01-01 08:38:25,L19,maintenance_area,0.6836,59.25,0.5142,18.95,41.18,79.57,CRITICAL,combined_hazard
2026-01-01 08:38:30,L19,maintenance_area,0.6879,59.1,0.5197,18.949,41.24,79.33,CRITICAL,combined_hazard
2026-01-01 08:38:35,L19,maintenance_area,0.7093,59.17,0.5277,18.949,41.25,79.85,CRITICAL,combined_hazard
2026-01-01 08:38:40,L19,maintenance_area,0.7099,59.07,0.5342,18.949,41.26,79.75,CRITICAL,combined_hazard
2026-01-01 08:38:45,L19,maintenance_area,0.698,58.86,0.5291,18.95,41.28,80.17,CRITICAL,combined_hazard
2026-01-01 08:38:50,L19,maintenance_area,0.7273,58.96,0.5364,18.947,41.31,80.25,CRITICAL,combined_hazard
2026-01-01 08:38:55,L19,maintenance_area,0.7224,58.81,0.547,18.949,41.33,80.22,CRITICAL,combined_hazard
2026-01-01 08:39:00,L19,maintenance_area,0.7257,58.58,0.5434,18.946,41.36,80.36,CRITICAL,combined_hazard
2026-01-01 08:39:05,L19,maintenance_area,0.734,58.54,0.5502,18.948,41.36,80.67,CRITICAL,combined_hazard
2026-01-01 08:39:10,L19,maintenance_area,0.73,58.44,0.5565,18.945,41.4,81.19,CRITICAL,combined_hazard
2026-01-01 08:39:15,L19,maintenance_area,0.7434,58.41,0.5509,18.949,41.43,81.22,CRITICAL,combined_hazard
2026-01-01 08:39:20,L19,maintenance_area,0.7458,58.16,0.5536,18.946,41.45,81.18,CRITICAL,combined_hazard
2026-01-01 08:39:25,L19,maintenance_area,0.7512,58.14,0.5696,18.946,41.47,81.35,CRITICAL,combined_hazard
2026-01-01 08:39:30,L19,maintenance_area,0.7656,58.18,0.5685,18.944,41.46,81.52,CRITICAL,combined_hazard
2026-01-01 08:39:35,L19,maintenance_area,0.7633,57.88,0.5635,18.945,41.48,81.5,CRITICAL,combined_hazard
2026-01-01 08:39:40,L19,maintenance_area,0.7714,57.91,0.5683,18.941,41.51,81.62,CRITICAL,combined_hazard
2026-01-01 08:39:45,L19,maintenance_area,0.7787,57.73,0.5758,18.941,41.52,82.0,CRITICAL,combined_hazard
2026-01-01 08:39:50,L19,maintenance_area,0.7885,57.83,0.5866,18.942,41.53,81.94,CRITICAL,combined_hazard
2026-01-01 08:39:55,L19,maintenance_area,0.7963,57.69,0.5883,18.944,41.56,82.39,CRITICAL,combined_hazard
2026-01-01 08:40:00,L19,maintenance_area,0.7938,57.44,0.5923,18.943,41.62,82.13,CRITICAL,combined_hazard
2026-01-01 08:40:05,L19,maintenance_area,0.797,57.38,0.5891,18.937,41.59,82.34,CRITICAL,combined_hazard
2026-01-01 08:40:10,L19,maintenance_area,0.8178,57.39,0.5946,18.938,41.61,82.83,CRITICAL,combined_hazard
2026-01-01 08:40:15,L19,maintenance_area,0.7939,57.09,0.5947,18.939,41.63,82.73,CRITICAL,combined_hazard
2026-01-01 08:40:20,L19,maintenance_area,0.8224,57.11,0.6,18.941,41.68,82.9,CRITICAL,combined_hazard
2026-01-01 08:40:25,L19,maintenance_area,0.8215,57.04,0.6004,18.939,41.69,83.17,CRITICAL,combined_hazard
2026-01-01 08:40:30,L19,maintenance_area,0.8319,57.14,0.6051,18.934,41.72,83.39,CRITICAL,combined_hazard
2026-01-01 08:40:35,L19,maintenance_area,0.8342,56.88,0.6094,18.935,41.77,83.46,CRITICAL,combined_hazard
2026-01-01 08:40:40,L19,maintenance_area,0.8481,56.9,0.6156,18.938,41.76,83.56,CRITICAL,combined_hazard
2026-01-01 08:40:45,L19,maintenance_area,0.8481,56.71,0.6218,18.937,41.78,83.79,CRITICAL,combined_hazard
2026-01-01 08:40:50,L19,maintenance_area,0.8417,56.73,0.631,18.936,41.84,83.88,CRITICAL,combined_hazard
2026-01-01 08:40:55,L19,maintenance_area,0.8472,56.43,0.6254,18.937,41.81,84.13,CRITICAL,combined_hazard
2026-01-01 08:41:00,L19,maintenance_area,0.8612,56.42,0.6333,18.934,41.81,84.54,CRITICAL,combined_hazard
2026-01-01 08:41:05,L19,maintenance_area,0.8723,56.38,0.6334,18.935,41.83,84.34,CRITICAL,combined_hazard
2026-01-01 08:41:10,L19,maintenance_area,0.8827,56.32,0.6422,18.936,41.88,84.29,CRITICAL,combined_hazard
2026-01-01 08:41:15,L19,maintenance_area,0.8754,56.24,0.6358,18.933,41.85,84.72,CRITICAL,combined_hazard
2026-01-01 08:41:20,L19,maintenance_area,0.871,56.14,0.6426,18.931,41.86,84.7,CRITICAL,combined_hazard
2026-01-01 08:41:25,L19,maintenance_area,0.8941,56.07,0.6516,18.931,41.9,84.92,CRITICAL,combined_hazard
2026-01-01 08:41:30,L19,maintenance_area,0.8973,55.94,0.6549,18.93,41.95,85.07,CRITICAL,combined_hazard
2026-01-01 08:41:35,L19,maintenance_area,0.9037,55.86,0.6585,18.927,41.97,85.08,CRITICAL,combined_hazard
2026-01-01 08:00:00,L20,return_airway,0.1234,5.46,0.042,20.485,28.85,70.4,SAFE,normal
2026-01-01 08:00:05,L20,return_airway,0.1262,5.44,0.0499,20.486,28.8,70.43,SAFE,normal
2026-01-01 08:00:10,L20,return_airway,0.1267,5.54,0.0517,20.488,28.74,70.56,SAFE,normal
2026-01-01 08:00:15,L20,return_airway,0.1271,5.5,0.0524,20.476,28.73,70.57,SAFE,normal
2026-01-01 08:00:20,L20,return_airway,0.1264,5.64,0.053,20.478,28.68,70.73,SAFE,normal
2026-01-01 08:00:25,L20,return_airway,0.129,5.64,0.0557,20.479,28.63,70.83,SAFE,normal
2026-01-01 08:00:30,L20,return_airway,0.1262,5.65,0.0595,20.479,28.58,70.82,SAFE,normal
2026-01-01 08:00:35,L20,return_airway,0.1279,5.72,0.059,20.476,28.56,70.93,SAFE,normal
2026-01-01 08:00:40,L20,return_airway,0.13,5.84,0.0586,20.476,28.51,71.07,SAFE,normal
2026-01-01 08:00:45,L20,return_airway,0.1306,5.8,0.0619,20.469,28.49,71.04,SAFE,normal
2026-01-01 08:00:50,L20,return_airway,0.1287,5.91,0.0602,20.47,28.44,71.12,SAFE,normal
2026-01-01 08:00:55,L20,return_airway,0.1335,6.03,0.0635,20.473,28.36,71.19,SAFE,normal
2026-01-01 08:01:00,L20,return_airway,0.1307,6.01,0.0653,20.466,28.35,71.24,SAFE,normal
2026-01-01 08:01:05,L20,return_airway,0.1315,6.01,0.0662,20.46,28.33,71.31,SAFE,normal
2026-01-01 08:01:10,L20,return_airway,0.1333,6.12,0.0675,20.464,28.36,71.35,SAFE,normal
2026-01-01 08:01:15,L20,return_airway,0.1346,6.22,0.0733,20.465,28.26,71.5,SAFE,normal
2026-01-01 08:01:20,L20,return_airway,0.1329,6.18,0.0693,20.462,28.23,71.54,SAFE,normal
2026-01-01 08:01:25,L20,return_airway,0.135,6.35,0.0739,20.458,28.26,71.65,SAFE,normal
2026-01-01 08:01:30,L20,return_airway,0.1332,6.38,0.0719,20.458,28.1,71.74,SAFE,normal
2026-01-01 08:01:35,L20,return_airway,0.1368,6.41,0.0718,20.455,28.06,71.68,SAFE,normal
2026-01-01 08:01:40,L20,return_airway,0.1349,6.48,0.0817,20.454,28.05,71.76,SAFE,normal
2026-01-01 08:01:45,L20,return_airway,0.1358,6.51,0.0837,20.454,28.03,71.93,SAFE,normal
2026-01-01 08:01:50,L20,return_airway,0.1353,6.57,0.0809,20.454,28.0,71.94,SAFE,normal
2026-01-01 08:01:55,L20,return_airway,0.1366,6.61,0.084,20.447,27.95,72.03,SAFE,normal
2026-01-01 08:02:00,L20,return_airway,0.1358,6.7,0.0848,20.455,27.89,72.1,SAFE,normal
2026-01-01 08:02:05,L20,return_airway,0.1372,6.78,0.0865,20.45,27.93,72.1,SAFE,normal
2026-01-01 08:02:10,L20,return_airway,0.1378,6.73,0.0878,20.446,27.84,72.26,SAFE,normal
2026-01-01 08:02:15,L20,return_airway,0.1368,6.78,0.0919,20.445,27.86,72.32,SAFE,normal
2026-01-01 08:02:20,L20,return_airway,0.138,6.85,0.0915,20.444,27.75,72.31,SAFE,normal
2026-01-01 08:02:25,L20,return_airway,0.1363,6.89,0.0953,20.444,27.81,72.43,SAFE,normal
2026-01-01 08:02:30,L20,return_airway,0.138,7.03,0.1002,20.443,27.65,72.5,SAFE,normal
2026-01-01 08:02:35,L20,return_airway,0.1403,6.95,0.0987,20.441,27.67,72.63,SAFE,normal
2026-01-01 08:02:40,L20,return_airway,0.1422,7.11,0.0997,20.439,27.6,72.72,SAFE,normal
2026-01-01 08:02:45,L20,return_airway,0.1408,7.2,0.0996,20.439,27.6,72.72,SAFE,normal
2026-01-01 08:02:50,L20,return_airway,0.1417,7.16,0.1028,20.433,27.53,72.68,SAFE,normal
2026-01-01 08:02:55,L20,return_airway,0.144,7.31,0.1003,20.433,27.45,72.9,SAFE,normal
2026-01-01 08:03:00,L20,return_airway,0.144,7.35,0.1103,20.433,27.46,73.07,SAFE,normal
2026-01-01 08:03:05,L20,return_airway,0.1445,7.33,0.1055,20.43,27.51,73.04,SAFE,normal
2026-01-01 08:03:10,L20,return_airway,0.144,7.44,0.1048,20.431,27.38,73.04,SAFE,normal
2026-01-01 08:03:15,L20,return_airway,0.1436,7.41,0.1112,20.427,27.39,73.16,SAFE,normal
2026-01-01 08:03:20,L20,return_airway,0.1453,7.45,0.1141,20.433,27.34,73.25,SAFE,normal
2026-01-01 08:03:25,L20,return_airway,0.1471,7.53,0.1183,20.424,27.29,73.28,SAFE,normal
2026-01-01 08:03:30,L20,return_airway,0.1484,7.67,0.1173,20.43,27.34,73.42,SAFE,normal
2026-01-01 08:03:35,L20,return_airway,0.1498,7.64,0.1208,20.42,27.22,73.34,SAFE,normal
2026-01-01 08:03:40,L20,return_airway,0.149,7.71,0.1225,20.428,27.2,73.45,SAFE,normal
2026-01-01 08:03:45,L20,return_airway,0.1473,7.72,0.124,20.423,27.16,73.58,SAFE,normal
2026-01-01 08:03:50,L20,return_airway,0.146,7.86,0.1206,20.422,27.17,73.66,SAFE,normal
2026-01-01 08:03:55,L20,return_airway,0.1491,7.91,0.1266,20.416,27.03,73.65,SAFE,normal
2026-01-01 08:04:00,L20,return_airway,0.1503,7.89,0.1234,20.417,27.12,73.72,SAFE,normal
2026-01-01 08:04:05,L20,return_airway,0.1455,7.86,0.1339,20.416,27.06,73.78,SAFE,normal
2026-01-01 08:04:10,L20,return_airway,0.1476,8.01,0.1323,20.415,26.98,73.84,SAFE,normal
2026-01-01 08:04:15,L20,return_airway,0.1496,8.1,0.1306,20.417,26.96,73.99,SAFE,normal
2026-01-01 08:04:20,L20,return_airway,0.1496,8.13,0.1349,20.414,26.89,74.03,SAFE,normal
2026-01-01 08:04:25,L20,return_airway,0.1489,8.19,0.133,20.411,26.87,74.18,SAFE,normal
2026-01-01 08:04:30,L20,return_airway,0.1523,8.25,0.1334,20.412,26.84,74.1,SAFE,normal
2026-01-01 08:04:35,L20,return_airway,0.154,8.27,0.1414,20.411,26.75,74.23,SAFE,normal
2026-01-01 08:04:40,L20,return_airway,0.1524,8.28,0.1383,20.405,26.8,74.35,SAFE,normal
2026-01-01 08:04:45,L20,return_airway,0.1508,8.43,0.1421,20.404,26.72,74.4,SAFE,normal
2026-01-01 08:04:50,L20,return_airway,0.154,8.4,0.1448,20.409,26.68,74.38,SAFE,normal
2026-01-01 08:04:55,L20,return_airway,0.1526,8.44,0.1455,20.402,26.61,74.59,SAFE,normal
2026-01-01 08:05:00,L20,return_airway,0.1532,8.58,0.1451,20.4,26.64,74.59,SAFE,normal
2026-01-01 08:05:05,L20,return_airway,0.1566,8.55,0.1496,20.399,26.56,74.78,SAFE,normal
2026-01-01 08:05:10,L20,return_airway,0.1263,8.52,0.148,20.384,26.53,74.66,SAFE,methane_buildup
2026-01-01 08:05:15,L20,return_airway,0.1601,8.73,0.1508,20.398,26.56,74.77,SAFE,methane_buildup
2026-01-01 08:05:20,L20,return_airway,0.1657,8.74,0.1503,20.378,26.63,74.74,SAFE,methane_buildup
2026-01-01 08:05:25,L20,return_airway,0.1666,8.82,0.1489,20.39,26.66,74.92,SAFE,methane_buildup
2026-01-01 08:05:30,L20,return_airway,0.2239,8.91,0.1499,20.37,26.62,74.94,SAFE,methane_buildup
2026-01-01 08:05:35,L20,return_airway,0.2165,8.99,0.1482,20.361,26.71,74.93,SAFE,methane_buildup
2026-01-01 08:05:40,L20,return_airway,0.2375,9.11,0.149,20.338,26.7,75.0,SAFE,methane_buildup
2026-01-01 08:05:45,L20,return_airway,0.2589,9.33,0.1489,20.354,26.73,75.02,SAFE,methane_buildup
2026-01-01 08:05:50,L20,return_airway,0.2787,9.22,0.1464,20.355,26.79,75.17,SAFE,methane_buildup
2026-01-01 08:05:55,L20,return_airway,0.29,9.34,0.1479,20.338,26.81,75.2,SAFE,methane_buildup
2026-01-01 08:06:00,L20,return_airway,0.3034,9.43,0.1474,20.302,26.82,75.29,SAFE,methane_buildup
2026-01-01 08:06:05,L20,return_airway,0.3217,9.45,0.1457,20.301,26.86,75.24,SAFE,methane_buildup
2026-01-01 08:06:10,L20,return_airway,0.3224,9.54,0.1452,20.283,26.86,75.37,SAFE,methane_buildup
2026-01-01 08:06:15,L20,return_airway,0.3339,9.73,0.1471,20.279,26.88,75.41,SAFE,methane_buildup
2026-01-01 08:06:20,L20,return_airway,0.3255,9.69,0.1459,20.279,26.95,75.55,SAFE,methane_buildup
2026-01-01 08:06:25,L20,return_airway,0.3823,9.75,0.1443,20.274,26.98,75.55,SAFE,methane_buildup
2026-01-01 08:06:30,L20,return_airway,0.3779,10.03,0.1465,20.263,26.96,75.68,SAFE,methane_buildup
2026-01-01 08:06:35,L20,return_airway,0.4306,9.88,0.1467,20.234,26.99,75.68,SAFE,methane_buildup
2026-01-01 08:06:40,L20,return_airway,0.4273,10.12,0.144,20.24,27.05,75.87,SAFE,methane_buildup
2026-01-01 08:06:45,L20,return_airway,0.4448,10.12,0.1451,20.237,27.03,75.84,SAFE,methane_buildup
2026-01-01 08:06:50,L20,return_airway,0.4559,10.12,0.1468,20.232,27.1,75.95,SAFE,methane_buildup
2026-01-01 08:06:55,L20,return_airway,0.4679,10.27,0.1436,20.218,27.08,75.95,SAFE,methane_buildup
2026-01-01 08:07:00,L20,return_airway,0.4817,10.36,0.1465,20.21,27.12,76.08,SAFE,methane_buildup
2026-01-01 08:07:05,L20,return_airway,0.4975,10.34,0.1438,20.194,27.18,76.04,SAFE,methane_buildup
2026-01-01 08:07:10,L20,return_airway,0.5064,10.57,0.1439,20.19,27.15,76.15,WARNING,methane_buildup
2026-01-01 08:07:15,L20,return_airway,0.5096,10.64,0.1421,20.202,27.19,76.18,WARNING,methane_buildup
2026-01-01 08:07:20,L20,return_airway,0.5161,10.67,0.1419,20.181,27.24,76.38,WARNING,methane_buildup
2026-01-01 08:07:25,L20,return_airway,0.5535,10.81,0.1425,20.164,27.21,76.27,WARNING,methane_buildup
2026-01-01 08:07:30,L20,return_airway,0.5805,10.87,0.1442,20.159,27.28,76.52,WARNING,methane_buildup
2026-01-01 08:07:35,L20,return_airway,0.5748,11.04,0.1457,20.144,27.33,76.38,WARNING,methane_buildup
2026-01-01 08:07:40,L20,return_airway,0.5932,10.94,0.1458,20.135,27.35,76.56,WARNING,methane_buildup
2026-01-01 08:07:45,L20,return_airway,0.5868,11.08,0.1423,20.134,27.36,76.55,WARNING,methane_buildup
2026-01-01 08:07:50,L20,return_airway,0.6137,11.26,0.1418,20.112,27.38,76.66,WARNING,methane_buildup
2026-01-01 08:07:55,L20,return_airway,0.6171,11.3,0.1408,20.107,27.44,76.7,WARNING,methane_buildup
2026-01-01 08:08:00,L20,return_airway,0.6326,11.17,0.1431,20.087,27.47,76.72,WARNING,methane_buildup
2026-01-01 08:08:05,L20,return_airway,0.6651,11.3,0.1406,20.098,27.46,76.84,WARNING,methane_buildup
2026-01-01 08:08:10,L20,return_airway,0.6774,11.5,0.141,20.091,27.47,76.87,WARNING,methane_buildup
2026-01-01 08:08:15,L20,return_airway,0.704,11.71,0.1417,20.078,27.53,76.99,WARNING,methane_buildup
2026-01-01 08:08:20,L20,return_airway,0.7183,11.63,0.1414,20.062,27.56,76.96,WARNING,methane_buildup
2026-01-01 08:08:25,L20,return_airway,0.7094,11.79,0.1399,20.055,27.6,77.11,WARNING,methane_buildup
2026-01-01 08:08:30,L20,return_airway,0.7087,11.83,0.1403,20.048,27.6,77.2,WARNING,methane_buildup
2026-01-01 08:08:35,L20,return_airway,0.7373,11.95,0.1394,20.047,27.6,77.2,WARNING,methane_buildup
2026-01-01 08:08:40,L20,return_airway,0.7553,12.07,0.1389,20.038,27.6,77.19,WARNING,methane_buildup
2026-01-01 08:08:45,L20,return_airway,0.7879,12.14,0.1385,20.007,27.71,77.43,WARNING,methane_buildup
2026-01-01 08:08:50,L20,return_airway,0.8032,12.22,0.1377,20.003,27.73,77.42,WARNING,methane_buildup
2026-01-01 08:08:55,L20,return_airway,0.8084,12.18,0.1397,20.006,27.7,77.41,WARNING,methane_buildup
2026-01-01 08:09:00,L20,return_airway,0.8341,12.3,0.1387,19.981,27.75,77.55,WARNING,methane_buildup
2026-01-01 08:09:05,L20,return_airway,0.8747,12.43,0.1374,19.993,27.76,77.48,WARNING,methane_buildup
2026-01-01 08:09:10,L20,return_airway,0.8509,12.51,0.1371,19.973,27.79,77.71,WARNING,methane_buildup
2026-01-01 08:09:15,L20,return_airway,0.8638,12.59,0.1368,19.973,27.81,77.83,WARNING,methane_buildup
2026-01-01 08:09:20,L20,return_airway,0.8697,12.5,0.1374,19.958,27.86,77.82,WARNING,methane_buildup
2026-01-01 08:09:25,L20,return_airway,0.9008,12.8,0.1392,19.948,27.84,77.77,WARNING,methane_buildup
2026-01-01 08:09:30,L20,return_airway,0.927,12.66,0.1368,19.93,27.88,77.78,WARNING,methane_buildup
2026-01-01 08:09:35,L20,return_airway,0.9181,12.82,0.1381,19.926,27.94,78.03,WARNING,methane_buildup
2026-01-01 08:09:40,L20,return_airway,0.9342,12.97,0.1391,19.922,27.9,78.01,WARNING,methane_buildup
2026-01-01 08:09:45,L20,return_airway,0.9469,13.03,0.1372,19.912,27.98,78.06,WARNING,methane_buildup
2026-01-01 08:09:50,L20,return_airway,0.9524,13.22,0.1358,19.912,27.98,78.21,WARNING,methane_buildup
2026-01-01 08:09:55,L20,return_airway,0.9853,13.11,0.1364,19.89,28.06,78.17,WARNING,methane_buildup
2026-01-01 08:10:00,L20,return_airway,1.0003,13.25,0.1362,19.887,28.06,78.31,WARNING,methane_buildup
2026-01-01 08:10:05,L20,return_airway,1.0118,13.21,0.1381,19.892,28.05,78.33,WARNING,methane_buildup
2026-01-01 08:10:10,L20,return_airway,1.0533,13.45,0.1337,19.877,28.13,78.41,WARNING,methane_buildup
2026-01-01 08:10:15,L20,return_airway,1.0472,13.5,0.1369,19.862,28.12,78.55,WARNING,methane_buildup
2026-01-01 08:10:20,L20,return_airway,1.0414,13.35,0.1349,19.859,28.15,78.48,WARNING,co_buildup
2026-01-01 08:10:25,L20,return_airway,1.0184,14.25,0.1369,19.857,28.18,78.57,WARNING,co_buildup
2026-01-01 08:10:30,L20,return_airway,0.9846,14.59,0.134,19.866,28.28,78.61,WARNING,co_buildup
2026-01-01 08:10:35,L20,return_airway,0.9955,14.82,0.1358,19.864,28.28,78.66,WARNING,co_buildup
2026-01-01 08:10:40,L20,return_airway,0.9907,14.95,0.1342,19.865,28.35,78.79,WARNING,co_buildup
2026-01-01 08:10:45,L20,return_airway,0.9587,15.44,0.1367,19.867,28.51,78.95,WARNING,co_buildup
2026-01-01 08:10:50,L20,return_airway,0.9994,15.96,0.1357,19.871,28.56,79.03,WARNING,co_buildup
2026-01-01 08:10:55,L20,return_airway,0.9624,16.08,0.1337,19.874,28.58,79.05,WARNING,co_buildup
2026-01-01 08:11:00,L20,return_airway,0.952,16.8,0.1355,19.868,28.76,79.16,WARNING,co_buildup
2026-01-01 08:11:05,L20,return_airway,0.9316,16.89,0.1343,19.872,28.69,79.21,WARNING,co_buildup
2026-01-01 08:11:10,L20,return_airway,0.9303,17.81,0.1352,19.872,28.84,79.23,WARNING,co_buildup
2026-01-01 08:11:15,L20,return_airway,0.9058,18.26,0.1336,19.875,28.91,79.39,WARNING,co_buildup
2026-01-01 08:11:20,L20,return_airway,0.8955,18.92,0.1362,19.877,28.96,79.42,WARNING,co_buildup
2026-01-01 08:11:25,L20,return_airway,0.9023,19.01,0.1327,19.874,29.1,79.49,WARNING,co_buildup
2026-01-01 08:11:30,L20,return_airway,0.8866,19.42,0.1339,19.88,29.2,79.46,WARNING,co_buildup
2026-01-01 08:11:35,L20,return_airway,0.8613,19.43,0.1336,19.88,29.09,79.7,WARNING,co_buildup
2026-01-01 08:11:40,L20,return_airway,0.8736,20.14,0.1351,19.884,29.08,79.88,WARNING,co_buildup
2026-01-01 08:11:45,L20,return_airway,0.8364,20.18,0.1341,19.884,29.27,80.0,WARNING,co_buildup
2026-01-01 08:11:50,L20,return_airway,0.8193,20.34,0.1343,19.881,29.3,80.03,WARNING,co_buildup
2026-01-01 08:11:55,L20,return_airway,0.8149,21.3,0.1338,19.888,29.41,79.97,WARNING,co_buildup
2026-01-01 08:12:00,L20,return_airway,0.805,21.63,0.133,19.885,29.62,80.15,WARNING,co_buildup
2026-01-01 08:12:05,L20,return_airway,0.7751,22.47,0.1341,19.886,29.75,80.16,WARNING,co_buildup
2026-01-01 08:12:10,L20,return_airway,0.7832,22.28,0.1329,19.89,29.58,80.49,WARNING,co_buildup
2026-01-01 08:12:15,L20,return_airway,0.7907,24.14,0.1323,19.891,29.73,80.39,WARNING,co_buildup
2026-01-01 08:12:20,L20,return_airway,0.7647,23.3,0.1348,19.889,29.79,80.47,WARNING,co_buildup
2026-01-01 08:12:25,L20,return_airway,0.7493,23.87,0.1328,19.894,29.87,80.66,WARNING,co_buildup
2026-01-01 08:12:30,L20,return_airway,0.7351,24.09,0.1356,19.896,29.83,80.67,WARNING,co_buildup
2026-01-01 08:12:35,L20,return_airway,0.7054,25.02,0.1355,19.897,30.07,80.85,WARNING,co_buildup
2026-01-01 08:12:40,L20,return_airway,0.6934,25.06,0.1349,19.895,30.12,80.76,WARNING,co_buildup
2026-01-01 08:12:45,L20,return_airway,0.6953,25.18,0.1327,19.9,30.1,80.94,WARNING,co_buildup
2026-01-01 08:12:50,L20,return_airway,0.6762,25.27,0.1361,19.903,30.27,81.06,WARNING,co_buildup
2026-01-01 08:12:55,L20,return_airway,0.652,26.6,0.1313,19.899,30.17,80.9,WARNING,co_buildup
2026-01-01 08:13:00,L20,return_airway,0.6531,27.05,0.1328,19.901,30.22,81.13,WARNING,co_buildup
2026-01-01 08:13:05,L20,return_airway,0.6507,27.35,0.1345,19.907,30.42,81.23,WARNING,co_buildup
2026-01-01 08:13:10,L20,return_airway,0.6402,27.55,0.1344,19.91,30.5,81.36,WARNING,co_buildup
2026-01-01 08:13:15,L20,return_airway,0.6113,27.93,0.1328,19.907,30.53,81.42,WARNING,co_buildup
2026-01-01 08:13:20,L20,return_airway,0.6087,28.76,0.1327,19.908,30.68,81.55,WARNING,co_buildup
2026-01-01 08:13:25,L20,return_airway,0.6022,28.84,0.1332,19.911,30.64,81.6,WARNING,co_buildup
2026-01-01 08:13:30,L20,return_airway,0.5701,29.72,0.1333,19.915,30.82,81.79,WARNING,co_buildup
2026-01-01 08:13:35,L20,return_airway,0.564,29.67,0.1328,19.911,30.87,81.95,WARNING,co_buildup
2026-01-01 08:13:40,L20,return_airway,0.5611,30.07,0.135,19.914,31.01,81.75,WARNING,co_buildup
2026-01-01 08:13:45,L20,return_airway,0.5383,30.68,0.1325,19.915,30.84,81.96,WARNING,co_buildup
2026-01-01 08:13:50,L20,return_airway,0.5333,31.48,0.1347,19.914,30.99,82.13,WARNING,co_buildup
2026-01-01 08:13:55,L20,return_airway,0.5551,31.82,0.1335,19.921,31.03,82.07,WARNING,co_buildup
2026-01-01 08:14:00,L20,return_airway,0.4952,31.77,0.1341,19.921,31.21,82.24,WARNING,co_buildup
2026-01-01 08:14:05,L20,return_airway,0.5183,32.06,0.1314,19.917,31.33,82.27,WARNING,co_buildup
2026-01-01 08:14:10,L20,return_airway,0.4933,32.15,0.134,19.923,31.28,82.31,WARNING,co_buildup
2026-01-01 08:14:15,L20,return_airway,0.4625,33.29,0.1339,19.928,31.41,82.39,WARNING,co_buildup
2026-01-01 08:14:20,L20,return_airway,0.4733,32.76,0.1321,19.926,31.53,82.36,WARNING,co_buildup
2026-01-01 08:14:25,L20,return_airway,0.4537,34.51,0.1336,19.93,31.53,82.66,WARNING,co_buildup
2026-01-01 08:14:30,L20,return_airway,0.4556,34.6,0.1311,19.927,31.62,82.75,WARNING,co_buildup
2026-01-01 08:14:35,L20,return_airway,0.4371,34.41,0.1321,19.932,31.52,82.74,WARNING,co_buildup
2026-01-01 08:14:40,L20,return_airway,0.4195,35.57,0.1338,19.934,31.81,82.88,WARNING,co_buildup
2026-01-01 08:14:45,L20,return_airway,0.4015,35.73,0.1323,19.932,31.76,82.87,WARNING,co_buildup
2026-01-01 08:14:50,L20,return_airway,0.4072,36.11,0.1321,19.933,32.02,83.11,WARNING,co_buildup
2026-01-01 08:14:55,L20,return_airway,0.3764,36.25,0.1338,19.937,31.87,83.12,WARNING,co_buildup
2026-01-01 08:15:00,L20,return_airway,0.3524,36.98,0.1303,19.937,32.02,83.3,WARNING,co_buildup
2026-01-01 08:15:05,L20,return_airway,0.3344,36.64,0.1321,19.94,32.11,83.3,WARNING,co_buildup
2026-01-01 08:15:10,L20,return_airway,0.3303,37.62,0.1321,19.94,31.97,83.33,WARNING,co_buildup
2026-01-01 08:15:15,L20,return_airway,0.3427,37.75,0.1313,19.94,32.31,83.45,WARNING,co_buildup
2026-01-01 08:15:20,L20,return_airway,0.3168,38.32,0.1335,19.941,32.31,83.7,WARNING,co_buildup
2026-01-01 08:15:25,L20,return_airway,0.2999,38.58,0.1311,19.942,32.24,83.83,WARNING,co_buildup
2026-01-01 08:15:30,L20,return_airway,0.3058,38.67,0.1301,19.917,32.34,83.7,WARNING,low_oxygen
2026-01-01 08:15:35,L20,return_airway,0.3158,38.18,0.1327,19.918,32.34,83.67,WARNING,low_oxygen
2026-01-01 08:15:40,L20,return_airway,0.3223,37.83,0.135,19.87,32.36,83.72,WARNING,low_oxygen
2026-01-01 08:15:45,L20,return_airway,0.3242,37.08,0.1387,19.847,32.34,83.72,WARNING,low_oxygen
2026-01-01 08:15:50,L20,return_airway,0.3203,37.42,0.1446,19.822,32.34,83.77,WARNING,low_oxygen
2026-01-01 08:15:55,L20,return_airway,0.3266,37.21,0.148,19.846,32.36,83.83,WARNING,low_oxygen
2026-01-01 08:16:00,L20,return_airway,0.3366,36.62,0.1459,19.795,32.37,83.83,WARNING,low_oxygen
2026-01-01 08:16:05,L20,return_airway,0.3436,36.35,0.1525,19.758,32.37,83.83,DANGER,low_oxygen
2026-01-01 08:16:10,L20,return_airway,0.3346,36.01,0.1528,19.729,32.36,83.86,DANGER,low_oxygen
2026-01-01 08:16:15,L20,return_airway,0.3457,35.62,0.1543,19.697,32.38,83.89,DANGER,low_oxygen
2026-01-01 08:16:20,L20,return_airway,0.3516,35.39,0.1623,19.687,32.38,83.91,DANGER,low_oxygen
2026-01-01 08:16:25,L20,return_airway,0.3457,35.14,0.1598,19.647,32.38,83.96,DANGER,low_oxygen
2026-01-01 08:16:30,L20,return_airway,0.3607,34.9,0.1607,19.646,32.39,84.03,DANGER,low_oxygen
2026-01-01 08:16:35,L20,return_airway,0.3696,33.32,0.1662,19.616,32.39,83.99,DANGER,low_oxygen
2026-01-01 08:16:40,L20,return_airway,0.3669,33.77,0.162,19.59,32.41,84.08,DANGER,low_oxygen
2026-01-01 08:16:45,L20,return_airway,0.3703,32.82,0.1677,19.613,32.41,84.06,DANGER,low_oxygen
2026-01-01 08:16:50,L20,return_airway,0.3682,33.34,0.1717,19.555,32.41,84.09,DANGER,low_oxygen
2026-01-01 08:16:55,L20,return_airway,0.3733,32.51,0.1756,19.532,32.43,84.11,DANGER,low_oxygen
2026-01-01 08:17:00,L20,return_airway,0.3765,32.21,0.1765,19.542,32.42,84.09,DANGER,low_oxygen
2026-01-01 08:17:05,L20,return_airway,0.3793,31.78,0.174,19.458,32.43,84.17,DANGER,low_oxygen
2026-01-01 08:17:10,L20,return_airway,0.3862,31.44,0.1777,19.454,32.44,84.12,DANGER,low_oxygen
2026-01-01 08:17:15,L20,return_airway,0.3926,31.56,0.1816,19.406,32.44,84.22,DANGER,low_oxygen
2026-01-01 08:17:20,L20,return_airway,0.3912,31.04,0.1862,19.419,32.46,84.24,DANGER,low_oxygen
2026-01-01 08:17:25,L20,return_airway,0.3974,30.8,0.1836,19.407,32.45,84.22,DANGER,low_oxygen
2026-01-01 08:17:30,L20,return_airway,0.4044,29.8,0.1948,19.314,32.46,84.29,DANGER,low_oxygen
2026-01-01 08:17:35,L20,return_airway,0.3971,28.77,0.1937,19.365,32.46,84.31,DANGER,low_oxygen
2026-01-01 08:17:40,L20,return_airway,0.4151,29.38,0.196,19.329,32.47,84.34,DANGER,low_oxygen
2026-01-01 08:17:45,L20,return_airway,0.4156,28.37,0.197,19.298,32.48,84.36,DANGER,low_oxygen
2026-01-01 08:17:50,L20,return_airway,0.4196,28.25,0.1953,19.245,32.47,84.38,DANGER,low_oxygen
2026-01-01 08:17:55,L20,return_airway,0.4278,27.98,0.2027,19.267,32.5,84.42,DANGER,low_oxygen
2026-01-01 08:18:00,L20,return_airway,0.4307,27.63,0.2072,19.264,32.47,84.46,DANGER,low_oxygen
2026-01-01 08:18:05,L20,return_airway,0.4331,27.48,0.2067,19.193,32.49,84.46,DANGER,low_oxygen
2026-01-01 08:18:10,L20,return_airway,0.4355,26.56,0.2131,19.171,32.5,84.49,DANGER,low_oxygen
2026-01-01 08:18:15,L20,return_airway,0.4381,26.72,0.2119,19.155,32.5,84.54,DANGER,low_oxygen
2026-01-01 08:18:20,L20,return_airway,0.4394,26.07,0.2167,19.121,32.51,84.6,DANGER,low_oxygen
2026-01-01 08:18:25,L20,return_airway,0.4415,26.65,0.2166,19.102,32.52,84.57,DANGER,low_oxygen
2026-01-01 08:18:30,L20,return_airway,0.4516,24.84,0.2206,19.106,32.51,84.56,DANGER,low_oxygen
2026-01-01 08:18:35,L20,return_airway,0.4556,25.06,0.2246,19.057,32.53,84.6,DANGER,low_oxygen
2026-01-01 08:18:40,L20,return_airway,0.4583,24.85,0.2207,19.041,32.53,84.66,DANGER,low_oxygen
2026-01-01 08:18:45,L20,return_airway,0.4554,24.12,0.2287,19.057,32.54,84.71,DANGER,low_oxygen
2026-01-01 08:18:50,L20,return_airway,0.4533,23.69,0.2324,19.02,32.53,84.68,DANGER,low_oxygen
2026-01-01 08:18:55,L20,return_airway,0.4696,23.97,0.2385,18.939,32.54,84.73,DANGER,low_oxygen
2026-01-01 08:19:00,L20,return_airway,0.4649,23.43,0.2341,18.979,32.55,84.75,DANGER,low_oxygen
2026-01-01 08:19:05,L20,return_airway,0.4787,22.5,0.2296,18.947,32.56,84.76,DANGER,low_oxygen
2026-01-01 08:19:10,L20,return_airway,0.49,21.89,0.233,18.925,32.56,84.84,DANGER,low_oxygen
2026-01-01 08:19:15,L20,return_airway,0.4865,22.22,0.2383,18.853,32.56,84.86,DANGER,low_oxygen
2026-01-01 08:19:20,L20,return_airway,0.4869,21.76,0.2477,18.848,32.56,84.87,DANGER,low_oxygen
2026-01-01 08:19:25,L20,return_airway,0.4881,21.47,0.2531,18.811,32.57,84.87,DANGER,low_oxygen
2026-01-01 08:19:30,L20,return_airway,0.4941,20.86,0.2471,18.798,32.57,84.93,DANGER,low_oxygen
2026-01-01 08:19:35,L20,return_airway,0.5005,20.82,0.2511,18.812,32.58,84.95,DANGER,low_oxygen
2026-01-01 08:19:40,L20,return_airway,0.5095,20.7,0.245,18.751,32.59,84.95,DANGER,low_oxygen
2026-01-01 08:19:45,L20,return_airway,0.5091,20.31,0.2578,18.685,32.6,85.01,DANGER,low_oxygen
2026-01-01 08:19:50,L20,return_airway,0.511,19.13,0.2586,18.691,32.59,85.02,DANGER,low_oxygen
2026-01-01 08:19:55,L20,return_airway,0.5194,19.89,0.2598,18.661,32.6,85.0,DANGER,low_oxygen
2026-01-01 08:20:00,L20,return_airway,0.527,18.88,0.2599,18.693,32.61,85.04,DANGER,low_oxygen
2026-01-01 08:20:05,L20,return_airway,0.5255,17.8,0.2643,18.61,32.61,85.06,DANGER,low_oxygen
2026-01-01 08:20:10,L20,return_airway,0.5289,18.06,0.2635,18.595,32.62,85.14,DANGER,low_oxygen
2026-01-01 08:20:15,L20,return_airway,0.5243,17.62,0.2675,18.572,32.61,85.12,DANGER,low_oxygen
2026-01-01 08:20:20,L20,return_airway,0.5296,17.12,0.2686,18.593,32.63,85.18,DANGER,low_oxygen
2026-01-01 08:20:25,L20,return_airway,0.5329,16.72,0.2719,18.555,32.64,85.25,DANGER,low_oxygen
2026-01-01 08:20:30,L20,return_airway,0.5428,16.66,0.2738,18.522,32.64,85.24,DANGER,low_oxygen
2026-01-01 08:20:35,L20,return_airway,0.5437,16.28,0.2819,18.49,32.64,85.23,DANGER,low_oxygen
2026-01-01 08:20:40,L20,return_airway,0.5454,16.02,0.2821,18.444,32.64,85.26,DANGER,co2_buildup
2026-01-01 08:20:45,L20,return_airway,0.5431,15.95,0.2795,18.504,32.59,85.25,DANGER,co2_buildup
2026-01-01 08:20:50,L20,return_airway,0.5426,15.72,0.2838,18.539,32.57,84.97,DANGER,co2_buildup
2026-01-01 08:20:55,L20,return_airway,0.5402,15.85,0.2882,18.529,32.51,84.96,DANGER,co2_buildup
2026-01-01 08:21:00,L20,return_airway,0.5256,15.69,0.2842,18.528,32.46,84.69,DANGER,co2_buildup
2026-01-01 08:21:05,L20,return_airway,0.5229,15.52,0.2876,18.543,32.4,84.68,DANGER,co2_buildup
2026-01-01 08:21:10,L20,return_airway,0.5251,15.32,0.287,18.57,32.43,84.63,DANGER,co2_buildup
2026-01-01 08:21:15,L20,return_airway,0.5185,15.31,0.2946,18.597,32.41,84.35,DANGER,co2_buildup
2026-01-01 08:21:20,L20,return_airway,0.5233,15.2,0.2947,18.644,32.4,84.28,DANGER,co2_buildup
2026-01-01 08:21:25,L20,return_airway,0.5143,15.02,0.299,18.613,32.3,84.04,DANGER,co2_buildup
2026-01-01 08:21:30,L20,return_airway,0.5203,14.91,0.2999,18.639,32.31,84.05,DANGER,co2_buildup
2026-01-01 08:21:35,L20,return_airway,0.5072,14.99,0.2988,18.624,32.29,83.53,DANGER,co2_buildup
2026-01-01 08:21:40,L20,return_airway,0.5071,14.79,0.3024,18.636,32.25,83.54,CRITICAL,co2_buildup
2026-01-01 08:21:45,L20,return_airway,0.4995,14.8,0.3042,18.668,32.21,83.67,DANGER,co2_buildup
2026-01-01 08:21:50,L20,return_airway,0.5009,14.61,0.3068,18.696,32.1,83.29,CRITICAL,co2_buildup
2026-01-01 08:21:55,L20,return_airway,0.4975,14.58,0.3105,18.703,32.13,83.29,DANGER,co2_buildup
2026-01-01 08:22:00,L20,return_airway,0.4956,14.48,0.3055,18.72,32.1,83.39,DANGER,co2_buildup
2026-01-01 08:22:05,L20,return_airway,0.4878,14.35,0.3052,18.73,32.09,83.2,DANGER,co2_buildup
2026-01-01 08:22:10,L20,return_airway,0.4902,14.32,0.3092,18.748,32.08,83.25,DANGER,co2_buildup
2026-01-01 08:22:15,L20,return_airway,0.4827,14.11,0.3149,18.759,32.0,82.85,DANGER,co2_buildup
2026-01-01 08:22:20,L20,return_airway,0.4752,13.86,0.3166,18.758,31.96,82.71,DANGER,co2_buildup
2026-01-01 08:22:25,L20,return_airway,0.4718,13.77,0.3158,18.771,31.94,82.59,DANGER,co2_buildup
2026-01-01 08:22:30,L20,return_airway,0.474,13.73,0.3183,18.827,31.9,82.36,DANGER,co2_buildup
2026-01-01 08:22:35,L20,return_airway,0.4728,13.76,0.3186,18.81,31.88,82.32,DANGER,co2_buildup
2026-01-01 08:22:40,L20,return_airway,0.4593,13.55,0.3223,18.833,31.85,82.07,DANGER,co2_buildup
2026-01-01 08:22:45,L20,return_airway,0.4637,13.51,0.3225,18.868,31.8,82.22,DANGER,co2_buildup
2026-01-01 08:22:50,L20,return_airway,0.4508,13.44,0.3304,18.862,31.78,82.05,DANGER,co2_buildup
2026-01-01 08:22:55,L20,return_airway,0.451,13.3,0.3314,18.893,31.73,81.7,DANGER,co2_buildup
2026-01-01 08:23:00,L20,return_airway,0.4521,12.97,0.3316,18.882,31.66,81.63,DANGER,co2_buildup
2026-01-01 08:23:05,L20,return_airway,0.4431,12.97,0.3315,18.932,31.63,81.63,DANGER,co2_buildup
2026-01-01 08:23:10,L20,return_airway,0.4493,13.15,0.3362,18.927,31.56,81.49,DANGER,co2_buildup
2026-01-01 08:23:15,L20,return_airway,0.4422,12.91,0.3353,18.938,31.65,81.21,DANGER,co2_buildup
2026-01-01 08:23:20,L20,return_airway,0.4312,12.52,0.3372,18.951,31.61,81.21,DANGER,co2_buildup
2026-01-01 08:23:25,L20,return_airway,0.4354,12.68,0.334,18.979,31.57,81.14,DANGER,co2_buildup
2026-01-01 08:23:30,L20,return_airway,0.4237,12.74,0.341,18.986,31.49,81.02,DANGER,co2_buildup
2026-01-01 08:23:35,L20,return_airway,0.4257,12.49,0.3387,18.951,31.5,81.02,DANGER,co2_buildup
2026-01-01 08:23:40,L20,return_airway,0.4259,12.37,0.3428,19.006,31.46,80.73,DANGER,co2_buildup
2026-01-01 08:23:45,L20,return_airway,0.4217,12.09,0.3461,19.031,31.35,80.43,DANGER,co2_buildup
2026-01-01 08:23:50,L20,return_airway,0.4149,12.14,0.3451,19.027,31.34,80.32,DANGER,co2_buildup
2026-01-01 08:23:55,L20,return_airway,0.4103,11.91,0.3504,19.049,31.35,80.47,DANGER,co2_buildup
2026-01-01 08:24:00,L20,return_airway,0.4035,11.84,0.3537,19.065,31.28,80.38,DANGER,co2_buildup
2026-01-01 08:24:05,L20,return_airway,0.4056,11.72,0.3504,19.108,31.24,80.06,DANGER,co2_buildup
2026-01-01 08:24:10,L20,return_airway,0.4047,11.92,0.3548,19.109,31.26,79.99,DANGER,co2_buildup
2026-01-01 08:24:15,L20,return_airway,0.4065,11.72,0.353,19.119,31.17,79.83,DANGER,co2_buildup
2026-01-01 08:24:20,L20,return_airway,0.3925,11.68,0.355,19.112,31.24,79.65,DANGER,co2_buildup
2026-01-01 08:24:25,L20,return_airway,0.3944,11.32,0.3607,19.134,31.18,79.39,DANGER,co2_buildup
2026-01-01 08:24:30,L20,return_airway,0.3906,11.36,0.3635,19.171,31.09,79.49,DANGER,co2_buildup
2026-01-01 08:24:35,L20,return_airway,0.3819,11.15,0.3594,19.183,31.1,79.52,DANGER,co2_buildup
2026-01-01 08:24:40,L20,return_airway,0.3835,11.06,0.3705,19.167,31.04,79.2,DANGER,co2_buildup
2026-01-01 08:24:45,L20,return_airway,0.3736,11.08,0.3656,19.223,30.98,79.02,DANGER,co2_buildup
2026-01-01 08:24:50,L20,return_airway,0.3746,10.95,0.3693,19.205,31.02,78.88,DANGER,co2_buildup
2026-01-01 08:24:55,L20,return_airway,0.3691,10.86,0.3691,19.237,30.94,78.86,DANGER,co2_buildup
2026-01-01 08:25:00,L20,return_airway,0.3684,10.61,0.3715,19.286,30.87,78.81,DANGER,co2_buildup
2026-01-01 08:25:05,L20,return_airway,0.3652,10.64,0.378,19.255,30.88,78.62,DANGER,co2_buildup
2026-01-01 08:25:10,L20,return_airway,0.3574,10.56,0.3798,19.278,30.88,78.21,DANGER,co2_buildup
2026-01-01 08:25:15,L20,return_airway,0.356,10.36,0.3733,19.282,30.79,78.5,DANGER,co2_buildup
2026-01-01 08:25:20,L20,return_airway,0.3521,10.3,0.3779,19.307,30.77,78.27,DANGER,co2_buildup
2026-01-01 08:25:25,L20,return_airway,0.3446,10.07,0.3889,19.34,30.72,78.03,DANGER,co2_buildup
2026-01-01 08:25:30,L20,return_airway,0.3441,9.92,0.3818,19.331,30.7,77.86,WARNING,co2_buildup
2026-01-01 08:25:35,L20,return_airway,0.3397,10.21,0.3858,19.345,30.63,77.74,DANGER,co2_buildup
2026-01-01 08:25:40,L20,return_airway,0.334,9.94,0.3894,19.379,30.6,77.77,WARNING,co2_buildup
2026-01-01 08:25:45,L20,return_airway,0.3318,9.78,0.3905,19.36,30.58,77.31,WARNING,co2_buildup
2026-01-01 08:25:50,L20,return_airway,0.3368,9.27,0.39,19.376,30.62,77.48,WARNING,ventilation_failure
2026-01-01 08:25:55,L20,return_airway,0.3701,9.31,0.3888,19.383,30.64,77.62,WARNING,ventilation_failure
2026-01-01 08:26:00,L20,return_airway,0.3697,10.62,0.3899,19.373,30.67,77.85,DANGER,ventilation_failure
2026-01-01 08:26:05,L20,return_airway,0.3722,11.39,0.3891,19.361,30.73,78.12,DANGER,ventilation_failure
2026-01-01 08:26:10,L20,return_airway,0.3855,12.83,0.3881,19.367,30.74,77.92,DANGER,ventilation_failure
2026-01-01 08:26:15,L20,return_airway,0.4074,13.9,0.3863,19.354,30.78,78.22,DANGER,ventilation_failure
2026-01-01 08:26:20,L20,return_airway,0.4206,13.46,0.3861,19.352,30.81,78.64,DANGER,ventilation_failure
2026-01-01 08:26:25,L20,return_airway,0.424,15.39,0.3829,19.341,30.84,78.67,DANGER,ventilation_failure
2026-01-01 08:26:30,L20,return_airway,0.4432,16.93,0.3835,19.334,30.94,78.81,DANGER,ventilation_failure
2026-01-01 08:26:35,L20,return_airway,0.4557,17.43,0.3878,19.329,30.92,78.91,DANGER,ventilation_failure
2026-01-01 08:26:40,L20,return_airway,0.4579,17.89,0.3803,19.327,30.94,79.04,DANGER,ventilation_failure
2026-01-01 08:26:45,L20,return_airway,0.4587,18.54,0.3828,19.327,31.0,79.08,DANGER,ventilation_failure
2026-01-01 08:26:50,L20,return_airway,0.4837,18.79,0.3817,19.317,30.98,79.21,DANGER,ventilation_failure
2026-01-01 08:26:55,L20,return_airway,0.4808,20.78,0.3825,19.31,31.09,79.54,DANGER,ventilation_failure
2026-01-01 08:27:00,L20,return_airway,0.497,20.85,0.381,19.304,31.1,79.51,DANGER,ventilation_failure
2026-01-01 08:27:05,L20,return_airway,0.5181,20.75,0.382,19.311,31.12,79.76,DANGER,ventilation_failure
2026-01-01 08:27:10,L20,return_airway,0.5244,21.98,0.3797,19.299,31.15,79.89,DANGER,ventilation_failure
2026-01-01 08:27:15,L20,return_airway,0.5528,22.38,0.3803,19.284,31.15,80.31,DANGER,ventilation_failure
2026-01-01 08:27:20,L20,return_airway,0.5412,23.52,0.3791,19.29,31.3,80.14,DANGER,ventilation_failure
2026-01-01 08:27:25,L20,return_airway,0.5357,25.24,0.3776,19.282,31.28,80.46,DANGER,ventilation_failure
2026-01-01 08:27:30,L20,return_airway,0.5884,25.03,0.3768,19.281,31.37,80.55,DANGER,ventilation_failure
2026-01-01 08:27:35,L20,return_airway,0.5853,25.36,0.3789,19.272,31.34,80.58,DANGER,ventilation_failure
2026-01-01 08:27:40,L20,return_airway,0.5977,27.42,0.3774,19.277,31.4,80.58,DANGER,ventilation_failure
2026-01-01 08:27:45,L20,return_airway,0.5991,28.35,0.3774,19.264,31.44,80.88,DANGER,ventilation_failure
2026-01-01 08:27:50,L20,return_airway,0.598,27.67,0.3772,19.259,31.47,81.16,DANGER,ventilation_failure
2026-01-01 08:27:55,L20,return_airway,0.6225,30.03,0.374,19.253,31.48,81.02,DANGER,ventilation_failure
2026-01-01 08:28:00,L20,return_airway,0.6509,30.43,0.3739,19.253,31.47,81.44,DANGER,ventilation_failure
2026-01-01 08:28:05,L20,return_airway,0.6536,30.13,0.3732,19.248,31.64,81.65,DANGER,ventilation_failure
2026-01-01 08:28:10,L20,return_airway,0.6639,32.15,0.3747,19.238,31.57,81.63,DANGER,ventilation_failure
2026-01-01 08:28:15,L20,return_airway,0.6596,31.19,0.3728,19.236,31.72,81.89,DANGER,ventilation_failure
2026-01-01 08:28:20,L20,return_airway,0.7132,32.48,0.3724,19.229,31.65,81.93,DANGER,ventilation_failure
2026-01-01 08:28:25,L20,return_airway,0.7028,32.82,0.37,19.23,31.75,82.13,DANGER,ventilation_failure
2026-01-01 08:28:30,L20,return_airway,0.7432,33.67,0.3723,19.214,31.76,82.4,DANGER,ventilation_failure
2026-01-01 08:28:35,L20,return_airway,0.7317,35.72,0.3718,19.214,31.8,82.14,DANGER,ventilation_failure
2026-01-01 08:28:40,L20,return_airway,0.7576,35.88,0.3708,19.21,31.79,82.39,CRITICAL,ventilation_failure
2026-01-01 08:28:45,L20,return_airway,0.7425,35.88,0.3697,19.214,31.83,82.8,DANGER,ventilation_failure
2026-01-01 08:28:50,L20,return_airway,0.745,37.01,0.3705,19.208,31.87,82.97,DANGER,ventilation_failure
2026-01-01 08:28:55,L20,return_airway,0.7726,37.72,0.3683,19.198,31.92,82.74,CRITICAL,ventilation_failure
2026-01-01 08:29:00,L20,return_airway,0.7934,39.13,0.37,19.186,31.95,83.28,CRITICAL,ventilation_failure
2026-01-01 08:29:05,L20,return_airway,0.8065,41.32,0.3684,19.187,31.97,82.87,CRITICAL,ventilation_failure
2026-01-01 08:29:10,L20,return_airway,0.8152,40.64,0.3649,19.192,32.0,83.45,CRITICAL,ventilation_failure
2026-01-01 08:29:15,L20,return_airway,0.8496,41.45,0.366,19.176,32.03,83.54,CRITICAL,ventilation_failure
2026-01-01 08:29:20,L20,return_airway,0.8389,43.11,0.3662,19.172,32.11,83.56,CRITICAL,ventilation_failure
2026-01-01 08:29:25,L20,return_airway,0.8424,42.41,0.3641,19.168,32.11,83.71,CRITICAL,ventilation_failure
2026-01-01 08:29:30,L20,return_airway,0.8552,44.5,0.3662,19.157,32.13,83.86,CRITICAL,ventilation_failure
2026-01-01 08:29:35,L20,return_airway,0.8603,44.03,0.3611,19.152,32.21,84.06,CRITICAL,ventilation_failure
2026-01-01 08:29:40,L20,return_airway,0.8852,44.84,0.3647,19.148,32.16,84.5,CRITICAL,ventilation_failure
2026-01-01 08:29:45,L20,return_airway,0.9065,45.63,0.364,19.145,32.27,84.49,CRITICAL,ventilation_failure
2026-01-01 08:29:50,L20,return_airway,0.9223,46.55,0.3595,19.145,32.31,84.72,CRITICAL,ventilation_failure
2026-01-01 08:29:55,L20,return_airway,0.9139,47.27,0.3621,19.138,32.36,84.63,CRITICAL,ventilation_failure
2026-01-01 08:30:00,L20,return_airway,0.9287,48.41,0.3607,19.135,32.39,84.85,CRITICAL,ventilation_failure
2026-01-01 08:30:05,L20,return_airway,0.9336,48.63,0.363,19.139,32.37,84.82,CRITICAL,ventilation_failure
2026-01-01 08:30:10,L20,return_airway,0.9645,49.77,0.3591,19.137,32.45,85.07,CRITICAL,ventilation_failure
2026-01-01 08:30:15,L20,return_airway,0.9503,49.33,0.361,19.118,32.51,85.18,CRITICAL,ventilation_failure
2026-01-01 08:30:20,L20,return_airway,0.9682,51.78,0.3607,19.118,32.54,85.47,CRITICAL,ventilation_failure
2026-01-01 08:30:25,L20,return_airway,0.9393,52.79,0.3581,19.111,32.53,85.45,CRITICAL,ventilation_failure
2026-01-01 08:30:30,L20,return_airway,0.9866,52.92,0.3601,19.109,32.61,85.58,CRITICAL,ventilation_failure
2026-01-01 08:30:35,L20,return_airway,1.0054,54.06,0.357,19.104,32.66,85.89,CRITICAL,ventilation_failure
2026-01-01 08:30:40,L20,return_airway,1.0183,53.71,0.3591,19.09,32.63,85.97,CRITICAL,ventilation_failure
2026-01-01 08:30:45,L20,return_airway,1.0209,56.13,0.3604,19.099,32.64,86.03,CRITICAL,ventilation_failure
2026-01-01 08:30:50,L20,return_airway,1.0347,55.96,0.3574,19.092,32.8,86.16,CRITICAL,ventilation_failure
2026-01-01 08:30:55,L20,return_airway,1.075,55.47,0.3564,19.084,32.78,86.32,CRITICAL,ventilation_failure
2026-01-01 08:31:00,L20,return_airway,1.0608,55.92,0.3546,19.08,32.81,86.28,CRITICAL,fire_heat
2026-01-01 08:31:05,L20,return_airway,1.0488,57.0,0.3525,19.079,32.92,86.19,CRITICAL,fire_heat
2026-01-01 08:31:10,L20,return_airway,1.0622,57.43,0.3529,19.076,32.97,85.76,CRITICAL,fire_heat
2026-01-01 08:31:15,L20,return_airway,1.0467,57.61,0.3501,19.076,33.0,85.89,CRITICAL,fire_heat
2026-01-01 08:31:20,L20,return_airway,1.0369,58.49,0.3488,19.076,33.18,85.65,CRITICAL,fire_heat
2026-01-01 08:31:25,L20,return_airway,1.0319,59.21,0.3489,19.072,33.09,85.49,CRITICAL,fire_heat
2026-01-01 08:31:30,L20,return_airway,1.017,58.41,0.3437,19.071,33.25,84.99,CRITICAL,fire_heat
2026-01-01 08:31:35,L20,return_airway,1.0125,58.82,0.341,19.074,33.46,85.12,CRITICAL,fire_heat
2026-01-01 08:31:40,L20,return_airway,1.0225,60.73,0.3473,19.068,33.72,84.81,CRITICAL,fire_heat
2026-01-01 08:31:45,L20,return_airway,1.0187,60.4,0.345,19.068,33.81,84.94,CRITICAL,fire_heat
2026-01-01 08:31:50,L20,return_airway,0.989,60.97,0.3425,19.067,33.86,84.45,CRITICAL,fire_heat
2026-01-01 08:31:55,L20,return_airway,1.0,60.94,0.341,19.07,33.73,83.96,CRITICAL,fire_heat
2026-01-01 08:32:00,L20,return_airway,0.9999,61.82,0.3385,19.065,34.0,83.6,CRITICAL,fire_heat
2026-01-01 08:32:05,L20,return_airway,0.9835,62.78,0.3444,19.068,33.99,83.7,CRITICAL,fire_heat
2026-01-01 08:32:10,L20,return_airway,0.9894,62.86,0.3366,19.065,34.17,83.24,CRITICAL,fire_heat
2026-01-01 08:32:15,L20,return_airway,0.979,63.18,0.3407,19.068,34.36,83.09,CRITICAL,fire_heat
2026-01-01 08:32:20,L20,return_airway,0.9713,62.83,0.3381,19.064,34.44,82.83,CRITICAL,fire_heat
2026-01-01 08:32:25,L20,return_airway,0.9612,64.26,0.3331,19.065,34.59,82.69,CRITICAL,fire_heat
2026-01-01 08:32:30,L20,return_airway,0.9576,64.41,0.3302,19.063,34.44,82.88,CRITICAL,fire_heat
2026-01-01 08:32:35,L20,return_airway,0.9485,64.59,0.3293,19.06,34.58,82.19,CRITICAL,fire_heat
2026-01-01 08:32:40,L20,return_airway,0.9474,65.52,0.327,19.06,34.91,82.08,CRITICAL,fire_heat
2026-01-01 08:32:45,L20,return_airway,0.9414,65.36,0.3275,19.059,35.02,81.67,CRITICAL,fire_heat
2026-01-01 08:32:50,L20,return_airway,0.9314,66.36,0.3266,19.058,34.97,81.41,CRITICAL,fire_heat
2026-01-01 08:32:55,L20,return_airway,0.9163,67.05,0.321,19.059,35.07,81.47,CRITICAL,fire_heat
2026-01-01 08:33:00,L20,return_airway,0.9215,67.06,0.3283,19.061,35.28,81.36,CRITICAL,fire_heat
2026-01-01 08:33:05,L20,return_airway,0.9106,67.27,0.3192,19.056,35.32,80.88,CRITICAL,fire_heat
2026-01-01 08:33:10,L20,return_airway,0.9042,67.64,0.3135,19.056,35.43,80.59,CRITICAL,fire_heat
2026-01-01 08:33:15,L20,return_airway,0.9012,68.46,0.318,19.055,35.39,80.31,CRITICAL,fire_heat
2026-01-01 08:33:20,L20,return_airway,0.9049,68.57,0.3142,19.048,35.68,80.49,CRITICAL,fire_heat
2026-01-01 08:33:25,L20,return_airway,0.8871,70.11,0.3153,19.053,35.66,80.44,CRITICAL,fire_heat
2026-01-01 08:33:30,L20,return_airway,0.8828,69.04,0.3142,19.052,35.65,79.76,CRITICAL,fire_heat
2026-01-01 08:33:35,L20,return_airway,0.887,69.99,0.3137,19.048,35.8,79.7,CRITICAL,fire_heat
2026-01-01 08:33:40,L20,return_airway,0.8721,70.58,0.3136,19.046,35.92,79.83,CRITICAL,fire_heat
2026-01-01 08:33:45,L20,return_airway,0.8642,70.97,0.3077,19.049,36.21,79.36,CRITICAL,fire_heat
2026-01-01 08:33:50,L20,return_airway,0.8705,71.11,0.3077,19.051,36.11,79.17,CRITICAL,fire_heat
2026-01-01 08:33:55,L20,return_airway,0.8589,72.26,0.3087,19.046,36.31,79.05,CRITICAL,fire_heat
2026-01-01 08:34:00,L20,return_airway,0.8544,72.47,0.3043,19.045,36.18,78.68,CRITICAL,fire_heat
2026-01-01 08:34:05,L20,return_airway,0.8469,72.93,0.3002,19.049,36.56,78.4,CRITICAL,fire_heat
2026-01-01 08:34:10,L20,return_airway,0.8452,72.81,0.3044,19.046,36.5,78.4,CRITICAL,fire_heat
2026-01-01 08:34:15,L20,return_airway,0.8411,73.35,0.3004,19.041,36.71,77.86,CRITICAL,fire_heat
2026-01-01 08:34:20,L20,return_airway,0.8304,74.13,0.2988,19.041,36.81,77.6,CRITICAL,fire_heat
2026-01-01 08:34:25,L20,return_airway,0.8161,73.94,0.2992,19.045,36.93,77.57,CRITICAL,fire_heat
2026-01-01 08:34:30,L20,return_airway,0.8215,75.07,0.2975,19.039,37.01,77.63,CRITICAL,fire_heat
2026-01-01 08:34:35,L20,return_airway,0.8118,75.2,0.2984,19.038,37.25,77.5,CRITICAL,fire_heat
2026-01-01 08:34:40,L20,return_airway,0.8136,76.1,0.2919,19.04,37.2,76.97,CRITICAL,fire_heat
2026-01-01 08:34:45,L20,return_airway,0.7969,75.94,0.2985,19.037,37.48,77.01,CRITICAL,fire_heat
2026-01-01 08:34:50,L20,return_airway,0.7948,77.26,0.2888,19.037,37.44,76.91,CRITICAL,fire_heat
2026-01-01 08:34:55,L20,return_airway,0.7818,77.14,0.2897,19.036,37.5,76.43,CRITICAL,fire_heat
2026-01-01 08:35:00,L20,return_airway,0.7902,77.61,0.2873,19.035,37.66,76.34,CRITICAL,fire_heat
2026-01-01 08:35:05,L20,return_airway,0.7873,77.57,0.288,19.036,37.7,76.37,CRITICAL,fire_heat
2026-01-01 08:35:10,L20,return_airway,0.7709,78.38,0.2865,19.031,37.82,75.65,CRITICAL,fire_heat
2026-01-01 08:35:15,L20,return_airway,0.767,78.49,0.2855,19.032,37.91,75.53,CRITICAL,fire_heat
2026-01-01 08:35:20,L20,return_airway,0.7574,78.53,0.2843,19.03,38.0,75.68,CRITICAL,fire_heat
2026-01-01 08:35:25,L20,return_airway,0.7523,79.5,0.2853,19.033,38.27,74.97,CRITICAL,fire_heat
2026-01-01 08:35:30,L20,return_airway,0.7554,80.47,0.2813,19.029,38.39,74.97,CRITICAL,fire_heat
2026-01-01 08:35:35,L20,return_airway,0.7422,80.42,0.2827,19.032,38.31,74.6,CRITICAL,fire_heat
2026-01-01 08:35:40,L20,return_airway,0.7425,80.76,0.2742,19.027,38.49,74.78,CRITICAL,fire_heat
2026-01-01 08:35:45,L20,return_airway,0.7338,81.19,0.2719,19.027,38.59,74.07,CRITICAL,fire_heat
2026-01-01 08:35:50,L20,return_airway,0.7328,82.63,0.2757,19.028,38.68,74.08,CRITICAL,fire_heat
2026-01-01 08:35:55,L20,return_airway,0.72,82.42,0.2748,19.023,38.73,73.67,CRITICAL,fire_heat
2026-01-01 08:36:00,L20,return_airway,0.7235,81.98,0.2715,19.027,38.84,73.38,CRITICAL,fire_heat
2026-01-01 08:36:05,L20,return_airway,0.7227,82.83,0.2713,19.023,38.93,73.08,CRITICAL,fire_heat
2026-01-01 08:36:10,L20,return_airway,0.7179,82.9,0.2756,19.023,38.79,73.64,CRITICAL,combined_hazard
2026-01-01 08:36:15,L20,return_airway,0.7209,82.67,0.2801,19.008,38.97,73.62,CRITICAL,combined_hazard
2026-01-01 08:36:20,L20,return_airway,0.7304,82.96,0.2899,18.996,38.9,73.63,CRITICAL,combined_hazard
2026-01-01 08:36:25,L20,return_airway,0.7327,82.56,0.2921,19.005,39.08,74.4,CRITICAL,combined_hazard
2026-01-01 08:36:30,L20,return_airway,0.7643,82.37,0.2909,19.001,39.2,74.65,CRITICAL,combined_hazard
2026-01-01 08:36:35,L20,return_airway,0.7622,81.68,0.2913,18.984,39.19,74.4,CRITICAL,combined_hazard
2026-01-01 08:36:40,L20,return_airway,0.7623,81.3,0.3102,18.976,39.23,74.88,CRITICAL,combined_hazard
2026-01-01 08:36:45,L20,return_airway,0.7703,81.5,0.329,18.972,39.43,74.87,CRITICAL,combined_hazard
2026-01-01 08:36:50,L20,return_airway,0.777,81.02,0.3214,18.949,39.36,75.55,CRITICAL,combined_hazard
2026-01-01 08:36:55,L20,return_airway,0.7866,80.95,0.3458,18.964,39.49,75.01,CRITICAL,combined_hazard
2026-01-01 08:37:00,L20,return_airway,0.8005,80.74,0.3558,18.924,39.59,75.48,CRITICAL,combined_hazard
2026-01-01 08:37:05,L20,return_airway,0.7906,80.31,0.3557,18.923,39.61,75.43,CRITICAL,combined_hazard
2026-01-01 08:37:10,L20,return_airway,0.8132,80.4,0.3578,18.909,39.63,75.61,CRITICAL,combined_hazard
2026-01-01 08:37:15,L20,return_airway,0.823,79.58,0.3748,18.908,39.75,76.11,CRITICAL,combined_hazard
2026-01-01 08:37:20,L20,return_airway,0.8329,79.71,0.3832,18.915,39.88,76.25,CRITICAL,combined_hazard
2026-01-01 08:37:25,L20,return_airway,0.8433,79.6,0.3793,18.888,39.88,76.35,CRITICAL,combined_hazard
2026-01-01 08:37:30,L20,return_airway,0.8507,79.61,0.3891,18.885,40.03,76.93,CRITICAL,combined_hazard
2026-01-01 08:37:35,L20,return_airway,0.863,79.0,0.3891,18.844,40.05,77.23,CRITICAL,combined_hazard
2026-01-01 08:37:40,L20,return_airway,0.8665,79.02,0.4054,18.867,40.09,77.27,CRITICAL,combined_hazard
2026-01-01 08:37:45,L20,return_airway,0.8859,78.77,0.3935,18.864,40.16,77.0,CRITICAL,combined_hazard
2026-01-01 08:37:50,L20,return_airway,0.8915,78.79,0.4153,18.847,40.29,77.65,CRITICAL,combined_hazard
2026-01-01 08:37:55,L20,return_airway,0.9153,78.08,0.4181,18.826,40.42,77.86,CRITICAL,combined_hazard
2026-01-01 08:38:00,L20,return_airway,0.9093,78.25,0.4316,18.816,40.43,77.83,CRITICAL,combined_hazard
2026-01-01 08:38:05,L20,return_airway,0.9043,77.72,0.4332,18.814,40.42,78.27,CRITICAL,combined_hazard
2026-01-01 08:38:10,L20,return_airway,0.9186,76.93,0.4314,18.798,40.63,78.31,CRITICAL,combined_hazard
2026-01-01 08:38:15,L20,return_airway,0.924,77.05,0.449,18.816,40.57,78.45,CRITICAL,combined_hazard
2026-01-01 08:38:20,L20,return_airway,0.9376,76.59,0.4577,18.797,40.82,78.58,CRITICAL,combined_hazard
2026-01-01 08:38:25,L20,return_airway,0.9567,76.93,0.4776,18.797,40.76,79.2,CRITICAL,combined_hazard
2026-01-01 08:38:30,L20,return_airway,0.9519,76.37,0.471,18.772,40.78,79.5,CRITICAL,combined_hazard
2026-01-01 08:38:35,L20,return_airway,0.9583,75.78,0.4767,18.758,40.95,79.42,CRITICAL,combined_hazard
2026-01-01 08:38:40,L20,return_airway,0.9773,76.05,0.4812,18.75,40.95,79.85,CRITICAL,combined_hazard
2026-01-01 08:38:45,L20,return_airway,0.9734,75.92,0.5075,18.743,41.08,80.17,CRITICAL,combined_hazard
2026-01-01 08:38:50,L20,return_airway,0.9815,75.27,0.5037,18.734,41.12,80.09,CRITICAL,combined_hazard
2026-01-01 08:38:55,L20,return_airway,1.0022,75.02,0.5151,18.742,41.09,80.26,CRITICAL,combined_hazard
2026-01-01 08:39:00,L20,return_airway,0.9902,74.93,0.5076,18.73,41.25,80.57,CRITICAL,combined_hazard
2026-01-01 08:39:05,L20,return_airway,1.0114,74.22,0.5132,18.715,41.36,80.51,CRITICAL,combined_hazard
2026-01-01 08:39:10,L20,return_airway,1.0328,74.57,0.5275,18.687,41.4,81.0,CRITICAL,combined_hazard
2026-01-01 08:39:15,L20,return_airway,1.016,74.57,0.5553,18.697,41.55,81.13,CRITICAL,combined_hazard
2026-01-01 08:39:20,L20,return_airway,1.0254,73.78,0.5406,18.683,41.56,81.04,CRITICAL,combined_hazard
2026-01-01 08:39:25,L20,return_airway,1.0372,74.12,0.5517,18.69,41.59,81.25,CRITICAL,combined_hazard
2026-01-01 08:39:30,L20,return_airway,1.0336,73.68,0.5642,18.677,41.69,81.52,CRITICAL,combined_hazard
2026-01-01 08:39:35,L20,return_airway,1.0862,73.19,0.5663,18.66,41.71,82.03,CRITICAL,combined_hazard
2026-01-01 08:39:40,L20,return_airway,1.0781,73.12,0.5826,18.63,41.84,82.06,CRITICAL,combined_hazard
2026-01-01 08:39:45,L20,return_airway,1.0793,73.1,0.5793,18.64,41.91,82.33,CRITICAL,combined_hazard
2026-01-01 08:39:50,L20,return_airway,1.0821,72.52,0.5844,18.626,41.87,82.82,CRITICAL,combined_hazard
2026-01-01 08:39:55,L20,return_airway,1.124,72.34,0.6228,18.628,42.08,82.84,CRITICAL,combined_hazard
2026-01-01 08:40:00,L20,return_airway,1.118,71.88,0.6004,18.604,42.25,82.83,CRITICAL,combined_hazard
2026-01-01 08:40:05,L20,return_airway,1.1193,71.74,0.6218,18.608,42.2,82.96,CRITICAL,combined_hazard
2026-01-01 08:40:10,L20,return_airway,1.1408,71.69,0.615,18.576,42.1,83.43,CRITICAL,combined_hazard
2026-01-01 08:40:15,L20,return_airway,1.1416,71.25,0.6174,18.575,42.28,83.38,CRITICAL,combined_hazard
2026-01-01 08:40:20,L20,return_airway,1.1419,70.93,0.6365,18.571,42.29,84.04,CRITICAL,combined_hazard
2026-01-01 08:40:25,L20,return_airway,1.1496,71.08,0.6337,18.565,42.43,84.04,CRITICAL,combined_hazard
2026-01-01 08:40:30,L20,return_airway,1.1585,70.68,0.6487,18.565,42.56,84.22,CRITICAL,combined_hazard
2026-01-01 08:40:35,L20,return_airway,1.1632,70.22,0.6528,18.537,42.54,84.21,CRITICAL,combined_hazard
2026-01-01 08:40:40,L20,return_airway,1.1921,70.5,0.6767,18.538,42.79,84.74,CRITICAL,combined_hazard
2026-01-01 08:40:45,L20,return_airway,1.1853,70.35,0.6613,18.529,42.53,85.05,CRITICAL,combined_hazard
2026-01-01 08:40:50,L20,return_airway,1.2118,69.85,0.6867,18.533,42.78,85.0,CRITICAL,combined_hazard
2026-01-01 08:40:55,L20,return_airway,1.1998,69.09,0.6908,18.515,42.89,85.42,CRITICAL,combined_hazard
2026-01-01 08:41:00,L20,return_airway,1.2107,69.23,0.694,18.499,42.85,85.36,CRITICAL,combined_hazard
2026-01-01 08:41:05,L20,return_airway,1.2208,69.03,0.697,18.489,42.93,85.63,CRITICAL,combined_hazard
2026-01-01 08:41:10,L20,return_airway,1.2253,68.28,0.7119,18.485,43.13,86.27,CRITICAL,combined_hazard
2026-01-01 08:41:15,L20,return_airway,1.2369,68.69,0.7196,18.466,43.28,85.98,CRITICAL,combined_hazard
2026-01-01 08:41:20,L20,return_airway,1.2565,68.22,0.7283,18.488,43.36,86.37,CRITICAL,combined_hazard
2026-01-01 08:41:25,L20,return_airway,1.2714,68.19,0.7302,18.464,43.26,86.39,CRITICAL,combined_hazard
2026-01-01 08:41:30,L20,return_airway,1.2715,67.62,0.7304,18.446,43.45,86.73,CRITICAL,combined_hazard
2026-01-01 08:41:35,L20,return_airway,1.2661,67.57,0.7542,18.436,43.42,87.03,CRITICAL,combined_hazard
