timestamp,location_id,CH4,CO,CO2,O2,temperature,humidity,risk_level,scenario
2026-01-01 08:00:00,L01,0.0991,8.25,0.0727,20.705,25.81,67.29,SAFE,normal
2026-01-01 08:00:05,L01,0.1152,10.06,0.0855,20.71,25.53,67.13,SAFE,normal
2026-01-01 08:00:10,L01,0.101,7.76,0.0748,20.67,25.71,67.52,SAFE,normal
2026-01-01 08:00:15,L01,0.1019,10.21,0.0951,20.7,25.76,68.12,SAFE,normal
2026-01-01 08:00:20,L01,0.1134,3.99,0.0769,20.696,25.52,67.19,SAFE,normal
2026-01-01 08:00:25,L01,0.082,9.2,0.081,20.659,25.65,69.73,SAFE,normal
2026-01-01 08:00:30,L01,0.0858,8.15,0.0906,20.703,25.18,67.45,SAFE,normal
2026-01-01 08:00:35,L01,0.1041,7.63,0.0747,20.708,25.52,67.49,SAFE,normal
2026-01-01 08:00:40,L01,0.0983,8.26,0.0868,20.722,25.65,69.6,SAFE,normal
2026-01-01 08:00:45,L01,0.1191,5.2,0.096,20.72,25.5,69.51,SAFE,normal
2026-01-01 08:00:50,L01,0.1016,7.9,0.0731,20.646,25.94,69.58,SAFE,normal
2026-01-01 08:00:55,L01,0.095,8.82,0.0879,20.658,25.49,69.79,SAFE,normal
2026-01-01 08:01:00,L01,0.1391,10.56,0.089,20.7,25.65,69.48,SAFE,normal
2026-01-01 08:01:05,L01,0.1146,7.61,0.0936,20.699,25.74,68.98,SAFE,normal
2026-01-01 08:01:10,L01,0.1199,7.23,0.078,20.698,25.95,69.96,SAFE,normal
2026-01-01 08:01:15,L01,0.0984,7.74,0.0778,20.797,25.52,69.57,SAFE,normal
2026-01-01 08:01:20,L01,0.1126,9.92,0.093,20.697,25.92,71.09,SAFE,normal
2026-01-01 08:01:25,L01,0.1233,9.1,0.0917,20.713,25.75,70.4,SAFE,normal
2026-01-01 08:01:30,L01,0.1053,7.86,0.0918,20.706,25.61,70.06,SAFE,normal
2026-01-01 08:01:35,L01,0.1291,9.48,0.093,20.696,25.84,70.67,SAFE,normal
2026-01-01 08:01:40,L01,0.1153,8.91,0.0853,20.665,25.8,71.46,SAFE,normal
2026-01-01 08:01:45,L01,0.1209,10.27,0.093,20.696,25.69,70.89,SAFE,normal
2026-01-01 08:01:50,L01,0.1171,7.81,0.094,20.649,25.8,70.89,SAFE,normal
2026-01-01 08:01:55,L01,0.1549,8.43,0.0864,20.664,25.74,71.94,SAFE,normal
2026-01-01 08:02:00,L01,0.1278,8.39,0.1075,20.655,25.82,72.15,SAFE,normal
2026-01-01 08:02:05,L01,0.113,6.83,0.0969,20.671,25.91,71.75,SAFE,normal
2026-01-01 08:02:10,L01,0.1421,9.52,0.084,20.737,26.06,71.99,SAFE,normal
2026-01-01 08:02:15,L01,0.1124,9.52,0.0993,20.61,25.64,72.76,SAFE,normal
2026-01-01 08:02:20,L01,0.1348,9.19,0.0867,20.686,26.15,71.62,SAFE,normal
2026-01-01 08:02:25,L01,0.1031,8.89,0.1013,20.616,25.55,71.85,SAFE,normal
2026-01-01 08:02:30,L01,0.1135,7.17,0.1047,20.649,25.83,72.61,SAFE,normal
2026-01-01 08:02:35,L01,0.1373,8.71,0.0893,20.694,25.95,73.22,SAFE,normal
2026-01-01 08:02:40,L01,0.1463,8.88,0.1041,20.662,25.91,73.84,SAFE,normal
2026-01-01 08:02:45,L01,0.1387,8.25,0.1002,20.627,25.78,74.98,SAFE,normal
2026-01-01 08:02:50,L01,0.1353,9.26,0.1039,20.636,25.85,74.69,SAFE,normal
2026-01-01 08:02:55,L01,0.1335,10.16,0.113,20.677,25.81,74.08,SAFE,normal
2026-01-01 08:03:00,L01,0.1167,12.44,0.0963,20.633,25.81,74.4,SAFE,normal
2026-01-01 08:03:05,L01,0.129,9.92,0.0927,20.661,26.03,73.82,SAFE,normal
2026-01-01 08:03:10,L01,0.1338,10.1,0.0921,20.654,25.96,74.81,SAFE,normal
2026-01-01 08:03:15,L01,0.1575,9.65,0.0932,20.632,25.81,74.8,SAFE,normal
2026-01-01 08:03:20,L01,0.1477,6.94,0.0996,20.715,26.06,75.5,SAFE,normal
2026-01-01 08:03:25,L01,0.117,9.83,0.1034,20.668,25.98,74.78,SAFE,normal
2026-01-01 08:03:30,L01,0.1492,10.02,0.1033,20.587,26.06,76.06,SAFE,normal
2026-01-01 08:03:35,L01,0.1395,13.67,0.1082,20.652,26.04,77.08,SAFE,normal
2026-01-01 08:03:40,L01,0.136,9.74,0.1022,20.626,25.83,75.97,SAFE,normal
2026-01-01 08:03:45,L01,0.1563,10.54,0.1142,20.67,25.88,76.59,SAFE,normal
2026-01-01 08:03:50,L01,0.1634,10.08,0.1009,20.619,26.08,77.02,SAFE,normal
2026-01-01 08:03:55,L01,0.1629,8.44,0.1252,20.638,26.07,76.35,SAFE,normal
2026-01-01 08:04:00,L01,0.1372,11.96,0.109,20.656,25.98,77.06,SAFE,normal
2026-01-01 08:04:05,L01,0.1461,11.42,0.0976,20.665,26.01,77.1,SAFE,normal
2026-01-01 08:04:10,L01,0.1566,11.53,0.0963,20.602,26.19,77.37,SAFE,normal
2026-01-01 08:04:15,L01,0.1672,9.04,0.1092,20.627,25.92,76.88,SAFE,normal
2026-01-01 08:04:20,L01,0.1463,12.56,0.1041,20.622,26.1,77.72,SAFE,normal
2026-01-01 08:04:25,L01,0.1516,8.4,0.112,20.615,25.99,78.3,SAFE,normal
2026-01-01 08:04:30,L01,0.1387,11.44,0.1106,20.686,26.0,79.27,SAFE,normal
2026-01-01 08:04:35,L01,0.1382,13.9,0.1067,20.644,26.2,79.08,SAFE,normal
2026-01-01 08:04:40,L01,0.1693,9.18,0.101,20.593,26.17,80.24,SAFE,normal
2026-01-01 08:04:45,L01,0.1783,9.87,0.0961,20.657,26.17,78.11,SAFE,normal
2026-01-01 08:04:50,L01,0.1578,10.92,0.1051,20.692,26.26,79.63,SAFE,normal
2026-01-01 08:04:55,L01,0.1749,10.07,0.116,20.658,26.07,79.28,SAFE,normal
2026-01-01 08:05:00,L01,0.1661,8.55,0.1114,20.58,26.18,81.1,SAFE,normal
2026-01-01 08:05:05,L01,0.1519,11.03,0.1001,20.61,26.04,78.9,SAFE,normal
2026-01-01 08:05:10,L01,0.0781,1.65,0.0578,20.584,27.14,65.59,SAFE,methane_buildup
2026-01-01 08:05:15,L01,0.1153,4.16,0.0708,20.592,27.16,67.12,SAFE,methane_buildup
2026-01-01 08:05:20,L01,0.1045,2.88,0.0711,20.517,27.31,65.98,SAFE,methane_buildup
2026-01-01 08:05:25,L01,0.1681,2.76,0.0616,20.589,27.63,65.68,SAFE,methane_buildup
2026-01-01 08:05:30,L01,0.1747,4.06,0.0726,20.557,27.35,65.83,SAFE,methane_buildup
2026-01-01 08:05:35,L01,0.1663,2.95,0.0801,20.527,27.18,67.82,SAFE,methane_buildup
2026-01-01 08:05:40,L01,0.164,3.94,0.0631,20.551,27.39,66.58,SAFE,methane_buildup
2026-01-01 08:05:45,L01,0.2263,3.25,0.0831,20.593,27.4,69.27,SAFE,methane_buildup
2026-01-01 08:05:50,L01,0.2206,8.27,0.0758,20.522,27.05,66.47,SAFE,methane_buildup
2026-01-01 08:05:55,L01,0.2573,5.65,0.088,20.517,27.46,69.76,SAFE,methane_buildup
2026-01-01 08:06:00,L01,0.2311,4.82,0.0797,20.488,27.45,68.83,SAFE,methane_buildup
2026-01-01 08:06:05,L01,0.2624,6.46,0.0737,20.469,27.6,68.85,SAFE,methane_buildup
2026-01-01 08:06:10,L01,0.2878,6.25,0.0774,20.512,27.79,68.76,SAFE,methane_buildup
2026-01-01 08:06:15,L01,0.3048,6.36,0.0932,20.454,27.7,69.78,SAFE,methane_buildup
2026-01-01 08:06:20,L01,0.3136,7.88,0.0972,20.474,27.5,69.7,SAFE,methane_buildup
2026-01-01 08:06:25,L01,0.3461,8.37,0.0902,20.45,27.39,70.88,SAFE,methane_buildup
2026-01-01 08:06:30,L01,0.3371,6.71,0.1049,20.472,27.96,70.35,SAFE,methane_buildup
2026-01-01 08:06:35,L01,0.3673,6.92,0.0888,20.46,27.6,70.64,SAFE,methane_buildup
2026-01-01 08:06:40,L01,0.3876,7.65,0.1039,20.474,27.6,70.5,SAFE,methane_buildup
2026-01-01 08:06:45,L01,0.4098,4.88,0.0971,20.42,27.61,71.01,SAFE,methane_buildup
2026-01-01 08:06:50,L01,0.4291,6.33,0.1039,20.419,27.66,71.57,SAFE,methane_buildup
2026-01-01 08:06:55,L01,0.4179,10.93,0.1118,20.391,27.62,70.22,SAFE,methane_buildup
2026-01-01 08:07:00,L01,0.4281,11.62,0.1069,20.399,27.57,70.77,SAFE,methane_buildup
2026-01-01 08:07:05,L01,0.4866,9.05,0.113,20.416,27.59,72.71,SAFE,methane_buildup
2026-01-01 08:07:10,L01,0.4888,10.57,0.1265,20.42,27.69,72.52,SAFE,methane_buildup
2026-01-01 08:07:15,L01,0.4889,10.44,0.1161,20.363,27.62,72.5,SAFE,methane_buildup
2026-01-01 08:07:20,L01,0.5398,14.87,0.1298,20.409,27.61,72.93,WARNING,methane_buildup
2026-01-01 08:07:25,L01,0.5346,12.2,0.1164,20.416,27.75,73.46,WARNING,methane_buildup
2026-01-01 08:07:30,L01,0.5669,10.61,0.132,20.38,27.71,73.01,WARNING,methane_buildup
2026-01-01 08:07:35,L01,0.5665,9.64,0.1416,20.417,27.99,73.09,SAFE,methane_buildup
2026-01-01 08:07:40,L01,0.6128,8.94,0.1127,20.33,27.38,74.13,SAFE,methane_buildup
2026-01-01 08:07:45,L01,0.6245,11.92,0.1284,20.308,27.96,73.46,WARNING,methane_buildup
2026-01-01 08:07:50,L01,0.6108,10.76,0.1417,20.285,28.0,74.83,WARNING,methane_buildup
2026-01-01 08:07:55,L01,0.6455,10.03,0.1378,20.375,27.51,73.41,WARNING,methane_buildup
2026-01-01 08:08:00,L01,0.6569,11.47,0.1447,20.343,27.79,75.86,WARNING,methane_buildup
2026-01-01 08:08:05,L01,0.6841,11.09,0.1393,20.314,27.8,75.68,WARNING,methane_buildup
2026-01-01 08:08:10,L01,0.6655,15.52,0.1471,20.317,27.66,75.77,WARNING,methane_buildup
2026-01-01 08:08:15,L01,0.7066,14.58,0.1475,20.267,27.77,76.62,WARNING,methane_buildup
2026-01-01 08:08:20,L01,0.7285,13.52,0.1604,20.367,27.73,77.43,WARNING,methane_buildup
2026-01-01 08:08:25,L01,0.7026,16.03,0.1555,20.29,28.18,77.18,WARNING,methane_buildup
2026-01-01 08:08:30,L01,0.7275,14.2,0.1584,20.282,28.07,75.16,WARNING,methane_buildup
2026-01-01 08:08:35,L01,0.731,13.07,0.1548,20.293,28.13,75.87,WARNING,methane_buildup
2026-01-01 08:08:40,L01,0.7739,16.92,0.1565,20.278,28.06,76.66,WARNING,methane_buildup
2026-01-01 08:08:45,L01,0.8051,15.71,0.1593,20.263,27.8,77.45,WARNING,methane_buildup
2026-01-01 08:08:50,L01,0.8332,13.62,0.1682,20.225,27.91,78.11,WARNING,methane_buildup
2026-01-01 08:08:55,L01,0.8281,15.17,0.164,20.255,28.07,77.38,WARNING,methane_buildup
2026-01-01 08:09:00,L01,0.8678,14.41,0.1721,20.29,27.83,78.37,WARNING,methane_buildup
2026-01-01 08:09:05,L01,0.839,13.93,0.1887,20.266,28.14,77.89,WARNING,methane_buildup
2026-01-01 08:09:10,L01,0.8505,17.66,0.1814,20.266,28.01,78.27,WARNING,methane_buildup
2026-01-01 08:09:15,L01,0.8915,19.41,0.1741,20.196,28.0,77.9,WARNING,methane_buildup
2026-01-01 08:09:20,L01,0.9145,14.72,0.1887,20.174,28.18,78.55,WARNING,methane_buildup
2026-01-01 08:09:25,L01,0.9246,17.94,0.1781,20.192,28.16,78.47,WARNING,methane_buildup
2026-01-01 08:09:30,L01,0.9104,16.39,0.1674,20.19,28.05,79.04,WARNING,methane_buildup
2026-01-01 08:09:35,L01,0.9564,16.91,0.178,20.214,28.29,80.93,WARNING,methane_buildup
2026-01-01 08:09:40,L01,0.9545,17.03,0.1734,20.123,27.97,79.59,WARNING,methane_buildup
2026-01-01 08:09:45,L01,1.0005,16.9,0.1879,20.212,28.24,82.72,WARNING,methane_buildup
2026-01-01 08:09:50,L01,1.0123,18.54,0.1932,20.154,28.25,81.27,WARNING,methane_buildup
2026-01-01 08:09:55,L01,1.009,17.49,0.2088,20.139,28.13,81.29,WARNING,methane_buildup
2026-01-01 08:10:00,L01,1.0317,19.42,0.2003,20.114,28.24,80.72,WARNING,methane_buildup
2026-01-01 08:10:05,L01,1.0399,19.21,0.1983,20.087,28.02,82.24,WARNING,methane_buildup
2026-01-01 08:10:10,L01,1.0712,19.2,0.209,20.154,28.36,81.48,WARNING,methane_buildup
2026-01-01 08:10:15,L01,1.1028,18.47,0.187,20.124,28.21,82.3,WARNING,methane_buildup
2026-01-01 08:10:20,L01,0.1339,5.53,0.0521,20.803,25.5,65.72,SAFE,co_buildup
2026-01-01 08:10:25,L01,0.1453,6.66,0.0576,20.785,25.41,67.95,SAFE,co_buildup
2026-01-01 08:10:30,L01,0.1463,9.36,0.0691,20.777,25.56,66.9,SAFE,co_buildup
2026-01-01 08:10:35,L01,0.1196,6.26,0.0559,20.783,25.95,67.24,SAFE,co_buildup
2026-01-01 08:10:40,L01,0.1385,9.96,0.0684,20.736,25.95,68.03,SAFE,co_buildup
2026-01-01 08:10:45,L01,0.1519,8.89,0.0654,20.737,25.82,67.71,SAFE,co_buildup
2026-01-01 08:10:50,L01,0.1608,9.86,0.0718,20.699,25.83,67.62,SAFE,co_buildup
2026-01-01 08:10:55,L01,0.1774,11.67,0.0848,20.731,25.91,67.97,SAFE,co_buildup
2026-01-01 08:11:00,L01,0.177,9.7,0.0791,20.654,26.05,68.38,SAFE,co_buildup
2026-01-01 08:11:05,L01,0.1606,12.68,0.081,20.714,25.87,68.72,SAFE,co_buildup
2026-01-01 08:11:10,L01,0.1925,13.08,0.0727,20.645,26.05,69.64,SAFE,co_buildup
2026-01-01 08:11:15,L01,0.2022,14.3,0.0926,20.589,25.91,69.4,SAFE,co_buildup
2026-01-01 08:11:20,L01,0.2077,14.72,0.0948,20.622,26.28,70.25,SAFE,co_buildup
2026-01-01 08:11:25,L01,0.2217,18.69,0.11,20.584,26.39,69.91,SAFE,co_buildup
2026-01-01 08:11:30,L01,0.2243,14.78,0.0932,20.615,26.28,70.35,SAFE,co_buildup
2026-01-01 08:11:35,L01,0.2249,15.66,0.1005,20.557,26.66,68.99,SAFE,co_buildup
2026-01-01 08:11:40,L01,0.2232,16.25,0.1037,20.549,26.31,71.63,SAFE,co_buildup
2026-01-01 08:11:45,L01,0.2056,17.08,0.1174,20.492,26.34,71.48,SAFE,co_buildup
2026-01-01 08:11:50,L01,0.2432,17.68,0.107,20.521,26.66,72.31,SAFE,co_buildup
2026-01-01 08:11:55,L01,0.2461,21.14,0.113,20.448,26.85,69.51,SAFE,co_buildup
2026-01-01 08:12:00,L01,0.2533,22.22,0.1187,20.459,27.01,73.8,SAFE,co_buildup
2026-01-01 08:12:05,L01,0.2363,19.95,0.1183,20.515,26.75,72.33,SAFE,co_buildup
2026-01-01 08:12:10,L01,0.2454,20.29,0.1163,20.502,27.05,73.63,SAFE,co_buildup
2026-01-01 08:12:15,L01,0.2837,22.97,0.1244,20.477,26.95,72.22,SAFE,co_buildup
2026-01-01 08:12:20,L01,0.2735,22.16,0.1345,20.422,26.99,73.85,SAFE,co_buildup
2026-01-01 08:12:25,L01,0.2906,24.66,0.1207,20.435,27.22,72.83,SAFE,co_buildup
2026-01-01 08:12:30,L01,0.287,24.74,0.133,20.423,27.25,73.48,SAFE,co_buildup
2026-01-01 08:12:35,L01,0.2933,22.89,0.1294,20.374,26.98,75.81,SAFE,co_buildup
2026-01-01 08:12:40,L01,0.3131,28.21,0.1475,20.44,27.51,74.44,WARNING,co_buildup
2026-01-01 08:12:45,L01,0.2976,29.31,0.1288,20.407,27.56,75.07,WARNING,co_buildup
2026-01-01 08:12:50,L01,0.313,26.42,0.1396,20.36,27.33,75.9,WARNING,co_buildup
2026-01-01 08:12:55,L01,0.3108,27.48,0.1501,20.354,27.54,75.91,WARNING,co_buildup
2026-01-01 08:13:00,L01,0.3175,29.22,0.1626,20.345,27.63,75.94,WARNING,co_buildup
2026-01-01 08:13:05,L01,0.3256,30.02,0.1526,20.264,27.66,76.42,WARNING,co_buildup
2026-01-01 08:13:10,L01,0.3398,31.23,0.1517,20.304,27.6,78.36,WARNING,co_buildup
2026-01-01 08:13:15,L01,0.3355,33.98,0.1742,20.277,27.65,76.7,WARNING,co_buildup
2026-01-01 08:13:20,L01,0.3678,31.42,0.1506,20.253,27.81,77.21,WARNING,co_buildup
2026-01-01 08:13:25,L01,0.3418,31.22,0.1476,20.261,28.06,78.2,WARNING,co_buildup
2026-01-01 08:13:30,L01,0.3586,31.07,0.1717,20.309,28.03,78.55,WARNING,co_buildup
2026-01-01 08:13:35,L01,0.3611,32.77,0.1672,20.261,27.96,78.93,WARNING,co_buildup
2026-01-01 08:13:40,L01,0.3956,34.54,0.1661,20.211,28.2,78.79,WARNING,co_buildup
2026-01-01 08:13:45,L01,0.3831,38.01,0.1829,20.231,27.72,77.68,WARNING,co_buildup
2026-01-01 08:13:50,L01,0.4019,35.26,0.1822,20.242,28.39,80.21,WARNING,co_buildup
2026-01-01 08:13:55,L01,0.3703,37.1,0.1788,20.214,28.02,78.29,WARNING,co_buildup
2026-01-01 08:14:00,L01,0.4029,37.47,0.1761,20.174,28.29,79.76,WARNING,co_buildup
2026-01-01 08:14:05,L01,0.4184,40.0,0.1963,20.139,28.25,79.22,WARNING,co_buildup
2026-01-01 08:14:10,L01,0.4126,42.73,0.1976,20.165,28.29,80.08,WARNING,co_buildup
2026-01-01 08:14:15,L01,0.4335,38.87,0.1946,20.142,28.72,80.7,WARNING,co_buildup
2026-01-01 08:14:20,L01,0.416,39.66,0.2132,20.143,28.54,81.0,WARNING,co_buildup
2026-01-01 08:14:25,L01,0.4512,42.68,0.1929,20.121,28.73,81.39,WARNING,co_buildup
2026-01-01 08:14:30,L01,0.4708,42.87,0.1922,20.12,28.74,82.65,WARNING,co_buildup
2026-01-01 08:14:35,L01,0.4371,45.34,0.2019,20.058,28.89,82.03,WARNING,co_buildup
2026-01-01 08:14:40,L01,0.4421,44.17,0.2101,20.1,28.89,81.78,WARNING,co_buildup
2026-01-01 08:14:45,L01,0.4768,43.48,0.2155,20.052,28.75,83.05,WARNING,co_buildup
2026-01-01 08:14:50,L01,0.4849,45.63,0.2146,20.095,29.16,83.54,WARNING,co_buildup
2026-01-01 08:14:55,L01,0.4596,47.13,0.2224,19.998,29.01,81.92,WARNING,co_buildup
2026-01-01 08:15:00,L01,0.4674,47.42,0.2126,20.057,28.91,83.68,WARNING,co_buildup
2026-01-01 08:15:05,L01,0.4757,47.68,0.2371,19.997,29.15,84.07,WARNING,co_buildup
2026-01-01 08:15:10,L01,0.466,49.24,0.228,19.957,29.5,83.58,WARNING,co_buildup
2026-01-01 08:15:15,L01,0.4786,50.12,0.2406,19.948,29.47,85.23,DANGER,co_buildup
2026-01-01 08:15:20,L01,0.4836,51.17,0.2374,19.939,29.36,84.32,DANGER,co_buildup
2026-01-01 08:15:25,L01,0.4933,50.79,0.2413,19.948,29.43,84.84,DANGER,co_buildup
2026-01-01 08:15:30,L01,0.1563,1.02,0.0543,20.588,26.76,73.58,SAFE,low_oxygen
2026-01-01 08:15:35,L01,0.1521,2.73,0.0536,20.552,26.73,74.55,SAFE,low_oxygen
2026-01-01 08:15:40,L01,0.132,1.34,0.0606,20.533,26.82,75.44,SAFE,low_oxygen
2026-01-01 08:15:45,L01,0.1814,6.09,0.0617,20.524,26.6,74.46,SAFE,low_oxygen
2026-01-01 08:15:50,L01,0.1676,1.36,0.0719,20.485,26.54,73.22,SAFE,low_oxygen
2026-01-01 08:15:55,L01,0.1533,3.89,0.0773,20.38,27.02,74.57,SAFE,low_oxygen
2026-01-01 08:16:00,L01,0.126,4.65,0.0668,20.316,26.79,75.2,SAFE,low_oxygen
2026-01-01 08:16:05,L01,0.2032,4.6,0.0658,20.389,26.84,73.79,SAFE,low_oxygen
2026-01-01 08:16:10,L01,0.1533,3.98,0.0651,20.288,27.12,74.2,SAFE,low_oxygen
2026-01-01 08:16:15,L01,0.1548,4.34,0.0873,20.291,27.04,74.36,SAFE,low_oxygen
2026-01-01 08:16:20,L01,0.2001,4.88,0.0778,20.231,27.07,73.75,SAFE,low_oxygen
2026-01-01 08:16:25,L01,0.2267,4.87,0.0728,20.18,27.37,74.93,SAFE,low_oxygen
2026-01-01 08:16:30,L01,0.2161,6.81,0.0965,20.219,26.99,74.35,SAFE,low_oxygen
2026-01-01 08:16:35,L01,0.2091,8.96,0.1167,20.194,27.27,74.82,SAFE,low_oxygen
2026-01-01 08:16:40,L01,0.2149,5.09,0.1001,20.122,27.18,73.8,SAFE,low_oxygen
2026-01-01 08:16:45,L01,0.2241,4.15,0.1102,20.03,27.25,74.2,SAFE,low_oxygen
2026-01-01 08:16:50,L01,0.228,6.35,0.1076,20.059,27.48,75.16,SAFE,low_oxygen
2026-01-01 08:16:55,L01,0.2261,10.62,0.1095,20.056,27.37,74.32,SAFE,low_oxygen
2026-01-01 08:17:00,L01,0.2288,5.83,0.1211,19.968,27.42,76.03,SAFE,low_oxygen
2026-01-01 08:17:05,L01,0.2316,9.77,0.1148,19.986,27.54,74.36,SAFE,low_oxygen
2026-01-01 08:17:10,L01,0.2265,10.1,0.1226,19.948,27.37,74.9,WARNING,low_oxygen
2026-01-01 08:17:15,L01,0.2389,7.04,0.1264,19.934,27.34,75.5,SAFE,low_oxygen
2026-01-01 08:17:20,L01,0.223,9.0,0.1219,19.889,27.35,73.65,SAFE,low_oxygen
2026-01-01 08:17:25,L01,0.2523,10.86,0.1386,19.824,27.25,73.41,WARNING,low_oxygen
2026-01-01 08:17:30,L01,0.2442,8.13,0.1326,19.858,27.9,73.63,SAFE,low_oxygen
2026-01-01 08:17:35,L01,0.2478,8.67,0.1314,19.785,27.46,75.89,SAFE,low_oxygen
2026-01-01 08:17:40,L01,0.2724,8.38,0.1451,19.758,27.64,74.48,SAFE,low_oxygen
2026-01-01 08:17:45,L01,0.2959,8.01,0.137,19.699,27.67,77.0,SAFE,low_oxygen
2026-01-01 08:17:50,L01,0.2941,8.84,0.1478,19.682,27.8,74.53,SAFE,low_oxygen
2026-01-01 08:17:55,L01,0.262,8.25,0.1509,19.637,27.92,75.17,WARNING,low_oxygen
2026-01-01 08:18:00,L01,0.2761,10.42,0.163,19.626,27.97,76.29,WARNING,low_oxygen
2026-01-01 08:18:05,L01,0.3103,9.49,0.1615,19.651,27.79,76.69,WARNING,low_oxygen
2026-01-01 08:18:10,L01,0.2868,11.27,0.1609,19.527,27.9,76.77,WARNING,low_oxygen
2026-01-01 08:18:15,L01,0.3034,8.86,0.1711,19.488,28.01,76.12,WARNING,low_oxygen
2026-01-01 08:18:20,L01,0.3204,11.97,0.179,19.549,27.97,76.01,WARNING,low_oxygen
2026-01-01 08:18:25,L01,0.3029,13.0,0.1758,19.467,28.29,75.7,WARNING,low_oxygen
2026-01-01 08:18:30,L01,0.3243,9.04,0.1748,19.421,28.16,75.88,WARNING,low_oxygen
2026-01-01 08:18:35,L01,0.308,12.87,0.1676,19.441,28.24,74.85,WARNING,low_oxygen
2026-01-01 08:18:40,L01,0.3243,14.43,0.1729,19.359,28.27,74.67,WARNING,low_oxygen
2026-01-01 08:18:45,L01,0.3435,11.05,0.1824,19.401,28.39,75.35,WARNING,low_oxygen
2026-01-01 08:18:50,L01,0.3201,15.65,0.1834,19.335,28.29,75.25,WARNING,low_oxygen
2026-01-01 08:18:55,L01,0.3559,14.05,0.1901,19.268,28.11,75.06,WARNING,low_oxygen
2026-01-01 08:19:00,L01,0.3543,12.64,0.1955,19.315,28.4,76.01,WARNING,low_oxygen
2026-01-01 08:19:05,L01,0.3682,13.89,0.2026,19.201,28.29,76.26,WARNING,low_oxygen
2026-01-01 08:19:10,L01,0.3686,15.09,0.2012,19.21,28.35,75.6,WARNING,low_oxygen
2026-01-01 08:19:15,L01,0.391,14.64,0.2091,19.165,28.56,76.74,WARNING,low_oxygen
2026-01-01 08:19:20,L01,0.3777,15.62,0.2091,19.163,28.69,74.68,WARNING,low_oxygen
2026-01-01 08:19:25,L01,0.3747,13.71,0.1962,19.139,28.55,75.47,WARNING,low_oxygen
2026-01-01 08:19:30,L01,0.3883,15.62,0.2078,19.061,28.64,75.09,WARNING,low_oxygen
2026-01-01 08:19:35,L01,0.3999,13.52,0.2176,19.006,28.89,74.2,WARNING,low_oxygen
2026-01-01 08:19:40,L01,0.3978,15.75,0.2124,19.011,28.71,75.66,WARNING,low_oxygen
2026-01-01 08:19:45,L01,0.403,14.84,0.2303,18.945,29.11,75.66,DANGER,low_oxygen
2026-01-01 08:19:50,L01,0.3971,15.37,0.2411,18.994,28.84,77.01,DANGER,low_oxygen
2026-01-01 08:19:55,L01,0.403,18.61,0.242,18.906,28.54,76.33,DANGER,low_oxygen
2026-01-01 08:20:00,L01,0.3972,18.67,0.234,18.859,28.96,75.04,DANGER,low_oxygen
2026-01-01 08:20:05,L01,0.4498,18.22,0.251,18.844,28.94,77.38,DANGER,low_oxygen
2026-01-01 08:20:10,L01,0.4102,15.95,0.2436,18.766,29.12,76.91,DANGER,low_oxygen
2026-01-01 08:20:15,L01,0.4238,17.39,0.2431,18.746,29.07,76.43,DANGER,low_oxygen
2026-01-01 08:20:20,L01,0.4287,19.96,0.2443,18.779,28.99,75.82,DANGER,low_oxygen
2026-01-01 08:20:25,L01,0.4582,18.63,0.2502,18.692,28.87,75.26,DANGER,low_oxygen
2026-01-01 08:20:30,L01,0.4457,22.18,0.2529,18.648,29.06,75.77,DANGER,low_oxygen
2026-01-01 08:20:35,L01,0.4741,19.56,0.2607,18.664,29.01,76.97,DANGER,low_oxygen
2026-01-01 08:20:40,L01,0.1288,6.46,0.0349,20.597,26.11,65.47,SAFE,co2_buildup
2026-01-01 08:20:45,L01,0.1131,8.89,0.0576,20.558,26.49,64.91,SAFE,co2_buildup
2026-01-01 08:20:50,L01,0.1459,6.1,0.0646,20.572,26.42,67.13,SAFE,co2_buildup
2026-01-01 08:20:55,L01,0.1314,5.25,0.0586,20.552,26.23,65.82,SAFE,co2_buildup
2026-01-01 08:21:00,L01,0.1231,6.34,0.0482,20.49,26.43,67.67,SAFE,co2_buildup
2026-01-01 08:21:05,L01,0.0988,8.95,0.0658,20.535,26.4,67.63,SAFE,co2_buildup
2026-01-01 08:21:10,L01,0.1426,6.19,0.0866,20.471,26.6,67.16,SAFE,co2_buildup
2026-01-01 08:21:15,L01,0.1708,6.23,0.0816,20.495,26.79,69.49,SAFE,co2_buildup
2026-01-01 08:21:20,L01,0.1704,6.98,0.0794,20.466,26.34,67.5,SAFE,co2_buildup
2026-01-01 08:21:25,L01,0.1398,6.55,0.0889,20.495,26.67,69.58,SAFE,co2_buildup
2026-01-01 08:21:30,L01,0.1389,8.43,0.1052,20.417,26.67,70.04,SAFE,co2_buildup
2026-01-01 08:21:35,L01,0.1561,10.96,0.1084,20.398,26.83,69.09,SAFE,co2_buildup
2026-01-01 08:21:40,L01,0.1353,9.28,0.1077,20.392,26.79,71.13,SAFE,co2_buildup
2026-01-01 08:21:45,L01,0.1561,8.69,0.1122,20.368,26.68,70.21,SAFE,co2_buildup
2026-01-01 08:21:50,L01,0.1642,8.9,0.1176,20.385,26.78,71.03,SAFE,co2_buildup
2026-01-01 08:21:55,L01,0.1724,7.27,0.1189,20.297,26.75,71.39,SAFE,co2_buildup
2026-01-01 08:22:00,L01,0.1537,11.21,0.1448,20.298,27.06,71.47,SAFE,co2_buildup
2026-01-01 08:22:05,L01,0.1533,10.04,0.1348,20.282,26.94,72.61,SAFE,co2_buildup
2026-01-01 08:22:10,L01,0.1444,10.16,0.1527,20.327,27.26,72.99,WARNING,co2_buildup
2026-01-01 08:22:15,L01,0.1464,15.49,0.1607,20.334,27.0,71.35,WARNING,co2_buildup
2026-01-01 08:22:20,L01,0.1566,11.42,0.162,20.263,26.94,74.18,WARNING,co2_buildup
2026-01-01 08:22:25,L01,0.1667,10.12,0.1562,20.246,26.85,72.19,WARNING,co2_buildup
2026-01-01 08:22:30,L01,0.1761,10.88,0.1684,20.237,26.84,74.74,WARNING,co2_buildup
2026-01-01 08:22:35,L01,0.1516,13.51,0.1705,20.254,26.91,75.2,WARNING,co2_buildup
2026-01-01 08:22:40,L01,0.1872,12.23,0.1691,20.176,27.23,73.82,WARNING,co2_buildup
2026-01-01 08:22:45,L01,0.162,10.18,0.1844,20.195,27.3,74.75,WARNING,co2_buildup
2026-01-01 08:22:50,L01,0.167,13.99,0.178,20.201,27.02,74.59,WARNING,co2_buildup
2026-01-01 08:22:55,L01,0.1573,11.88,0.2025,20.171,27.43,75.69,WARNING,co2_buildup
2026-01-01 08:23:00,L01,0.1333,15.96,0.1948,20.146,27.26,76.0,WARNING,co2_buildup
2026-01-01 08:23:05,L01,0.1842,15.04,0.2057,20.155,27.38,77.26,WARNING,co2_buildup
2026-01-01 08:23:10,L01,0.1832,13.03,0.2119,20.028,27.64,78.08,WARNING,co2_buildup
2026-01-01 08:23:15,L01,0.1691,15.89,0.2131,20.114,27.57,78.54,WARNING,co2_buildup
2026-01-01 08:23:20,L01,0.1756,14.34,0.2254,20.058,27.43,77.36,WARNING,co2_buildup
2026-01-01 08:23:25,L01,0.1835,15.79,0.2225,20.007,27.37,78.03,WARNING,co2_buildup
2026-01-01 08:23:30,L01,0.1535,15.51,0.2388,20.062,27.22,77.24,WARNING,co2_buildup
2026-01-01 08:23:35,L01,0.1702,13.79,0.2267,20.072,27.47,78.33,WARNING,co2_buildup
2026-01-01 08:23:40,L01,0.1913,14.37,0.244,20.011,27.58,80.14,WARNING,co2_buildup
2026-01-01 08:23:45,L01,0.1618,17.15,0.2641,20.028,27.5,81.05,WARNING,co2_buildup
2026-01-01 08:23:50,L01,0.1862,15.37,0.2461,20.032,27.66,79.16,WARNING,co2_buildup
2026-01-01 08:23:55,L01,0.1627,15.54,0.2542,20.007,27.73,80.06,WARNING,co2_buildup
2026-01-01 08:24:00,L01,0.1912,14.99,0.2693,20.001,27.72,80.91,WARNING,co2_buildup
2026-01-01 08:24:05,L01,0.1849,17.33,0.2722,19.959,27.69,81.54,WARNING,co2_buildup
2026-01-01 08:24:10,L01,0.1624,20.06,0.2791,19.923,27.85,81.06,WARNING,co2_buildup
2026-01-01 08:24:15,L01,0.2053,15.64,0.2858,19.857,27.92,82.44,WARNING,co2_buildup
2026-01-01 08:24:20,L01,0.1781,17.55,0.2925,19.882,27.73,82.11,WARNING,co2_buildup
2026-01-01 08:24:25,L01,0.1781,19.9,0.3019,19.848,28.14,82.86,WARNING,co2_buildup
2026-01-01 08:24:30,L01,0.1945,17.93,0.3018,19.923,27.95,83.7,WARNING,co2_buildup
2026-01-01 08:24:35,L01,0.2099,19.0,0.3022,19.837,28.0,83.66,WARNING,co2_buildup
2026-01-01 08:24:40,L01,0.1787,17.0,0.3151,19.83,28.14,83.7,WARNING,co2_buildup
2026-01-01 08:24:45,L01,0.1961,19.51,0.3304,19.827,28.1,84.35,WARNING,co2_buildup
2026-01-01 08:24:50,L01,0.2028,18.86,0.3197,19.796,28.25,84.75,WARNING,co2_buildup
2026-01-01 08:24:55,L01,0.208,20.89,0.3185,19.83,28.18,84.92,WARNING,co2_buildup
2026-01-01 08:25:00,L01,0.2014,21.47,0.3408,19.745,28.08,85.4,WARNING,co2_buildup
2026-01-01 08:25:05,L01,0.1945,23.84,0.3365,19.753,28.27,87.27,WARNING,co2_buildup
2026-01-01 08:25:10,L01,0.1888,21.1,0.3256,19.71,28.07,86.83,WARNING,co2_buildup
2026-01-01 08:25:15,L01,0.2037,20.99,0.3554,19.676,28.3,86.54,WARNING,co2_buildup
2026-01-01 08:25:20,L01,0.1875,21.07,0.3499,19.682,28.31,87.72,WARNING,co2_buildup
2026-01-01 08:25:25,L01,0.161,20.52,0.359,19.683,28.32,87.28,WARNING,co2_buildup
2026-01-01 08:25:30,L01,0.2126,21.83,0.3679,19.656,28.37,88.88,WARNING,co2_buildup
2026-01-01 08:25:35,L01,0.2208,21.15,0.3723,19.632,28.14,88.63,WARNING,co2_buildup
2026-01-01 08:25:40,L01,0.173,22.12,0.382,19.595,28.38,88.63,WARNING,co2_buildup
2026-01-01 08:25:45,L01,0.1945,24.12,0.3784,19.619,28.51,89.47,WARNING,co2_buildup
2026-01-01 08:25:50,L01,0.1053,2.58,0.0637,20.441,27.09,70.55,SAFE,ventilation_failure
2026-01-01 08:25:55,L01,0.1167,2.79,0.0754,20.499,27.09,73.02,SAFE,ventilation_failure
2026-01-01 08:26:00,L01,0.11,4.75,0.074,20.395,27.31,71.84,SAFE,ventilation_failure
2026-01-01 08:26:05,L01,0.1669,7.8,0.0959,20.414,27.49,73.2,SAFE,ventilation_failure
2026-01-01 08:26:10,L01,0.1555,8.76,0.0932,20.357,27.63,71.17,SAFE,ventilation_failure
2026-01-01 08:26:15,L01,0.1912,8.92,0.0995,20.358,27.54,73.63,SAFE,ventilation_failure
2026-01-01 08:26:20,L01,0.2347,10.06,0.1033,20.296,27.57,72.12,SAFE,ventilation_failure
2026-01-01 08:26:25,L01,0.2057,10.57,0.1135,20.28,27.71,73.85,SAFE,ventilation_failure
2026-01-01 08:26:30,L01,0.1975,9.66,0.1252,20.259,27.62,73.45,SAFE,ventilation_failure
2026-01-01 08:26:35,L01,0.2471,12.09,0.118,20.2,28.13,72.86,SAFE,ventilation_failure
2026-01-01 08:26:40,L01,0.2839,13.46,0.126,20.225,27.64,73.47,SAFE,ventilation_failure
2026-01-01 08:26:45,L01,0.3127,14.21,0.1351,20.16,27.98,74.52,SAFE,ventilation_failure
2026-01-01 08:26:50,L01,0.2808,15.69,0.1331,20.141,28.32,74.23,SAFE,ventilation_failure
2026-01-01 08:26:55,L01,0.3227,15.79,0.1437,20.09,28.09,74.79,SAFE,ventilation_failure
2026-01-01 08:27:00,L01,0.3242,16.08,0.1527,20.016,28.12,76.08,WARNING,ventilation_failure
2026-01-01 08:27:05,L01,0.3455,17.98,0.1699,20.06,28.16,73.42,WARNING,ventilation_failure
2026-01-01 08:27:10,L01,0.4027,17.15,0.1713,20.11,28.26,76.14,WARNING,ventilation_failure
2026-01-01 08:27:15,L01,0.3565,16.69,0.1771,20.034,28.56,75.1,WARNING,ventilation_failure
2026-01-01 08:27:20,L01,0.3988,18.59,0.1887,19.982,28.09,74.48,WARNING,ventilation_failure
2026-01-01 08:27:25,L01,0.4179,18.54,0.1871,19.948,28.72,74.31,WARNING,ventilation_failure
2026-01-01 08:27:30,L01,0.4432,19.47,0.1977,19.929,28.34,75.39,WARNING,ventilation_failure
2026-01-01 08:27:35,L01,0.4443,21.09,0.2,19.917,28.58,76.46,WARNING,ventilation_failure
2026-01-01 08:27:40,L01,0.4634,20.94,0.2093,19.838,28.62,75.79,WARNING,ventilation_failure
2026-01-01 08:27:45,L01,0.4689,22.48,0.2089,19.879,28.84,77.28,WARNING,ventilation_failure
2026-01-01 08:27:50,L01,0.4947,20.93,0.2004,19.84,28.58,75.08,WARNING,ventilation_failure
2026-01-01 08:27:55,L01,0.5015,24.91,0.2251,19.812,28.96,76.41,WARNING,ventilation_failure
2026-01-01 08:28:00,L01,0.5319,25.41,0.2439,19.776,29.26,75.59,DANGER,ventilation_failure
2026-01-01 08:28:05,L01,0.533,25.01,0.2463,19.736,28.82,77.06,DANGER,ventilation_failure
2026-01-01 08:28:10,L01,0.5602,28.04,0.2529,19.729,29.12,77.66,DANGER,ventilation_failure
2026-01-01 08:28:15,L01,0.57,29.28,0.2614,19.699,29.06,76.78,DANGER,ventilation_failure
2026-01-01 08:28:20,L01,0.6033,26.29,0.2586,19.643,29.29,75.21,DANGER,ventilation_failure
2026-01-01 08:28:25,L01,0.6016,28.38,0.2658,19.609,29.29,77.63,DANGER,ventilation_failure
2026-01-01 08:28:30,L01,0.5917,29.19,0.2656,19.602,29.26,78.0,DANGER,ventilation_failure
2026-01-01 08:28:35,L01,0.6532,29.75,0.2743,19.618,29.5,78.14,DANGER,ventilation_failure
2026-01-01 08:28:40,L01,0.6366,33.23,0.2881,19.506,29.76,78.99,DANGER,ventilation_failure
2026-01-01 08:28:45,L01,0.6564,32.52,0.2992,19.472,29.53,77.31,DANGER,ventilation_failure
2026-01-01 08:28:50,L01,0.6732,33.23,0.2947,19.494,29.73,78.89,DANGER,ventilation_failure
2026-01-01 08:28:55,L01,0.7187,31.45,0.2986,19.463,29.5,79.48,DANGER,ventilation_failure
2026-01-01 08:29:00,L01,0.682,36.23,0.3085,19.439,29.61,77.27,DANGER,ventilation_failure
2026-01-01 08:29:05,L01,0.7771,34.24,0.3197,19.414,29.9,79.13,CRITICAL,ventilation_failure
2026-01-01 08:29:10,L01,0.7618,37.01,0.3096,19.372,30.11,78.64,CRITICAL,ventilation_failure
2026-01-01 08:29:15,L01,0.7652,38.16,0.3091,19.396,30.01,79.16,CRITICAL,ventilation_failure
2026-01-01 08:29:20,L01,0.777,40.6,0.3294,19.276,29.98,79.68,CRITICAL,ventilation_failure
2026-01-01 08:29:25,L01,0.7981,37.42,0.3304,19.272,30.09,79.18,CRITICAL,ventilation_failure
2026-01-01 08:29:30,L01,0.8176,35.68,0.3424,19.266,29.97,79.21,CRITICAL,ventilation_failure
2026-01-01 08:29:35,L01,0.8354,41.3,0.3517,19.192,30.32,79.95,CRITICAL,ventilation_failure
2026-01-01 08:29:40,L01,0.85,44.55,0.3555,19.209,30.43,79.23,CRITICAL,ventilation_failure
2026-01-01 08:29:45,L01,0.859,44.53,0.3771,19.237,30.29,79.4,CRITICAL,ventilation_failure
2026-01-01 08:29:50,L01,0.8706,43.81,0.3745,19.16,30.36,80.99,CRITICAL,ventilation_failure
2026-01-01 08:29:55,L01,0.8872,43.58,0.3806,19.139,30.53,79.7,CRITICAL,ventilation_failure
2026-01-01 08:30:00,L01,0.9025,46.35,0.3895,19.067,30.5,81.33,CRITICAL,ventilation_failure
2026-01-01 08:30:05,L01,0.9384,44.5,0.3817,19.058,30.62,81.34,CRITICAL,ventilation_failure
2026-01-01 08:30:10,L01,0.9463,47.5,0.4055,19.038,31.01,79.77,CRITICAL,ventilation_failure
2026-01-01 08:30:15,L01,0.9092,48.36,0.4029,19.012,30.72,80.78,CRITICAL,ventilation_failure
2026-01-01 08:30:20,L01,0.9791,50.01,0.4152,19.033,30.77,82.45,CRITICAL,ventilation_failure
2026-01-01 08:30:25,L01,0.9882,53.39,0.4076,18.984,30.8,80.89,CRITICAL,ventilation_failure
2026-01-01 08:30:30,L01,1.0009,50.66,0.4101,18.906,31.07,81.48,CRITICAL,ventilation_failure
2026-01-01 08:30:35,L01,1.0113,50.13,0.4354,18.92,31.0,82.39,CRITICAL,ventilation_failure
2026-01-01 08:30:40,L01,1.05,51.67,0.4382,18.9,31.0,82.83,CRITICAL,ventilation_failure
2026-01-01 08:30:45,L01,1.0633,49.88,0.4343,18.891,31.36,82.17,CRITICAL,ventilation_failure
2026-01-01 08:30:50,L01,1.0534,52.31,0.4409,18.877,31.44,82.07,CRITICAL,ventilation_failure
2026-01-01 08:30:55,L01,1.0871,53.56,0.4632,18.772,31.21,83.86,CRITICAL,ventilation_failure
2026-01-01 08:31:00,L01,0.1544,3.68,0.0232,20.661,27.99,67.7,SAFE,fire_heat
2026-01-01 08:31:05,L01,0.1339,8.67,0.047,20.641,28.31,66.51,SAFE,fire_heat
2026-01-01 08:31:10,L01,0.1535,7.1,0.0548,20.613,27.92,67.5,SAFE,fire_heat
2026-01-01 08:31:15,L01,0.1733,11.38,0.0571,20.525,28.04,67.9,SAFE,fire_heat
2026-01-01 08:31:20,L01,0.2098,9.31,0.074,20.552,28.76,68.63,SAFE,fire_heat
2026-01-01 08:31:25,L01,0.2369,8.59,0.0697,20.502,28.7,68.93,SAFE,fire_heat
2026-01-01 08:31:30,L01,0.2096,10.51,0.0843,20.477,28.67,68.05,SAFE,fire_heat
2026-01-01 08:31:35,L01,0.2081,15.07,0.079,20.506,29.04,68.95,SAFE,fire_heat
2026-01-01 08:31:40,L01,0.2292,14.02,0.0943,20.395,28.73,69.49,SAFE,fire_heat
2026-01-01 08:31:45,L01,0.2448,14.47,0.1005,20.427,29.29,70.53,SAFE,fire_heat
2026-01-01 08:31:50,L01,0.237,16.57,0.1111,20.364,29.5,70.17,SAFE,fire_heat
2026-01-01 08:31:55,L01,0.2791,18.12,0.1137,20.334,29.75,70.49,SAFE,fire_heat
2026-01-01 08:32:00,L01,0.2659,20.08,0.123,20.336,29.62,70.16,SAFE,fire_heat
2026-01-01 08:32:05,L01,0.2803,21.61,0.138,20.292,29.94,71.47,SAFE,fire_heat
2026-01-01 08:32:10,L01,0.2931,19.94,0.1353,20.269,29.95,70.91,SAFE,fire_heat
2026-01-01 08:32:15,L01,0.2998,19.52,0.1333,20.251,30.29,70.14,SAFE,fire_heat
2026-01-01 08:32:20,L01,0.3164,21.93,0.1676,20.182,30.28,72.19,WARNING,fire_heat
2026-01-01 08:32:25,L01,0.3049,23.98,0.172,20.144,30.51,71.87,WARNING,fire_heat
2026-01-01 08:32:30,L01,0.3161,23.18,0.158,20.1,30.58,71.2,WARNING,fire_heat
2026-01-01 08:32:35,L01,0.3183,24.22,0.1812,20.078,30.99,71.42,WARNING,fire_heat
2026-01-01 08:32:40,L01,0.3517,27.21,0.1791,20.161,31.18,72.28,WARNING,fire_heat
2026-01-01 08:32:45,L01,0.3671,27.66,0.1926,20.08,31.18,72.66,WARNING,fire_heat
2026-01-01 08:32:50,L01,0.3726,28.82,0.2002,19.972,31.38,72.69,WARNING,fire_heat
2026-01-01 08:32:55,L01,0.4012,28.67,0.2034,19.943,31.32,73.03,WARNING,fire_heat
2026-01-01 08:33:00,L01,0.3863,30.49,0.2063,19.967,31.65,74.38,WARNING,fire_heat
2026-01-01 08:33:05,L01,0.4067,30.49,0.2145,19.939,31.85,74.12,WARNING,fire_heat
2026-01-01 08:33:10,L01,0.3907,34.25,0.22,19.909,32.41,73.66,DANGER,fire_heat
2026-01-01 08:33:15,L01,0.4115,35.5,0.2281,19.855,32.02,74.5,DANGER,fire_heat
2026-01-01 08:33:20,L01,0.4381,32.22,0.2416,19.829,32.56,73.17,DANGER,fire_heat
2026-01-01 08:33:25,L01,0.4507,34.63,0.2438,19.812,32.65,74.56,DANGER,fire_heat
2026-01-01 08:33:30,L01,0.4439,34.81,0.2623,19.775,32.71,75.93,DANGER,fire_heat
2026-01-01 08:33:35,L01,0.4576,37.12,0.2762,19.676,33.09,74.55,DANGER,fire_heat
2026-01-01 08:33:40,L01,0.4462,39.01,0.267,19.705,33.04,74.29,DANGER,fire_heat
2026-01-01 08:33:45,L01,0.4739,37.99,0.2809,19.657,33.21,74.69,DANGER,fire_heat
2026-01-01 08:33:50,L01,0.503,39.82,0.2904,19.658,33.3,74.58,DANGER,fire_heat
2026-01-01 08:33:55,L01,0.5086,40.74,0.2976,19.712,33.65,75.07,DANGER,fire_heat
2026-01-01 08:34:00,L01,0.5178,43.59,0.3018,19.603,33.79,75.65,DANGER,fire_heat
2026-01-01 08:34:05,L01,0.5213,44.42,0.3145,19.553,33.7,75.06,DANGER,fire_heat
2026-01-01 08:34:10,L01,0.531,44.27,0.3198,19.56,33.75,76.44,DANGER,fire_heat
2026-01-01 08:34:15,L01,0.5313,46.65,0.3134,19.517,34.08,77.4,DANGER,fire_heat
2026-01-01 08:34:20,L01,0.5621,46.6,0.3376,19.485,34.15,76.19,CRITICAL,fire_heat
2026-01-01 08:34:25,L01,0.5682,48.05,0.3452,19.461,34.43,78.38,CRITICAL,fire_heat
2026-01-01 08:34:30,L01,0.5796,52.01,0.3393,19.474,34.78,77.81,CRITICAL,fire_heat
2026-01-01 08:34:35,L01,0.5747,52.54,0.3531,19.348,34.69,78.47,CRITICAL,fire_heat
2026-01-01 08:34:40,L01,0.5606,49.62,0.3657,19.367,34.91,77.36,CRITICAL,fire_heat
2026-01-01 08:34:45,L01,0.6196,53.85,0.3659,19.295,35.09,78.82,CRITICAL,fire_heat
2026-01-01 08:34:50,L01,0.6063,54.86,0.3836,19.309,35.37,77.5,CRITICAL,fire_heat
2026-01-01 08:34:55,L01,0.6109,52.96,0.4013,19.235,35.06,79.33,CRITICAL,fire_heat
2026-01-01 08:35:00,L01,0.6446,56.94,0.3834,19.22,35.47,79.0,CRITICAL,fire_heat
2026-01-01 08:35:05,L01,0.6386,59.06,0.3861,19.194,35.75,79.55,CRITICAL,fire_heat
2026-01-01 08:35:10,L01,0.6707,56.1,0.4069,19.202,36.06,78.41,CRITICAL,fire_heat
2026-01-01 08:35:15,L01,0.6744,57.45,0.4176,19.17,35.97,78.88,CRITICAL,fire_heat
2026-01-01 08:35:20,L01,0.6857,61.39,0.4174,19.075,35.92,80.32,CRITICAL,fire_heat
2026-01-01 08:35:25,L01,0.6653,61.3,0.4383,19.084,36.46,79.32,CRITICAL,fire_heat
2026-01-01 08:35:30,L01,0.7143,62.76,0.4233,19.031,36.43,80.7,CRITICAL,fire_heat
2026-01-01 08:35:35,L01,0.7104,63.48,0.4469,18.985,36.51,79.48,CRITICAL,fire_heat
2026-01-01 08:35:40,L01,0.7112,64.59,0.4439,18.986,36.76,81.49,CRITICAL,fire_heat
2026-01-01 08:35:45,L01,0.7292,63.05,0.4699,18.953,36.98,80.07,CRITICAL,fire_heat
2026-01-01 08:35:50,L01,0.7108,67.65,0.4795,19.005,37.08,81.74,CRITICAL,fire_heat
2026-01-01 08:35:55,L01,0.7539,68.87,0.4648,18.915,37.0,82.04,CRITICAL,fire_heat
2026-01-01 08:36:00,L01,0.7426,67.81,0.4739,18.831,37.63,81.23,CRITICAL,fire_heat
2026-01-01 08:36:05,L01,0.7481,69.12,0.4925,18.825,37.84,82.5,CRITICAL,fire_heat
2026-01-01 08:36:10,L01,0.0734,6.56,0.0697,20.625,25.17,68.3,SAFE,combined_hazard
2026-01-01 08:36:15,L01,0.0718,5.82,0.0598,20.578,25.11,69.79,SAFE,combined_hazard
2026-01-01 08:36:20,L01,0.0845,9.47,0.0837,20.483,25.45,68.05,SAFE,combined_hazard
2026-01-01 08:36:25,L01,0.1135,9.94,0.0821,20.453,25.15,68.32,SAFE,combined_hazard
2026-01-01 08:36:30,L01,0.1206,14.23,0.0861,20.466,25.73,69.32,SAFE,combined_hazard
2026-01-01 08:36:35,L01,0.1334,15.3,0.0918,20.465,25.67,70.97,SAFE,combined_hazard
2026-01-01 08:36:40,L01,0.1488,13.6,0.0986,20.336,26.25,69.28,SAFE,combined_hazard
2026-01-01 08:36:45,L01,0.1318,15.42,0.0866,20.37,26.35,68.58,SAFE,combined_hazard
2026-01-01 08:36:50,L01,0.1793,16.88,0.1064,20.336,26.46,70.84,SAFE,combined_hazard
2026-01-01 08:36:55,L01,0.1902,17.67,0.122,20.36,26.77,72.0,SAFE,combined_hazard
2026-01-01 08:37:00,L01,0.1788,19.99,0.1215,20.274,26.56,72.87,SAFE,combined_hazard
2026-01-01 08:37:05,L01,0.2035,19.91,0.1172,20.264,27.12,71.89,SAFE,combined_hazard
2026-01-01 08:37:10,L01,0.2196,20.7,0.1346,20.224,27.16,72.28,SAFE,combined_hazard
2026-01-01 08:37:15,L01,0.2313,24.68,0.1553,20.123,27.14,73.89,WARNING,combined_hazard
2026-01-01 08:37:20,L01,0.2514,26.04,0.1582,20.177,27.51,71.82,WARNING,combined_hazard
2026-01-01 08:37:25,L01,0.2809,25.24,0.1544,20.127,27.33,73.36,WARNING,combined_hazard
2026-01-01 08:37:30,L01,0.2888,29.14,0.1691,20.103,27.53,74.18,WARNING,combined_hazard
2026-01-01 08:37:35,L01,0.2659,28.2,0.1652,20.172,27.72,74.74,WARNING,combined_hazard
2026-01-01 08:37:40,L01,0.308,30.88,0.1611,19.959,27.89,74.33,WARNING,combined_hazard
2026-01-01 08:37:45,L01,0.3317,33.08,0.1739,20.04,27.97,75.11,WARNING,combined_hazard
2026-01-01 08:37:50,L01,0.3307,33.15,0.2004,19.947,28.47,73.45,WARNING,combined_hazard
2026-01-01 08:37:55,L01,0.3543,35.23,0.1923,19.931,28.4,75.27,WARNING,combined_hazard
2026-01-01 08:38:00,L01,0.3812,35.12,0.1992,19.888,28.65,76.51,WARNING,combined_hazard
2026-01-01 08:38:05,L01,0.3795,36.95,0.2053,19.844,28.67,75.71,WARNING,combined_hazard
2026-01-01 08:38:10,L01,0.3809,38.29,0.2296,19.806,28.64,76.9,WARNING,combined_hazard
2026-01-01 08:38:15,L01,0.4059,38.83,0.2339,19.8,29.11,77.56,WARNING,combined_hazard
2026-01-01 08:38:20,L01,0.4055,41.03,0.2453,19.712,28.94,77.29,WARNING,combined_hazard
2026-01-01 08:38:25,L01,0.4168,40.33,0.2329,19.747,29.38,78.05,WARNING,combined_hazard
2026-01-01 08:38:30,L01,0.4242,43.26,0.2431,19.679,29.34,77.5,WARNING,combined_hazard
2026-01-01 08:38:35,L01,0.466,44.92,0.2352,19.624,30.0,78.45,WARNING,combined_hazard
2026-01-01 08:38:40,L01,0.4434,46.32,0.2658,19.612,30.0,79.46,WARNING,combined_hazard
2026-01-01 08:38:45,L01,0.4917,47.69,0.2512,19.63,30.04,79.45,WARNING,combined_hazard
2026-01-01 08:38:50,L01,0.4893,49.31,0.2689,19.543,30.37,79.21,WARNING,combined_hazard
2026-01-01 08:38:55,L01,0.4739,51.47,0.265,19.537,30.21,80.21,DANGER,combined_hazard
2026-01-01 08:39:00,L01,0.5135,53.41,0.2757,19.471,30.58,80.96,DANGER,combined_hazard
2026-01-01 08:39:05,L01,0.4896,52.48,0.2803,19.483,30.68,79.1,DANGER,combined_hazard
2026-01-01 08:39:10,L01,0.5435,53.0,0.2887,19.447,30.85,82.02,DANGER,combined_hazard
2026-01-01 08:39:15,L01,0.5605,54.59,0.2959,19.449,31.16,81.18,DANGER,combined_hazard
2026-01-01 08:39:20,L01,0.5514,56.77,0.3024,19.356,31.24,82.14,CRITICAL,combined_hazard
2026-01-01 08:39:25,L01,0.5752,58.33,0.3201,19.348,31.33,83.11,CRITICAL,combined_hazard
2026-01-01 08:39:30,L01,0.6158,59.05,0.3112,19.298,31.19,81.41,CRITICAL,combined_hazard
2026-01-01 08:39:35,L01,0.592,59.61,0.3284,19.301,31.46,82.29,CRITICAL,combined_hazard
2026-01-01 08:39:40,L01,0.5967,62.22,0.343,19.207,31.74,82.98,CRITICAL,combined_hazard
2026-01-01 08:39:45,L01,0.6479,64.53,0.3357,19.218,31.93,82.94,CRITICAL,combined_hazard
2026-01-01 08:39:50,L01,0.6682,66.5,0.3407,19.157,31.9,85.31,CRITICAL,combined_hazard
2026-01-01 08:39:55,L01,0.6519,66.12,0.3512,19.128,32.59,83.59,CRITICAL,combined_hazard
2026-01-01 08:40:00,L01,0.6801,67.69,0.3691,19.099,32.62,84.18,CRITICAL,combined_hazard
2026-01-01 08:40:05,L01,0.6981,68.26,0.3678,19.071,32.64,85.14,CRITICAL,combined_hazard
2026-01-01 08:40:10,L01,0.68,70.96,0.3686,19.027,32.72,84.37,CRITICAL,combined_hazard
2026-01-01 08:40:15,L01,0.6969,71.08,0.3834,19.004,32.83,85.37,CRITICAL,combined_hazard
2026-01-01 08:40:20,L01,0.7357,74.57,0.3773,19.012,32.88,86.29,CRITICAL,combined_hazard
2026-01-01 08:40:25,L01,0.7556,72.38,0.3982,18.961,33.19,86.12,CRITICAL,combined_hazard
2026-01-01 08:40:30,L01,0.7519,75.87,0.4026,18.924,33.38,86.67,CRITICAL,combined_hazard
2026-01-01 08:40:35,L01,0.7433,78.21,0.4035,18.852,33.31,86.67,CRITICAL,combined_hazard
2026-01-01 08:40:40,L01,0.7994,79.38,0.4058,18.806,33.7,86.24,CRITICAL,combined_hazard
2026-01-01 08:40:45,L01,0.7747,84.5,0.412,18.828,33.79,88.06,CRITICAL,combined_hazard
2026-01-01 08:40:50,L01,0.7907,82.33,0.43,18.792,33.68,89.56,CRITICAL,combined_hazard
2026-01-01 08:40:55,L01,0.814,81.65,0.4422,18.777,34.0,88.52,CRITICAL,combined_hazard
2026-01-01 08:41:00,L01,0.8452,84.36,0.4338,18.682,34.22,89.04,CRITICAL,combined_hazard
2026-01-01 08:41:05,L01,0.8478,83.19,0.4492,18.66,34.73,89.77,CRITICAL,combined_hazard
2026-01-01 08:41:10,L01,0.8543,87.09,0.4355,18.585,34.68,88.55,CRITICAL,combined_hazard
2026-01-01 08:41:15,L01,0.8681,87.31,0.4541,18.589,34.56,91.28,CRITICAL,combined_hazard
2026-01-01 08:41:20,L01,0.8749,91.28,0.4651,18.598,34.99,90.44,CRITICAL,combined_hazard
2026-01-01 08:41:25,L01,0.8957,90.43,0.4647,18.521,34.84,91.93,CRITICAL,combined_hazard
2026-01-01 08:41:30,L01,0.8624,92.43,0.4711,18.521,35.39,90.4,CRITICAL,combined_hazard
2026-01-01 08:41:35,L01,0.909,93.01,0.4798,18.463,35.32,92.79,CRITICAL,combined_hazard
2026-01-01 08:00:00,L02,0.1305,8.21,0.0536,20.789,26.96,77.8,SAFE,normal
2026-01-01 08:00:05,L02,0.1631,6.39,0.0541,20.849,27.18,75.6,SAFE,normal
2026-01-01 08:00:10,L02,0.135,2.59,0.0495,20.836,27.31,76.25,SAFE,normal
2026-01-01 08:00:15,L02,0.1749,6.39,0.0595,20.798,27.54,76.25,SAFE,normal
2026-01-01 08:00:20,L02,0.1633,5.39,0.0336,20.788,27.41,75.89,SAFE,normal
2026-01-01 08:00:25,L02,0.1723,4.51,0.0444,20.795,27.31,75.6,SAFE,normal
2026-01-01 08:00:30,L02,0.1543,5.1,0.0443,20.745,27.23,75.96,SAFE,normal
2026-01-01 08:00:35,L02,0.1877,7.12,0.0576,20.764,27.6,73.53,SAFE,normal
2026-01-01 08:00:40,L02,0.1854,8.95,0.0451,20.691,27.31,76.04,SAFE,normal
2026-01-01 08:00:45,L02,0.1798,7.43,0.0612,20.774,27.73,75.53,SAFE,normal
2026-01-01 08:00:50,L02,0.1703,6.05,0.0678,20.693,27.48,75.19,SAFE,normal
2026-01-01 08:00:55,L02,0.1822,7.65,0.0641,20.778,27.8,76.95,SAFE,normal
2026-01-01 08:01:00,L02,0.1642,6.28,0.0624,20.715,27.7,74.71,SAFE,normal
2026-01-01 08:01:05,L02,0.1889,5.92,0.0539,20.711,27.61,74.87,SAFE,normal
2026-01-01 08:01:10,L02,0.202,5.23,0.0567,20.691,27.59,76.72,SAFE,normal
2026-01-01 08:01:15,L02,0.1946,4.34,0.0751,20.693,27.65,74.4,SAFE,normal
2026-01-01 08:01:20,L02,0.1689,6.38,0.073,20.737,27.81,74.56,SAFE,normal
2026-01-01 08:01:25,L02,0.1865,7.21,0.0682,20.612,27.79,74.83,SAFE,normal
2026-01-01 08:01:30,L02,0.1629,6.83,0.0668,20.717,27.73,75.56,SAFE,normal
2026-01-01 08:01:35,L02,0.1921,6.35,0.0556,20.682,27.83,74.99,SAFE,normal
2026-01-01 08:01:40,L02,0.1916,5.56,0.0649,20.628,27.9,73.73,SAFE,normal
2026-01-01 08:01:45,L02,0.158,7.89,0.0904,20.624,27.6,74.27,SAFE,normal
2026-01-01 08:01:50,L02,0.1699,5.0,0.0665,20.699,28.03,74.15,SAFE,normal
2026-01-01 08:01:55,L02,0.1843,8.14,0.0799,20.612,27.85,74.52,SAFE,normal
2026-01-01 08:02:00,L02,0.1853,5.48,0.0881,20.599,27.86,74.86,SAFE,normal
2026-01-01 08:02:05,L02,0.1729,5.85,0.0717,20.66,27.82,74.79,SAFE,normal
2026-01-01 08:02:10,L02,0.1982,4.78,0.0849,20.628,27.84,72.97,SAFE,normal
2026-01-01 08:02:15,L02,0.1974,6.23,0.0926,20.582,27.94,75.19,SAFE,normal
2026-01-01 08:02:20,L02,0.1919,8.45,0.0868,20.609,28.07,74.48,SAFE,normal
2026-01-01 08:02:25,L02,0.1848,7.76,0.1113,20.564,28.51,75.32,SAFE,normal
2026-01-01 08:02:30,L02,0.2131,8.46,0.0767,20.62,28.17,74.51,SAFE,normal
2026-01-01 08:02:35,L02,0.2235,7.77,0.1002,20.612,28.31,74.97,SAFE,normal
2026-01-01 08:02:40,L02,0.1926,5.34,0.092,20.588,28.38,74.4,SAFE,normal
2026-01-01 08:02:45,L02,0.1919,6.5,0.1012,20.575,28.38,75.04,SAFE,normal
2026-01-01 08:02:50,L02,0.2098,5.82,0.1002,20.61,28.38,74.32,SAFE,normal
2026-01-01 08:02:55,L02,0.1983,8.99,0.0925,20.549,28.25,73.77,SAFE,normal
2026-01-01 08:03:00,L02,0.2028,5.2,0.1018,20.506,28.69,75.6,SAFE,normal
2026-01-01 08:03:05,L02,0.2172,8.34,0.0868,20.547,28.78,74.44,SAFE,normal
2026-01-01 08:03:10,L02,0.1788,8.34,0.1082,20.589,28.29,74.12,SAFE,normal
2026-01-01 08:03:15,L02,0.2284,9.75,0.1074,20.488,28.42,72.58,SAFE,normal
2026-01-01 08:03:20,L02,0.211,6.39,0.1118,20.5,28.57,72.51,SAFE,normal
2026-01-01 08:03:25,L02,0.205,8.07,0.1168,20.516,28.51,73.71,SAFE,normal
2026-01-01 08:03:30,L02,0.2111,10.43,0.1129,20.494,28.76,73.54,SAFE,normal
2026-01-01 08:03:35,L02,0.2131,6.08,0.1128,20.459,28.61,72.87,SAFE,normal
2026-01-01 08:03:40,L02,0.189,4.71,0.1062,20.514,29.08,73.41,SAFE,normal
2026-01-01 08:03:45,L02,0.2386,4.19,0.1092,20.542,28.97,74.51,SAFE,normal
2026-01-01 08:03:50,L02,0.2181,8.08,0.1261,20.471,28.86,73.73,SAFE,normal
2026-01-01 08:03:55,L02,0.2253,4.19,0.1298,20.43,29.02,72.2,SAFE,normal
2026-01-01 08:04:00,L02,0.2342,6.46,0.118,20.403,29.07,72.96,SAFE,normal
2026-01-01 08:04:05,L02,0.2059,7.67,0.122,20.45,28.86,72.35,SAFE,normal
2026-01-01 08:04:10,L02,0.2296,7.29,0.116,20.468,28.85,72.62,SAFE,normal
2026-01-01 08:04:15,L02,0.2197,7.66,0.1343,20.441,29.03,72.54,SAFE,normal
2026-01-01 08:04:20,L02,0.2377,7.35,0.1319,20.419,29.18,72.43,SAFE,normal
2026-01-01 08:04:25,L02,0.1943,8.94,0.1438,20.394,29.11,71.74,SAFE,normal
2026-01-01 08:04:30,L02,0.226,5.59,0.1229,20.371,28.89,72.59,SAFE,normal
2026-01-01 08:04:35,L02,0.2197,6.01,0.1285,20.422,29.04,72.18,SAFE,normal
2026-01-01 08:04:40,L02,0.2365,5.87,0.1351,20.416,29.18,70.22,SAFE,normal
2026-01-01 08:04:45,L02,0.2383,8.27,0.14,20.335,29.22,74.15,SAFE,normal
2026-01-01 08:04:50,L02,0.2219,8.38,0.1348,20.421,29.56,73.31,SAFE,normal
2026-01-01 08:04:55,L02,0.2231,7.71,0.1312,20.383,29.1,72.08,SAFE,normal
2026-01-01 08:05:00,L02,0.2333,8.81,0.1469,20.4,29.42,72.34,SAFE,normal
2026-01-01 08:05:05,L02,0.2228,5.27,0.1473,20.31,29.6,71.32,SAFE,normal
2026-01-01 08:05:10,L02,0.0531,0.0,0.0787,20.696,28.66,70.79,SAFE,methane_buildup
2026-01-01 08:05:15,L02,0.078,0.95,0.0757,20.644,28.48,71.37,SAFE,methane_buildup
2026-01-01 08:05:20,L02,0.086,4.87,0.0901,20.659,28.97,70.78,SAFE,methane_buildup
2026-01-01 08:05:25,L02,0.1063,5.52,0.0605,20.652,28.82,72.47,SAFE,methane_buildup
2026-01-01 08:05:30,L02,0.125,2.68,0.0832,20.627,28.43,72.52,SAFE,methane_buildup
2026-01-01 08:05:35,L02,0.1419,1.07,0.083,20.55,28.43,72.47,SAFE,methane_buildup
2026-01-01 08:05:40,L02,0.1607,6.18,0.0668,20.604,28.59,72.0,SAFE,methane_buildup
2026-01-01 08:05:45,L02,0.1607,5.53,0.0833,20.651,28.68,71.99,SAFE,methane_buildup
2026-01-01 08:05:50,L02,0.1827,4.25,0.0787,20.56,28.17,73.39,SAFE,methane_buildup
2026-01-01 08:05:55,L02,0.1909,2.12,0.0749,20.535,28.13,72.68,SAFE,methane_buildup
2026-01-01 08:06:00,L02,0.2416,3.36,0.0709,20.554,28.29,73.47,SAFE,methane_buildup
2026-01-01 08:06:05,L02,0.2121,3.3,0.0724,20.538,28.46,72.6,SAFE,methane_buildup
2026-01-01 08:06:10,L02,0.2778,4.13,0.0953,20.55,28.43,73.55,SAFE,methane_buildup
2026-01-01 08:06:15,L02,0.298,5.92,0.0797,20.463,28.51,74.55,SAFE,methane_buildup
2026-01-01 08:06:20,L02,0.2895,5.16,0.0866,20.508,28.16,74.07,SAFE,methane_buildup
2026-01-01 08:06:25,L02,0.2717,2.32,0.0748,20.49,27.98,73.37,SAFE,methane_buildup
2026-01-01 08:06:30,L02,0.3221,6.11,0.0756,20.454,28.44,74.0,SAFE,methane_buildup
2026-01-01 08:06:35,L02,0.3433,4.61,0.0912,20.454,28.17,73.69,SAFE,methane_buildup
2026-01-01 08:06:40,L02,0.3459,5.27,0.0725,20.461,27.98,73.99,SAFE,methane_buildup
2026-01-01 08:06:45,L02,0.3701,6.54,0.0807,20.442,28.29,73.82,SAFE,methane_buildup
2026-01-01 08:06:50,L02,0.4175,2.78,0.085,20.368,28.38,74.04,SAFE,methane_buildup
2026-01-01 08:06:55,L02,0.4213,4.49,0.0864,20.413,28.23,74.44,SAFE,methane_buildup
2026-01-01 08:07:00,L02,0.4142,3.85,0.0848,20.372,28.17,73.57,SAFE,methane_buildup
2026-01-01 08:07:05,L02,0.4209,2.4,0.0901,20.362,28.2,73.65,SAFE,methane_buildup
2026-01-01 08:07:10,L02,0.4567,5.37,0.0932,20.348,28.15,73.45,SAFE,methane_buildup
2026-01-01 08:07:15,L02,0.4752,8.72,0.0943,20.327,27.99,73.38,SAFE,methane_buildup
2026-01-01 08:07:20,L02,0.5026,2.29,0.0813,20.354,28.08,73.78,SAFE,methane_buildup
2026-01-01 08:07:25,L02,0.5039,5.1,0.0876,20.301,28.25,74.98,SAFE,methane_buildup
2026-01-01 08:07:30,L02,0.5364,6.21,0.1002,20.256,28.21,74.23,SAFE,methane_buildup
2026-01-01 08:07:35,L02,0.5745,5.54,0.0985,20.264,28.17,75.45,SAFE,methane_buildup
2026-01-01 08:07:40,L02,0.5745,5.29,0.0811,20.267,27.98,75.17,SAFE,methane_buildup
2026-01-01 08:07:45,L02,0.5783,3.61,0.0956,20.285,28.09,73.66,SAFE,methane_buildup
2026-01-01 08:07:50,L02,0.593,6.01,0.0777,20.252,27.78,75.85,SAFE,methane_buildup
2026-01-01 08:07:55,L02,0.6072,4.62,0.0946,20.194,28.12,76.07,SAFE,methane_buildup
2026-01-01 08:08:00,L02,0.647,2.57,0.1102,20.28,28.3,74.73,SAFE,methane_buildup
2026-01-01 08:08:05,L02,0.6366,7.75,0.0881,20.199,27.85,75.95,SAFE,methane_buildup
2026-01-01 08:08:10,L02,0.6635,7.5,0.0898,20.216,27.97,75.03,SAFE,methane_buildup
2026-01-01 08:08:15,L02,0.6803,6.24,0.1033,20.159,28.09,75.89,SAFE,methane_buildup
2026-01-01 08:08:20,L02,0.6888,6.61,0.0856,20.165,28.22,74.9,SAFE,methane_buildup
2026-01-01 08:08:25,L02,0.6925,7.98,0.0936,20.161,27.95,74.57,SAFE,methane_buildup
2026-01-01 08:08:30,L02,0.7347,6.8,0.1041,20.158,27.9,75.79,SAFE,methane_buildup
2026-01-01 08:08:35,L02,0.7457,7.92,0.095,20.139,27.7,76.1,SAFE,methane_buildup
2026-01-01 08:08:40,L02,0.7709,6.22,0.0989,20.119,28.0,75.97,WARNING,methane_buildup
2026-01-01 08:08:45,L02,0.7722,8.74,0.1075,20.07,28.27,75.44,WARNING,methane_buildup
2026-01-01 08:08:50,L02,0.8152,7.35,0.1057,20.048,28.0,76.16,WARNING,methane_buildup
2026-01-01 08:08:55,L02,0.8005,7.26,0.1052,20.061,27.94,76.8,WARNING,methane_buildup
2026-01-01 08:09:00,L02,0.8561,5.17,0.101,20.065,27.98,76.64,WARNING,methane_buildup
2026-01-01 08:09:05,L02,0.821,7.6,0.1074,20.016,27.92,76.92,WARNING,methane_buildup
2026-01-01 08:09:10,L02,0.8705,6.02,0.1042,20.041,27.78,76.33,WARNING,methane_buildup
2026-01-01 08:09:15,L02,0.8879,6.42,0.1096,20.039,28.02,77.9,WARNING,methane_buildup
2026-01-01 08:09:20,L02,0.8856,6.25,0.1027,19.953,27.91,76.12,WARNING,methane_buildup
2026-01-01 08:09:25,L02,0.9206,5.98,0.1059,19.942,27.87,77.55,WARNING,methane_buildup
2026-01-01 08:09:30,L02,0.9502,10.86,0.1002,19.949,27.71,78.2,WARNING,methane_buildup
2026-01-01 08:09:35,L02,0.9145,9.77,0.1086,19.948,28.04,77.73,WARNING,methane_buildup
2026-01-01 08:09:40,L02,0.9721,10.76,0.1031,19.909,27.93,77.28,WARNING,methane_buildup
2026-01-01 08:09:45,L02,0.9439,6.14,0.1014,19.951,27.73,77.12,WARNING,methane_buildup
2026-01-01 08:09:50,L02,0.9836,8.19,0.1131,19.909,27.95,78.47,WARNING,methane_buildup
2026-01-01 08:09:55,L02,1.0393,6.24,0.1135,19.884,27.72,76.6,WARNING,methane_buildup
2026-01-01 08:10:00,L02,1.0229,7.24,0.1188,19.825,27.66,77.05,WARNING,methane_buildup
2026-01-01 08:10:05,L02,1.0308,7.01,0.1098,19.815,27.65,77.61,WARNING,methane_buildup
2026-01-01 08:10:10,L02,1.0622,10.34,0.1172,19.849,27.49,79.01,WARNING,methane_buildup
2026-01-01 08:10:15,L02,1.1129,7.99,0.1191,19.762,27.81,78.42,WARNING,methane_buildup
2026-01-01 08:10:20,L02,0.0994,4.31,0.0466,20.534,26.18,73.37,SAFE,co_buildup
2026-01-01 08:10:25,L02,0.1205,2.43,0.0474,20.509,26.26,73.82,SAFE,co_buildup
2026-01-01 08:10:30,L02,0.1383,2.35,0.052,20.512,26.07,73.31,SAFE,co_buildup
2026-01-01 08:10:35,L02,0.1081,5.36,0.0617,20.488,26.23,72.14,SAFE,co_buildup
2026-01-01 08:10:40,L02,0.125,6.27,0.0568,20.512,26.6,73.34,SAFE,co_buildup
2026-01-01 08:10:45,L02,0.134,8.13,0.0459,20.526,26.58,74.41,SAFE,co_buildup
2026-01-01 08:10:50,L02,0.1211,9.63,0.0673,20.451,26.49,73.62,SAFE,co_buildup
2026-01-01 08:10:55,L02,0.1567,9.02,0.0717,20.505,26.58,73.74,SAFE,co_buildup
2026-01-01 08:11:00,L02,0.1428,12.8,0.0859,20.521,26.55,74.81,SAFE,co_buildup
2026-01-01 08:11:05,L02,0.1565,11.25,0.0538,20.478,26.85,73.54,SAFE,co_buildup
2026-01-01 08:11:10,L02,0.1584,11.3,0.0668,20.508,26.67,72.96,SAFE,co_buildup
2026-01-01 08:11:15,L02,0.1591,10.3,0.0503,20.568,26.78,74.15,SAFE,co_buildup
2026-01-01 08:11:20,L02,0.1767,13.23,0.0735,20.477,26.97,73.97,SAFE,co_buildup
2026-01-01 08:11:25,L02,0.1793,14.02,0.0668,20.489,26.73,73.67,SAFE,co_buildup
2026-01-01 08:11:30,L02,0.1828,16.87,0.0887,20.452,27.13,74.38,SAFE,co_buildup
2026-01-01 08:11:35,L02,0.1832,17.02,0.0692,20.476,26.71,75.0,SAFE,co_buildup
2026-01-01 08:11:40,L02,0.2047,15.46,0.064,20.481,27.24,74.68,SAFE,co_buildup
2026-01-01 08:11:45,L02,0.2305,18.39,0.0759,20.47,26.99,75.02,SAFE,co_buildup
2026-01-01 08:11:50,L02,0.2136,20.05,0.066,20.431,27.06,76.31,SAFE,co_buildup
2026-01-01 08:11:55,L02,0.2322,22.23,0.0899,20.464,26.86,74.67,SAFE,co_buildup
2026-01-01 08:12:00,L02,0.2022,22.17,0.0695,20.499,27.12,75.25,SAFE,co_buildup
2026-01-01 08:12:05,L02,0.2312,22.89,0.0883,20.465,27.08,74.7,SAFE,co_buildup
2026-01-01 08:12:10,L02,0.2182,22.74,0.0736,20.477,27.2,74.51,SAFE,co_buildup
2026-01-01 08:12:15,L02,0.2183,24.13,0.0897,20.438,27.32,74.81,SAFE,co_buildup
2026-01-01 08:12:20,L02,0.2351,26.33,0.1076,20.465,27.53,74.97,WARNING,co_buildup
2026-01-01 08:12:25,L02,0.2699,23.36,0.0994,20.447,27.47,75.73,SAFE,co_buildup
2026-01-01 08:12:30,L02,0.272,25.73,0.0917,20.407,27.54,77.4,WARNING,co_buildup
2026-01-01 08:12:35,L02,0.2672,26.0,0.1005,20.442,27.37,75.03,WARNING,co_buildup
2026-01-01 08:12:40,L02,0.2464,28.63,0.103,20.4,27.46,75.36,WARNING,co_buildup
2026-01-01 08:12:45,L02,0.2722,30.81,0.1087,20.407,27.91,75.72,WARNING,co_buildup
2026-01-01 08:12:50,L02,0.2855,28.97,0.0961,20.429,27.58,76.17,WARNING,co_buildup
2026-01-01 08:12:55,L02,0.2894,27.18,0.1139,20.429,27.99,76.15,WARNING,co_buildup
2026-01-01 08:13:00,L02,0.2648,31.05,0.0897,20.381,27.75,77.05,WARNING,co_buildup
2026-01-01 08:13:05,L02,0.2849,33.94,0.1084,20.445,27.84,74.17,WARNING,co_buildup
2026-01-01 08:13:10,L02,0.3031,34.28,0.1116,20.427,28.05,74.28,WARNING,co_buildup
2026-01-01 08:13:15,L02,0.3179,35.02,0.1227,20.386,28.13,75.88,WARNING,co_buildup
2026-01-01 08:13:20,L02,0.2827,34.86,0.1199,20.358,27.97,77.24,WARNING,co_buildup
2026-01-01 08:13:25,L02,0.319,34.27,0.1106,20.396,27.98,75.19,WARNING,co_buildup
2026-01-01 08:13:30,L02,0.3294,37.86,0.1161,20.384,28.08,74.12,WARNING,co_buildup
2026-01-01 08:13:35,L02,0.3458,36.74,0.1277,20.398,28.18,77.07,WARNING,co_buildup
2026-01-01 08:13:40,L02,0.3492,42.17,0.1276,20.38,28.32,76.89,WARNING,co_buildup
2026-01-01 08:13:45,L02,0.3533,40.65,0.1257,20.328,28.23,75.9,WARNING,co_buildup
2026-01-01 08:13:50,L02,0.3384,39.83,0.1286,20.373,28.38,76.07,WARNING,co_buildup
2026-01-01 08:13:55,L02,0.3275,40.68,0.1401,20.372,28.58,76.17,WARNING,co_buildup
2026-01-01 08:14:00,L02,0.3561,42.36,0.1325,20.397,28.44,77.11,WARNING,co_buildup
2026-01-01 08:14:05,L02,0.3828,43.04,0.138,20.354,28.48,76.61,WARNING,co_buildup
2026-01-01 08:14:10,L02,0.3944,45.98,0.1582,20.422,28.25,77.59,WARNING,co_buildup
2026-01-01 08:14:15,L02,0.39,45.49,0.1316,20.311,28.14,74.99,WARNING,co_buildup
2026-01-01 08:14:20,L02,0.3915,45.01,0.1303,20.405,28.64,76.67,WARNING,co_buildup
2026-01-01 08:14:25,L02,0.3966,49.85,0.1534,20.356,28.62,76.54,WARNING,co_buildup
2026-01-01 08:14:30,L02,0.3883,47.99,0.1439,20.385,28.6,77.32,WARNING,co_buildup
2026-01-01 08:14:35,L02,0.4005,49.97,0.1489,20.358,28.77,77.18,WARNING,co_buildup
2026-01-01 08:14:40,L02,0.4333,48.81,0.1473,20.387,28.77,78.33,WARNING,co_buildup
2026-01-01 08:14:45,L02,0.3999,51.17,0.1535,20.338,29.0,76.29,WARNING,co_buildup
2026-01-01 08:14:50,L02,0.444,51.99,0.1705,20.313,28.89,77.9,WARNING,co_buildup
2026-01-01 08:14:55,L02,0.4208,49.59,0.1663,20.386,28.81,78.39,WARNING,co_buildup
2026-01-01 08:15:00,L02,0.4513,56.35,0.1688,20.337,29.13,79.51,WARNING,co_buildup
2026-01-01 08:15:05,L02,0.4161,56.17,0.1527,20.343,28.99,77.72,WARNING,co_buildup
2026-01-01 08:15:10,L02,0.4518,54.54,0.157,20.371,29.15,78.45,WARNING,co_buildup
2026-01-01 08:15:15,L02,0.4377,54.38,0.1456,20.299,29.05,76.83,WARNING,co_buildup
2026-01-01 08:15:20,L02,0.4333,57.46,0.1639,20.345,29.08,76.45,WARNING,co_buildup
2026-01-01 08:15:25,L02,0.4636,57.97,0.1802,20.306,29.24,79.12,WARNING,co_buildup
2026-01-01 08:15:30,L02,0.0662,9.67,0.0915,20.639,27.23,66.5,SAFE,low_oxygen
2026-01-01 08:15:35,L02,0.0902,5.84,0.0911,20.562,27.52,67.68,SAFE,low_oxygen
2026-01-01 08:15:40,L02,0.0664,6.81,0.1023,20.649,27.41,68.66,SAFE,low_oxygen
2026-01-01 08:15:45,L02,0.0794,8.84,0.1069,20.555,27.68,69.04,SAFE,low_oxygen
2026-01-01 08:15:50,L02,0.1259,7.44,0.1079,20.604,27.65,68.7,SAFE,low_oxygen
2026-01-01 08:15:55,L02,0.1064,7.99,0.1027,20.574,27.47,68.94,SAFE,low_oxygen
2026-01-01 08:16:00,L02,0.1407,8.81,0.1155,20.498,27.83,69.52,SAFE,low_oxygen
2026-01-01 08:16:05,L02,0.1249,7.66,0.1267,20.47,27.74,69.22,SAFE,low_oxygen
2026-01-01 08:16:10,L02,0.1057,8.51,0.1163,20.494,28.02,70.72,SAFE,low_oxygen
2026-01-01 08:16:15,L02,0.154,11.29,0.1418,20.438,27.95,70.49,SAFE,low_oxygen
2026-01-01 08:16:20,L02,0.139,8.53,0.1247,20.446,28.07,70.72,SAFE,low_oxygen
2026-01-01 08:16:25,L02,0.1656,8.36,0.1331,20.407,27.93,69.46,SAFE,low_oxygen
2026-01-01 08:16:30,L02,0.1627,10.07,0.1314,20.348,28.04,70.37,SAFE,low_oxygen
2026-01-01 08:16:35,L02,0.1465,12.38,0.1425,20.314,28.12,70.4,SAFE,low_oxygen
2026-01-01 08:16:40,L02,0.1793,11.25,0.1307,20.367,28.38,70.04,SAFE,low_oxygen
2026-01-01 08:16:45,L02,0.217,11.11,0.1441,20.322,28.56,71.34,SAFE,low_oxygen
2026-01-01 08:16:50,L02,0.1987,12.14,0.1437,20.302,28.25,70.83,SAFE,low_oxygen
2026-01-01 08:16:55,L02,0.1977,9.71,0.1574,20.319,28.59,71.99,SAFE,low_oxygen
2026-01-01 08:17:00,L02,0.222,13.34,0.1682,20.312,28.16,70.82,WARNING,low_oxygen
2026-01-01 08:17:05,L02,0.2163,13.43,0.1694,20.248,28.37,73.26,WARNING,low_oxygen
2026-01-01 08:17:10,L02,0.2235,12.51,0.1491,20.226,28.46,71.37,SAFE,low_oxygen
2026-01-01 08:17:15,L02,0.2112,14.89,0.1884,20.23,28.46,72.47,WARNING,low_oxygen
2026-01-01 08:17:20,L02,0.2383,11.96,0.1783,20.154,28.49,73.14,WARNING,low_oxygen
2026-01-01 08:17:25,L02,0.2576,15.6,0.1737,20.18,28.85,72.25,WARNING,low_oxygen
2026-01-01 08:17:30,L02,0.2368,14.41,0.185,20.17,28.81,73.6,WARNING,low_oxygen
2026-01-01 08:17:35,L02,0.2779,13.93,0.1891,20.153,28.96,72.14,WARNING,low_oxygen
2026-01-01 08:17:40,L02,0.2625,14.67,0.1863,20.054,29.07,74.49,WARNING,low_oxygen
2026-01-01 08:17:45,L02,0.2578,14.8,0.1971,20.068,29.07,73.55,WARNING,low_oxygen
2026-01-01 08:17:50,L02,0.2933,17.06,0.1946,20.044,29.18,73.27,WARNING,low_oxygen
2026-01-01 08:17:55,L02,0.2813,13.87,0.2001,20.053,29.13,73.71,WARNING,low_oxygen
2026-01-01 08:18:00,L02,0.3042,14.61,0.2018,20.044,29.03,74.8,WARNING,low_oxygen
2026-01-01 08:18:05,L02,0.2957,17.57,0.1998,20.053,29.42,73.9,WARNING,low_oxygen
2026-01-01 08:18:10,L02,0.3064,15.38,0.2163,19.973,29.24,73.97,WARNING,low_oxygen
2026-01-01 08:18:15,L02,0.322,17.89,0.2237,19.952,29.24,74.6,WARNING,low_oxygen
2026-01-01 08:18:20,L02,0.3262,19.35,0.2271,19.981,29.42,74.04,WARNING,low_oxygen
2026-01-01 08:18:25,L02,0.2991,16.46,0.2335,19.935,29.37,76.65,WARNING,low_oxygen
2026-01-01 08:18:30,L02,0.3195,18.35,0.2334,19.943,29.5,74.94,WARNING,low_oxygen
2026-01-01 08:18:35,L02,0.3575,15.86,0.2305,19.893,29.67,76.27,WARNING,low_oxygen
2026-01-01 08:18:40,L02,0.3488,18.99,0.2454,19.829,29.74,75.98,WARNING,low_oxygen
2026-01-01 08:18:45,L02,0.3502,18.42,0.2317,19.803,29.61,75.23,WARNING,low_oxygen
2026-01-01 08:18:50,L02,0.3449,19.09,0.2393,19.776,29.73,76.22,WARNING,low_oxygen
2026-01-01 08:18:55,L02,0.3564,17.67,0.2427,19.822,30.02,77.06,WARNING,low_oxygen
2026-01-01 08:19:00,L02,0.3495,16.41,0.263,19.817,30.0,76.49,WARNING,low_oxygen
2026-01-01 08:19:05,L02,0.3855,19.92,0.2658,19.816,30.29,77.8,WARNING,low_oxygen
2026-01-01 08:19:10,L02,0.3853,16.34,0.2661,19.765,30.22,77.87,WARNING,low_oxygen
2026-01-01 08:19:15,L02,0.387,19.22,0.2747,19.754,30.27,77.99,WARNING,low_oxygen
2026-01-01 08:19:20,L02,0.4078,21.37,0.263,19.681,29.95,77.1,WARNING,low_oxygen
2026-01-01 08:19:25,L02,0.4215,20.51,0.2767,19.643,30.34,76.81,WARNING,low_oxygen
2026-01-01 08:19:30,L02,0.4547,23.4,0.2768,19.683,30.27,77.39,WARNING,low_oxygen
2026-01-01 08:19:35,L02,0.4079,22.28,0.2885,19.649,30.26,78.24,WARNING,low_oxygen
2026-01-01 08:19:40,L02,0.4552,20.03,0.2848,19.619,30.42,78.73,WARNING,low_oxygen
2026-01-01 08:19:45,L02,0.4596,21.31,0.2865,19.607,30.6,76.76,WARNING,low_oxygen
2026-01-01 08:19:50,L02,0.4406,21.46,0.2978,19.584,30.59,78.7,WARNING,low_oxygen
2026-01-01 08:19:55,L02,0.4626,19.42,0.3044,19.592,30.45,79.04,WARNING,low_oxygen
2026-01-01 08:20:00,L02,0.4599,20.65,0.296,19.572,30.75,78.9,WARNING,low_oxygen
2026-01-01 08:20:05,L02,0.4768,21.48,0.3048,19.529,30.6,80.36,WARNING,low_oxygen
2026-01-01 08:20:10,L02,0.5039,19.53,0.3007,19.517,30.79,79.87,DANGER,low_oxygen
2026-01-01 08:20:15,L02,0.4976,22.92,0.2931,19.486,30.77,80.79,WARNING,low_oxygen
2026-01-01 08:20:20,L02,0.5034,22.74,0.3186,19.437,30.84,79.77,DANGER,low_oxygen
2026-01-01 08:20:25,L02,0.4966,20.86,0.3258,19.452,31.05,80.9,DANGER,low_oxygen
2026-01-01 08:20:30,L02,0.488,24.24,0.327,19.367,30.84,81.67,DANGER,low_oxygen
2026-01-01 08:20:35,L02,0.5144,24.97,0.3132,19.42,31.35,81.61,DANGER,low_oxygen
2026-01-01 08:20:40,L02,0.1342,4.1,0.0302,20.347,28.42,68.54,SAFE,co2_buildup
2026-01-01 08:20:45,L02,0.1077,1.71,0.0427,20.417,28.36,69.56,SAFE,co2_buildup
2026-01-01 08:20:50,L02,0.1191,4.48,0.0374,20.397,28.37,69.13,SAFE,co2_buildup
2026-01-01 08:20:55,L02,0.1164,5.39,0.0598,20.367,28.26,68.72,SAFE,co2_buildup
2026-01-01 08:21:00,L02,0.1411,5.32,0.0643,20.314,28.44,69.11,SAFE,co2_buildup
2026-01-01 08:21:05,L02,0.0841,4.69,0.07,20.321,28.19,70.01,SAFE,co2_buildup
2026-01-01 08:21:10,L02,0.1293,4.25,0.0719,20.322,28.46,69.14,SAFE,co2_buildup
2026-01-01 08:21:15,L02,0.1308,4.03,0.0811,20.269,28.41,70.41,SAFE,co2_buildup
2026-01-01 08:21:20,L02,0.1284,7.39,0.0965,20.281,28.43,71.75,SAFE,co2_buildup
2026-01-01 08:21:25,L02,0.1639,4.42,0.0873,20.31,28.32,69.47,SAFE,co2_buildup
2026-01-01 08:21:30,L02,0.1275,4.2,0.0966,20.32,28.84,72.8,SAFE,co2_buildup
2026-01-01 08:21:35,L02,0.1552,7.05,0.0927,20.251,28.58,72.82,SAFE,co2_buildup
2026-01-01 08:21:40,L02,0.1518,5.14,0.1003,20.273,28.17,71.9,SAFE,co2_buildup
2026-01-01 08:21:45,L02,0.1682,5.2,0.1139,20.18,28.38,73.05,SAFE,co2_buildup
2026-01-01 08:21:50,L02,0.1421,4.75,0.1279,20.244,28.25,72.97,SAFE,co2_buildup
2026-01-01 08:21:55,L02,0.1439,6.48,0.1229,20.187,28.17,74.3,SAFE,co2_buildup
2026-01-01 08:22:00,L02,0.1742,7.37,0.1289,20.207,28.11,74.45,SAFE,co2_buildup
2026-01-01 08:22:05,L02,0.1669,8.15,0.1335,20.178,28.37,72.9,SAFE,co2_buildup
2026-01-01 08:22:10,L02,0.1402,9.5,0.1383,20.212,28.19,74.84,SAFE,co2_buildup
2026-01-01 08:22:15,L02,0.1581,9.15,0.1509,20.133,28.43,74.55,SAFE,co2_buildup
2026-01-01 08:22:20,L02,0.1748,8.37,0.1424,20.165,28.42,75.13,SAFE,co2_buildup
2026-01-01 08:22:25,L02,0.1844,8.64,0.1705,20.124,28.47,74.83,SAFE,co2_buildup
2026-01-01 08:22:30,L02,0.1645,10.0,0.1609,20.115,28.12,77.16,SAFE,co2_buildup
2026-01-01 08:22:35,L02,0.1337,11.43,0.1779,20.101,28.31,76.95,WARNING,co2_buildup
2026-01-01 08:22:40,L02,0.1881,10.0,0.1678,20.068,28.32,75.87,SAFE,co2_buildup
2026-01-01 08:22:45,L02,0.1648,9.39,0.1892,20.08,28.14,75.75,SAFE,co2_buildup
2026-01-01 08:22:50,L02,0.1557,8.9,0.1951,20.065,28.09,76.85,SAFE,co2_buildup
2026-01-01 08:22:55,L02,0.1463,8.51,0.1987,20.061,28.43,77.86,SAFE,co2_buildup
2026-01-01 08:23:00,L02,0.2038,11.97,0.1936,20.043,28.22,78.05,WARNING,co2_buildup
2026-01-01 08:23:05,L02,0.1963,12.12,0.2094,20.051,28.27,79.21,WARNING,co2_buildup
2026-01-01 08:23:10,L02,0.1938,12.41,0.2039,20.042,28.04,79.19,WARNING,co2_buildup
2026-01-01 08:23:15,L02,0.2209,11.64,0.2172,19.97,27.96,79.69,WARNING,co2_buildup
2026-01-01 08:23:20,L02,0.2124,14.23,0.2334,20.014,28.05,79.52,WARNING,co2_buildup
2026-01-01 08:23:25,L02,0.2299,11.69,0.2374,19.939,28.11,78.5,WARNING,co2_buildup
2026-01-01 08:23:30,L02,0.1876,14.13,0.237,19.979,27.95,79.8,WARNING,co2_buildup
2026-01-01 08:23:35,L02,0.2108,12.93,0.235,19.967,28.1,81.16,WARNING,co2_buildup
2026-01-01 08:23:40,L02,0.1899,12.37,0.2539,19.878,27.84,80.62,WARNING,co2_buildup
2026-01-01 08:23:45,L02,0.2135,14.46,0.2547,19.925,27.91,81.41,WARNING,co2_buildup
2026-01-01 08:23:50,L02,0.216,14.47,0.2419,19.895,28.17,81.1,WARNING,co2_buildup
2026-01-01 08:23:55,L02,0.232,14.68,0.2726,19.873,28.15,80.88,WARNING,co2_buildup
2026-01-01 08:24:00,L02,0.2261,14.56,0.2721,19.924,27.99,81.96,WARNING,co2_buildup
2026-01-01 08:24:05,L02,0.2376,14.67,0.2878,19.85,27.88,82.65,WARNING,co2_buildup
2026-01-01 08:24:10,L02,0.2416,18.6,0.2753,19.833,27.87,82.23,WARNING,co2_buildup
2026-01-01 08:24:15,L02,0.2662,17.08,0.2645,19.846,27.96,82.92,WARNING,co2_buildup
2026-01-01 08:24:20,L02,0.2319,16.68,0.2981,19.851,28.1,82.7,WARNING,co2_buildup
2026-01-01 08:24:25,L02,0.2254,16.05,0.3041,19.813,28.13,84.7,WARNING,co2_buildup
2026-01-01 08:24:30,L02,0.246,17.68,0.2941,19.839,27.91,83.92,WARNING,co2_buildup
2026-01-01 08:24:35,L02,0.2331,17.24,0.3057,19.807,27.8,85.66,WARNING,co2_buildup
2026-01-01 08:24:40,L02,0.2702,16.79,0.3414,19.713,28.0,86.08,WARNING,co2_buildup
2026-01-01 08:24:45,L02,0.2465,16.59,0.3228,19.749,27.82,85.14,WARNING,co2_buildup
2026-01-01 08:24:50,L02,0.2451,17.21,0.337,19.735,27.86,84.74,WARNING,co2_buildup
2026-01-01 08:24:55,L02,0.2493,12.86,0.3319,19.753,28.12,84.23,WARNING,co2_buildup
2026-01-01 08:25:00,L02,0.27,18.22,0.3262,19.647,28.04,85.07,WARNING,co2_buildup
2026-01-01 08:25:05,L02,0.2597,17.47,0.3475,19.789,27.93,85.5,WARNING,co2_buildup
2026-01-01 08:25:10,L02,0.2552,20.88,0.3526,19.715,27.7,88.05,WARNING,co2_buildup
2026-01-01 08:25:15,L02,0.2927,18.81,0.3574,19.691,27.91,87.39,WARNING,co2_buildup
2026-01-01 08:25:20,L02,0.2577,17.28,0.3656,19.708,28.03,87.96,WARNING,co2_buildup
2026-01-01 08:25:25,L02,0.2739,19.28,0.3745,19.73,27.8,86.22,WARNING,co2_buildup
2026-01-01 08:25:30,L02,0.2859,18.08,0.3771,19.673,28.05,87.39,WARNING,co2_buildup
2026-01-01 08:25:35,L02,0.2545,20.64,0.3741,19.662,28.03,89.41,WARNING,co2_buildup
2026-01-01 08:25:40,L02,0.289,20.66,0.394,19.624,28.07,89.28,WARNING,co2_buildup
2026-01-01 08:25:45,L02,0.2688,21.95,0.3804,19.603,27.86,89.28,WARNING,co2_buildup
2026-01-01 08:25:50,L02,0.1487,6.53,0.0627,20.421,27.59,71.42,SAFE,ventilation_failure
2026-01-01 08:25:55,L02,0.1711,6.02,0.086,20.373,27.69,72.72,SAFE,ventilation_failure
2026-01-01 08:26:00,L02,0.1959,6.31,0.0726,20.352,27.86,71.98,SAFE,ventilation_failure
2026-01-01 08:26:05,L02,0.2453,6.41,0.0843,20.341,27.83,71.64,SAFE,ventilation_failure
2026-01-01 08:26:10,L02,0.2241,7.11,0.0899,20.333,27.86,71.94,SAFE,ventilation_failure
2026-01-01 08:26:15,L02,0.2126,9.67,0.0955,20.215,27.84,72.0,SAFE,ventilation_failure
2026-01-01 08:26:20,L02,0.2323,8.12,0.1058,20.234,28.31,72.79,SAFE,ventilation_failure
2026-01-01 08:26:25,L02,0.2452,7.14,0.0989,20.224,28.37,74.23,SAFE,ventilation_failure
2026-01-01 08:26:30,L02,0.2384,10.79,0.1064,20.161,28.28,72.83,SAFE,ventilation_failure
2026-01-01 08:26:35,L02,0.2737,9.89,0.1126,20.213,28.47,73.85,SAFE,ventilation_failure
2026-01-01 08:26:40,L02,0.303,10.78,0.118,20.113,28.6,73.41,SAFE,ventilation_failure
2026-01-01 08:26:45,L02,0.2863,13.67,0.1218,20.103,28.56,73.96,SAFE,ventilation_failure
2026-01-01 08:26:50,L02,0.3345,11.75,0.1286,20.093,28.78,73.19,SAFE,ventilation_failure
2026-01-01 08:26:55,L02,0.3394,12.74,0.136,20.03,28.85,74.45,SAFE,ventilation_failure
2026-01-01 08:27:00,L02,0.3344,11.07,0.1366,19.964,29.08,74.7,WARNING,ventilation_failure
2026-01-01 08:27:05,L02,0.3567,13.03,0.1412,19.979,29.15,75.52,WARNING,ventilation_failure
2026-01-01 08:27:10,L02,0.3961,14.8,0.1291,19.994,29.14,75.5,WARNING,ventilation_failure
2026-01-01 08:27:15,L02,0.3965,12.08,0.1463,19.925,29.81,74.59,WARNING,ventilation_failure
2026-01-01 08:27:20,L02,0.399,15.24,0.1539,19.881,29.81,76.65,WARNING,ventilation_failure
2026-01-01 08:27:25,L02,0.4086,15.62,0.16,19.906,29.62,76.18,WARNING,ventilation_failure
2026-01-01 08:27:30,L02,0.4267,16.06,0.1528,19.84,29.9,76.4,WARNING,ventilation_failure
2026-01-01 08:27:35,L02,0.4312,18.08,0.1572,19.807,30.04,76.47,WARNING,ventilation_failure
2026-01-01 08:27:40,L02,0.4207,17.55,0.1621,19.798,30.28,76.29,WARNING,ventilation_failure
2026-01-01 08:27:45,L02,0.4962,19.79,0.1751,19.789,30.1,77.11,WARNING,ventilation_failure
2026-01-01 08:27:50,L02,0.4813,16.61,0.1832,19.809,30.5,77.55,WARNING,ventilation_failure
2026-01-01 08:27:55,L02,0.4983,18.83,0.1758,19.734,30.37,76.0,WARNING,ventilation_failure
2026-01-01 08:28:00,L02,0.5048,19.28,0.1905,19.716,30.38,77.2,WARNING,ventilation_failure
2026-01-01 08:28:05,L02,0.508,18.07,0.1884,19.638,30.8,77.66,WARNING,ventilation_failure
2026-01-01 08:28:10,L02,0.5295,21.64,0.1906,19.594,31.01,78.3,WARNING,ventilation_failure
2026-01-01 08:28:15,L02,0.5217,24.22,0.194,19.598,31.32,79.28,WARNING,ventilation_failure
2026-01-01 08:28:20,L02,0.5932,21.23,0.2058,19.571,30.87,77.94,WARNING,ventilation_failure
2026-01-01 08:28:25,L02,0.5539,22.54,0.2066,19.508,31.28,78.39,WARNING,ventilation_failure
2026-01-01 08:28:30,L02,0.5702,22.44,0.2264,19.506,31.23,78.61,WARNING,ventilation_failure
2026-01-01 08:28:35,L02,0.5925,21.77,0.2055,19.495,31.53,78.61,DANGER,ventilation_failure
2026-01-01 08:28:40,L02,0.6317,20.63,0.2206,19.466,31.31,79.2,DANGER,ventilation_failure
2026-01-01 08:28:45,L02,0.626,22.83,0.2164,19.442,31.46,80.33,DANGER,ventilation_failure
2026-01-01 08:28:50,L02,0.6206,22.33,0.2178,19.408,31.65,79.1,DANGER,ventilation_failure
2026-01-01 08:28:55,L02,0.6713,27.5,0.2288,19.355,31.9,80.52,DANGER,ventilation_failure
2026-01-01 08:29:00,L02,0.6768,25.3,0.2342,19.327,31.91,79.04,DANGER,ventilation_failure
2026-01-01 08:29:05,L02,0.6873,25.48,0.2606,19.278,32.23,80.19,DANGER,ventilation_failure
2026-01-01 08:29:10,L02,0.7033,27.86,0.2399,19.339,32.4,80.6,DANGER,ventilation_failure
2026-01-01 08:29:15,L02,0.7418,25.37,0.2365,19.258,32.46,82.44,DANGER,ventilation_failure
2026-01-01 08:29:20,L02,0.752,26.43,0.2518,19.223,32.73,81.11,CRITICAL,ventilation_failure
2026-01-01 08:29:25,L02,0.7223,28.2,0.2372,19.173,32.67,79.8,DANGER,ventilation_failure
2026-01-01 08:29:30,L02,0.7703,30.17,0.2572,19.261,32.54,80.19,CRITICAL,ventilation_failure
2026-01-01 08:29:35,L02,0.765,29.91,0.2622,19.113,33.05,82.05,CRITICAL,ventilation_failure
2026-01-01 08:29:40,L02,0.7801,30.05,0.2726,19.104,32.87,82.75,CRITICAL,ventilation_failure
2026-01-01 08:29:45,L02,0.7606,30.33,0.2782,19.101,33.22,82.79,CRITICAL,ventilation_failure
2026-01-01 08:29:50,L02,0.7968,31.34,0.2705,19.078,33.44,82.85,CRITICAL,ventilation_failure
2026-01-01 08:29:55,L02,0.8005,31.56,0.2775,19.061,33.39,83.88,CRITICAL,ventilation_failure
2026-01-01 08:30:00,L02,0.8384,30.24,0.2767,19.058,33.22,82.75,CRITICAL,ventilation_failure
2026-01-01 08:30:05,L02,0.8554,32.38,0.278,18.991,33.42,84.13,CRITICAL,ventilation_failure
2026-01-01 08:30:10,L02,0.8216,31.23,0.2936,18.916,33.88,82.34,CRITICAL,ventilation_failure
2026-01-01 08:30:15,L02,0.8657,33.49,0.2851,18.911,33.77,83.15,CRITICAL,ventilation_failure
2026-01-01 08:30:20,L02,0.8963,33.17,0.2961,18.9,33.93,82.66,CRITICAL,ventilation_failure
2026-01-01 08:30:25,L02,0.89,38.23,0.2957,18.925,34.15,84.12,CRITICAL,ventilation_failure
2026-01-01 08:30:30,L02,0.9171,34.89,0.3122,18.792,34.26,84.53,CRITICAL,ventilation_failure
2026-01-01 08:30:35,L02,0.9247,33.37,0.3263,18.842,34.32,84.89,CRITICAL,ventilation_failure
2026-01-01 08:30:40,L02,0.938,35.8,0.3057,18.783,34.36,85.08,CRITICAL,ventilation_failure
2026-01-01 08:30:45,L02,0.9421,37.31,0.3054,18.775,34.47,84.52,CRITICAL,ventilation_failure
2026-01-01 08:30:50,L02,0.9413,39.56,0.3234,18.718,34.76,85.34,CRITICAL,ventilation_failure
2026-01-01 08:30:55,L02,0.9561,36.7,0.3286,18.668,34.84,84.52,CRITICAL,ventilation_failure
2026-01-01 08:31:00,L02,0.1215,6.71,0.0642,20.582,26.19,68.66,SAFE,fire_heat
2026-01-01 08:31:05,L02,0.1367,9.16,0.0966,20.596,26.63,67.98,SAFE,fire_heat
2026-01-01 08:31:10,L02,0.1749,8.48,0.0914,20.561,27.03,70.23,SAFE,fire_heat
2026-01-01 08:31:15,L02,0.1132,8.47,0.092,20.586,26.98,68.89,SAFE,fire_heat
2026-01-01 08:31:20,L02,0.1667,8.24,0.0911,20.547,27.27,68.33,SAFE,fire_heat
2026-01-01 08:31:25,L02,0.1599,8.78,0.0807,20.55,27.58,69.27,SAFE,fire_heat
2026-01-01 08:31:30,L02,0.1701,9.04,0.0899,20.546,27.53,69.51,SAFE,fire_heat
2026-01-01 08:31:35,L02,0.1802,10.1,0.1025,20.517,27.93,68.12,SAFE,fire_heat
2026-01-01 08:31:40,L02,0.1865,12.63,0.0894,20.488,27.99,69.84,SAFE,fire_heat
2026-01-01 08:31:45,L02,0.2361,11.75,0.0795,20.433,28.45,68.79,SAFE,fire_heat
2026-01-01 08:31:50,L02,0.2341,10.64,0.1,20.446,28.56,71.06,SAFE,fire_heat
2026-01-01 08:31:55,L02,0.2324,15.91,0.1026,20.414,28.8,70.17,SAFE,fire_heat
2026-01-01 08:32:00,L02,0.263,14.32,0.1069,20.403,28.86,69.48,SAFE,fire_heat
2026-01-01 08:32:05,L02,0.2307,12.32,0.1136,20.385,29.3,69.26,SAFE,fire_heat
2026-01-01 08:32:10,L02,0.2441,14.35,0.1149,20.35,29.73,69.83,SAFE,fire_heat
2026-01-01 08:32:15,L02,0.242,15.77,0.1139,20.304,29.49,70.47,SAFE,fire_heat
2026-01-01 08:32:20,L02,0.2748,18.75,0.1233,20.326,29.81,70.01,SAFE,fire_heat
2026-01-01 08:32:25,L02,0.2984,15.11,0.1036,20.335,30.11,69.92,SAFE,fire_heat
2026-01-01 08:32:30,L02,0.3082,18.83,0.1218,20.272,30.42,70.19,SAFE,fire_heat
2026-01-01 08:32:35,L02,0.3195,20.05,0.1248,20.297,30.44,69.72,SAFE,fire_heat
2026-01-01 08:32:40,L02,0.3067,17.59,0.1119,20.337,30.32,69.99,SAFE,fire_heat
2026-01-01 08:32:45,L02,0.3506,18.71,0.1118,20.294,31.16,68.65,SAFE,fire_heat
2026-01-01 08:32:50,L02,0.3528,18.16,0.1198,20.295,31.29,71.16,SAFE,fire_heat
2026-01-01 08:32:55,L02,0.3708,19.99,0.1225,20.241,31.14,70.67,SAFE,fire_heat
2026-01-01 08:33:00,L02,0.3421,20.83,0.1358,20.248,31.53,69.87,SAFE,fire_heat
2026-01-01 08:33:05,L02,0.3858,22.46,0.1269,20.174,32.08,72.07,WARNING,fire_heat
2026-01-01 08:33:10,L02,0.374,23.69,0.1269,20.16,32.28,70.68,WARNING,fire_heat
2026-01-01 08:33:15,L02,0.3965,21.52,0.1309,20.081,32.42,69.84,WARNING,fire_heat
2026-01-01 08:33:20,L02,0.4211,20.28,0.1468,20.182,32.48,71.41,WARNING,fire_heat
2026-01-01 08:33:25,L02,0.4251,23.79,0.1399,20.176,32.74,71.1,WARNING,fire_heat
2026-01-01 08:33:30,L02,0.4216,24.85,0.1404,20.096,32.92,71.15,WARNING,fire_heat
2026-01-01 08:33:35,L02,0.4451,25.37,0.1429,20.088,33.33,70.55,WARNING,fire_heat
2026-01-01 08:33:40,L02,0.4327,25.09,0.1561,20.057,33.25,71.31,WARNING,fire_heat
2026-01-01 08:33:45,L02,0.4836,26.36,0.1418,20.074,33.48,70.8,WARNING,fire_heat
2026-01-01 08:33:50,L02,0.4739,29.03,0.1603,20.08,33.98,71.51,WARNING,fire_heat
2026-01-01 08:33:55,L02,0.5044,27.91,0.1535,19.977,34.04,69.6,DANGER,fire_heat
2026-01-01 08:34:00,L02,0.4903,27.37,0.1525,20.025,34.47,70.83,WARNING,fire_heat
2026-01-01 08:34:05,L02,0.501,27.77,0.1758,19.988,34.38,72.62,DANGER,fire_heat
2026-01-01 08:34:10,L02,0.5081,28.85,0.1494,19.983,34.7,70.68,DANGER,fire_heat
2026-01-01 08:34:15,L02,0.5433,32.15,0.157,19.976,34.79,70.87,DANGER,fire_heat
2026-01-01 08:34:20,L02,0.5302,30.0,0.152,19.94,35.15,71.05,DANGER,fire_heat
2026-01-01 08:34:25,L02,0.5611,30.83,0.1714,19.926,35.14,70.5,DANGER,fire_heat
2026-01-01 08:34:30,L02,0.5564,30.73,0.1793,19.906,35.51,69.76,DANGER,fire_heat
2026-01-01 08:34:35,L02,0.5431,33.69,0.1812,19.925,35.59,71.4,DANGER,fire_heat
2026-01-01 08:34:40,L02,0.5749,35.56,0.1796,19.892,36.13,71.75,DANGER,fire_heat
2026-01-01 08:34:45,L02,0.5764,33.89,0.1702,19.869,36.35,71.66,DANGER,fire_heat
2026-01-01 08:34:50,L02,0.6052,33.92,0.1709,19.808,36.21,71.64,DANGER,fire_heat
2026-01-01 08:34:55,L02,0.5975,34.44,0.1625,19.818,36.89,71.85,DANGER,fire_heat
2026-01-01 08:35:00,L02,0.6399,31.4,0.1941,19.839,37.28,72.69,DANGER,fire_heat
2026-01-01 08:35:05,L02,0.6353,36.68,0.1836,19.797,37.14,71.78,DANGER,fire_heat
2026-01-01 08:35:10,L02,0.6446,36.35,0.1779,19.799,37.25,71.53,DANGER,fire_heat
2026-01-01 08:35:15,L02,0.6678,37.38,0.1945,19.815,37.99,71.82,DANGER,fire_heat
2026-01-01 08:35:20,L02,0.683,36.25,0.1781,19.777,37.59,72.56,DANGER,fire_heat
2026-01-01 08:35:25,L02,0.6789,37.33,0.1911,19.732,38.01,73.29,DANGER,fire_heat
2026-01-01 08:35:30,L02,0.6783,37.88,0.1885,19.697,38.26,71.71,DANGER,fire_heat
2026-01-01 08:35:35,L02,0.6739,40.61,0.1969,19.619,38.65,72.35,DANGER,fire_heat
2026-01-01 08:35:40,L02,0.7009,39.1,0.1933,19.674,38.72,72.6,DANGER,fire_heat
2026-01-01 08:35:45,L02,0.7126,43.38,0.1842,19.652,38.82,71.59,DANGER,fire_heat
2026-01-01 08:35:50,L02,0.7341,41.49,0.1984,19.657,38.97,72.46,DANGER,fire_heat
2026-01-01 08:35:55,L02,0.7379,39.52,0.2082,19.624,39.28,71.33,DANGER,fire_heat
2026-01-01 08:36:00,L02,0.7641,41.82,0.2016,19.603,39.4,71.14,CRITICAL,fire_heat
2026-01-01 08:36:05,L02,0.7552,41.63,0.21,19.542,39.78,72.91,CRITICAL,fire_heat
2026-01-01 08:36:10,L02,0.1893,7.11,0.0747,20.417,25.4,71.33,SAFE,combined_hazard
2026-01-01 08:36:15,L02,0.1885,8.87,0.0797,20.432,25.77,71.44,SAFE,combined_hazard
2026-01-01 08:36:20,L02,0.2246,8.21,0.074,20.392,25.87,71.76,SAFE,combined_hazard
2026-01-01 08:36:25,L02,0.2229,13.09,0.0951,20.37,26.09,71.07,SAFE,combined_hazard
2026-01-01 08:36:30,L02,0.232,11.81,0.1018,20.309,26.61,72.82,SAFE,combined_hazard
2026-01-01 08:36:35,L02,0.2644,11.61,0.1151,20.299,26.4,72.88,SAFE,combined_hazard
2026-01-01 08:36:40,L02,0.264,15.37,0.104,20.236,26.6,73.81,SAFE,combined_hazard
2026-01-01 08:36:45,L02,0.2832,17.0,0.1088,20.279,26.87,73.59,SAFE,combined_hazard
2026-01-01 08:36:50,L02,0.2726,18.6,0.1303,20.162,27.21,73.68,SAFE,combined_hazard
2026-01-01 08:36:55,L02,0.2781,21.82,0.1405,20.218,27.03,73.42,SAFE,combined_hazard
2026-01-01 08:37:00,L02,0.3126,20.83,0.1257,20.124,27.16,74.47,SAFE,combined_hazard
2026-01-01 08:37:05,L02,0.3181,22.42,0.1527,20.05,27.57,75.3,WARNING,combined_hazard
2026-01-01 08:37:10,L02,0.3442,22.36,0.1501,20.101,27.62,74.1,WARNING,combined_hazard
2026-01-01 08:37:15,L02,0.3455,26.66,0.1643,20.032,28.0,75.39,WARNING,combined_hazard
2026-01-01 08:37:20,L02,0.3616,27.12,0.1608,20.022,28.35,75.8,WARNING,combined_hazard
2026-01-01 08:37:25,L02,0.3461,27.62,0.1469,20.002,28.34,75.34,WARNING,combined_hazard
2026-01-01 08:37:30,L02,0.4106,26.81,0.1716,19.944,28.46,75.75,WARNING,combined_hazard
2026-01-01 08:37:35,L02,0.3917,33.25,0.1871,19.884,28.89,76.7,WARNING,combined_hazard
2026-01-01 08:37:40,L02,0.4165,30.65,0.1772,19.899,29.21,75.91,WARNING,combined_hazard
2026-01-01 08:37:45,L02,0.4054,33.02,0.1871,19.839,29.03,77.4,WARNING,combined_hazard
2026-01-01 08:37:50,L02,0.4344,35.86,0.1945,19.828,29.61,76.7,WARNING,combined_hazard
2026-01-01 08:37:55,L02,0.4221,34.94,0.1785,19.711,29.82,78.57,WARNING,combined_hazard
2026-01-01 08:38:00,L02,0.4603,35.91,0.2208,19.757,30.04,79.89,WARNING,combined_hazard
2026-01-01 08:38:05,L02,0.4601,36.37,0.206,19.693,30.28,77.63,WARNING,combined_hazard
2026-01-01 08:38:10,L02,0.4778,42.05,0.223,19.73,30.63,79.05,WARNING,combined_hazard
2026-01-01 08:38:15,L02,0.4997,41.57,0.2241,19.668,30.45,78.34,WARNING,combined_hazard
2026-01-01 08:38:20,L02,0.4826,48.19,0.2406,19.625,30.73,80.06,WARNING,combined_hazard
2026-01-01 08:38:25,L02,0.5027,43.72,0.2395,19.6,30.85,78.51,DANGER,combined_hazard
2026-01-01 08:38:30,L02,0.5317,45.24,0.2402,19.524,31.12,80.21,DANGER,combined_hazard
2026-01-01 08:38:35,L02,0.5682,47.19,0.2407,19.571,31.55,79.43,DANGER,combined_hazard
2026-01-01 08:38:40,L02,0.5465,49.82,0.26,19.551,31.32,80.26,DANGER,combined_hazard
2026-01-01 08:38:45,L02,0.5693,50.16,0.2444,19.471,31.6,79.9,DANGER,combined_hazard
2026-01-01 08:38:50,L02,0.5707,53.2,0.2703,19.475,32.14,81.69,CRITICAL,combined_hazard
2026-01-01 08:38:55,L02,0.6133,52.22,0.2621,19.379,32.29,80.66,CRITICAL,combined_hazard
2026-01-01 08:39:00,L02,0.5699,53.03,0.2867,19.341,32.28,82.07,CRITICAL,combined_hazard
2026-01-01 08:39:05,L02,0.6094,53.82,0.2837,19.334,32.67,81.66,CRITICAL,combined_hazard
2026-01-01 08:39:10,L02,0.5955,54.59,0.2934,19.314,32.8,82.14,CRITICAL,combined_hazard
2026-01-01 08:39:15,L02,0.5941,58.57,0.2946,19.258,33.17,82.65,CRITICAL,combined_hazard
2026-01-01 08:39:20,L02,0.6481,60.31,0.2857,19.254,33.16,82.22,CRITICAL,combined_hazard
2026-01-01 08:39:25,L02,0.6576,61.22,0.2986,19.216,33.51,83.3,CRITICAL,combined_hazard
2026-01-01 08:39:30,L02,0.6631,65.45,0.3167,19.145,33.95,84.66,CRITICAL,combined_hazard
2026-01-01 08:39:35,L02,0.6776,66.84,0.3184,19.159,33.85,83.11,CRITICAL,combined_hazard
2026-01-01 08:39:40,L02,0.7376,65.91,0.3323,19.138,33.97,84.97,CRITICAL,combined_hazard
2026-01-01 08:39:45,L02,0.6991,65.13,0.3318,19.085,34.28,85.53,CRITICAL,combined_hazard
2026-01-01 08:39:50,L02,0.7225,68.39,0.3266,19.083,34.32,83.98,CRITICAL,combined_hazard
2026-01-01 08:39:55,L02,0.717,69.75,0.3338,18.98,34.93,83.77,CRITICAL,combined_hazard
2026-01-01 08:40:00,L02,0.743,71.08,0.3467,18.999,34.8,85.48,CRITICAL,combined_hazard
2026-01-01 08:40:05,L02,0.7469,72.43,0.3331,18.919,34.94,85.1,CRITICAL,combined_hazard
2026-01-01 08:40:10,L02,0.7562,73.91,0.3708,18.889,35.06,87.33,CRITICAL,combined_hazard
2026-01-01 08:40:15,L02,0.8015,75.72,0.3667,18.872,35.55,86.17,CRITICAL,combined_hazard
2026-01-01 08:40:20,L02,0.8038,76.76,0.3788,18.831,35.72,85.8,CRITICAL,combined_hazard
2026-01-01 08:40:25,L02,0.8001,79.44,0.3621,18.811,35.72,85.82,CRITICAL,combined_hazard
2026-01-01 08:40:30,L02,0.7753,81.08,0.3905,18.789,36.08,87.91,CRITICAL,combined_hazard
2026-01-01 08:40:35,L02,0.8163,80.59,0.4041,18.789,35.97,86.89,CRITICAL,combined_hazard
2026-01-01 08:40:40,L02,0.8742,85.27,0.3815,18.723,36.43,87.68,CRITICAL,combined_hazard
2026-01-01 08:40:45,L02,0.8421,83.31,0.404,18.653,36.68,88.71,CRITICAL,combined_hazard
2026-01-01 08:40:50,L02,0.8739,83.77,0.4036,18.704,37.07,87.86,CRITICAL,combined_hazard
2026-01-01 08:40:55,L02,0.8909,88.18,0.397,18.613,36.9,88.51,CRITICAL,combined_hazard
2026-01-01 08:41:00,L02,0.8844,87.79,0.419,18.604,37.03,88.83,CRITICAL,combined_hazard
2026-01-01 08:41:05,L02,0.8804,90.92,0.4275,18.588,37.29,89.69,CRITICAL,combined_hazard
2026-01-01 08:41:10,L02,0.8684,88.24,0.4218,18.549,37.42,89.92,CRITICAL,combined_hazard
2026-01-01 08:41:15,L02,0.927,95.35,0.4417,18.544,38.03,89.57,CRITICAL,combined_hazard
2026-01-01 08:41:20,L02,0.9164,95.68,0.4248,18.494,38.26,90.1,CRITICAL,combined_hazard
2026-01-01 08:41:25,L02,0.9432,93.84,0.432,18.422,38.28,90.05,CRITICAL,combined_hazard
2026-01-01 08:41:30,L02,0.9337,95.28,0.4508,18.482,38.62,89.47,CRITICAL,combined_hazard
2026-01-01 08:41:35,L02,0.9603,101.42,0.4557,18.391,38.66,91.16,CRITICAL,combined_hazard
2026-01-01 08:00:00,L03,0.1252,5.93,0.0712,20.373,28.69,66.17,SAFE,normal
2026-01-01 08:00:05,L03,0.1224,4.12,0.0809,20.395,28.84,67.83,SAFE,normal
2026-01-01 08:00:10,L03,0.1147,5.52,0.0809,20.392,28.86,66.54,SAFE,normal
2026-01-01 08:00:15,L03,0.1046,7.98,0.0811,20.389,29.01,66.88,SAFE,normal
2026-01-01 08:00:20,L03,0.1211,7.73,0.0865,20.393,28.81,67.73,SAFE,normal
2026-01-01 08:00:25,L03,0.0976,5.88,0.0868,20.392,28.89,66.82,SAFE,normal
2026-01-01 08:00:30,L03,0.1246,5.8,0.0735,20.375,28.8,67.42,SAFE,normal
2026-01-01 08:00:35,L03,0.1369,8.76,0.0729,20.424,28.91,67.18,SAFE,normal
2026-01-01 08:00:40,L03,0.1064,6.72,0.069,20.349,28.97,67.58,SAFE,normal
2026-01-01 08:00:45,L03,0.1035,5.45,0.0825,20.36,28.91,65.62,SAFE,normal
2026-01-01 08:00:50,L03,0.1515,3.81,0.088,20.463,28.67,66.1,SAFE,normal
2026-01-01 08:00:55,L03,0.12,6.54,0.0735,20.346,29.01,68.1,SAFE,normal
2026-01-01 08:01:00,L03,0.1476,7.2,0.0736,20.335,29.04,68.48,SAFE,normal
2026-01-01 08:01:05,L03,0.1296,5.01,0.0869,20.395,28.9,66.96,SAFE,normal
2026-01-01 08:01:10,L03,0.1308,6.39,0.0787,20.309,28.83,67.54,SAFE,normal
2026-01-01 08:01:15,L03,0.1412,5.42,0.0777,20.362,29.26,68.01,SAFE,normal
2026-01-01 08:01:20,L03,0.1227,5.69,0.0643,20.432,29.14,68.37,SAFE,normal
2026-01-01 08:01:25,L03,0.1393,2.24,0.0788,20.319,29.05,66.24,SAFE,normal
2026-01-01 08:01:30,L03,0.1329,5.64,0.0655,20.304,28.93,67.19,SAFE,normal
2026-01-01 08:01:35,L03,0.1202,7.43,0.0634,20.316,29.0,67.68,SAFE,normal
2026-01-01 08:01:40,L03,0.1464,5.03,0.0692,20.386,29.34,68.55,SAFE,normal
2026-01-01 08:01:45,L03,0.1387,6.06,0.0669,20.391,29.18,70.03,SAFE,normal
2026-01-01 08:01:50,L03,0.1417,4.85,0.0693,20.339,29.1,67.89,SAFE,normal
2026-01-01 08:01:55,L03,0.1272,6.53,0.0591,20.373,29.28,66.99,SAFE,normal
2026-01-01 08:02:00,L03,0.1706,5.67,0.0779,20.392,29.1,68.48,SAFE,normal
2026-01-01 08:02:05,L03,0.1612,4.58,0.0788,20.402,29.46,69.26,SAFE,normal
2026-01-01 08:02:10,L03,0.1639,8.0,0.0538,20.339,29.46,68.33,SAFE,normal
2026-01-01 08:02:15,L03,0.1462,7.39,0.0767,20.275,29.21,67.56,SAFE,normal
2026-01-01 08:02:20,L03,0.1262,5.1,0.062,20.318,29.2,69.09,SAFE,normal
2026-01-01 08:02:25,L03,0.1828,6.75,0.0749,20.327,28.92,68.9,SAFE,normal
2026-01-01 08:02:30,L03,0.1539,6.82,0.067,20.33,29.11,67.59,SAFE,normal
2026-01-01 08:02:35,L03,0.145,6.98,0.0673,20.33,29.16,68.76,SAFE,normal
2026-01-01 08:02:40,L03,0.1638,3.47,0.0652,20.368,29.4,69.3,SAFE,normal
2026-01-01 08:02:45,L03,0.1764,7.53,0.0759,20.37,29.35,69.49,SAFE,normal
2026-01-01 08:02:50,L03,0.1599,5.17,0.0559,20.325,29.21,68.53,SAFE,normal
2026-01-01 08:02:55,L03,0.1808,5.49,0.0702,20.361,29.39,68.34,SAFE,normal
2026-01-01 08:03:00,L03,0.1792,9.99,0.0737,20.336,29.53,69.65,SAFE,normal
2026-01-01 08:03:05,L03,0.1482,6.48,0.0702,20.326,29.55,67.74,SAFE,normal
2026-01-01 08:03:10,L03,0.1555,5.46,0.0826,20.349,29.21,69.1,SAFE,normal
2026-01-01 08:03:15,L03,0.1814,2.73,0.0593,20.322,29.49,67.7,SAFE,normal
2026-01-01 08:03:20,L03,0.1277,8.13,0.0708,20.379,29.33,69.69,SAFE,normal
2026-01-01 08:03:25,L03,0.1675,4.03,0.0618,20.272,29.69,68.67,SAFE,normal
2026-01-01 08:03:30,L03,0.1496,4.54,0.0721,20.298,29.69,69.94,SAFE,normal
2026-01-01 08:03:35,L03,0.1653,5.55,0.0617,20.307,29.46,69.36,SAFE,normal
2026-01-01 08:03:40,L03,0.1693,8.18,0.0582,20.322,29.5,68.03,SAFE,normal
2026-01-01 08:03:45,L03,0.1697,7.22,0.0713,20.345,29.56,70.19,SAFE,normal
2026-01-01 08:03:50,L03,0.1682,5.82,0.0565,20.304,29.31,70.33,SAFE,normal
2026-01-01 08:03:55,L03,0.1614,6.53,0.0487,20.26,29.72,69.84,SAFE,normal
2026-01-01 08:04:00,L03,0.2135,5.17,0.0554,20.326,29.65,68.57,SAFE,normal
2026-01-01 08:04:05,L03,0.2085,6.28,0.0641,20.321,29.86,68.97,SAFE,normal
2026-01-01 08:04:10,L03,0.1644,6.18,0.0698,20.238,29.56,69.38,SAFE,normal
2026-01-01 08:04:15,L03,0.2069,7.53,0.0591,20.294,29.66,68.74,SAFE,normal
2026-01-01 08:04:20,L03,0.1786,7.53,0.0683,20.245,29.54,70.7,SAFE,normal
2026-01-01 08:04:25,L03,0.1878,6.82,0.0465,20.27,29.64,69.5,SAFE,normal
2026-01-01 08:04:30,L03,0.1863,5.54,0.0533,20.261,29.63,67.27,SAFE,normal
2026-01-01 08:04:35,L03,0.1787,7.2,0.0541,20.311,29.98,69.75,SAFE,normal
2026-01-01 08:04:40,L03,0.2047,5.95,0.0551,20.288,29.74,69.24,SAFE,normal
2026-01-01 08:04:45,L03,0.1932,4.47,0.0562,20.244,29.89,69.5,SAFE,normal
2026-01-01 08:04:50,L03,0.1855,5.49,0.0606,20.306,29.83,69.31,SAFE,normal
2026-01-01 08:04:55,L03,0.1744,6.23,0.0511,20.235,29.72,70.29,SAFE,normal
2026-01-01 08:05:00,L03,0.182,7.47,0.0553,20.286,29.9,70.58,SAFE,normal
2026-01-01 08:05:05,L03,0.1721,5.83,0.0534,20.249,30.04,69.95,SAFE,normal
2026-01-01 08:05:10,L03,0.1059,1.35,0.0343,20.672,28.89,75.96,SAFE,methane_buildup
2026-01-01 08:05:15,L03,0.1378,1.33,0.0406,20.682,28.85,74.45,SAFE,methane_buildup
2026-01-01 08:05:20,L03,0.1205,0.0,0.0478,20.654,29.0,74.27,SAFE,methane_buildup
2026-01-01 08:05:25,L03,0.1545,5.12,0.039,20.563,28.84,74.67,SAFE,methane_buildup
2026-01-01 08:05:30,L03,0.1455,0.71,0.054,20.617,29.06,76.41,SAFE,methane_buildup
2026-01-01 08:05:35,L03,0.1472,2.86,0.0283,20.662,28.76,73.68,SAFE,methane_buildup
2026-01-01 08:05:40,L03,0.176,4.28,0.0472,20.597,28.77,73.67,SAFE,methane_buildup
2026-01-01 08:05:45,L03,0.141,3.68,0.0485,20.608,29.05,74.06,SAFE,methane_buildup
2026-01-01 08:05:50,L03,0.1641,3.09,0.0489,20.578,28.94,74.78,SAFE,methane_buildup
2026-01-01 08:05:55,L03,0.197,0.76,0.0601,20.657,28.9,73.47,SAFE,methane_buildup
2026-01-01 08:06:00,L03,0.2102,2.23,0.0679,20.648,29.11,74.96,SAFE,methane_buildup
2026-01-01 08:06:05,L03,0.2127,3.86,0.0734,20.566,28.89,76.39,SAFE,methane_buildup
2026-01-01 08:06:10,L03,0.2038,2.53,0.0726,20.591,28.96,75.25,SAFE,methane_buildup
2026-01-01 08:06:15,L03,0.2245,4.15,0.0684,20.56,29.21,74.98,SAFE,methane_buildup
2026-01-01 08:06:20,L03,0.2519,5.0,0.0796,20.593,29.24,74.81,SAFE,methane_buildup
2026-01-01 08:06:25,L03,0.264,5.56,0.0806,20.584,29.26,76.12,SAFE,methane_buildup
2026-01-01 08:06:30,L03,0.2643,2.41,0.09,20.588,28.99,74.83,SAFE,methane_buildup
2026-01-01 08:06:35,L03,0.2912,7.68,0.0917,20.568,29.23,77.06,SAFE,methane_buildup
2026-01-01 08:06:40,L03,0.2891,5.67,0.0887,20.64,28.91,77.23,SAFE,methane_buildup
2026-01-01 08:06:45,L03,0.2812,4.65,0.0843,20.515,28.93,75.98,SAFE,methane_buildup
2026-01-01 08:06:50,L03,0.2975,6.42,0.0892,20.489,28.72,75.86,SAFE,methane_buildup
2026-01-01 08:06:55,L03,0.2899,8.47,0.093,20.523,29.33,76.78,SAFE,methane_buildup
2026-01-01 08:07:00,L03,0.3186,2.89,0.0978,20.482,28.96,76.93,SAFE,methane_buildup
2026-01-01 08:07:05,L03,0.3462,4.85,0.1054,20.478,29.08,75.5,SAFE,methane_buildup
2026-01-01 08:07:10,L03,0.349,1.75,0.1119,20.487,28.97,75.82,SAFE,methane_buildup
2026-01-01 08:07:15,L03,0.3691,5.74,0.1088,20.484,29.23,75.27,SAFE,methane_buildup
2026-01-01 08:07:20,L03,0.3528,6.14,0.1123,20.477,29.07,76.75,SAFE,methane_buildup
2026-01-01 08:07:25,L03,0.3868,5.66,0.1162,20.516,28.94,77.05,SAFE,methane_buildup
2026-01-01 08:07:30,L03,0.373,4.87,0.1139,20.479,29.22,75.53,SAFE,methane_buildup
2026-01-01 08:07:35,L03,0.4072,2.91,0.1136,20.483,28.94,76.34,SAFE,methane_buildup
2026-01-01 08:07:40,L03,0.3941,6.68,0.1099,20.51,29.04,75.71,SAFE,methane_buildup
2026-01-01 08:07:45,L03,0.4143,8.44,0.1214,20.454,28.86,76.17,SAFE,methane_buildup
2026-01-01 08:07:50,L03,0.4351,5.5,0.1337,20.463,28.98,77.42,SAFE,methane_buildup
2026-01-01 08:07:55,L03,0.4193,7.18,0.1272,20.477,29.23,76.48,SAFE,methane_buildup
2026-01-01 08:08:00,L03,0.4348,4.31,0.1339,20.402,28.91,76.92,SAFE,methane_buildup
2026-01-01 08:08:05,L03,0.4601,7.48,0.1425,20.383,29.0,75.95,SAFE,methane_buildup
2026-01-01 08:08:10,L03,0.4481,6.34,0.1459,20.459,29.23,77.5,SAFE,methane_buildup
2026-01-01 08:08:15,L03,0.4395,5.92,0.1361,20.457,29.16,77.41,SAFE,methane_buildup
2026-01-01 08:08:20,L03,0.5008,6.05,0.1556,20.499,29.55,76.95,WARNING,methane_buildup
2026-01-01 08:08:25,L03,0.4708,6.74,0.1596,20.436,29.53,77.48,SAFE,methane_buildup
2026-01-01 08:08:30,L03,0.4895,8.04,0.1445,20.45,29.14,77.86,SAFE,methane_buildup
2026-01-01 08:08:35,L03,0.5138,5.63,0.1499,20.414,29.36,77.16,SAFE,methane_buildup
2026-01-01 08:08:40,L03,0.4966,7.13,0.169,20.423,29.4,76.72,SAFE,methane_buildup
2026-01-01 08:08:45,L03,0.4999,7.8,0.1613,20.458,29.21,79.44,SAFE,methane_buildup
2026-01-01 08:08:50,L03,0.5281,6.35,0.1476,20.339,29.08,77.58,SAFE,methane_buildup
2026-01-01 08:08:55,L03,0.5066,10.83,0.1572,20.409,29.31,78.11,WARNING,methane_buildup
2026-01-01 08:09:00,L03,0.5385,6.98,0.1693,20.455,29.3,79.08,WARNING,methane_buildup
2026-01-01 08:09:05,L03,0.5558,7.39,0.165,20.394,29.27,81.19,WARNING,methane_buildup
2026-01-01 08:09:10,L03,0.5573,7.06,0.1739,20.429,29.41,77.47,WARNING,methane_buildup
2026-01-01 08:09:15,L03,0.5475,11.36,0.1805,20.355,29.24,78.91,WARNING,methane_buildup
2026-01-01 08:09:20,L03,0.6038,9.63,0.1949,20.367,29.19,78.08,WARNING,methane_buildup
2026-01-01 08:09:25,L03,0.5907,7.53,0.1838,20.363,29.39,78.31,WARNING,methane_buildup
2026-01-01 08:09:30,L03,0.6199,10.73,0.1977,20.29,29.44,78.26,WARNING,methane_buildup
2026-01-01 08:09:35,L03,0.6038,9.5,0.2035,20.316,29.22,78.02,WARNING,methane_buildup
2026-01-01 08:09:40,L03,0.6038,9.72,0.2065,20.312,29.54,78.98,WARNING,methane_buildup
2026-01-01 08:09:45,L03,0.6303,8.95,0.2002,20.364,29.15,77.93,WARNING,methane_buildup
2026-01-01 08:09:50,L03,0.6323,8.48,0.1852,20.36,29.34,79.96,WARNING,methane_buildup
2026-01-01 08:09:55,L03,0.6271,10.24,0.2076,20.338,29.39,79.34,WARNING,methane_buildup
2026-01-01 08:10:00,L03,0.6761,9.05,0.2152,20.347,29.35,79.73,WARNING,methane_buildup
2026-01-01 08:10:05,L03,0.654,12.73,0.2091,20.311,29.37,79.11,WARNING,methane_buildup
2026-01-01 08:10:10,L03,0.645,8.23,0.2267,20.347,29.74,79.28,WARNING,methane_buildup
2026-01-01 08:10:15,L03,0.7018,12.58,0.2226,20.305,29.34,79.9,WARNING,methane_buildup
2026-01-01 08:10:20,L03,0.1258,3.5,0.0295,20.525,27.31,70.34,SAFE,co_buildup
2026-01-01 08:10:25,L03,0.0982,5.05,0.0456,20.515,27.11,69.55,SAFE,co_buildup
2026-01-01 08:10:30,L03,0.1089,6.41,0.0621,20.508,27.29,70.49,SAFE,co_buildup
2026-01-01 08:10:35,L03,0.1714,1.67,0.0567,20.483,27.47,70.59,SAFE,co_buildup
2026-01-01 08:10:40,L03,0.167,3.15,0.0677,20.498,27.86,70.85,SAFE,co_buildup
2026-01-01 08:10:45,L03,0.148,7.61,0.0559,20.454,27.65,71.35,SAFE,co_buildup
2026-01-01 08:10:50,L03,0.1601,5.76,0.0785,20.395,27.92,70.08,SAFE,co_buildup
2026-01-01 08:10:55,L03,0.1545,5.69,0.0717,20.435,27.85,72.36,SAFE,co_buildup
2026-01-01 08:11:00,L03,0.1782,5.34,0.0803,20.356,27.86,71.3,SAFE,co_buildup
2026-01-01 08:11:05,L03,0.1687,6.91,0.0835,20.424,27.99,71.78,SAFE,co_buildup
2026-01-01 08:11:10,L03,0.1567,6.17,0.0781,20.371,28.09,70.79,SAFE,co_buildup
2026-01-01 08:11:15,L03,0.1751,11.93,0.0831,20.392,28.29,72.41,SAFE,co_buildup
2026-01-01 08:11:20,L03,0.2029,9.29,0.1041,20.413,28.5,71.27,SAFE,co_buildup
2026-01-01 08:11:25,L03,0.1934,9.76,0.1036,20.332,28.43,71.8,SAFE,co_buildup
2026-01-01 08:11:30,L03,0.2171,11.26,0.1129,20.38,28.65,70.92,SAFE,co_buildup
2026-01-01 08:11:35,L03,0.2097,12.34,0.1111,20.322,28.41,70.97,SAFE,co_buildup
2026-01-01 08:11:40,L03,0.2218,12.84,0.1137,20.374,28.58,72.41,SAFE,co_buildup
2026-01-01 08:11:45,L03,0.2541,13.56,0.1028,20.297,28.62,71.6,SAFE,co_buildup
2026-01-01 08:11:50,L03,0.2528,11.53,0.1185,20.27,28.87,71.36,SAFE,co_buildup
2026-01-01 08:11:55,L03,0.2566,12.55,0.1245,20.303,28.86,71.63,SAFE,co_buildup
2026-01-01 08:12:00,L03,0.2777,14.68,0.1444,20.256,29.11,72.79,SAFE,co_buildup
2026-01-01 08:12:05,L03,0.2795,13.26,0.1383,20.231,28.95,71.83,SAFE,co_buildup
2026-01-01 08:12:10,L03,0.3017,14.57,0.1492,20.228,29.18,72.33,SAFE,co_buildup
2026-01-01 08:12:15,L03,0.2808,15.7,0.1457,20.228,29.37,72.53,SAFE,co_buildup
2026-01-01 08:12:20,L03,0.289,16.8,0.1393,20.257,29.04,71.08,SAFE,co_buildup
2026-01-01 08:12:25,L03,0.2837,13.48,0.15,20.145,29.76,71.53,SAFE,co_buildup
2026-01-01 08:12:30,L03,0.3045,17.75,0.155,20.191,29.49,73.07,WARNING,co_buildup
2026-01-01 08:12:35,L03,0.3331,16.85,0.1496,20.196,29.32,72.31,SAFE,co_buildup
2026-01-01 08:12:40,L03,0.3459,18.79,0.1581,20.17,29.73,73.83,WARNING,co_buildup
2026-01-01 08:12:45,L03,0.3485,19.42,0.1636,20.19,29.8,73.86,WARNING,co_buildup
2026-01-01 08:12:50,L03,0.315,21.19,0.1821,20.135,29.87,73.75,WARNING,co_buildup
2026-01-01 08:12:55,L03,0.3659,21.33,0.1567,20.119,30.12,74.73,WARNING,co_buildup
2026-01-01 08:13:00,L03,0.3298,21.85,0.187,20.129,30.18,73.3,WARNING,co_buildup
2026-01-01 08:13:05,L03,0.3786,22.52,0.1739,20.101,30.2,73.98,WARNING,co_buildup
2026-01-01 08:13:10,L03,0.3673,21.31,0.1745,20.073,30.31,73.09,WARNING,co_buildup
2026-01-01 08:13:15,L03,0.3911,21.45,0.1989,20.088,30.31,75.61,WARNING,co_buildup
2026-01-01 08:13:20,L03,0.3683,23.24,0.1994,20.039,30.69,75.33,WARNING,co_buildup
2026-01-01 08:13:25,L03,0.4136,23.55,0.2076,20.027,30.29,73.85,WARNING,co_buildup
2026-01-01 08:13:30,L03,0.3818,22.51,0.208,20.017,30.62,74.24,WARNING,co_buildup
2026-01-01 08:13:35,L03,0.4015,24.11,0.2222,20.06,30.7,75.11,WARNING,co_buildup
2026-01-01 08:13:40,L03,0.4043,23.97,0.2142,19.91,30.9,74.0,WARNING,co_buildup
2026-01-01 08:13:45,L03,0.4007,23.27,0.2125,20.005,30.74,73.69,WARNING,co_buildup
2026-01-01 08:13:50,L03,0.4361,27.01,0.2206,19.981,30.69,75.01,WARNING,co_buildup
2026-01-01 08:13:55,L03,0.4695,25.68,0.2318,19.917,31.06,74.47,WARNING,co_buildup
2026-01-01 08:14:00,L03,0.4902,29.2,0.2197,19.963,31.17,74.64,WARNING,co_buildup
2026-01-01 08:14:05,L03,0.4594,24.21,0.2248,19.955,31.44,73.93,WARNING,co_buildup
2026-01-01 08:14:10,L03,0.4824,26.34,0.2316,19.945,31.12,73.31,WARNING,co_buildup
2026-01-01 08:14:15,L03,0.4769,27.75,0.2212,19.835,31.57,74.97,WARNING,co_buildup
2026-01-01 08:14:20,L03,0.4886,29.93,0.2432,19.942,31.84,75.6,WARNING,co_buildup
2026-01-01 08:14:25,L03,0.4837,29.35,0.2311,19.866,31.52,74.79,WARNING,co_buildup
2026-01-01 08:14:30,L03,0.4995,29.74,0.2506,19.896,31.47,76.21,WARNING,co_buildup
2026-01-01 08:14:35,L03,0.5124,28.11,0.2612,19.884,31.69,74.6,DANGER,co_buildup
2026-01-01 08:14:40,L03,0.5034,28.59,0.2545,19.823,31.84,74.41,DANGER,co_buildup
2026-01-01 08:14:45,L03,0.5187,31.34,0.2758,19.855,32.01,75.29,DANGER,co_buildup
2026-01-01 08:14:50,L03,0.5267,29.33,0.2547,19.811,31.93,75.38,DANGER,co_buildup
2026-01-01 08:14:55,L03,0.5477,31.11,0.28,19.747,32.34,76.15,DANGER,co_buildup
2026-01-01 08:15:00,L03,0.527,33.18,0.2799,19.831,32.03,75.01,DANGER,co_buildup
2026-01-01 08:15:05,L03,0.55,31.48,0.2648,19.76,32.02,76.82,DANGER,co_buildup
2026-01-01 08:15:10,L03,0.5872,35.89,0.3043,19.744,32.54,77.39,DANGER,co_buildup
2026-01-01 08:15:15,L03,0.5837,35.84,0.2861,19.745,32.12,75.88,DANGER,co_buildup
2026-01-01 08:15:20,L03,0.5942,32.17,0.2837,19.752,32.52,77.01,DANGER,co_buildup
2026-01-01 08:15:25,L03,0.5821,33.66,0.2835,19.729,33.1,75.26,DANGER,co_buildup
2026-01-01 08:15:30,L03,0.1441,5.08,0.0554,20.847,26.96,70.55,SAFE,low_oxygen
2026-01-01 08:15:35,L03,0.1753,7.38,0.0751,20.808,26.85,70.96,SAFE,low_oxygen
2026-01-01 08:15:40,L03,0.1523,8.14,0.0549,20.832,27.14,71.33,SAFE,low_oxygen
2026-01-01 08:15:45,L03,0.1581,5.88,0.076,20.778,27.32,68.33,SAFE,low_oxygen
2026-01-01 08:15:50,L03,0.1627,8.43,0.0714,20.741,27.16,70.78,SAFE,low_oxygen
2026-01-01 08:15:55,L03,0.1783,8.18,0.0671,20.726,27.43,71.25,SAFE,low_oxygen
2026-01-01 08:16:00,L03,0.1838,9.79,0.0805,20.663,26.95,72.91,SAFE,low_oxygen
2026-01-01 08:16:05,L03,0.1349,6.66,0.0688,20.617,27.05,70.99,SAFE,low_oxygen
2026-01-01 08:16:10,L03,0.1996,5.6,0.084,20.591,27.38,72.13,SAFE,low_oxygen
2026-01-01 08:16:15,L03,0.2095,6.93,0.0747,20.578,27.33,73.33,SAFE,low_oxygen
2026-01-01 08:16:20,L03,0.1759,8.16,0.0921,20.515,27.53,71.23,SAFE,low_oxygen
2026-01-01 08:16:25,L03,0.1808,8.1,0.0834,20.5,27.37,72.74,SAFE,low_oxygen
2026-01-01 08:16:30,L03,0.1923,7.59,0.0896,20.469,27.28,71.92,SAFE,low_oxygen
2026-01-01 08:16:35,L03,0.1914,5.48,0.098,20.517,27.41,72.31,SAFE,low_oxygen
2026-01-01 08:16:40,L03,0.2098,9.21,0.0918,20.339,27.25,72.21,SAFE,low_oxygen
2026-01-01 08:16:45,L03,0.1809,11.62,0.0999,20.386,27.35,72.41,SAFE,low_oxygen
2026-01-01 08:16:50,L03,0.197,9.52,0.0907,20.412,27.7,75.32,SAFE,low_oxygen
2026-01-01 08:16:55,L03,0.2406,9.9,0.1102,20.332,27.72,73.96,SAFE,low_oxygen
2026-01-01 08:17:00,L03,0.2073,10.01,0.1217,20.32,27.69,74.3,SAFE,low_oxygen
2026-01-01 08:17:05,L03,0.2435,9.91,0.1323,20.27,27.41,73.96,SAFE,low_oxygen
2026-01-01 08:17:10,L03,0.2339,10.88,0.1131,20.215,27.65,72.42,SAFE,low_oxygen
2026-01-01 08:17:15,L03,0.2051,10.24,0.1211,20.137,27.56,74.17,SAFE,low_oxygen
2026-01-01 08:17:20,L03,0.2455,9.34,0.1029,20.179,27.96,74.85,SAFE,low_oxygen
2026-01-01 08:17:25,L03,0.2379,8.77,0.1316,20.119,27.73,73.45,SAFE,low_oxygen
2026-01-01 08:17:30,L03,0.2365,9.76,0.1282,20.087,27.69,75.05,SAFE,low_oxygen
2026-01-01 08:17:35,L03,0.2507,10.76,0.1205,20.065,27.9,74.99,SAFE,low_oxygen
2026-01-01 08:17:40,L03,0.2578,9.98,0.1366,20.101,27.84,76.05,SAFE,low_oxygen
2026-01-01 08:17:45,L03,0.265,11.09,0.1271,20.09,28.19,74.37,SAFE,low_oxygen
2026-01-01 08:17:50,L03,0.2757,11.44,0.1279,19.993,27.9,73.97,WARNING,low_oxygen
2026-01-01 08:17:55,L03,0.2679,12.19,0.1377,19.942,27.83,74.7,WARNING,low_oxygen
2026-01-01 08:18:00,L03,0.2448,13.03,0.1278,19.889,27.76,76.28,WARNING,low_oxygen
2026-01-01 08:18:05,L03,0.262,11.39,0.1469,19.907,28.11,73.82,WARNING,low_oxygen
2026-01-01 08:18:10,L03,0.317,9.47,0.1327,19.916,28.07,73.77,SAFE,low_oxygen
2026-01-01 08:18:15,L03,0.2874,11.08,0.1351,19.824,27.98,75.64,WARNING,low_oxygen
2026-01-01 08:18:20,L03,0.3157,11.82,0.1386,19.729,28.41,75.35,WARNING,low_oxygen
2026-01-01 08:18:25,L03,0.3048,9.17,0.1544,19.789,28.37,75.86,WARNING,low_oxygen
2026-01-01 08:18:30,L03,0.2912,14.17,0.1458,19.767,28.3,76.75,WARNING,low_oxygen
2026-01-01 08:18:35,L03,0.2958,12.46,0.1423,19.659,28.55,75.69,WARNING,low_oxygen
2026-01-01 08:18:40,L03,0.2944,12.98,0.1506,19.681,28.48,74.78,WARNING,low_oxygen
2026-01-01 08:18:45,L03,0.2726,14.62,0.1576,19.658,28.29,78.06,WARNING,low_oxygen
2026-01-01 08:18:50,L03,0.3026,11.79,0.1508,19.611,28.3,75.77,WARNING,low_oxygen
2026-01-01 08:18:55,L03,0.3242,13.76,0.1535,19.559,28.62,75.86,WARNING,low_oxygen
2026-01-01 08:19:00,L03,0.3007,12.9,0.182,19.582,28.59,77.73,WARNING,low_oxygen
2026-01-01 08:19:05,L03,0.3196,12.95,0.1606,19.508,28.59,76.68,WARNING,low_oxygen
2026-01-01 08:19:10,L03,0.3298,12.23,0.1673,19.444,28.48,77.08,WARNING,low_oxygen
2026-01-01 08:19:15,L03,0.3071,16.05,0.1693,19.396,28.73,77.66,WARNING,low_oxygen
2026-01-01 08:19:20,L03,0.3177,13.15,0.1713,19.465,28.57,78.29,WARNING,low_oxygen
2026-01-01 08:19:25,L03,0.3129,14.92,0.182,19.414,28.7,77.3,WARNING,low_oxygen
2026-01-01 08:19:30,L03,0.3195,11.22,0.187,19.367,28.97,78.92,WARNING,low_oxygen
2026-01-01 08:19:35,L03,0.3162,15.97,0.1794,19.32,28.69,76.14,WARNING,low_oxygen
2026-01-01 08:19:40,L03,0.3257,15.94,0.1743,19.286,28.59,78.6,WARNING,low_oxygen
2026-01-01 08:19:45,L03,0.3642,14.67,0.1968,19.239,28.71,77.46,WARNING,low_oxygen
2026-01-01 08:19:50,L03,0.3328,14.35,0.1883,19.227,29.05,79.38,WARNING,low_oxygen
2026-01-01 08:19:55,L03,0.3521,15.45,0.2053,19.145,28.98,78.53,WARNING,low_oxygen
2026-01-01 08:20:00,L03,0.3464,18.45,0.1759,19.156,28.96,78.02,WARNING,low_oxygen
2026-01-01 08:20:05,L03,0.3753,12.53,0.1978,19.138,28.94,79.24,WARNING,low_oxygen
2026-01-01 08:20:10,L03,0.381,16.51,0.214,19.134,29.13,79.56,WARNING,low_oxygen
2026-01-01 08:20:15,L03,0.378,14.13,0.1982,19.083,28.97,79.5,WARNING,low_oxygen
2026-01-01 08:20:20,L03,0.3733,15.63,0.2016,19.077,29.18,78.31,WARNING,low_oxygen
2026-01-01 08:20:25,L03,0.3689,15.46,0.2082,19.063,29.06,78.89,WARNING,low_oxygen
2026-01-01 08:20:30,L03,0.3582,15.35,0.2037,19.023,29.07,79.42,WARNING,low_oxygen
2026-01-01 08:20:35,L03,0.4089,16.14,0.2081,18.974,29.15,79.53,DANGER,low_oxygen
2026-01-01 08:20:40,L03,0.0996,5.91,0.0466,20.795,26.12,69.25,SAFE,co2_buildup
2026-01-01 08:20:45,L03,0.1307,4.3,0.0622,20.827,26.26,68.96,SAFE,co2_buildup
2026-01-01 08:20:50,L03,0.1273,7.82,0.0668,20.826,26.06,67.96,SAFE,co2_buildup
2026-01-01 08:20:55,L03,0.1306,6.32,0.0436,20.813,26.32,70.59,SAFE,co2_buildup
2026-01-01 08:21:00,L03,0.1143,7.16,0.0689,20.817,26.12,69.37,SAFE,co2_buildup
2026-01-01 08:21:05,L03,0.1347,8.33,0.0681,20.68,26.31,68.74,SAFE,co2_buildup
2026-01-01 08:21:10,L03,0.1278,6.46,0.076,20.767,25.88,71.02,SAFE,co2_buildup
2026-01-01 08:21:15,L03,0.1331,7.08,0.0769,20.647,26.6,71.65,SAFE,co2_buildup
2026-01-01 08:21:20,L03,0.147,8.01,0.0862,20.615,26.49,70.26,SAFE,co2_buildup
2026-01-01 08:21:25,L03,0.1366,5.89,0.0918,20.618,26.26,70.17,SAFE,co2_buildup
2026-01-01 08:21:30,L03,0.1727,7.24,0.0912,20.566,26.03,70.73,SAFE,co2_buildup
2026-01-01 08:21:35,L03,0.1527,7.53,0.0939,20.571,26.4,71.73,SAFE,co2_buildup
2026-01-01 08:21:40,L03,0.1691,6.09,0.1028,20.494,26.17,72.47,SAFE,co2_buildup
2026-01-01 08:21:45,L03,0.1864,11.18,0.1135,20.502,26.49,72.2,SAFE,co2_buildup
2026-01-01 08:21:50,L03,0.1848,5.78,0.1217,20.523,26.51,72.12,SAFE,co2_buildup
2026-01-01 08:21:55,L03,0.1529,6.12,0.129,20.458,26.34,73.53,SAFE,co2_buildup
2026-01-01 08:22:00,L03,0.1855,10.23,0.1235,20.44,26.68,72.37,SAFE,co2_buildup
2026-01-01 08:22:05,L03,0.1963,9.51,0.135,20.425,26.66,73.74,SAFE,co2_buildup
2026-01-01 08:22:10,L03,0.2016,7.08,0.1457,20.421,26.71,72.98,SAFE,co2_buildup
2026-01-01 08:22:15,L03,0.1763,9.71,0.1526,20.312,26.6,73.84,SAFE,co2_buildup
2026-01-01 08:22:20,L03,0.1879,11.19,0.1481,20.354,26.41,73.7,SAFE,co2_buildup
2026-01-01 08:22:25,L03,0.2174,9.12,0.152,20.304,26.8,74.04,SAFE,co2_buildup
2026-01-01 08:22:30,L03,0.1958,13.25,0.1606,20.293,26.65,74.07,WARNING,co2_buildup
2026-01-01 08:22:35,L03,0.2075,6.95,0.1551,20.295,26.51,75.74,SAFE,co2_buildup
2026-01-01 08:22:40,L03,0.2404,10.76,0.1681,20.202,26.95,74.37,WARNING,co2_buildup
2026-01-01 08:22:45,L03,0.2208,11.65,0.1808,20.183,27.09,74.66,WARNING,co2_buildup
2026-01-01 08:22:50,L03,0.2153,11.42,0.1853,20.131,26.8,77.24,WARNING,co2_buildup
2026-01-01 08:22:55,L03,0.2178,9.96,0.1832,20.148,27.16,76.62,SAFE,co2_buildup
2026-01-01 08:23:00,L03,0.2407,10.01,0.1924,20.18,26.88,74.22,WARNING,co2_buildup
2026-01-01 08:23:05,L03,0.2205,11.3,0.1893,20.111,26.84,75.97,WARNING,co2_buildup
2026-01-01 08:23:10,L03,0.2415,12.04,0.2068,20.05,26.83,75.26,WARNING,co2_buildup
2026-01-01 08:23:15,L03,0.2549,11.9,0.2059,20.051,27.2,76.25,WARNING,co2_buildup
2026-01-01 08:23:20,L03,0.2742,12.74,0.2095,19.996,26.87,74.79,WARNING,co2_buildup
2026-01-01 08:23:25,L03,0.2694,9.83,0.2141,19.983,27.12,77.48,WARNING,co2_buildup
2026-01-01 08:23:30,L03,0.2535,11.2,0.2218,20.003,26.96,76.97,WARNING,co2_buildup
2026-01-01 08:23:35,L03,0.2866,10.32,0.224,19.932,27.0,78.22,WARNING,co2_buildup
2026-01-01 08:23:40,L03,0.2692,11.33,0.2381,19.976,27.26,77.17,WARNING,co2_buildup
2026-01-01 08:23:45,L03,0.2599,13.62,0.2349,19.916,27.08,78.83,WARNING,co2_buildup
2026-01-01 08:23:50,L03,0.2806,12.44,0.2561,19.896,27.1,78.72,WARNING,co2_buildup
2026-01-01 08:23:55,L03,0.3095,16.37,0.2603,19.86,27.36,80.55,WARNING,co2_buildup
2026-01-01 08:24:00,L03,0.2951,12.93,0.2468,19.867,27.46,80.77,WARNING,co2_buildup
2026-01-01 08:24:05,L03,0.2976,12.91,0.2597,19.843,27.35,80.56,WARNING,co2_buildup
2026-01-01 08:24:10,L03,0.3267,13.17,0.2592,19.805,27.18,79.96,WARNING,co2_buildup
2026-01-01 08:24:15,L03,0.2854,12.23,0.2671,19.787,27.24,82.1,WARNING,co2_buildup
2026-01-01 08:24:20,L03,0.2923,13.29,0.291,19.739,27.35,79.56,WARNING,co2_buildup
2026-01-01 08:24:25,L03,0.2921,15.25,0.2778,19.737,27.42,79.98,WARNING,co2_buildup
2026-01-01 08:24:30,L03,0.3267,13.91,0.2884,19.686,27.25,81.32,WARNING,co2_buildup
2026-01-01 08:24:35,L03,0.3284,12.73,0.2951,19.671,27.54,83.49,WARNING,co2_buildup
2026-01-01 08:24:40,L03,0.3537,12.72,0.288,19.638,27.47,81.81,WARNING,co2_buildup
2026-01-01 08:24:45,L03,0.339,13.61,0.2945,19.608,27.23,82.12,WARNING,co2_buildup
2026-01-01 08:24:50,L03,0.334,14.58,0.2969,19.577,27.38,81.41,WARNING,co2_buildup
2026-01-01 08:24:55,L03,0.3449,16.44,0.3048,19.587,27.47,83.61,WARNING,co2_buildup
2026-01-01 08:25:00,L03,0.3513,12.82,0.2943,19.587,27.57,83.91,WARNING,co2_buildup
2026-01-01 08:25:05,L03,0.3293,14.54,0.3267,19.559,27.89,84.07,WARNING,co2_buildup
2026-01-01 08:25:10,L03,0.3997,15.42,0.3441,19.461,27.68,83.23,DANGER,co2_buildup
2026-01-01 08:25:15,L03,0.3716,12.63,0.3341,19.513,27.54,83.46,WARNING,co2_buildup
2026-01-01 08:25:20,L03,0.3717,14.32,0.3269,19.44,27.73,83.28,DANGER,co2_buildup
2026-01-01 08:25:25,L03,0.3825,14.73,0.3383,19.443,27.68,84.67,DANGER,co2_buildup
2026-01-01 08:25:30,L03,0.3887,14.74,0.345,19.373,27.81,84.04,DANGER,co2_buildup
2026-01-01 08:25:35,L03,0.3807,16.4,0.3458,19.38,27.88,84.25,DANGER,co2_buildup
2026-01-01 08:25:40,L03,0.3781,16.06,0.3661,19.36,28.0,85.15,DANGER,co2_buildup
2026-01-01 08:25:45,L03,0.4013,15.65,0.371,19.282,27.84,85.39,DANGER,co2_buildup
2026-01-01 08:25:50,L03,0.1551,4.32,0.0375,20.702,28.94,69.16,SAFE,ventilation_failure
2026-01-01 08:25:55,L03,0.1793,2.27,0.0492,20.66,28.85,69.39,SAFE,ventilation_failure
2026-01-01 08:26:00,L03,0.2051,4.11,0.056,20.611,29.17,68.71,SAFE,ventilation_failure
2026-01-01 08:26:05,L03,0.2112,5.49,0.0575,20.614,29.23,69.31,SAFE,ventilation_failure
2026-01-01 08:26:10,L03,0.2076,5.35,0.0698,20.624,29.15,70.94,SAFE,ventilation_failure
2026-01-01 08:26:15,L03,0.2113,7.32,0.0807,20.64,29.37,70.73,SAFE,ventilation_failure
2026-01-01 08:26:20,L03,0.2406,7.55,0.0904,20.608,29.19,70.87,SAFE,ventilation_failure
2026-01-01 08:26:25,L03,0.2462,10.57,0.1071,20.557,29.31,71.28,SAFE,ventilation_failure
2026-01-01 08:26:30,L03,0.2365,6.21,0.1139,20.517,29.15,71.36,SAFE,ventilation_failure
2026-01-01 08:26:35,L03,0.2436,9.01,0.135,20.512,29.33,72.53,SAFE,ventilation_failure
2026-01-01 08:26:40,L03,0.2341,8.52,0.1456,20.465,29.87,71.88,SAFE,ventilation_failure
2026-01-01 08:26:45,L03,0.2772,11.48,0.1382,20.508,29.91,70.86,SAFE,ventilation_failure
2026-01-01 08:26:50,L03,0.2833,8.83,0.1164,20.428,29.74,73.58,SAFE,ventilation_failure
2026-01-01 08:26:55,L03,0.3113,12.47,0.1666,20.407,30.05,72.82,WARNING,ventilation_failure
2026-01-01 08:27:00,L03,0.3093,11.69,0.162,20.32,29.85,72.3,WARNING,ventilation_failure
2026-01-01 08:27:05,L03,0.3336,12.22,0.1695,20.357,29.9,72.02,WARNING,ventilation_failure
2026-01-01 08:27:10,L03,0.3129,11.84,0.1823,20.365,30.02,73.58,WARNING,ventilation_failure
2026-01-01 08:27:15,L03,0.3501,14.0,0.1915,20.284,30.06,73.42,WARNING,ventilation_failure
2026-01-01 08:27:20,L03,0.3348,17.01,0.2096,20.27,30.11,75.02,WARNING,ventilation_failure
2026-01-01 08:27:25,L03,0.364,16.04,0.2018,20.293,30.39,73.73,WARNING,ventilation_failure
2026-01-01 08:27:30,L03,0.3402,17.7,0.2152,20.201,30.31,73.59,WARNING,ventilation_failure
2026-01-01 08:27:35,L03,0.3753,19.95,0.2362,20.254,30.46,75.22,WARNING,ventilation_failure
2026-01-01 08:27:40,L03,0.3517,18.53,0.248,20.183,30.58,75.49,WARNING,ventilation_failure
2026-01-01 08:27:45,L03,0.3871,17.99,0.2578,20.164,30.55,75.14,WARNING,ventilation_failure
2026-01-01 08:27:50,L03,0.4074,20.21,0.256,20.118,30.41,75.79,WARNING,ventilation_failure
2026-01-01 08:27:55,L03,0.4027,19.38,0.264,20.14,30.43,75.47,WARNING,ventilation_failure
2026-01-01 08:28:00,L03,0.4044,20.13,0.2774,20.179,30.72,75.93,WARNING,ventilation_failure
2026-01-01 08:28:05,L03,0.4426,19.3,0.2929,20.105,30.74,76.92,WARNING,ventilation_failure
2026-01-01 08:28:10,L03,0.438,23.65,0.3125,20.032,30.85,76.74,WARNING,ventilation_failure
2026-01-01 08:28:15,L03,0.4419,22.37,0.2938,20.069,30.9,76.35,WARNING,ventilation_failure
2026-01-01 08:28:20,L03,0.4596,23.91,0.318,20.002,31.36,77.82,WARNING,ventilation_failure
2026-01-01 08:28:25,L03,0.5082,22.77,0.3187,20.029,30.84,75.09,WARNING,ventilation_failure
2026-01-01 08:28:30,L03,0.4956,25.67,0.3258,19.988,30.81,78.87,DANGER,ventilation_failure
2026-01-01 08:28:35,L03,0.5055,24.56,0.3563,19.852,31.23,76.11,DANGER,ventilation_failure
2026-01-01 08:28:40,L03,0.5043,26.18,0.3625,19.887,31.19,77.22,DANGER,ventilation_failure
2026-01-01 08:28:45,L03,0.5099,28.4,0.3714,19.922,31.37,77.94,DANGER,ventilation_failure
2026-01-01 08:28:50,L03,0.4812,28.95,0.3847,19.875,31.48,78.1,DANGER,ventilation_failure
2026-01-01 08:28:55,L03,0.5166,28.42,0.3831,19.816,31.65,79.27,DANGER,ventilation_failure
2026-01-01 08:29:00,L03,0.5293,26.49,0.3931,19.804,31.3,77.87,DANGER,ventilation_failure
2026-01-01 08:29:05,L03,0.518,34.32,0.4236,19.743,31.51,79.17,DANGER,ventilation_failure
2026-01-01 08:29:10,L03,0.5385,33.14,0.4138,19.774,31.73,78.75,DANGER,ventilation_failure
2026-01-01 08:29:15,L03,0.5358,32.29,0.4312,19.819,31.85,79.69,DANGER,ventilation_failure
2026-01-01 08:29:20,L03,0.5747,30.76,0.435,19.754,32.13,79.65,DANGER,ventilation_failure
2026-01-01 08:29:25,L03,0.5972,32.41,0.4297,19.772,32.01,80.03,DANGER,ventilation_failure
2026-01-01 08:29:30,L03,0.6112,32.45,0.4378,19.709,31.93,79.76,DANGER,ventilation_failure
2026-01-01 08:29:35,L03,0.6105,35.85,0.4591,19.69,31.88,80.04,DANGER,ventilation_failure
2026-01-01 08:29:40,L03,0.5995,35.04,0.4818,19.695,31.99,80.93,DANGER,ventilation_failure
2026-01-01 08:29:45,L03,0.5947,34.16,0.4892,19.624,32.06,81.7,DANGER,ventilation_failure
2026-01-01 08:29:50,L03,0.607,35.32,0.4998,19.583,32.31,80.71,DANGER,ventilation_failure
2026-01-01 08:29:55,L03,0.624,38.39,0.4942,19.596,32.32,80.74,DANGER,ventilation_failure
2026-01-01 08:30:00,L03,0.6394,39.8,0.5246,19.586,32.16,82.18,CRITICAL,ventilation_failure
2026-01-01 08:30:05,L03,0.66,40.38,0.5136,19.504,32.36,81.91,CRITICAL,ventilation_failure
2026-01-01 08:30:10,L03,0.6569,39.91,0.5326,19.473,32.62,82.85,CRITICAL,ventilation_failure
2026-01-01 08:30:15,L03,0.6869,39.08,0.5404,19.476,32.61,81.71,CRITICAL,ventilation_failure
2026-01-01 08:30:20,L03,0.688,35.29,0.5487,19.473,32.71,81.25,CRITICAL,ventilation_failure
2026-01-01 08:30:25,L03,0.7014,41.28,0.5704,19.449,32.76,82.5,CRITICAL,ventilation_failure
2026-01-01 08:30:30,L03,0.728,41.52,0.5636,19.359,33.01,82.56,CRITICAL,ventilation_failure
2026-01-01 08:30:35,L03,0.7029,42.42,0.5681,19.435,32.87,83.36,CRITICAL,ventilation_failure
2026-01-01 08:30:40,L03,0.7365,42.98,0.5886,19.335,32.85,83.16,CRITICAL,ventilation_failure
2026-01-01 08:30:45,L03,0.7397,41.6,0.5948,19.323,32.84,84.51,CRITICAL,ventilation_failure
2026-01-01 08:30:50,L03,0.7446,45.11,0.6346,19.28,33.08,83.93,CRITICAL,ventilation_failure
2026-01-01 08:30:55,L03,0.7726,45.91,0.6226,19.365,32.75,84.53,CRITICAL,ventilation_failure
2026-01-01 08:31:00,L03,0.1961,4.73,0.0954,20.765,28.95,70.69,SAFE,fire_heat
2026-01-01 08:31:05,L03,0.1894,2.81,0.0807,20.77,28.98,72.53,SAFE,fire_heat
2026-01-01 08:31:10,L03,0.2211,4.07,0.0914,20.799,29.12,71.42,SAFE,fire_heat
2026-01-01 08:31:15,L03,0.2531,6.77,0.1031,20.762,29.39,72.35,SAFE,fire_heat
2026-01-01 08:31:20,L03,0.2171,6.79,0.1058,20.669,29.73,72.55,SAFE,fire_heat
2026-01-01 08:31:25,L03,0.2428,8.57,0.1149,20.642,29.3,73.89,SAFE,fire_heat
2026-01-01 08:31:30,L03,0.2204,8.96,0.1067,20.689,29.62,73.8,SAFE,fire_heat
2026-01-01 08:31:35,L03,0.2624,10.23,0.1138,20.591,29.59,72.29,SAFE,fire_heat
2026-01-01 08:31:40,L03,0.2512,9.77,0.1134,20.615,30.13,72.68,SAFE,fire_heat
2026-01-01 08:31:45,L03,0.264,11.68,0.108,20.556,29.93,74.39,SAFE,fire_heat
2026-01-01 08:31:50,L03,0.2658,10.85,0.1006,20.597,29.93,74.18,SAFE,fire_heat
2026-01-01 08:31:55,L03,0.3022,15.08,0.1247,20.5,30.37,74.17,SAFE,fire_heat
2026-01-01 08:32:00,L03,0.3152,13.1,0.1254,20.532,30.66,75.65,SAFE,fire_heat
2026-01-01 08:32:05,L03,0.3094,16.65,0.1217,20.477,30.63,75.29,SAFE,fire_heat
2026-01-01 08:32:10,L03,0.305,15.52,0.1164,20.454,30.69,75.48,SAFE,fire_heat
2026-01-01 08:32:15,L03,0.3507,17.08,0.137,20.362,30.85,76.37,SAFE,fire_heat
2026-01-01 08:32:20,L03,0.3245,16.94,0.1326,20.329,31.13,75.75,SAFE,fire_heat
2026-01-01 08:32:25,L03,0.3122,17.07,0.1418,20.363,30.91,77.6,SAFE,fire_heat
2026-01-01 08:32:30,L03,0.3604,16.88,0.155,20.351,31.15,76.02,WARNING,fire_heat
2026-01-01 08:32:35,L03,0.3459,18.82,0.1256,20.285,31.23,77.48,SAFE,fire_heat
2026-01-01 08:32:40,L03,0.3862,20.83,0.1398,20.26,31.25,78.4,SAFE,fire_heat
2026-01-01 08:32:45,L03,0.3745,22.54,0.1464,20.284,31.5,76.45,SAFE,fire_heat
2026-01-01 08:32:50,L03,0.3982,24.65,0.1624,20.258,31.85,77.58,WARNING,fire_heat
2026-01-01 08:32:55,L03,0.4191,23.37,0.1404,20.212,31.89,79.07,SAFE,fire_heat
2026-01-01 08:33:00,L03,0.3888,23.62,0.1716,20.214,32.03,79.39,WARNING,fire_heat
2026-01-01 08:33:05,L03,0.4074,23.69,0.1599,20.129,32.08,78.63,WARNING,fire_heat
2026-01-01 08:33:10,L03,0.4236,27.48,0.1607,20.128,32.27,78.48,WARNING,fire_heat
2026-01-01 08:33:15,L03,0.4567,29.74,0.1626,20.163,32.2,80.13,WARNING,fire_heat
2026-01-01 08:33:20,L03,0.4327,30.48,0.1634,20.09,32.4,80.62,WARNING,fire_heat
2026-01-01 08:33:25,L03,0.4426,30.55,0.1779,20.066,32.6,79.04,WARNING,fire_heat
2026-01-01 08:33:30,L03,0.4676,31.35,0.1637,20.106,32.74,79.31,WARNING,fire_heat
2026-01-01 08:33:35,L03,0.4606,33.85,0.1777,19.969,32.88,80.76,DANGER,fire_heat
2026-01-01 08:33:40,L03,0.4805,32.71,0.1745,20.009,32.94,81.38,WARNING,fire_heat
2026-01-01 08:33:45,L03,0.4638,34.09,0.1742,20.01,33.03,80.94,WARNING,fire_heat
2026-01-01 08:33:50,L03,0.5292,33.54,0.2036,19.925,33.68,82.03,DANGER,fire_heat
2026-01-01 08:33:55,L03,0.4847,32.89,0.189,19.934,33.47,81.22,DANGER,fire_heat
2026-01-01 08:34:00,L03,0.509,34.81,0.1932,19.854,33.53,80.4,DANGER,fire_heat
2026-01-01 08:34:05,L03,0.5222,36.73,0.2001,19.837,33.56,82.05,DANGER,fire_heat
2026-01-01 08:34:10,L03,0.5603,37.75,0.1823,19.843,33.65,82.74,DANGER,fire_heat
2026-01-01 08:34:15,L03,0.5207,41.45,0.2104,19.83,33.83,82.77,DANGER,fire_heat
2026-01-01 08:34:20,L03,0.5792,39.59,0.1789,19.814,34.02,82.37,DANGER,fire_heat
2026-01-01 08:34:25,L03,0.5697,42.15,0.1955,19.802,33.82,82.15,DANGER,fire_heat
2026-01-01 08:34:30,L03,0.5735,40.63,0.2007,19.727,34.0,83.49,DANGER,fire_heat
2026-01-01 08:34:35,L03,0.5614,41.73,0.2117,19.74,34.26,84.92,DANGER,fire_heat
2026-01-01 08:34:40,L03,0.5936,41.11,0.2115,19.668,34.52,85.51,DANGER,fire_heat
2026-01-01 08:34:45,L03,0.5831,42.9,0.2111,19.68,34.58,85.76,DANGER,fire_heat
2026-01-01 08:34:50,L03,0.6219,45.71,0.215,19.633,34.96,84.46,DANGER,fire_heat
2026-01-01 08:34:55,L03,0.5972,45.84,0.21,19.615,34.65,84.49,DANGER,fire_heat
2026-01-01 08:35:00,L03,0.619,48.15,0.2085,19.589,34.89,86.11,DANGER,fire_heat
2026-01-01 08:35:05,L03,0.6213,47.91,0.229,19.502,35.35,86.52,DANGER,fire_heat
2026-01-01 08:35:10,L03,0.6237,48.02,0.2314,19.491,35.27,86.64,CRITICAL,fire_heat
2026-01-01 08:35:15,L03,0.6585,52.68,0.2412,19.502,35.51,85.01,CRITICAL,fire_heat
2026-01-01 08:35:20,L03,0.6643,50.22,0.2249,19.423,35.82,86.23,CRITICAL,fire_heat
2026-01-01 08:35:25,L03,0.6833,53.02,0.2394,19.473,35.53,87.2,CRITICAL,fire_heat
2026-01-01 08:35:30,L03,0.6474,51.58,0.2343,19.448,35.75,87.92,CRITICAL,fire_heat
2026-01-01 08:35:35,L03,0.699,54.15,0.2488,19.406,35.85,88.44,CRITICAL,fire_heat
2026-01-01 08:35:40,L03,0.7295,55.39,0.2501,19.337,35.73,88.25,CRITICAL,fire_heat
2026-01-01 08:35:45,L03,0.694,55.22,0.2463,19.387,36.1,88.7,CRITICAL,fire_heat
2026-01-01 08:35:50,L03,0.7382,52.28,0.2446,19.381,36.41,88.8,CRITICAL,fire_heat
2026-01-01 08:35:55,L03,0.7147,56.75,0.2576,19.299,36.48,89.59,CRITICAL,fire_heat
2026-01-01 08:36:00,L03,0.7069,59.47,0.2578,19.284,36.62,89.59,CRITICAL,fire_heat
2026-01-01 08:36:05,L03,0.7319,59.33,0.2498,19.249,36.6,89.69,CRITICAL,fire_heat
2026-01-01 08:36:10,L03,0.1301,0.78,0.0883,20.854,28.29,72.84,SAFE,combined_hazard
2026-01-01 08:36:15,L03,0.1671,2.07,0.0837,20.839,28.28,73.33,SAFE,combined_hazard
2026-01-01 08:36:20,L03,0.1855,3.49,0.0952,20.77,28.31,74.27,SAFE,combined_hazard
2026-01-01 08:36:25,L03,0.1748,9.75,0.0958,20.781,28.82,74.39,SAFE,combined_hazard
2026-01-01 08:36:30,L03,0.2035,8.97,0.1043,20.723,28.96,73.29,SAFE,combined_hazard
2026-01-01 08:36:35,L03,0.2159,10.13,0.1058,20.659,28.95,73.92,SAFE,combined_hazard
2026-01-01 08:36:40,L03,0.2334,9.58,0.1184,20.644,28.88,74.82,SAFE,combined_hazard
2026-01-01 08:36:45,L03,0.2706,13.6,0.1061,20.603,29.04,75.42,SAFE,combined_hazard
2026-01-01 08:36:50,L03,0.2827,13.99,0.121,20.59,29.39,75.6,SAFE,combined_hazard
2026-01-01 08:36:55,L03,0.2876,15.98,0.1316,20.506,29.44,75.08,SAFE,combined_hazard
2026-01-01 08:37:00,L03,0.2954,15.69,0.1389,20.505,29.62,74.41,SAFE,combined_hazard
2026-01-01 08:37:05,L03,0.2991,18.9,0.152,20.483,29.97,74.9,WARNING,combined_hazard
2026-01-01 08:37:10,L03,0.3563,19.52,0.1424,20.438,30.07,76.2,SAFE,combined_hazard
2026-01-01 08:37:15,L03,0.3596,20.5,0.1627,20.443,30.32,76.54,WARNING,combined_hazard
2026-01-01 08:37:20,L03,0.3559,24.25,0.151,20.391,30.11,75.67,WARNING,combined_hazard
2026-01-01 08:37:25,L03,0.393,22.34,0.1723,20.333,30.36,76.87,WARNING,combined_hazard
2026-01-01 08:37:30,L03,0.3969,26.99,0.1736,20.305,30.67,77.62,WARNING,combined_hazard
2026-01-01 08:37:35,L03,0.4094,28.67,0.1652,20.273,30.77,76.47,WARNING,combined_hazard
2026-01-01 08:37:40,L03,0.4359,27.82,0.1803,20.241,31.08,78.56,WARNING,combined_hazard
2026-01-01 08:37:45,L03,0.434,29.4,0.1829,20.14,31.07,77.66,WARNING,combined_hazard
2026-01-01 08:37:50,L03,0.4557,31.8,0.1937,20.151,31.43,79.25,WARNING,combined_hazard
2026-01-01 08:37:55,L03,0.4784,34.05,0.1923,20.081,31.38,78.1,WARNING,combined_hazard
2026-01-01 08:38:00,L03,0.4848,34.9,0.197,20.129,31.61,77.99,WARNING,combined_hazard
2026-01-01 08:38:05,L03,0.5181,37.27,0.2158,20.054,31.55,78.72,WARNING,combined_hazard
2026-01-01 08:38:10,L03,0.5518,40.76,0.2095,20.015,31.75,79.3,WARNING,combined_hazard
2026-01-01 08:38:15,L03,0.5282,38.86,0.2223,20.013,32.03,79.34,DANGER,combined_hazard
2026-01-01 08:38:20,L03,0.5302,38.54,0.2193,19.965,32.28,79.77,DANGER,combined_hazard
2026-01-01 08:38:25,L03,0.5409,43.85,0.2398,19.883,32.3,80.49,DANGER,combined_hazard
2026-01-01 08:38:30,L03,0.5844,46.63,0.2265,19.88,32.33,80.37,DANGER,combined_hazard
2026-01-01 08:38:35,L03,0.5924,46.2,0.2324,19.838,32.7,80.73,DANGER,combined_hazard
2026-01-01 08:38:40,L03,0.6212,45.47,0.2549,19.761,32.31,79.7,DANGER,combined_hazard
2026-01-01 08:38:45,L03,0.6358,48.42,0.2445,19.758,32.57,81.66,DANGER,combined_hazard
2026-01-01 08:38:50,L03,0.6255,48.42,0.2663,19.739,33.04,81.56,DANGER,combined_hazard
2026-01-01 08:38:55,L03,0.6381,52.56,0.266,19.706,33.08,83.21,DANGER,combined_hazard
2026-01-01 08:39:00,L03,0.6854,51.07,0.2631,19.63,33.32,81.45,DANGER,combined_hazard
2026-01-01 08:39:05,L03,0.6988,54.14,0.2552,19.675,33.39,81.04,DANGER,combined_hazard
2026-01-01 08:39:10,L03,0.7061,54.58,0.2749,19.602,33.61,83.26,DANGER,combined_hazard
2026-01-01 08:39:15,L03,0.7033,57.78,0.2813,19.572,33.55,83.32,DANGER,combined_hazard
2026-01-01 08:39:20,L03,0.751,58.53,0.2952,19.548,33.91,82.52,CRITICAL,combined_hazard
2026-01-01 08:39:25,L03,0.7787,60.84,0.304,19.478,34.12,82.39,CRITICAL,combined_hazard
2026-01-01 08:39:30,L03,0.7795,62.11,0.2912,19.481,34.3,85.13,CRITICAL,combined_hazard
2026-01-01 08:39:35,L03,0.7784,62.09,0.3085,19.421,34.57,85.31,CRITICAL,combined_hazard
2026-01-01 08:39:40,L03,0.8075,66.01,0.3136,19.371,34.46,82.47,CRITICAL,combined_hazard
2026-01-01 08:39:45,L03,0.8021,66.5,0.3215,19.38,34.61,84.38,CRITICAL,combined_hazard
2026-01-01 08:39:50,L03,0.8541,66.58,0.3223,19.373,34.49,86.36,CRITICAL,combined_hazard
2026-01-01 08:39:55,L03,0.8552,72.92,0.3082,19.315,34.78,84.93,CRITICAL,combined_hazard
2026-01-01 08:40:00,L03,0.8432,71.78,0.3279,19.287,34.98,85.2,CRITICAL,combined_hazard
2026-01-01 08:40:05,L03,0.8809,72.33,0.3253,19.209,35.32,85.65,CRITICAL,combined_hazard
2026-01-01 08:40:10,L03,0.9081,76.18,0.3383,19.142,35.22,85.26,CRITICAL,combined_hazard
2026-01-01 08:40:15,L03,0.9119,78.32,0.3532,19.2,35.58,85.08,CRITICAL,combined_hazard
2026-01-01 08:40:20,L03,0.9285,76.83,0.3532,19.182,35.61,87.56,CRITICAL,combined_hazard
2026-01-01 08:40:25,L03,0.93,79.07,0.3653,19.132,35.73,85.53,CRITICAL,combined_hazard
2026-01-01 08:40:30,L03,0.9726,78.56,0.3643,19.041,35.94,87.48,CRITICAL,combined_hazard
2026-01-01 08:40:35,L03,0.9701,81.32,0.3565,18.982,35.99,88.28,CRITICAL,combined_hazard
2026-01-01 08:40:40,L03,0.9632,82.74,0.3522,18.95,36.14,86.69,CRITICAL,combined_hazard
2026-01-01 08:40:45,L03,1.0057,84.81,0.3789,18.897,36.09,87.4,CRITICAL,combined_hazard
2026-01-01 08:40:50,L03,1.0417,86.53,0.3814,18.909,36.46,89.39,CRITICAL,combined_hazard
2026-01-01 08:40:55,L03,1.0369,88.37,0.3807,18.926,36.57,89.13,CRITICAL,combined_hazard
2026-01-01 08:41:00,L03,1.0845,89.38,0.3803,18.839,36.72,88.49,CRITICAL,combined_hazard
2026-01-01 08:41:05,L03,1.0806,88.71,0.3934,18.818,37.01,90.23,CRITICAL,combined_hazard
2026-01-01 08:41:10,L03,1.095,90.62,0.4032,18.815,37.19,90.51,CRITICAL,combined_hazard
2026-01-01 08:41:15,L03,1.1037,92.7,0.4155,18.727,37.27,90.05,CRITICAL,combined_hazard
2026-01-01 08:41:20,L03,1.1203,94.59,0.417,18.766,37.54,89.39,CRITICAL,combined_hazard
2026-01-01 08:41:25,L03,1.1331,98.09,0.4338,18.73,37.62,90.07,CRITICAL,combined_hazard
2026-01-01 08:41:30,L03,1.1483,96.27,0.418,18.631,37.64,90.91,CRITICAL,combined_hazard
2026-01-01 08:41:35,L03,1.1765,98.97,0.4388,18.583,37.76,90.81,CRITICAL,combined_hazard
2026-01-01 08:00:00,L04,0.0566,6.25,0.057,20.712,27.22,68.46,SAFE,normal
2026-01-01 08:00:05,L04,0.0556,1.87,0.0584,20.695,27.11,67.45,SAFE,normal
2026-01-01 08:00:10,L04,0.0774,2.26,0.0501,20.706,27.01,69.1,SAFE,normal
2026-01-01 08:00:15,L04,0.0421,2.38,0.0565,20.7,27.31,67.94,SAFE,normal
2026-01-01 08:00:20,L04,0.0719,3.68,0.0662,20.695,27.09,68.64,SAFE,normal
2026-01-01 08:00:25,L04,0.0409,1.94,0.067,20.684,27.55,68.77,SAFE,normal
2026-01-01 08:00:30,L04,0.0555,4.2,0.0562,20.7,27.37,67.74,SAFE,normal
2026-01-01 08:00:35,L04,0.052,4.88,0.0584,20.669,27.62,66.67,SAFE,normal
2026-01-01 08:00:40,L04,0.084,4.46,0.0669,20.634,27.41,68.67,SAFE,normal
2026-01-01 08:00:45,L04,0.0733,1.05,0.0468,20.639,27.57,68.5,SAFE,normal
2026-01-01 08:00:50,L04,0.0762,5.23,0.057,20.592,27.6,68.96,SAFE,normal
2026-01-01 08:00:55,L04,0.0619,5.19,0.0711,20.707,27.61,68.4,SAFE,normal
2026-01-01 08:01:00,L04,0.0761,5.07,0.069,20.666,27.59,68.3,SAFE,normal
2026-01-01 08:01:05,L04,0.0712,4.43,0.065,20.61,27.76,70.32,SAFE,normal
2026-01-01 08:01:10,L04,0.0905,4.24,0.0508,20.621,27.61,67.61,SAFE,normal
2026-01-01 08:01:15,L04,0.072,5.5,0.0632,20.604,27.61,69.44,SAFE,normal
2026-01-01 08:01:20,L04,0.1089,6.88,0.0597,20.664,28.02,68.46,SAFE,normal
2026-01-01 08:01:25,L04,0.0659,2.61,0.0679,20.569,27.99,68.72,SAFE,normal
2026-01-01 08:01:30,L04,0.081,5.7,0.0595,20.61,27.93,68.8,SAFE,normal
2026-01-01 08:01:35,L04,0.1203,3.99,0.0586,20.597,28.21,68.48,SAFE,normal
2026-01-01 08:01:40,L04,0.0907,3.97,0.0511,20.62,27.97,69.65,SAFE,normal
2026-01-01 08:01:45,L04,0.0796,1.9,0.0782,20.586,28.25,70.37,SAFE,normal
2026-01-01 08:01:50,L04,0.1047,3.82,0.066,20.531,28.12,69.7,SAFE,normal
2026-01-01 08:01:55,L04,0.0964,2.79,0.0712,20.571,27.98,69.47,SAFE,normal
2026-01-01 08:02:00,L04,0.0931,3.64,0.0708,20.543,28.46,68.67,SAFE,normal
2026-01-01 08:02:05,L04,0.0913,2.73,0.063,20.569,28.37,69.94,SAFE,normal
2026-01-01 08:02:10,L04,0.1513,3.74,0.0623,20.604,28.25,71.32,SAFE,normal
2026-01-01 08:02:15,L04,0.1081,3.85,0.0651,20.503,28.42,69.36,SAFE,normal
2026-01-01 08:02:20,L04,0.0851,4.65,0.0682,20.526,28.29,69.43,SAFE,normal
2026-01-01 08:02:25,L04,0.1385,2.12,0.0777,20.527,28.52,69.35,SAFE,normal
2026-01-01 08:02:30,L04,0.1273,2.42,0.0692,20.527,28.08,69.47,SAFE,normal
2026-01-01 08:02:35,L04,0.1087,5.17,0.0903,20.555,28.33,67.74,SAFE,normal
2026-01-01 08:02:40,L04,0.1083,3.47,0.0854,20.522,28.68,70.32,SAFE,normal
2026-01-01 08:02:45,L04,0.1345,6.32,0.0844,20.534,28.53,69.39,SAFE,normal
2026-01-01 08:02:50,L04,0.1228,5.09,0.0778,20.497,28.65,68.85,SAFE,normal
2026-01-01 08:02:55,L04,0.0997,5.71,0.0917,20.517,28.46,70.8,SAFE,normal
2026-01-01 08:03:00,L04,0.1575,6.95,0.0786,20.528,28.98,69.4,SAFE,normal
2026-01-01 08:03:05,L04,0.1262,4.42,0.0809,20.477,28.92,70.07,SAFE,normal
2026-01-01 08:03:10,L04,0.1573,4.06,0.0833,20.517,28.76,71.58,SAFE,normal
2026-01-01 08:03:15,L04,0.1561,6.27,0.0883,20.489,28.77,69.34,SAFE,normal
2026-01-01 08:03:20,L04,0.124,5.77,0.0886,20.513,29.03,69.31,SAFE,normal
2026-01-01 08:03:25,L04,0.1566,4.77,0.0805,20.47,29.22,70.82,SAFE,normal
2026-01-01 08:03:30,L04,0.1334,7.18,0.0809,20.482,29.11,71.59,SAFE,normal
2026-01-01 08:03:35,L04,0.1173,4.82,0.091,20.464,29.33,69.48,SAFE,normal
2026-01-01 08:03:40,L04,0.141,5.23,0.0924,20.456,28.91,71.14,SAFE,normal
2026-01-01 08:03:45,L04,0.1554,5.25,0.0844,20.461,28.97,71.34,SAFE,normal
2026-01-01 08:03:50,L04,0.1446,3.86,0.0756,20.464,28.96,69.3,SAFE,normal
2026-01-01 08:03:55,L04,0.149,5.42,0.0874,20.405,29.25,71.65,SAFE,normal
2026-01-01 08:04:00,L04,0.1729,7.44,0.0949,20.479,29.25,71.78,SAFE,normal
2026-01-01 08:04:05,L04,0.1594,6.06,0.1051,20.375,29.25,70.9,SAFE,normal
2026-01-01 08:04:10,L04,0.1472,5.48,0.0819,20.405,29.43,72.22,SAFE,normal
2026-01-01 08:04:15,L04,0.1725,5.23,0.0889,20.417,29.54,72.19,SAFE,normal
2026-01-01 08:04:20,L04,0.167,6.01,0.09,20.426,29.17,71.43,SAFE,normal
2026-01-01 08:04:25,L04,0.1283,6.68,0.1047,20.455,29.35,71.06,SAFE,normal
2026-01-01 08:04:30,L04,0.1747,6.51,0.0944,20.347,29.61,70.71,SAFE,normal
2026-01-01 08:04:35,L04,0.1762,5.14,0.0882,20.381,29.46,71.52,SAFE,normal
2026-01-01 08:04:40,L04,0.1727,6.17,0.1007,20.327,29.45,72.08,SAFE,normal
2026-01-01 08:04:45,L04,0.1879,6.45,0.0938,20.386,29.77,71.43,SAFE,normal
2026-01-01 08:04:50,L04,0.1665,4.26,0.0881,20.388,29.47,70.0,SAFE,normal
2026-01-01 08:04:55,L04,0.1837,6.06,0.0915,20.422,29.66,72.84,SAFE,normal
2026-01-01 08:05:00,L04,0.1573,2.61,0.1133,20.372,29.8,72.04,SAFE,normal
2026-01-01 08:05:05,L04,0.189,6.62,0.1033,20.394,29.7,71.65,SAFE,normal
2026-01-01 08:05:10,L04,0.1707,6.11,0.0592,20.686,27.39,67.37,SAFE,methane_buildup
2026-01-01 08:05:15,L04,0.1529,5.83,0.0577,20.577,27.42,67.92,SAFE,methane_buildup
2026-01-01 08:05:20,L04,0.2009,5.4,0.0567,20.624,27.51,68.73,SAFE,methane_buildup
2026-01-01 08:05:25,L04,0.1909,4.07,0.0712,20.551,27.53,68.69,SAFE,methane_buildup
2026-01-01 08:05:30,L04,0.2211,7.78,0.0756,20.586,27.62,67.76,SAFE,methane_buildup
2026-01-01 08:05:35,L04,0.223,5.29,0.0776,20.601,27.56,67.72,SAFE,methane_buildup
2026-01-01 08:05:40,L04,0.2485,5.44,0.0727,20.501,27.66,68.99,SAFE,methane_buildup
2026-01-01 08:05:45,L04,0.2742,8.25,0.0658,20.548,27.52,67.96,SAFE,methane_buildup
2026-01-01 08:05:50,L04,0.2574,4.09,0.0709,20.528,27.7,68.66,SAFE,methane_buildup
2026-01-01 08:05:55,L04,0.2807,4.78,0.0869,20.515,28.0,68.78,SAFE,methane_buildup
2026-01-01 08:06:00,L04,0.3087,7.19,0.0751,20.539,27.89,69.0,SAFE,methane_buildup
2026-01-01 08:06:05,L04,0.357,7.82,0.0815,20.552,27.88,69.51,SAFE,methane_buildup
2026-01-01 08:06:10,L04,0.3231,8.26,0.073,20.505,28.22,67.89,SAFE,methane_buildup
2026-01-01 08:06:15,L04,0.3817,7.23,0.0857,20.506,27.78,67.44,SAFE,methane_buildup
2026-01-01 08:06:20,L04,0.3962,11.63,0.0806,20.495,27.86,68.59,SAFE,methane_buildup
2026-01-01 08:06:25,L04,0.3797,7.65,0.094,20.482,28.33,70.55,SAFE,methane_buildup
2026-01-01 08:06:30,L04,0.3918,7.8,0.0931,20.441,28.13,70.8,SAFE,methane_buildup
2026-01-01 08:06:35,L04,0.4009,7.1,0.0843,20.498,28.13,70.72,SAFE,methane_buildup
2026-01-01 08:06:40,L04,0.4253,8.64,0.0886,20.464,28.03,69.18,SAFE,methane_buildup
2026-01-01 08:06:45,L04,0.4203,9.53,0.0865,20.458,28.33,67.98,SAFE,methane_buildup
2026-01-01 08:06:50,L04,0.4553,10.57,0.0809,20.413,28.39,67.6,SAFE,methane_buildup
2026-01-01 08:06:55,L04,0.494,6.68,0.0867,20.415,28.19,69.05,SAFE,methane_buildup
2026-01-01 08:07:00,L04,0.4774,8.7,0.0965,20.414,28.38,69.46,SAFE,methane_buildup
2026-01-01 08:07:05,L04,0.498,9.89,0.0988,20.365,28.4,70.73,SAFE,methane_buildup
2026-01-01 08:07:10,L04,0.4911,10.26,0.0988,20.351,28.53,70.46,SAFE,methane_buildup
2026-01-01 08:07:15,L04,0.5373,9.54,0.0965,20.375,28.37,70.02,SAFE,methane_buildup
2026-01-01 08:07:20,L04,0.5507,10.5,0.1077,20.399,28.78,69.19,WARNING,methane_buildup
2026-01-01 08:07:25,L04,0.5628,8.62,0.1021,20.355,28.77,69.21,SAFE,methane_buildup
2026-01-01 08:07:30,L04,0.5736,12.33,0.1085,20.335,28.63,70.25,WARNING,methane_buildup
2026-01-01 08:07:35,L04,0.5875,11.63,0.09,20.332,28.7,70.68,WARNING,methane_buildup
2026-01-01 08:07:40,L04,0.6145,8.28,0.0742,20.334,28.75,70.51,SAFE,methane_buildup
2026-01-01 08:07:45,L04,0.6216,8.84,0.1091,20.328,28.7,69.44,SAFE,methane_buildup
2026-01-01 08:07:50,L04,0.6418,9.04,0.0968,20.395,28.8,70.86,SAFE,methane_buildup
2026-01-01 08:07:55,L04,0.6554,11.78,0.1078,20.353,28.87,70.75,WARNING,methane_buildup
2026-01-01 08:08:00,L04,0.684,8.99,0.1084,20.343,29.2,69.62,SAFE,methane_buildup
2026-01-01 08:08:05,L04,0.6924,10.57,0.1249,20.338,29.15,69.93,WARNING,methane_buildup
2026-01-01 08:08:10,L04,0.7002,11.9,0.1167,20.264,29.2,71.18,WARNING,methane_buildup
2026-01-01 08:08:15,L04,0.7351,11.28,0.1162,20.248,29.16,70.51,WARNING,methane_buildup
2026-01-01 08:08:20,L04,0.7337,11.92,0.1228,20.243,28.98,72.04,WARNING,methane_buildup
2026-01-01 08:08:25,L04,0.762,10.08,0.1204,20.307,29.19,71.24,WARNING,methane_buildup
2026-01-01 08:08:30,L04,0.7666,12.73,0.1151,20.242,29.39,70.52,WARNING,methane_buildup
2026-01-01 08:08:35,L04,0.7449,11.07,0.1287,20.212,29.1,70.98,WARNING,methane_buildup
2026-01-01 08:08:40,L04,0.8072,11.66,0.1126,20.227,29.43,71.11,WARNING,methane_buildup
2026-01-01 08:08:45,L04,0.8047,12.65,0.1254,20.224,29.73,70.55,WARNING,methane_buildup
2026-01-01 08:08:50,L04,0.8169,12.61,0.1117,20.23,29.59,70.47,WARNING,methane_buildup
2026-01-01 08:08:55,L04,0.837,12.64,0.1271,20.221,29.69,71.83,WARNING,methane_buildup
2026-01-01 08:09:00,L04,0.8426,11.63,0.1283,20.179,29.55,72.02,WARNING,methane_buildup
2026-01-01 08:09:05,L04,0.8663,12.46,0.1415,20.216,29.71,71.9,WARNING,methane_buildup
2026-01-01 08:09:10,L04,0.869,13.07,0.1169,20.167,29.51,72.7,WARNING,methane_buildup
2026-01-01 08:09:15,L04,0.9121,11.16,0.1259,20.173,29.78,71.13,WARNING,methane_buildup
2026-01-01 08:09:20,L04,0.9063,12.68,0.1387,20.189,29.81,72.97,WARNING,methane_buildup
2026-01-01 08:09:25,L04,0.9173,14.11,0.1361,20.14,29.8,70.98,WARNING,methane_buildup
2026-01-01 08:09:30,L04,0.9242,11.77,0.1362,20.133,30.0,70.97,WARNING,methane_buildup
2026-01-01 08:09:35,L04,0.9572,15.57,0.1284,20.159,29.77,70.44,WARNING,methane_buildup
2026-01-01 08:09:40,L04,0.971,15.89,0.1327,20.107,29.87,71.56,WARNING,methane_buildup
2026-01-01 08:09:45,L04,0.9891,12.28,0.1487,20.112,29.96,71.59,WARNING,methane_buildup
2026-01-01 08:09:50,L04,0.9829,16.33,0.1396,20.131,29.83,72.49,WARNING,methane_buildup
2026-01-01 08:09:55,L04,0.9893,14.23,0.1444,20.167,30.07,72.33,WARNING,methane_buildup
2026-01-01 08:10:00,L04,1.0378,15.23,0.1418,20.115,29.82,71.25,WARNING,methane_buildup
2026-01-01 08:10:05,L04,1.0657,14.01,0.1346,20.102,30.29,71.97,WARNING,methane_buildup
2026-01-01 08:10:10,L04,1.0431,16.3,0.1528,20.095,30.18,72.06,WARNING,methane_buildup
2026-01-01 08:10:15,L04,1.0974,15.67,0.1507,20.038,30.14,71.0,WARNING,methane_buildup
2026-01-01 08:10:20,L04,0.101,3.61,0.0871,20.385,26.96,75.2,SAFE,co_buildup
2026-01-01 08:10:25,L04,0.1074,4.59,0.0712,20.487,27.31,75.91,SAFE,co_buildup
2026-01-01 08:10:30,L04,0.0916,6.39,0.0843,20.357,27.39,75.43,SAFE,co_buildup
2026-01-01 08:10:35,L04,0.1013,8.57,0.088,20.359,27.33,74.95,SAFE,co_buildup
2026-01-01 08:10:40,L04,0.101,4.68,0.0953,20.395,27.3,74.93,SAFE,co_buildup
2026-01-01 08:10:45,L04,0.1157,7.48,0.0722,20.447,27.59,76.04,SAFE,co_buildup
2026-01-01 08:10:50,L04,0.1361,7.98,0.0978,20.354,27.58,74.89,SAFE,co_buildup
2026-01-01 08:10:55,L04,0.1107,9.87,0.0898,20.367,27.45,76.16,SAFE,co_buildup
2026-01-01 08:11:00,L04,0.1413,10.38,0.1041,20.404,27.63,76.42,SAFE,co_buildup
2026-01-01 08:11:05,L04,0.1187,10.36,0.0957,20.367,27.47,74.12,SAFE,co_buildup
2026-01-01 08:11:10,L04,0.1218,11.06,0.0996,20.353,27.84,76.38,SAFE,co_buildup
2026-01-01 08:11:15,L04,0.1509,10.87,0.1068,20.376,27.75,77.13,SAFE,co_buildup
2026-01-01 08:11:20,L04,0.1565,14.86,0.1031,20.363,27.78,75.7,SAFE,co_buildup
2026-01-01 08:11:25,L04,0.1596,14.9,0.1102,20.382,27.9,75.99,SAFE,co_buildup
2026-01-01 08:11:30,L04,0.1311,16.42,0.1069,20.386,27.97,76.36,SAFE,co_buildup
2026-01-01 08:11:35,L04,0.148,15.41,0.1043,20.352,28.16,75.32,SAFE,co_buildup
2026-01-01 08:11:40,L04,0.1714,15.72,0.1296,20.347,28.17,75.71,SAFE,co_buildup
2026-01-01 08:11:45,L04,0.1638,15.92,0.1136,20.341,28.11,74.52,SAFE,co_buildup
2026-01-01 08:11:50,L04,0.1511,18.91,0.125,20.345,28.31,75.7,SAFE,co_buildup
2026-01-01 08:11:55,L04,0.1782,17.64,0.135,20.328,28.31,76.0,SAFE,co_buildup
2026-01-01 08:12:00,L04,0.1647,22.81,0.1265,20.322,28.25,76.03,SAFE,co_buildup
2026-01-01 08:12:05,L04,0.2064,18.9,0.1273,20.354,28.35,76.49,SAFE,co_buildup
2026-01-01 08:12:10,L04,0.2068,22.11,0.1382,20.36,28.4,75.03,SAFE,co_buildup
2026-01-01 08:12:15,L04,0.1968,24.88,0.1479,20.265,28.56,75.24,SAFE,co_buildup
2026-01-01 08:12:20,L04,0.2122,24.26,0.1321,20.306,28.49,77.2,SAFE,co_buildup
2026-01-01 08:12:25,L04,0.1969,24.46,0.1427,20.281,28.54,75.58,SAFE,co_buildup
2026-01-01 08:12:30,L04,0.2115,23.57,0.1326,20.289,28.95,75.87,SAFE,co_buildup
2026-01-01 08:12:35,L04,0.2262,23.78,0.1458,20.306,28.86,75.67,SAFE,co_buildup
2026-01-01 08:12:40,L04,0.2118,27.84,0.1517,20.31,28.66,75.08,WARNING,co_buildup
2026-01-01 08:12:45,L04,0.2084,29.78,0.1471,20.282,28.92,77.05,WARNING,co_buildup
2026-01-01 08:12:50,L04,0.1908,27.69,0.1527,20.224,28.9,75.35,WARNING,co_buildup
2026-01-01 08:12:55,L04,0.2192,27.47,0.1476,20.248,29.0,74.88,WARNING,co_buildup
2026-01-01 08:13:00,L04,0.2369,26.33,0.162,20.3,29.02,75.44,WARNING,co_buildup
2026-01-01 08:13:05,L04,0.2428,29.37,0.1723,20.187,29.24,74.22,WARNING,co_buildup
2026-01-01 08:13:10,L04,0.2403,31.51,0.1576,20.301,29.17,75.31,WARNING,co_buildup
2026-01-01 08:13:15,L04,0.2287,34.91,0.1639,20.277,29.17,75.07,WARNING,co_buildup
2026-01-01 08:13:20,L04,0.2112,34.35,0.1754,20.297,29.39,76.36,WARNING,co_buildup
2026-01-01 08:13:25,L04,0.2376,34.63,0.1836,20.247,29.33,75.34,WARNING,co_buildup
2026-01-01 08:13:30,L04,0.2445,34.4,0.1644,20.187,29.37,76.6,WARNING,co_buildup
2026-01-01 08:13:35,L04,0.2485,34.96,0.1775,20.258,29.45,77.03,WARNING,co_buildup
2026-01-01 08:13:40,L04,0.2665,38.78,0.1836,20.279,29.45,76.55,WARNING,co_buildup
2026-01-01 08:13:45,L04,0.2911,37.8,0.183,20.264,29.52,75.76,WARNING,co_buildup
2026-01-01 08:13:50,L04,0.2673,35.18,0.1665,20.213,29.49,76.06,WARNING,co_buildup
2026-01-01 08:13:55,L04,0.2663,38.15,0.1929,20.231,29.52,74.75,WARNING,co_buildup
2026-01-01 08:14:00,L04,0.2697,38.71,0.2035,20.208,29.54,75.88,WARNING,co_buildup
2026-01-01 08:14:05,L04,0.2796,40.01,0.1948,20.196,29.54,75.31,WARNING,co_buildup
2026-01-01 08:14:10,L04,0.2694,42.5,0.1881,20.245,29.68,76.57,WARNING,co_buildup
2026-01-01 08:14:15,L04,0.2877,42.33,0.1947,20.176,29.84,78.09,WARNING,co_buildup
2026-01-01 08:14:20,L04,0.2968,43.21,0.2155,20.181,29.94,76.44,WARNING,co_buildup
2026-01-01 08:14:25,L04,0.2972,46.12,0.2111,20.171,29.94,74.46,WARNING,co_buildup
2026-01-01 08:14:30,L04,0.305,43.94,0.2114,20.155,29.69,75.78,WARNING,co_buildup
2026-01-01 08:14:35,L04,0.3088,48.61,0.2117,20.2,30.33,76.19,WARNING,co_buildup
2026-01-01 08:14:40,L04,0.2798,45.64,0.206,20.227,30.32,76.17,WARNING,co_buildup
2026-01-01 08:14:45,L04,0.32,47.61,0.2122,20.182,30.28,75.53,WARNING,co_buildup
2026-01-01 08:14:50,L04,0.3045,47.89,0.2157,20.138,30.56,76.33,WARNING,co_buildup
2026-01-01 08:14:55,L04,0.3022,49.33,0.2232,20.205,30.18,75.15,WARNING,co_buildup
2026-01-01 08:15:00,L04,0.3062,50.64,0.2334,20.226,30.67,75.41,WARNING,co_buildup
2026-01-01 08:15:05,L04,0.3333,51.46,0.2327,20.152,30.3,76.69,WARNING,co_buildup
2026-01-01 08:15:10,L04,0.3276,50.51,0.2149,20.153,30.54,75.38,WARNING,co_buildup
2026-01-01 08:15:15,L04,0.3098,50.78,0.2306,20.179,30.37,76.64,WARNING,co_buildup
2026-01-01 08:15:20,L04,0.3463,57.05,0.2372,20.208,30.62,75.13,WARNING,co_buildup
2026-01-01 08:15:25,L04,0.3216,53.41,0.2387,20.139,30.73,77.65,WARNING,co_buildup
2026-01-01 08:15:30,L04,0.1502,5.7,0.1056,20.389,28.61,64.6,SAFE,low_oxygen
2026-01-01 08:15:35,L04,0.1654,7.57,0.1,20.386,28.74,65.51,SAFE,low_oxygen
2026-01-01 08:15:40,L04,0.18,10.65,0.1145,20.335,28.72,65.21,SAFE,low_oxygen
2026-01-01 08:15:45,L04,0.1862,7.36,0.1161,20.295,28.5,66.64,SAFE,low_oxygen
2026-01-01 08:15:50,L04,0.1805,8.0,0.115,20.334,28.74,68.15,SAFE,low_oxygen
2026-01-01 08:15:55,L04,0.1896,7.79,0.1126,20.187,28.44,67.1,SAFE,low_oxygen
2026-01-01 08:16:00,L04,0.2357,8.59,0.1155,20.235,28.68,67.43,SAFE,low_oxygen
2026-01-01 08:16:05,L04,0.2235,7.98,0.1247,20.182,28.82,68.86,SAFE,low_oxygen
2026-01-01 08:16:10,L04,0.2042,9.71,0.1187,20.113,28.73,69.35,SAFE,low_oxygen
2026-01-01 08:16:15,L04,0.2282,9.4,0.1101,20.142,28.56,68.75,SAFE,low_oxygen
2026-01-01 08:16:20,L04,0.2304,10.39,0.1323,20.004,28.5,69.7,SAFE,low_oxygen
2026-01-01 08:16:25,L04,0.2422,7.78,0.1226,20.009,28.32,68.62,SAFE,low_oxygen
2026-01-01 08:16:30,L04,0.2345,8.97,0.1273,19.954,28.59,70.91,SAFE,low_oxygen
2026-01-01 08:16:35,L04,0.2555,9.27,0.1382,19.969,28.38,71.85,SAFE,low_oxygen
2026-01-01 08:16:40,L04,0.2976,10.41,0.1408,19.889,28.43,70.88,WARNING,low_oxygen
2026-01-01 08:16:45,L04,0.2879,8.67,0.1335,19.901,28.37,69.12,SAFE,low_oxygen
2026-01-01 08:16:50,L04,0.2505,11.35,0.1494,19.848,28.48,70.67,WARNING,low_oxygen
2026-01-01 08:16:55,L04,0.3149,11.89,0.1591,19.805,28.54,71.94,WARNING,low_oxygen
2026-01-01 08:17:00,L04,0.3217,8.75,0.1456,19.796,28.59,71.44,SAFE,low_oxygen
2026-01-01 08:17:05,L04,0.3087,9.62,0.1681,19.742,28.46,73.12,WARNING,low_oxygen
2026-01-01 08:17:10,L04,0.3336,9.69,0.1487,19.684,28.71,72.9,SAFE,low_oxygen
2026-01-01 08:17:15,L04,0.3187,14.56,0.1814,19.766,28.52,72.2,WARNING,low_oxygen
2026-01-01 08:17:20,L04,0.3333,10.09,0.1644,19.633,28.43,73.12,WARNING,low_oxygen
2026-01-01 08:17:25,L04,0.3716,13.38,0.1722,19.547,28.58,72.7,WARNING,low_oxygen
2026-01-01 08:17:30,L04,0.3538,9.09,0.1591,19.554,28.84,73.6,WARNING,low_oxygen
2026-01-01 08:17:35,L04,0.3385,9.63,0.1771,19.507,28.6,73.63,WARNING,low_oxygen
2026-01-01 08:17:40,L04,0.3744,10.21,0.1827,19.535,28.5,75.34,WARNING,low_oxygen
2026-01-01 08:17:45,L04,0.3829,10.1,0.1834,19.486,28.32,76.43,WARNING,low_oxygen
2026-01-01 08:17:50,L04,0.4108,11.09,0.1829,19.454,28.52,73.92,WARNING,low_oxygen
2026-01-01 08:17:55,L04,0.4017,10.55,0.1831,19.396,28.59,73.85,WARNING,low_oxygen
2026-01-01 08:18:00,L04,0.404,10.51,0.203,19.365,28.49,75.52,WARNING,low_oxygen
2026-01-01 08:18:05,L04,0.4347,13.6,0.1975,19.328,28.3,74.83,WARNING,low_oxygen
2026-01-01 08:18:10,L04,0.4296,13.83,0.2128,19.302,28.42,76.41,WARNING,low_oxygen
2026-01-01 08:18:15,L04,0.4252,13.54,0.1996,19.295,28.77,77.3,WARNING,low_oxygen
2026-01-01 08:18:20,L04,0.4626,13.03,0.2036,19.246,28.77,78.23,WARNING,low_oxygen
2026-01-01 08:18:25,L04,0.4569,12.51,0.2168,19.217,28.42,77.52,WARNING,low_oxygen
2026-01-01 08:18:30,L04,0.4628,11.75,0.2006,19.182,28.65,77.53,WARNING,low_oxygen
2026-01-01 08:18:35,L04,0.4741,11.19,0.2072,19.16,28.38,76.44,WARNING,low_oxygen
2026-01-01 08:18:40,L04,0.4641,13.29,0.2289,19.107,28.76,78.37,WARNING,low_oxygen
2026-01-01 08:18:45,L04,0.481,11.11,0.2141,19.075,28.59,78.73,WARNING,low_oxygen
2026-01-01 08:18:50,L04,0.4977,11.51,0.2122,19.066,28.7,79.51,WARNING,low_oxygen
2026-01-01 08:18:55,L04,0.5035,14.85,0.2449,18.976,28.3,78.76,DANGER,low_oxygen
2026-01-01 08:19:00,L04,0.5342,16.1,0.2221,18.936,28.66,79.31,DANGER,low_oxygen
2026-01-01 08:19:05,L04,0.5272,13.96,0.238,18.892,28.55,78.81,DANGER,low_oxygen
2026-01-01 08:19:10,L04,0.5455,15.16,0.2404,18.899,28.68,78.48,DANGER,low_oxygen
2026-01-01 08:19:15,L04,0.5415,13.26,0.2206,18.803,28.69,79.76,DANGER,low_oxygen
2026-01-01 08:19:20,L04,0.566,11.74,0.2442,18.838,28.57,79.72,DANGER,low_oxygen
2026-01-01 08:19:25,L04,0.5648,14.8,0.2532,18.787,28.47,81.57,DANGER,low_oxygen
2026-01-01 08:19:30,L04,0.5678,14.86,0.2557,18.79,28.67,81.22,DANGER,low_oxygen
2026-01-01 08:19:35,L04,0.5761,14.24,0.2634,18.701,28.55,81.53,DANGER,low_oxygen
2026-01-01 08:19:40,L04,0.5708,13.89,0.2564,18.681,28.43,81.5,DANGER,low_oxygen
2026-01-01 08:19:45,L04,0.6014,15.82,0.2684,18.687,28.42,80.03,DANGER,low_oxygen
2026-01-01 08:19:50,L04,0.602,13.03,0.2605,18.66,28.34,84.15,DANGER,low_oxygen
2026-01-01 08:19:55,L04,0.6038,13.47,0.258,18.564,28.48,82.47,DANGER,low_oxygen
2026-01-01 08:20:00,L04,0.6366,13.24,0.2622,18.556,28.72,83.27,DANGER,low_oxygen
2026-01-01 08:20:05,L04,0.61,15.01,0.2642,18.525,28.59,82.77,DANGER,low_oxygen
2026-01-01 08:20:10,L04,0.6312,13.38,0.2872,18.493,28.48,85.04,DANGER,low_oxygen
2026-01-01 08:20:15,L04,0.6617,14.11,0.2703,18.439,28.68,84.7,DANGER,low_oxygen
2026-01-01 08:20:20,L04,0.6597,14.2,0.2879,18.451,28.44,84.25,DANGER,low_oxygen
2026-01-01 08:20:25,L04,0.663,14.99,0.2868,18.322,28.58,84.93,DANGER,low_oxygen
2026-01-01 08:20:30,L04,0.6762,13.28,0.2914,18.332,28.53,86.92,DANGER,low_oxygen
2026-01-01 08:20:35,L04,0.6839,15.77,0.3064,18.323,28.68,85.84,DANGER,low_oxygen
2026-01-01 08:20:40,L04,0.0643,4.54,0.0244,20.437,27.09,68.64,SAFE,co2_buildup
2026-01-01 08:20:45,L04,0.0724,7.33,0.0321,20.391,26.94,69.35,SAFE,co2_buildup
2026-01-01 08:20:50,L04,0.0881,3.51,0.0407,20.414,26.95,70.28,SAFE,co2_buildup
2026-01-01 08:20:55,L04,0.0761,5.13,0.0531,20.407,26.95,69.53,SAFE,co2_buildup
2026-01-01 08:21:00,L04,0.1114,3.09,0.0647,20.337,27.09,68.76,SAFE,co2_buildup
2026-01-01 08:21:05,L04,0.1116,6.23,0.0731,20.365,27.13,68.13,SAFE,co2_buildup
2026-01-01 08:21:10,L04,0.1081,4.22,0.0644,20.303,27.21,68.65,SAFE,co2_buildup
2026-01-01 08:21:15,L04,0.1446,5.7,0.071,20.377,27.21,69.71,SAFE,co2_buildup
2026-01-01 08:21:20,L04,0.1517,5.79,0.0949,20.274,27.25,69.23,SAFE,co2_buildup
2026-01-01 08:21:25,L04,0.15,6.99,0.0962,20.311,27.19,70.03,SAFE,co2_buildup
2026-01-01 08:21:30,L04,0.0985,5.96,0.0983,20.29,27.49,69.54,SAFE,co2_buildup
2026-01-01 08:21:35,L04,0.1752,6.12,0.1081,20.259,27.4,69.24,SAFE,co2_buildup
2026-01-01 08:21:40,L04,0.1712,9.39,0.1107,20.214,27.41,69.26,SAFE,co2_buildup
2026-01-01 08:21:45,L04,0.1971,7.89,0.1217,20.215,27.36,71.56,SAFE,co2_buildup
2026-01-01 08:21:50,L04,0.1933,6.85,0.1215,20.139,27.32,71.13,SAFE,co2_buildup
2026-01-01 08:21:55,L04,0.2061,7.54,0.133,20.195,27.76,71.92,SAFE,co2_buildup
2026-01-01 08:22:00,L04,0.2033,10.61,0.1254,20.184,27.69,71.07,SAFE,co2_buildup
2026-01-01 08:22:05,L04,0.2181,8.01,0.1386,20.162,27.4,70.41,SAFE,co2_buildup
2026-01-01 08:22:10,L04,0.2355,7.55,0.1453,20.054,27.8,71.92,SAFE,co2_buildup
2026-01-01 08:22:15,L04,0.2166,7.78,0.1544,20.09,27.87,70.95,SAFE,co2_buildup
2026-01-01 08:22:20,L04,0.1975,8.21,0.1566,20.09,27.79,71.26,SAFE,co2_buildup
2026-01-01 08:22:25,L04,0.2242,8.37,0.1664,20.106,28.05,71.16,SAFE,co2_buildup
2026-01-01 08:22:30,L04,0.2424,7.57,0.1652,20.091,27.89,68.95,SAFE,co2_buildup
2026-01-01 08:22:35,L04,0.2454,8.02,0.1883,20.062,27.68,72.7,SAFE,co2_buildup
2026-01-01 08:22:40,L04,0.2333,8.69,0.1899,20.071,27.99,71.92,SAFE,co2_buildup
2026-01-01 08:22:45,L04,0.2353,11.05,0.1836,20.006,28.02,71.9,WARNING,co2_buildup
2026-01-01 08:22:50,L04,0.2564,9.81,0.1972,20.04,27.93,71.7,SAFE,co2_buildup
2026-01-01 08:22:55,L04,0.2873,10.3,0.2132,20.021,28.15,71.99,WARNING,co2_buildup
2026-01-01 08:23:00,L04,0.3066,12.74,0.2128,20.002,27.85,71.49,WARNING,co2_buildup
2026-01-01 08:23:05,L04,0.3044,13.0,0.2182,19.97,28.29,72.57,WARNING,co2_buildup
2026-01-01 08:23:10,L04,0.3143,10.86,0.2298,20.016,28.06,71.14,WARNING,co2_buildup
2026-01-01 08:23:15,L04,0.3049,10.56,0.2398,19.96,28.08,72.45,WARNING,co2_buildup
2026-01-01 08:23:20,L04,0.2877,10.43,0.2322,19.901,28.25,72.86,WARNING,co2_buildup
2026-01-01 08:23:25,L04,0.3148,12.99,0.2547,19.923,28.38,72.36,WARNING,co2_buildup
2026-01-01 08:23:30,L04,0.3254,11.87,0.2505,19.923,28.38,72.92,WARNING,co2_buildup
2026-01-01 08:23:35,L04,0.3296,11.82,0.2634,19.867,28.29,71.94,WARNING,co2_buildup
2026-01-01 08:23:40,L04,0.3456,11.41,0.2699,19.902,28.36,72.08,WARNING,co2_buildup
2026-01-01 08:23:45,L04,0.3591,11.7,0.2726,19.866,28.31,73.15,WARNING,co2_buildup
2026-01-01 08:23:50,L04,0.373,13.56,0.2753,19.769,28.49,73.61,WARNING,co2_buildup
2026-01-01 08:23:55,L04,0.3638,11.33,0.2879,19.833,28.73,71.68,WARNING,co2_buildup
2026-01-01 08:24:00,L04,0.3471,15.02,0.3098,19.797,28.61,73.71,WARNING,co2_buildup
2026-01-01 08:24:05,L04,0.3762,12.95,0.2925,19.81,28.78,72.97,WARNING,co2_buildup
2026-01-01 08:24:10,L04,0.3918,13.75,0.3236,19.807,28.91,73.36,WARNING,co2_buildup
2026-01-01 08:24:15,L04,0.4172,12.19,0.3146,19.769,28.64,72.55,WARNING,co2_buildup
2026-01-01 08:24:20,L04,0.3981,14.4,0.3236,19.798,28.75,73.05,WARNING,co2_buildup
2026-01-01 08:24:25,L04,0.422,14.15,0.3213,19.727,29.14,74.61,WARNING,co2_buildup
2026-01-01 08:24:30,L04,0.4264,14.8,0.3304,19.736,29.07,73.98,WARNING,co2_buildup
2026-01-01 08:24:35,L04,0.4305,17.3,0.3392,19.726,28.65,73.76,WARNING,co2_buildup
2026-01-01 08:24:40,L04,0.4515,15.59,0.3415,19.684,29.0,74.08,WARNING,co2_buildup
2026-01-01 08:24:45,L04,0.4354,14.35,0.3548,19.695,28.98,74.67,WARNING,co2_buildup
2026-01-01 08:24:50,L04,0.4444,14.7,0.3599,19.639,29.15,74.75,WARNING,co2_buildup
2026-01-01 08:24:55,L04,0.4606,16.89,0.3846,19.629,28.96,74.44,WARNING,co2_buildup
2026-01-01 08:25:00,L04,0.4589,18.17,0.3671,19.587,28.98,75.49,WARNING,co2_buildup
2026-01-01 08:25:05,L04,0.4838,16.86,0.3839,19.618,29.05,75.5,WARNING,co2_buildup
2026-01-01 08:25:10,L04,0.4732,17.7,0.3917,19.606,29.11,75.16,WARNING,co2_buildup
2026-01-01 08:25:15,L04,0.4951,17.8,0.3878,19.616,29.36,74.99,WARNING,co2_buildup
2026-01-01 08:25:20,L04,0.4979,19.24,0.4085,19.589,29.1,75.58,WARNING,co2_buildup
2026-01-01 08:25:25,L04,0.5103,14.41,0.4064,19.542,29.23,75.42,DANGER,co2_buildup
2026-01-01 08:25:30,L04,0.508,18.56,0.3963,19.5,29.09,76.12,DANGER,co2_buildup
2026-01-01 08:25:35,L04,0.5175,19.26,0.4282,19.533,29.55,76.11,DANGER,co2_buildup
2026-01-01 08:25:40,L04,0.5318,16.0,0.4206,19.538,29.64,74.68,DANGER,co2_buildup
2026-01-01 08:25:45,L04,0.5411,16.91,0.4278,19.512,29.44,74.74,DANGER,co2_buildup
2026-01-01 08:25:50,L04,0.1594,5.14,0.069,20.538,28.4,67.21,SAFE,ventilation_failure
2026-01-01 08:25:55,L04,0.1802,2.3,0.0633,20.528,28.43,65.39,SAFE,ventilation_failure
2026-01-01 08:26:00,L04,0.181,4.17,0.0816,20.48,28.46,66.56,SAFE,ventilation_failure
2026-01-01 08:26:05,L04,0.2361,5.68,0.0949,20.472,28.38,66.64,SAFE,ventilation_failure
2026-01-01 08:26:10,L04,0.2097,8.6,0.0911,20.404,28.27,66.17,SAFE,ventilation_failure
2026-01-01 08:26:15,L04,0.2653,7.18,0.1001,20.389,28.59,67.09,SAFE,ventilation_failure
2026-01-01 08:26:20,L04,0.2784,8.62,0.1073,20.389,28.66,70.17,SAFE,ventilation_failure
2026-01-01 08:26:25,L04,0.2896,7.75,0.1133,20.365,28.27,69.0,SAFE,ventilation_failure
2026-01-01 08:26:30,L04,0.2813,10.06,0.1232,20.345,28.56,70.34,SAFE,ventilation_failure
2026-01-01 08:26:35,L04,0.3123,12.54,0.1091,20.339,28.63,69.77,SAFE,ventilation_failure
2026-01-01 08:26:40,L04,0.3036,12.21,0.1122,20.239,28.8,68.81,SAFE,ventilation_failure
2026-01-01 08:26:45,L04,0.3519,11.29,0.129,20.228,28.71,69.39,SAFE,ventilation_failure
2026-01-01 08:26:50,L04,0.3527,13.12,0.1333,20.24,28.88,70.47,SAFE,ventilation_failure
2026-01-01 08:26:55,L04,0.3632,13.66,0.1387,20.187,28.91,70.64,SAFE,ventilation_failure
2026-01-01 08:27:00,L04,0.3665,14.25,0.1524,20.286,28.97,70.13,WARNING,ventilation_failure
2026-01-01 08:27:05,L04,0.3632,15.85,0.1423,20.176,28.93,69.68,SAFE,ventilation_failure
2026-01-01 08:27:10,L04,0.4003,16.54,0.1504,20.133,29.0,73.81,WARNING,ventilation_failure
2026-01-01 08:27:15,L04,0.4481,15.38,0.144,20.096,28.98,71.37,SAFE,ventilation_failure
2026-01-01 08:27:20,L04,0.4409,17.23,0.1738,20.073,29.25,71.51,WARNING,ventilation_failure
2026-01-01 08:27:25,L04,0.46,16.39,0.1589,20.064,29.33,72.16,WARNING,ventilation_failure
2026-01-01 08:27:30,L04,0.4879,16.27,0.164,20.042,29.18,72.17,WARNING,ventilation_failure
2026-01-01 08:27:35,L04,0.5206,17.94,0.1685,20.001,29.58,72.76,WARNING,ventilation_failure
2026-01-01 08:27:40,L04,0.529,18.93,0.171,19.982,29.35,73.99,WARNING,ventilation_failure
2026-01-01 08:27:45,L04,0.51,17.24,0.1752,20.006,29.68,73.16,WARNING,ventilation_failure
2026-01-01 08:27:50,L04,0.511,21.72,0.1817,19.983,29.41,72.62,WARNING,ventilation_failure
2026-01-01 08:27:55,L04,0.5911,16.97,0.1798,19.925,29.25,73.72,WARNING,ventilation_failure
2026-01-01 08:28:00,L04,0.6052,25.89,0.1893,19.852,29.67,73.78,DANGER,ventilation_failure
2026-01-01 08:28:05,L04,0.5896,24.76,0.216,19.885,29.7,75.58,WARNING,ventilation_failure
2026-01-01 08:28:10,L04,0.5832,22.81,0.2112,19.891,29.72,75.68,WARNING,ventilation_failure
2026-01-01 08:28:15,L04,0.6322,23.91,0.2175,19.861,29.67,75.12,WARNING,ventilation_failure
2026-01-01 08:28:20,L04,0.6317,25.05,0.2244,19.818,29.81,74.31,DANGER,ventilation_failure
2026-01-01 08:28:25,L04,0.6472,24.4,0.2345,19.814,29.79,74.65,WARNING,ventilation_failure
2026-01-01 08:28:30,L04,0.6778,26.27,0.2105,19.748,29.87,75.94,DANGER,ventilation_failure
2026-01-01 08:28:35,L04,0.6849,26.46,0.2197,19.741,30.1,76.49,DANGER,ventilation_failure
2026-01-01 08:28:40,L04,0.6777,27.22,0.228,19.678,30.05,76.22,DANGER,ventilation_failure
2026-01-01 08:28:45,L04,0.7061,28.33,0.2355,19.683,30.16,76.43,DANGER,ventilation_failure
2026-01-01 08:28:50,L04,0.7364,26.78,0.2417,19.69,30.09,76.64,DANGER,ventilation_failure
2026-01-01 08:28:55,L04,0.7497,29.51,0.2454,19.608,30.12,77.39,DANGER,ventilation_failure
2026-01-01 08:29:00,L04,0.7615,30.39,0.2556,19.575,30.05,75.8,DANGER,ventilation_failure
2026-01-01 08:29:05,L04,0.7871,31.03,0.2589,19.58,30.22,77.12,DANGER,ventilation_failure
2026-01-01 08:29:10,L04,0.7832,31.2,0.2577,19.546,29.83,77.8,DANGER,ventilation_failure
2026-01-01 08:29:15,L04,0.8068,33.93,0.251,19.548,30.29,79.56,DANGER,ventilation_failure
2026-01-01 08:29:20,L04,0.769,32.38,0.2653,19.49,30.42,78.24,DANGER,ventilation_failure
2026-01-01 08:29:25,L04,0.8285,33.95,0.2737,19.531,30.57,79.33,DANGER,ventilation_failure
2026-01-01 08:29:30,L04,0.8622,36.25,0.2809,19.417,30.5,79.67,DANGER,ventilation_failure
2026-01-01 08:29:35,L04,0.8604,34.88,0.2787,19.469,30.64,80.82,DANGER,ventilation_failure
2026-01-01 08:29:40,L04,0.8748,36.01,0.2887,19.384,30.31,81.09,DANGER,ventilation_failure
2026-01-01 08:29:45,L04,0.8817,36.24,0.2884,19.328,30.68,80.33,DANGER,ventilation_failure
2026-01-01 08:29:50,L04,0.9279,38.93,0.3013,19.365,30.49,80.29,CRITICAL,ventilation_failure
2026-01-01 08:29:55,L04,0.9366,37.38,0.2986,19.326,30.61,80.44,DANGER,ventilation_failure
2026-01-01 08:30:00,L04,0.9563,40.39,0.3052,19.276,30.82,81.07,CRITICAL,ventilation_failure
2026-01-01 08:30:05,L04,0.9335,39.0,0.3064,19.235,31.09,81.22,CRITICAL,ventilation_failure
2026-01-01 08:30:10,L04,0.9726,38.56,0.3205,19.261,31.0,82.3,CRITICAL,ventilation_failure
2026-01-01 08:30:15,L04,0.9863,41.57,0.3197,19.266,31.0,82.49,CRITICAL,ventilation_failure
2026-01-01 08:30:20,L04,1.0018,40.78,0.3387,19.23,31.05,82.93,CRITICAL,ventilation_failure
2026-01-01 08:30:25,L04,1.0123,42.86,0.3395,19.19,31.0,83.76,CRITICAL,ventilation_failure
2026-01-01 08:30:30,L04,1.0319,38.53,0.3406,19.178,31.07,84.54,CRITICAL,ventilation_failure
2026-01-01 08:30:35,L04,1.0654,43.33,0.3396,19.138,31.27,83.44,CRITICAL,ventilation_failure
2026-01-01 08:30:40,L04,1.0394,43.33,0.3539,19.072,31.05,84.52,CRITICAL,ventilation_failure
2026-01-01 08:30:45,L04,1.1103,43.11,0.3612,19.048,31.4,83.65,CRITICAL,ventilation_failure
2026-01-01 08:30:50,L04,1.1065,44.57,0.3617,19.06,31.3,85.18,CRITICAL,ventilation_failure
2026-01-01 08:30:55,L04,1.1141,45.23,0.3782,19.037,31.54,85.38,CRITICAL,ventilation_failure
2026-01-01 08:31:00,L04,0.112,8.14,0.0568,20.624,27.82,71.75,SAFE,fire_heat
2026-01-01 08:31:05,L04,0.1282,9.76,0.0514,20.573,28.41,70.27,SAFE,fire_heat
2026-01-01 08:31:10,L04,0.1411,8.04,0.0579,20.621,28.58,70.54,SAFE,fire_heat
2026-01-01 08:31:15,L04,0.17,8.36,0.0685,20.548,28.75,71.86,SAFE,fire_heat
2026-01-01 08:31:20,L04,0.1808,10.13,0.0768,20.566,29.06,71.97,SAFE,fire_heat
2026-01-01 08:31:25,L04,0.1939,9.96,0.0668,20.525,28.96,72.41,SAFE,fire_heat
2026-01-01 08:31:30,L04,0.2085,13.08,0.0757,20.519,29.03,73.78,SAFE,fire_heat
2026-01-01 08:31:35,L04,0.1968,11.31,0.0913,20.437,29.42,72.51,SAFE,fire_heat
2026-01-01 08:31:40,L04,0.2043,17.37,0.0652,20.483,29.57,73.05,SAFE,fire_heat
2026-01-01 08:31:45,L04,0.2401,16.63,0.0809,20.435,29.69,71.94,SAFE,fire_heat
2026-01-01 08:31:50,L04,0.2362,15.53,0.1025,20.417,29.99,73.48,SAFE,fire_heat
2026-01-01 08:31:55,L04,0.2336,17.63,0.1038,20.48,30.1,72.59,SAFE,fire_heat
2026-01-01 08:32:00,L04,0.2833,14.69,0.1036,20.407,30.1,73.22,SAFE,fire_heat
2026-01-01 08:32:05,L04,0.3012,21.75,0.1001,20.368,30.5,73.22,SAFE,fire_heat
2026-01-01 08:32:10,L04,0.3151,17.9,0.101,20.373,30.59,74.28,SAFE,fire_heat
2026-01-01 08:32:15,L04,0.3061,19.43,0.1076,20.33,30.98,72.55,SAFE,fire_heat
2026-01-01 08:32:20,L04,0.3242,17.64,0.1291,20.397,31.04,71.92,SAFE,fire_heat
2026-01-01 08:32:25,L04,0.3469,21.98,0.116,20.318,31.49,73.72,SAFE,fire_heat
2026-01-01 08:32:30,L04,0.3283,20.41,0.1261,20.34,31.75,74.41,SAFE,fire_heat
2026-01-01 08:32:35,L04,0.3661,23.04,0.1236,20.35,31.8,74.3,SAFE,fire_heat
2026-01-01 08:32:40,L04,0.3651,22.89,0.1407,20.28,31.66,75.32,SAFE,fire_heat
2026-01-01 08:32:45,L04,0.3862,22.91,0.1339,20.296,32.31,74.83,WARNING,fire_heat
2026-01-01 08:32:50,L04,0.3868,24.14,0.1418,20.234,32.51,74.17,WARNING,fire_heat
2026-01-01 08:32:55,L04,0.415,26.51,0.1334,20.324,32.46,72.91,WARNING,fire_heat
2026-01-01 08:33:00,L04,0.4104,25.06,0.1383,20.264,32.85,74.72,WARNING,fire_heat
2026-01-01 08:33:05,L04,0.3963,26.68,0.1556,20.215,32.75,75.88,WARNING,fire_heat
2026-01-01 08:33:10,L04,0.4519,29.62,0.1492,20.183,32.75,74.89,WARNING,fire_heat
2026-01-01 08:33:15,L04,0.4274,33.35,0.181,20.188,33.1,75.38,WARNING,fire_heat
2026-01-01 08:33:20,L04,0.4719,30.98,0.1519,20.166,33.66,75.84,WARNING,fire_heat
2026-01-01 08:33:25,L04,0.4633,29.71,0.1663,20.22,33.37,74.83,WARNING,fire_heat
2026-01-01 08:33:30,L04,0.4938,31.36,0.1772,20.11,33.78,76.29,WARNING,fire_heat
2026-01-01 08:33:35,L04,0.5047,32.77,0.1785,20.136,33.98,77.25,DANGER,fire_heat
2026-01-01 08:33:40,L04,0.5057,33.02,0.1769,20.117,34.08,75.95,DANGER,fire_heat
2026-01-01 08:33:45,L04,0.5184,35.72,0.1823,20.099,34.28,75.33,DANGER,fire_heat
2026-01-01 08:33:50,L04,0.5286,35.51,0.1864,20.085,34.55,76.32,DANGER,fire_heat
2026-01-01 08:33:55,L04,0.5036,37.37,0.1963,20.07,34.64,74.74,DANGER,fire_heat
2026-01-01 08:34:00,L04,0.5471,36.35,0.2186,20.085,34.7,76.94,DANGER,fire_heat
2026-01-01 08:34:05,L04,0.5401,39.63,0.2079,20.062,35.14,77.18,DANGER,fire_heat
2026-01-01 08:34:10,L04,0.571,38.21,0.221,20.041,35.46,78.3,DANGER,fire_heat
2026-01-01 08:34:15,L04,0.5628,37.83,0.2199,19.923,35.61,76.95,DANGER,fire_heat
2026-01-01 08:34:20,L04,0.5737,43.37,0.2291,20.008,35.55,77.58,DANGER,fire_heat
2026-01-01 08:34:25,L04,0.6271,38.19,0.2021,19.935,35.67,76.71,DANGER,fire_heat
2026-01-01 08:34:30,L04,0.6306,40.64,0.2264,19.989,36.01,77.26,DANGER,fire_heat
2026-01-01 08:34:35,L04,0.626,41.62,0.2436,19.999,36.48,76.47,DANGER,fire_heat
2026-01-01 08:34:40,L04,0.6403,47.15,0.2329,19.912,36.53,77.68,DANGER,fire_heat
2026-01-01 08:34:45,L04,0.6454,46.91,0.2559,19.917,36.72,77.74,DANGER,fire_heat
2026-01-01 08:34:50,L04,0.6692,47.26,0.258,19.893,36.94,78.37,DANGER,fire_heat
2026-01-01 08:34:55,L04,0.662,45.35,0.2466,19.933,37.06,77.78,DANGER,fire_heat
2026-01-01 08:35:00,L04,0.6986,50.3,0.2507,19.884,37.2,78.49,CRITICAL,fire_heat
2026-01-01 08:35:05,L04,0.6914,48.03,0.2509,19.918,37.47,78.3,DANGER,fire_heat
2026-01-01 08:35:10,L04,0.7004,49.77,0.2583,19.864,37.48,78.45,DANGER,fire_heat
2026-01-01 08:35:15,L04,0.7186,49.39,0.2578,19.844,37.54,78.93,DANGER,fire_heat
2026-01-01 08:35:20,L04,0.7209,49.87,0.2754,19.824,38.05,79.04,DANGER,fire_heat
2026-01-01 08:35:25,L04,0.7462,50.38,0.2646,19.832,38.32,79.76,CRITICAL,fire_heat
2026-01-01 08:35:30,L04,0.7448,51.27,0.2854,19.74,38.15,79.2,CRITICAL,fire_heat
2026-01-01 08:35:35,L04,0.7714,53.31,0.2899,19.78,38.63,79.17,CRITICAL,fire_heat
2026-01-01 08:35:40,L04,0.7941,53.77,0.2759,19.761,38.95,79.45,CRITICAL,fire_heat
2026-01-01 08:35:45,L04,0.7766,53.99,0.3059,19.77,38.89,79.17,CRITICAL,fire_heat
2026-01-01 08:35:50,L04,0.797,57.12,0.302,19.727,38.95,79.6,CRITICAL,fire_heat
2026-01-01 08:35:55,L04,0.8174,51.23,0.3082,19.687,39.28,81.66,CRITICAL,fire_heat
2026-01-01 08:36:00,L04,0.8155,57.26,0.3004,19.704,39.37,79.45,CRITICAL,fire_heat
2026-01-01 08:36:05,L04,0.8405,58.4,0.3158,19.656,39.55,80.1,CRITICAL,fire_heat
2026-01-01 08:36:10,L04,0.0949,1.15,0.1004,20.482,27.76,71.3,SAFE,combined_hazard
2026-01-01 08:36:15,L04,0.0735,2.6,0.0852,20.399,27.65,69.14,SAFE,combined_hazard
2026-01-01 08:36:20,L04,0.1042,4.05,0.1037,20.396,27.49,70.86,SAFE,combined_hazard
2026-01-01 08:36:25,L04,0.1276,4.2,0.1076,20.427,27.93,70.04,SAFE,combined_hazard
2026-01-01 08:36:30,L04,0.1462,7.79,0.1149,20.336,27.93,69.78,SAFE,combined_hazard
2026-01-01 08:36:35,L04,0.1365,6.59,0.1294,20.29,28.37,71.03,SAFE,combined_hazard
2026-01-01 08:36:40,L04,0.1681,10.46,0.1436,20.28,28.33,71.77,SAFE,combined_hazard
2026-01-01 08:36:45,L04,0.1733,14.5,0.1395,20.255,28.71,72.28,SAFE,combined_hazard
2026-01-01 08:36:50,L04,0.1814,10.38,0.15,20.185,28.82,73.1,WARNING,combined_hazard
2026-01-01 08:36:55,L04,0.2158,13.16,0.1547,20.18,29.31,74.5,WARNING,combined_hazard
2026-01-01 08:37:00,L04,0.2374,11.03,0.1675,20.121,29.47,72.64,WARNING,combined_hazard
2026-01-01 08:37:05,L04,0.2523,15.58,0.1629,20.119,29.72,72.21,WARNING,combined_hazard
2026-01-01 08:37:10,L04,0.2622,18.22,0.1825,20.069,29.87,73.4,WARNING,combined_hazard
2026-01-01 08:37:15,L04,0.26,19.56,0.1901,20.045,29.88,73.13,WARNING,combined_hazard
2026-01-01 08:37:20,L04,0.2921,19.81,0.1972,19.974,30.38,74.38,WARNING,combined_hazard
2026-01-01 08:37:25,L04,0.2999,22.25,0.1905,19.938,30.8,72.9,WARNING,combined_hazard
2026-01-01 08:37:30,L04,0.3112,25.96,0.2017,19.958,30.78,76.13,WARNING,combined_hazard
2026-01-01 08:37:35,L04,0.3139,25.93,0.2123,19.893,30.86,75.22,WARNING,combined_hazard
2026-01-01 08:37:40,L04,0.3295,23.8,0.2067,19.87,30.92,73.49,WARNING,combined_hazard
2026-01-01 08:37:45,L04,0.352,23.63,0.2377,19.819,31.21,74.57,WARNING,combined_hazard
2026-01-01 08:37:50,L04,0.4014,26.41,0.2321,19.822,31.62,76.08,WARNING,combined_hazard
2026-01-01 08:37:55,L04,0.3832,26.82,0.2417,19.743,31.92,76.67,WARNING,combined_hazard
2026-01-01 08:38:00,L04,0.3834,30.14,0.2421,19.723,32.01,75.01,DANGER,combined_hazard
2026-01-01 08:38:05,L04,0.394,28.91,0.2434,19.717,32.3,76.9,DANGER,combined_hazard
2026-01-01 08:38:10,L04,0.413,31.8,0.2565,19.695,32.49,75.07,DANGER,combined_hazard
2026-01-01 08:38:15,L04,0.467,34.39,0.2704,19.611,32.67,76.85,DANGER,combined_hazard
2026-01-01 08:38:20,L04,0.4422,34.2,0.2813,19.651,32.7,78.11,DANGER,combined_hazard
2026-01-01 08:38:25,L04,0.4757,34.15,0.2845,19.568,33.03,77.08,DANGER,combined_hazard
2026-01-01 08:38:30,L04,0.4704,38.55,0.2932,19.494,33.09,76.62,DANGER,combined_hazard
2026-01-01 08:38:35,L04,0.4938,35.19,0.295,19.503,33.43,78.24,DANGER,combined_hazard
2026-01-01 08:38:40,L04,0.5157,38.74,0.309,19.447,33.68,77.94,CRITICAL,combined_hazard
2026-01-01 08:38:45,L04,0.5091,40.39,0.3242,19.437,34.09,79.22,CRITICAL,combined_hazard
2026-01-01 08:38:50,L04,0.522,41.7,0.3252,19.389,33.85,78.31,CRITICAL,combined_hazard
2026-01-01 08:38:55,L04,0.5704,43.17,0.3334,19.359,34.33,78.7,CRITICAL,combined_hazard
2026-01-01 08:39:00,L04,0.5742,45.03,0.3365,19.296,34.69,78.0,CRITICAL,combined_hazard
2026-01-01 08:39:05,L04,0.5852,45.29,0.3294,19.319,34.79,80.05,CRITICAL,combined_hazard
2026-01-01 08:39:10,L04,0.599,46.01,0.3404,19.221,35.01,80.08,CRITICAL,combined_hazard
2026-01-01 08:39:15,L04,0.608,47.17,0.3597,19.189,35.18,79.56,CRITICAL,combined_hazard
2026-01-01 08:39:20,L04,0.6453,48.09,0.3632,19.2,35.5,80.97,CRITICAL,combined_hazard
2026-01-01 08:39:25,L04,0.6296,51.41,0.3741,19.203,35.35,81.93,CRITICAL,combined_hazard
2026-01-01 08:39:30,L04,0.6515,50.48,0.3913,19.111,35.51,81.24,CRITICAL,combined_hazard
2026-01-01 08:39:35,L04,0.635,53.94,0.391,19.109,35.93,81.92,CRITICAL,combined_hazard
2026-01-01 08:39:40,L04,0.6583,53.92,0.4025,19.086,35.81,82.22,CRITICAL,combined_hazard
2026-01-01 08:39:45,L04,0.6665,54.33,0.4005,19.045,36.53,81.34,CRITICAL,combined_hazard
2026-01-01 08:39:50,L04,0.7176,57.26,0.4005,18.978,36.73,84.25,CRITICAL,combined_hazard
2026-01-01 08:39:55,L04,0.6741,56.46,0.4138,18.921,36.7,82.53,CRITICAL,combined_hazard
2026-01-01 08:40:00,L04,0.7202,59.73,0.4151,18.853,36.91,83.73,CRITICAL,combined_hazard
2026-01-01 08:40:05,L04,0.6952,60.31,0.4413,18.878,37.17,84.11,CRITICAL,combined_hazard
2026-01-01 08:40:10,L04,0.7416,60.32,0.4425,18.888,37.39,83.69,CRITICAL,combined_hazard
2026-01-01 08:40:15,L04,0.7606,63.23,0.4476,18.785,37.61,84.58,CRITICAL,combined_hazard
2026-01-01 08:40:20,L04,0.8026,64.48,0.4606,18.806,37.89,84.59,CRITICAL,combined_hazard
2026-01-01 08:40:25,L04,0.8017,66.61,0.4418,18.723,37.98,83.56,CRITICAL,combined_hazard
2026-01-01 08:40:30,L04,0.7972,67.55,0.47,18.721,38.36,84.73,CRITICAL,combined_hazard
2026-01-01 08:40:35,L04,0.8396,68.06,0.4621,18.705,38.49,84.8,CRITICAL,combined_hazard
2026-01-01 08:40:40,L04,0.8377,66.85,0.4798,18.631,38.54,85.22,CRITICAL,combined_hazard
2026-01-01 08:40:45,L04,0.8519,73.44,0.4846,18.622,39.04,84.85,CRITICAL,combined_hazard
2026-01-01 08:40:50,L04,0.8472,68.88,0.4997,18.571,38.85,87.09,CRITICAL,combined_hazard
2026-01-01 08:40:55,L04,0.8643,73.63,0.5035,18.571,39.25,87.77,CRITICAL,combined_hazard
2026-01-01 08:41:00,L04,0.8807,74.07,0.5197,18.523,39.61,87.57,CRITICAL,combined_hazard
2026-01-01 08:41:05,L04,0.9077,72.89,0.5114,18.484,39.57,88.1,CRITICAL,combined_hazard
2026-01-01 08:41:10,L04,0.922,75.68,0.5292,18.495,39.93,87.11,CRITICAL,combined_hazard
2026-01-01 08:41:15,L04,0.9579,76.97,0.5321,18.435,40.18,87.17,CRITICAL,combined_hazard
2026-01-01 08:41:20,L04,0.9545,80.27,0.525,18.36,40.17,87.36,CRITICAL,combined_hazard
2026-01-01 08:41:25,L04,0.922,78.46,0.538,18.345,40.5,88.8,CRITICAL,combined_hazard
2026-01-01 08:41:30,L04,0.9804,80.36,0.5515,18.312,40.7,88.76,CRITICAL,combined_hazard
2026-01-01 08:41:35,L04,0.9686,78.47,0.5688,18.283,40.85,88.82,CRITICAL,combined_hazard
2026-01-01 08:00:00,L05,0.1333,7.07,0.0504,20.52,28.07,72.05,SAFE,normal
2026-01-01 08:00:05,L05,0.1528,4.09,0.0549,20.477,28.11,74.2,SAFE,normal
2026-01-01 08:00:10,L05,0.1713,7.54,0.0528,20.487,27.94,73.7,SAFE,normal
2026-01-01 08:00:15,L05,0.1526,8.05,0.0462,20.482,28.02,73.47,SAFE,normal
2026-01-01 08:00:20,L05,0.1663,6.8,0.0473,20.51,28.15,73.85,SAFE,normal
2026-01-01 08:00:25,L05,0.1475,10.5,0.0417,20.551,28.0,72.47,SAFE,normal
2026-01-01 08:00:30,L05,0.1629,5.94,0.0474,20.518,27.78,75.1,SAFE,normal
2026-01-01 08:00:35,L05,0.1684,6.45,0.0709,20.507,27.94,73.42,SAFE,normal
2026-01-01 08:00:40,L05,0.1287,6.43,0.0498,20.477,27.84,73.32,SAFE,normal
2026-01-01 08:00:45,L05,0.1546,6.93,0.0475,20.542,28.02,72.61,SAFE,normal
2026-01-01 08:00:50,L05,0.1775,6.58,0.0606,20.504,28.01,73.34,SAFE,normal
2026-01-01 08:00:55,L05,0.1698,4.99,0.0581,20.533,27.7,74.37,SAFE,normal
2026-01-01 08:01:00,L05,0.1501,6.3,0.0583,20.521,28.04,74.03,SAFE,normal
2026-01-01 08:01:05,L05,0.134,7.0,0.0721,20.559,27.74,73.83,SAFE,normal
2026-01-01 08:01:10,L05,0.1674,9.02,0.0662,20.532,28.13,73.52,SAFE,normal
2026-01-01 08:01:15,L05,0.1742,10.51,0.0585,20.537,27.87,72.74,SAFE,normal
2026-01-01 08:01:20,L05,0.1644,9.23,0.0603,20.555,27.67,71.81,SAFE,normal
2026-01-01 08:01:25,L05,0.1823,6.09,0.0606,20.606,27.67,72.75,SAFE,normal
2026-01-01 08:01:30,L05,0.1901,6.24,0.0726,20.572,27.88,72.66,SAFE,normal
2026-01-01 08:01:35,L05,0.195,7.07,0.0641,20.545,27.75,73.63,SAFE,normal
2026-01-01 08:01:40,L05,0.152,10.01,0.0531,20.55,27.78,72.98,SAFE,normal
2026-01-01 08:01:45,L05,0.17,7.11,0.068,20.536,28.01,73.96,SAFE,normal
2026-01-01 08:01:50,L05,0.1876,5.4,0.0571,20.526,27.65,73.57,SAFE,normal
2026-01-01 08:01:55,L05,0.2032,6.66,0.0878,20.54,27.75,72.18,SAFE,normal
2026-01-01 08:02:00,L05,0.2043,8.58,0.0636,20.536,27.93,71.05,SAFE,normal
2026-01-01 08:02:05,L05,0.2065,8.5,0.0709,20.581,27.74,73.54,SAFE,normal
2026-01-01 08:02:10,L05,0.1961,7.19,0.0752,20.531,27.44,73.46,SAFE,normal
2026-01-01 08:02:15,L05,0.1993,8.55,0.0718,20.605,27.74,71.22,SAFE,normal
2026-01-01 08:02:20,L05,0.1957,4.14,0.0727,20.59,27.48,73.46,SAFE,normal
2026-01-01 08:02:25,L05,0.2206,7.73,0.0794,20.57,27.84,72.5,SAFE,normal
2026-01-01 08:02:30,L05,0.1976,8.89,0.0892,20.572,27.49,72.26,SAFE,normal
2026-01-01 08:02:35,L05,0.2266,6.38,0.0841,20.558,28.04,73.37,SAFE,normal
2026-01-01 08:02:40,L05,0.2194,6.4,0.0907,20.585,27.8,73.09,SAFE,normal
2026-01-01 08:02:45,L05,0.218,4.88,0.0714,20.611,27.45,72.48,SAFE,normal
2026-01-01 08:02:50,L05,0.2112,10.09,0.0833,20.56,27.55,72.27,SAFE,normal
2026-01-01 08:02:55,L05,0.2032,6.65,0.0829,20.537,27.64,72.33,SAFE,normal
2026-01-01 08:03:00,L05,0.2162,8.12,0.0855,20.607,27.63,71.46,SAFE,normal
2026-01-01 08:03:05,L05,0.2234,8.69,0.0946,20.597,27.56,71.67,SAFE,normal
2026-01-01 08:03:10,L05,0.1952,10.08,0.0828,20.556,27.67,70.94,SAFE,normal
2026-01-01 08:03:15,L05,0.2302,7.61,0.0823,20.57,27.44,71.33,SAFE,normal
2026-01-01 08:03:20,L05,0.2494,7.06,0.0907,20.569,27.39,71.25,SAFE,normal
2026-01-01 08:03:25,L05,0.2465,8.15,0.0732,20.575,27.37,70.97,SAFE,normal
2026-01-01 08:03:30,L05,0.2329,9.84,0.0864,20.589,27.54,71.53,SAFE,normal
2026-01-01 08:03:35,L05,0.2435,7.69,0.0882,20.593,27.45,71.1,SAFE,normal
2026-01-01 08:03:40,L05,0.2369,6.54,0.0829,20.584,27.42,71.7,SAFE,normal
2026-01-01 08:03:45,L05,0.2499,5.69,0.0996,20.583,27.48,69.94,SAFE,normal
2026-01-01 08:03:50,L05,0.2731,6.19,0.0836,20.601,27.03,71.09,SAFE,normal
2026-01-01 08:03:55,L05,0.267,9.35,0.092,20.615,27.37,71.23,SAFE,normal
2026-01-01 08:04:00,L05,0.2627,7.6,0.0964,20.603,27.34,70.82,SAFE,normal
2026-01-01 08:04:05,L05,0.2499,7.19,0.1058,20.649,27.54,70.87,SAFE,normal
2026-01-01 08:04:10,L05,0.2709,7.06,0.0958,20.632,27.04,69.68,SAFE,normal
2026-01-01 08:04:15,L05,0.2368,8.28,0.1044,20.571,27.49,71.17,SAFE,normal
2026-01-01 08:04:20,L05,0.2607,7.82,0.1034,20.637,27.25,71.34,SAFE,normal
2026-01-01 08:04:25,L05,0.2757,7.8,0.0998,20.642,27.29,71.16,SAFE,normal
2026-01-01 08:04:30,L05,0.2804,10.26,0.091,20.613,27.45,71.54,SAFE,normal
2026-01-01 08:04:35,L05,0.2818,10.57,0.0892,20.583,27.27,70.81,SAFE,normal
2026-01-01 08:04:40,L05,0.2786,5.87,0.1025,20.63,27.23,70.97,SAFE,normal
2026-01-01 08:04:45,L05,0.2736,8.81,0.0982,20.632,27.19,70.65,SAFE,normal
2026-01-01 08:04:50,L05,0.287,7.18,0.1109,20.601,27.06,71.02,SAFE,normal
2026-01-01 08:04:55,L05,0.2671,8.0,0.1104,20.593,27.11,69.15,SAFE,normal
2026-01-01 08:05:00,L05,0.2711,8.86,0.1039,20.637,26.99,69.64,SAFE,normal
2026-01-01 08:05:05,L05,0.2871,8.1,0.0971,20.634,27.07,71.56,SAFE,normal
2026-01-01 08:05:10,L05,0.2033,8.76,0.076,20.565,26.71,75.43,SAFE,methane_buildup
2026-01-01 08:05:15,L05,0.1924,7.49,0.0607,20.588,27.07,75.79,SAFE,methane_buildup
2026-01-01 08:05:20,L05,0.186,9.64,0.0699,20.574,27.12,76.57,SAFE,methane_buildup
2026-01-01 08:05:25,L05,0.2114,9.95,0.0754,20.55,26.9,75.75,SAFE,methane_buildup
2026-01-01 08:05:30,L05,0.2289,7.04,0.0679,20.555,27.4,76.87,SAFE,methane_buildup
2026-01-01 08:05:35,L05,0.2517,8.05,0.078,20.531,27.19,75.19,SAFE,methane_buildup
2026-01-01 08:05:40,L05,0.2414,8.22,0.0774,20.522,27.3,74.97,SAFE,methane_buildup
2026-01-01 08:05:45,L05,0.2575,8.88,0.0662,20.486,27.03,77.49,SAFE,methane_buildup
2026-01-01 08:05:50,L05,0.2891,7.99,0.0836,20.522,27.63,75.41,SAFE,methane_buildup
2026-01-01 08:05:55,L05,0.308,8.26,0.073,20.467,27.18,74.87,SAFE,methane_buildup
2026-01-01 08:06:00,L05,0.297,7.62,0.0912,20.427,27.57,74.5,SAFE,methane_buildup
2026-01-01 08:06:05,L05,0.2987,8.17,0.0802,20.431,27.32,76.74,SAFE,methane_buildup
2026-01-01 08:06:10,L05,0.3804,9.96,0.0862,20.43,27.43,75.58,SAFE,methane_buildup
2026-01-01 08:06:15,L05,0.3554,8.99,0.1004,20.458,27.69,75.64,SAFE,methane_buildup
2026-01-01 08:06:20,L05,0.352,9.08,0.0953,20.414,27.78,75.69,SAFE,methane_buildup
2026-01-01 08:06:25,L05,0.3815,9.13,0.0846,20.397,27.49,76.61,SAFE,methane_buildup
2026-01-01 08:06:30,L05,0.379,7.82,0.0871,20.352,27.9,75.64,SAFE,methane_buildup
2026-01-01 08:06:35,L05,0.4064,8.54,0.0923,20.4,27.94,77.64,SAFE,methane_buildup
2026-01-01 08:06:40,L05,0.4082,6.45,0.1022,20.344,27.7,75.85,SAFE,methane_buildup
2026-01-01 08:06:45,L05,0.4196,9.99,0.1038,20.348,28.13,76.57,SAFE,methane_buildup
2026-01-01 08:06:50,L05,0.4289,3.92,0.0961,20.382,27.73,76.35,SAFE,methane_buildup
2026-01-01 08:06:55,L05,0.4214,7.97,0.0954,20.34,27.9,75.66,SAFE,methane_buildup
2026-01-01 08:07:00,L05,0.4846,9.83,0.1089,20.263,28.12,75.2,SAFE,methane_buildup
2026-01-01 08:07:05,L05,0.4538,6.08,0.1071,20.246,27.98,75.91,SAFE,methane_buildup
2026-01-01 08:07:10,L05,0.46,8.74,0.1278,20.285,28.2,76.04,SAFE,methane_buildup
2026-01-01 08:07:15,L05,0.4896,7.13,0.1127,20.237,28.25,75.15,SAFE,methane_buildup
2026-01-01 08:07:20,L05,0.4908,7.61,0.1288,20.28,28.23,75.72,SAFE,methane_buildup
2026-01-01 08:07:25,L05,0.5169,9.59,0.1069,20.249,28.44,76.56,SAFE,methane_buildup
2026-01-01 08:07:30,L05,0.5404,8.48,0.1056,20.24,28.33,77.21,SAFE,methane_buildup
2026-01-01 08:07:35,L05,0.5575,5.14,0.1111,20.201,28.46,76.22,SAFE,methane_buildup
2026-01-01 08:07:40,L05,0.5672,6.74,0.1315,20.262,28.65,77.0,SAFE,methane_buildup
2026-01-01 08:07:45,L05,0.5628,9.68,0.138,20.282,28.65,74.99,SAFE,methane_buildup
2026-01-01 08:07:50,L05,0.5806,8.9,0.1196,20.175,28.7,76.04,SAFE,methane_buildup
2026-01-01 08:07:55,L05,0.5984,10.86,0.124,20.181,28.46,76.53,WARNING,methane_buildup
2026-01-01 08:08:00,L05,0.5784,10.77,0.1203,20.161,28.76,74.72,WARNING,methane_buildup
2026-01-01 08:08:05,L05,0.6257,7.74,0.1171,20.137,28.61,75.03,SAFE,methane_buildup
2026-01-01 08:08:10,L05,0.6077,12.02,0.1392,20.107,28.6,76.79,WARNING,methane_buildup
2026-01-01 08:08:15,L05,0.6726,8.31,0.1372,20.087,28.83,74.6,SAFE,methane_buildup
2026-01-01 08:08:20,L05,0.6484,6.84,0.1374,20.072,28.76,74.29,SAFE,methane_buildup
2026-01-01 08:08:25,L05,0.6641,7.35,0.128,20.106,29.07,76.57,SAFE,methane_buildup
2026-01-01 08:08:30,L05,0.6678,4.93,0.1542,20.065,29.13,76.28,WARNING,methane_buildup
2026-01-01 08:08:35,L05,0.6823,10.73,0.139,19.99,28.77,75.65,WARNING,methane_buildup
2026-01-01 08:08:40,L05,0.7383,10.72,0.1492,20.068,28.98,75.25,WARNING,methane_buildup
2026-01-01 08:08:45,L05,0.7307,6.82,0.1352,20.041,28.94,74.92,SAFE,methane_buildup
2026-01-01 08:08:50,L05,0.7058,8.01,0.1473,20.07,29.15,75.47,SAFE,methane_buildup
2026-01-01 08:08:55,L05,0.7641,8.51,0.153,20.027,29.34,76.49,WARNING,methane_buildup
2026-01-01 08:09:00,L05,0.7718,6.93,0.1552,19.959,29.28,75.4,WARNING,methane_buildup
2026-01-01 08:09:05,L05,0.7622,5.75,0.1558,19.924,29.29,76.92,WARNING,methane_buildup
2026-01-01 08:09:10,L05,0.7834,8.08,0.1604,19.956,29.62,74.45,WARNING,methane_buildup
2026-01-01 08:09:15,L05,0.791,7.93,0.1493,19.946,29.13,75.14,WARNING,methane_buildup
2026-01-01 08:09:20,L05,0.8333,7.84,0.1618,19.98,29.72,74.84,WARNING,methane_buildup
2026-01-01 08:09:25,L05,0.8042,8.76,0.1631,19.939,29.5,74.25,WARNING,methane_buildup
2026-01-01 08:09:30,L05,0.8307,10.58,0.166,19.96,29.63,74.97,DANGER,methane_buildup
2026-01-01 08:09:35,L05,0.8346,8.0,0.1666,19.874,29.61,75.41,WARNING,methane_buildup
2026-01-01 08:09:40,L05,0.8319,8.72,0.1577,19.929,29.98,75.48,WARNING,methane_buildup
2026-01-01 08:09:45,L05,0.8987,9.56,0.1593,19.909,29.61,76.78,WARNING,methane_buildup
2026-01-01 08:09:50,L05,0.8606,9.31,0.154,19.814,29.85,75.39,WARNING,methane_buildup
2026-01-01 08:09:55,L05,0.894,7.57,0.1802,19.902,29.98,75.92,WARNING,methane_buildup
2026-01-01 08:10:00,L05,0.877,8.65,0.1822,19.852,29.71,75.03,WARNING,methane_buildup
2026-01-01 08:10:05,L05,0.9096,9.34,0.1842,19.848,29.87,76.31,WARNING,methane_buildup
2026-01-01 08:10:10,L05,0.9344,6.83,0.1819,19.797,30.04,76.86,WARNING,methane_buildup
2026-01-01 08:10:15,L05,0.9281,10.43,0.1643,19.849,29.98,75.35,DANGER,methane_buildup
2026-01-01 08:10:20,L05,0.2055,4.71,0.0541,20.482,28.67,74.53,SAFE,co_buildup
2026-01-01 08:10:25,L05,0.2287,4.65,0.0676,20.494,28.81,76.09,SAFE,co_buildup
2026-01-01 08:10:30,L05,0.2176,5.99,0.0542,20.521,28.22,75.57,SAFE,co_buildup
2026-01-01 08:10:35,L05,0.2118,8.65,0.0631,20.518,28.76,74.39,SAFE,co_buildup
2026-01-01 08:10:40,L05,0.2207,7.92,0.0714,20.475,28.57,75.27,SAFE,co_buildup
2026-01-01 08:10:45,L05,0.2011,9.18,0.058,20.503,28.62,75.17,SAFE,co_buildup
2026-01-01 08:10:50,L05,0.2005,9.33,0.0965,20.472,28.43,75.48,SAFE,co_buildup
2026-01-01 08:10:55,L05,0.1983,11.95,0.0752,20.476,28.44,74.37,SAFE,co_buildup
2026-01-01 08:11:00,L05,0.2091,12.9,0.0792,20.459,28.62,75.54,SAFE,co_buildup
2026-01-01 08:11:05,L05,0.2061,14.8,0.0913,20.465,28.9,75.15,SAFE,co_buildup
2026-01-01 08:11:10,L05,0.2319,13.66,0.0918,20.509,28.69,75.63,SAFE,co_buildup
2026-01-01 08:11:15,L05,0.2081,14.91,0.0879,20.469,28.72,74.89,SAFE,co_buildup
2026-01-01 08:11:20,L05,0.2046,17.86,0.0918,20.468,28.5,75.08,SAFE,co_buildup
2026-01-01 08:11:25,L05,0.2473,18.13,0.0819,20.418,28.43,76.56,SAFE,co_buildup
2026-01-01 08:11:30,L05,0.2128,17.46,0.0927,20.45,28.4,74.85,SAFE,co_buildup
2026-01-01 08:11:35,L05,0.2233,21.85,0.1044,20.45,28.44,74.98,SAFE,co_buildup
2026-01-01 08:11:40,L05,0.2292,18.42,0.107,20.43,28.2,75.79,SAFE,co_buildup
2026-01-01 08:11:45,L05,0.2068,23.22,0.1164,20.453,28.39,75.29,SAFE,co_buildup
2026-01-01 08:11:50,L05,0.2438,21.22,0.1088,20.437,28.41,75.27,SAFE,co_buildup
2026-01-01 08:11:55,L05,0.2363,27.02,0.1019,20.45,28.47,76.14,WARNING,co_buildup
2026-01-01 08:12:00,L05,0.2515,22.94,0.1246,20.449,28.51,74.92,SAFE,co_buildup
2026-01-01 08:12:05,L05,0.2194,28.06,0.1308,20.414,28.54,75.39,WARNING,co_buildup
2026-01-01 08:12:10,L05,0.2325,27.29,0.1297,20.429,28.47,77.91,WARNING,co_buildup
2026-01-01 08:12:15,L05,0.2331,27.93,0.1244,20.441,28.39,76.71,WARNING,co_buildup
2026-01-01 08:12:20,L05,0.2379,29.83,0.1372,20.471,28.17,75.82,WARNING,co_buildup
2026-01-01 08:12:25,L05,0.2135,31.58,0.1594,20.441,28.38,76.82,WARNING,co_buildup
2026-01-01 08:12:30,L05,0.2384,30.34,0.1361,20.411,28.31,77.01,WARNING,co_buildup
2026-01-01 08:12:35,L05,0.2168,31.55,0.1279,20.441,28.52,77.43,WARNING,co_buildup
2026-01-01 08:12:40,L05,0.245,34.82,0.1368,20.478,28.58,76.6,WARNING,co_buildup
2026-01-01 08:12:45,L05,0.2091,32.36,0.1497,20.452,28.58,77.56,WARNING,co_buildup
2026-01-01 08:12:50,L05,0.2147,35.12,0.135,20.439,28.55,75.22,WARNING,co_buildup
2026-01-01 08:12:55,L05,0.2562,41.63,0.1524,20.442,28.41,76.07,WARNING,co_buildup
2026-01-01 08:13:00,L05,0.2372,36.69,0.1573,20.461,28.35,77.12,WARNING,co_buildup
2026-01-01 08:13:05,L05,0.232,40.94,0.1697,20.447,28.31,77.33,WARNING,co_buildup
2026-01-01 08:13:10,L05,0.2673,39.41,0.171,20.43,28.19,76.41,WARNING,co_buildup
2026-01-01 08:13:15,L05,0.2546,42.13,0.1706,20.443,28.56,77.42,WARNING,co_buildup
2026-01-01 08:13:20,L05,0.2642,43.42,0.1496,20.376,28.38,76.78,WARNING,co_buildup
2026-01-01 08:13:25,L05,0.2501,45.2,0.1774,20.361,28.22,77.13,WARNING,co_buildup
2026-01-01 08:13:30,L05,0.2942,44.28,0.1789,20.408,28.28,78.25,WARNING,co_buildup
2026-01-01 08:13:35,L05,0.2464,48.64,0.1785,20.403,28.27,78.23,WARNING,co_buildup
2026-01-01 08:13:40,L05,0.283,45.85,0.1657,20.383,28.4,76.77,WARNING,co_buildup
2026-01-01 08:13:45,L05,0.2574,48.15,0.1765,20.421,28.55,76.8,WARNING,co_buildup
2026-01-01 08:13:50,L05,0.2349,49.24,0.1766,20.339,28.33,77.39,WARNING,co_buildup
2026-01-01 08:13:55,L05,0.2684,48.27,0.173,20.376,28.04,77.77,WARNING,co_buildup
2026-01-01 08:14:00,L05,0.2673,50.59,0.1923,20.375,28.34,77.33,WARNING,co_buildup
2026-01-01 08:14:05,L05,0.2483,52.34,0.1891,20.338,28.34,78.76,WARNING,co_buildup
2026-01-01 08:14:10,L05,0.2516,52.52,0.2196,20.43,28.33,78.28,WARNING,co_buildup
2026-01-01 08:14:15,L05,0.2665,57.9,0.2004,20.342,28.26,78.4,WARNING,co_buildup
2026-01-01 08:14:20,L05,0.2736,54.06,0.2153,20.363,28.38,77.14,WARNING,co_buildup
2026-01-01 08:14:25,L05,0.2327,58.16,0.1956,20.405,28.36,79.16,WARNING,co_buildup
2026-01-01 08:14:30,L05,0.287,58.75,0.2071,20.395,28.34,76.04,WARNING,co_buildup
2026-01-01 08:14:35,L05,0.2652,58.52,0.2153,20.34,28.4,79.03,WARNING,co_buildup
2026-01-01 08:14:40,L05,0.2541,58.31,0.2104,20.392,28.27,79.19,WARNING,co_buildup
2026-01-01 08:14:45,L05,0.2896,59.53,0.2174,20.378,28.25,78.16,WARNING,co_buildup
2026-01-01 08:14:50,L05,0.2766,60.98,0.2222,20.437,28.53,79.6,WARNING,co_buildup
2026-01-01 08:14:55,L05,0.2966,60.15,0.2253,20.376,28.4,78.6,WARNING,co_buildup
2026-01-01 08:15:00,L05,0.2864,62.4,0.2452,20.358,28.44,78.78,WARNING,co_buildup
2026-01-01 08:15:05,L05,0.2812,62.75,0.2365,20.334,28.49,79.07,WARNING,co_buildup
2026-01-01 08:15:10,L05,0.2804,68.07,0.2405,20.335,28.38,81.42,WARNING,co_buildup
2026-01-01 08:15:15,L05,0.2913,68.05,0.2442,20.33,28.44,80.02,WARNING,co_buildup
2026-01-01 08:15:20,L05,0.2793,69.38,0.2479,20.394,28.06,79.58,WARNING,co_buildup
2026-01-01 08:15:25,L05,0.2742,70.15,0.2455,20.351,28.32,78.36,WARNING,co_buildup
2026-01-01 08:15:30,L05,0.074,4.79,0.0462,20.896,26.88,66.04,SAFE,low_oxygen
2026-01-01 08:15:35,L05,0.0696,4.23,0.0837,20.8,27.21,67.01,SAFE,low_oxygen
2026-01-01 08:15:40,L05,0.0721,7.57,0.0816,20.772,27.04,67.33,SAFE,low_oxygen
2026-01-01 08:15:45,L05,0.0887,5.19,0.083,20.667,27.37,65.66,SAFE,low_oxygen
2026-01-01 08:15:50,L05,0.1038,4.77,0.077,20.646,27.24,67.29,SAFE,low_oxygen
2026-01-01 08:15:55,L05,0.0843,7.02,0.0882,20.661,27.23,68.01,SAFE,low_oxygen
2026-01-01 08:16:00,L05,0.1125,4.0,0.0821,20.611,27.57,67.58,SAFE,low_oxygen
2026-01-01 08:16:05,L05,0.136,7.11,0.0924,20.609,27.41,67.36,SAFE,low_oxygen
2026-01-01 08:16:10,L05,0.1325,8.95,0.0863,20.554,27.51,67.7,SAFE,low_oxygen
2026-01-01 08:16:15,L05,0.1324,7.23,0.1088,20.464,27.28,67.75,SAFE,low_oxygen
2026-01-01 08:16:20,L05,0.1488,7.44,0.0871,20.442,27.81,67.83,SAFE,low_oxygen
2026-01-01 08:16:25,L05,0.1536,7.9,0.1125,20.375,27.85,68.63,SAFE,low_oxygen
2026-01-01 08:16:30,L05,0.1658,9.26,0.1059,20.403,27.79,70.49,SAFE,low_oxygen
2026-01-01 08:16:35,L05,0.1318,8.62,0.1046,20.333,27.61,68.21,SAFE,low_oxygen
2026-01-01 08:16:40,L05,0.1465,7.57,0.1128,20.261,28.08,68.7,SAFE,low_oxygen
2026-01-01 08:16:45,L05,0.1925,8.37,0.1203,20.219,27.86,69.07,SAFE,low_oxygen
2026-01-01 08:16:50,L05,0.1625,5.79,0.1284,20.213,27.94,68.72,SAFE,low_oxygen
2026-01-01 08:16:55,L05,0.1987,8.38,0.1229,20.144,28.42,70.3,SAFE,low_oxygen
2026-01-01 08:17:00,L05,0.1951,5.82,0.1162,20.131,28.02,67.68,SAFE,low_oxygen
2026-01-01 08:17:05,L05,0.193,6.88,0.1268,19.975,28.29,69.31,SAFE,low_oxygen
2026-01-01 08:17:10,L05,0.2209,2.91,0.1438,20.012,28.32,70.55,SAFE,low_oxygen
2026-01-01 08:17:15,L05,0.2263,8.24,0.143,19.94,28.36,69.81,SAFE,low_oxygen
2026-01-01 08:17:20,L05,0.2626,6.78,0.1425,19.965,28.4,69.55,SAFE,low_oxygen
2026-01-01 08:17:25,L05,0.2292,9.51,0.1446,19.916,28.47,70.71,SAFE,low_oxygen
2026-01-01 08:17:30,L05,0.2678,8.54,0.1468,19.827,28.51,71.24,SAFE,low_oxygen
2026-01-01 08:17:35,L05,0.2591,9.74,0.1534,19.829,28.52,70.84,WARNING,low_oxygen
2026-01-01 08:17:40,L05,0.2516,6.54,0.1434,19.794,28.81,70.18,SAFE,low_oxygen
2026-01-01 08:17:45,L05,0.2811,9.82,0.1392,19.7,28.44,71.35,SAFE,low_oxygen
2026-01-01 08:17:50,L05,0.2853,11.53,0.1536,19.729,28.85,70.81,WARNING,low_oxygen
2026-01-01 08:17:55,L05,0.285,9.62,0.1495,19.611,28.87,71.89,SAFE,low_oxygen
2026-01-01 08:18:00,L05,0.2961,9.77,0.1505,19.562,28.91,72.63,WARNING,low_oxygen
2026-01-01 08:18:05,L05,0.2908,8.94,0.1562,19.552,29.03,69.52,WARNING,low_oxygen
2026-01-01 08:18:10,L05,0.295,8.0,0.1848,19.472,28.91,71.85,WARNING,low_oxygen
2026-01-01 08:18:15,L05,0.3264,10.04,0.169,19.442,28.7,70.53,WARNING,low_oxygen
2026-01-01 08:18:20,L05,0.3193,6.74,0.1737,19.439,29.02,74.02,WARNING,low_oxygen
2026-01-01 08:18:25,L05,0.3291,8.48,0.164,19.355,28.94,71.85,WARNING,low_oxygen
2026-01-01 08:18:30,L05,0.3422,6.55,0.162,19.26,29.04,72.98,WARNING,low_oxygen
2026-01-01 08:18:35,L05,0.3496,8.26,0.1732,19.279,29.02,72.51,WARNING,low_oxygen
2026-01-01 08:18:40,L05,0.3318,10.38,0.1942,19.204,29.19,72.05,WARNING,low_oxygen
2026-01-01 08:18:45,L05,0.3802,10.28,0.1883,19.208,29.23,72.11,WARNING,low_oxygen
2026-01-01 08:18:50,L05,0.3704,9.7,0.1934,19.16,29.02,74.27,WARNING,low_oxygen
2026-01-01 08:18:55,L05,0.3731,9.99,0.1975,19.14,29.54,73.92,WARNING,low_oxygen
2026-01-01 08:19:00,L05,0.3903,7.01,0.1898,19.081,29.82,74.87,WARNING,low_oxygen
2026-01-01 08:19:05,L05,0.395,9.38,0.2086,19.043,29.64,73.51,WARNING,low_oxygen
2026-01-01 08:19:10,L05,0.4106,9.02,0.1954,18.947,29.57,73.85,WARNING,low_oxygen
2026-01-01 08:19:15,L05,0.4148,9.16,0.2147,18.949,29.65,73.57,WARNING,low_oxygen
2026-01-01 08:19:20,L05,0.4252,11.16,0.21,18.941,29.65,73.71,DANGER,low_oxygen
2026-01-01 08:19:25,L05,0.4423,9.07,0.1951,18.818,29.79,73.26,WARNING,low_oxygen
2026-01-01 08:19:30,L05,0.443,9.56,0.2064,18.85,29.82,74.31,WARNING,low_oxygen
2026-01-01 08:19:35,L05,0.4349,7.44,0.2011,18.736,29.76,73.77,WARNING,low_oxygen
2026-01-01 08:19:40,L05,0.4282,10.23,0.2276,18.684,30.19,74.91,DANGER,low_oxygen
2026-01-01 08:19:45,L05,0.4777,9.15,0.2211,18.676,29.78,74.85,WARNING,low_oxygen
2026-01-01 08:19:50,L05,0.4567,11.0,0.2064,18.645,30.16,75.1,DANGER,low_oxygen
2026-01-01 08:19:55,L05,0.4608,9.56,0.2302,18.608,30.1,76.36,WARNING,low_oxygen
2026-01-01 08:20:00,L05,0.4495,11.25,0.2259,18.509,30.45,75.15,DANGER,low_oxygen
2026-01-01 08:20:05,L05,0.4883,10.98,0.2213,18.508,30.28,75.94,DANGER,low_oxygen
2026-01-01 08:20:10,L05,0.4931,13.81,0.2495,18.431,30.23,77.13,DANGER,low_oxygen
2026-01-01 08:20:15,L05,0.4758,12.15,0.2399,18.364,30.3,76.69,DANGER,low_oxygen
2026-01-01 08:20:20,L05,0.513,8.75,0.2397,18.338,30.4,76.72,DANGER,low_oxygen
2026-01-01 08:20:25,L05,0.5063,9.72,0.2418,18.301,30.28,75.71,DANGER,low_oxygen
2026-01-01 08:20:30,L05,0.5618,11.8,0.2359,18.296,30.39,76.3,DANGER,low_oxygen
2026-01-01 08:20:35,L05,0.5206,10.43,0.2405,18.272,30.3,75.21,DANGER,low_oxygen
2026-01-01 08:20:40,L05,0.1561,7.35,0.0952,20.6,27.78,70.7,SAFE,co2_buildup
2026-01-01 08:20:45,L05,0.1693,7.35,0.1005,20.693,27.38,70.56,SAFE,co2_buildup
2026-01-01 08:20:50,L05,0.1887,7.88,0.1093,20.625,27.48,70.56,SAFE,co2_buildup
2026-01-01 08:20:55,L05,0.1711,7.01,0.1145,20.603,27.49,70.79,SAFE,co2_buildup
2026-01-01 08:21:00,L05,0.1755,6.24,0.1318,20.639,27.58,72.21,SAFE,co2_buildup
2026-01-01 08:21:05,L05,0.1774,5.59,0.1377,20.651,27.54,71.18,SAFE,co2_buildup
2026-01-01 08:21:10,L05,0.2076,8.8,0.1319,20.631,27.36,72.32,SAFE,co2_buildup
2026-01-01 08:21:15,L05,0.1791,8.61,0.1397,20.603,27.53,71.87,SAFE,co2_buildup
2026-01-01 08:21:20,L05,0.1879,8.51,0.1538,20.611,27.57,73.99,SAFE,co2_buildup
2026-01-01 08:21:25,L05,0.2141,11.77,0.1697,20.517,27.5,73.32,WARNING,co2_buildup
2026-01-01 08:21:30,L05,0.1981,8.75,0.173,20.544,27.7,74.01,SAFE,co2_buildup
2026-01-01 08:21:35,L05,0.2167,12.43,0.1746,20.522,27.73,72.84,WARNING,co2_buildup
2026-01-01 08:21:40,L05,0.1897,13.0,0.1898,20.577,27.58,74.44,WARNING,co2_buildup
2026-01-01 08:21:45,L05,0.204,7.9,0.1931,20.519,27.63,73.63,SAFE,co2_buildup
2026-01-01 08:21:50,L05,0.2331,11.23,0.2108,20.547,27.28,74.26,WARNING,co2_buildup
2026-01-01 08:21:55,L05,0.2045,10.75,0.2144,20.528,27.54,75.77,WARNING,co2_buildup
2026-01-01 08:22:00,L05,0.2161,7.25,0.2172,20.476,27.75,73.91,SAFE,co2_buildup
2026-01-01 08:22:05,L05,0.226,9.71,0.2295,20.475,27.54,75.2,SAFE,co2_buildup
2026-01-01 08:22:10,L05,0.2111,13.3,0.2462,20.522,27.5,75.68,WARNING,co2_buildup
2026-01-01 08:22:15,L05,0.2234,15.43,0.2391,20.45,27.95,76.03,WARNING,co2_buildup
2026-01-01 08:22:20,L05,0.2351,14.02,0.2549,20.468,27.88,75.54,WARNING,co2_buildup
2026-01-01 08:22:25,L05,0.2378,13.41,0.2591,20.431,27.68,77.86,WARNING,co2_buildup
2026-01-01 08:22:30,L05,0.2601,13.16,0.2711,20.436,27.79,75.45,WARNING,co2_buildup
2026-01-01 08:22:35,L05,0.2678,15.97,0.2704,20.434,27.28,77.94,WARNING,co2_buildup
2026-01-01 08:22:40,L05,0.2356,16.93,0.2845,20.403,27.5,78.03,WARNING,co2_buildup
2026-01-01 08:22:45,L05,0.2538,13.09,0.3005,20.388,27.55,78.87,WARNING,co2_buildup
2026-01-01 08:22:50,L05,0.266,11.24,0.2921,20.416,27.59,76.37,WARNING,co2_buildup
2026-01-01 08:22:55,L05,0.2824,11.35,0.2969,20.372,27.55,77.23,WARNING,co2_buildup
2026-01-01 08:23:00,L05,0.2742,16.74,0.3052,20.364,27.24,79.41,WARNING,co2_buildup
2026-01-01 08:23:05,L05,0.2715,14.95,0.3142,20.351,27.69,77.0,WARNING,co2_buildup
2026-01-01 08:23:10,L05,0.2809,15.56,0.3363,20.367,27.71,77.51,WARNING,co2_buildup
2026-01-01 08:23:15,L05,0.2848,12.86,0.3283,20.388,27.87,78.69,WARNING,co2_buildup
2026-01-01 08:23:20,L05,0.2645,14.68,0.3451,20.395,27.52,79.53,WARNING,co2_buildup
2026-01-01 08:23:25,L05,0.2851,15.63,0.3605,20.319,27.51,80.93,WARNING,co2_buildup
2026-01-01 08:23:30,L05,0.3078,16.64,0.3668,20.396,27.24,79.8,WARNING,co2_buildup
2026-01-01 08:23:35,L05,0.2866,16.0,0.3684,20.292,27.6,79.75,WARNING,co2_buildup
2026-01-01 08:23:40,L05,0.2954,15.3,0.381,20.345,27.78,80.78,WARNING,co2_buildup
2026-01-01 08:23:45,L05,0.2936,15.94,0.3883,20.281,27.55,81.19,WARNING,co2_buildup
2026-01-01 08:23:50,L05,0.2662,19.19,0.3937,20.267,27.97,81.46,WARNING,co2_buildup
2026-01-01 08:23:55,L05,0.305,18.01,0.4018,20.261,27.61,81.25,WARNING,co2_buildup
2026-01-01 08:24:00,L05,0.313,18.82,0.4293,20.273,27.67,80.12,WARNING,co2_buildup
2026-01-01 08:24:05,L05,0.3045,16.82,0.4259,20.282,27.45,81.24,WARNING,co2_buildup
2026-01-01 08:24:10,L05,0.2986,14.0,0.4473,20.275,27.7,83.4,WARNING,co2_buildup
2026-01-01 08:24:15,L05,0.3065,17.91,0.4314,20.217,27.36,82.7,WARNING,co2_buildup
2026-01-01 08:24:20,L05,0.3349,17.65,0.4427,20.206,27.76,82.58,WARNING,co2_buildup
2026-01-01 08:24:25,L05,0.3568,19.74,0.4407,20.199,27.77,84.02,WARNING,co2_buildup
2026-01-01 08:24:30,L05,0.3517,24.4,0.4529,20.214,27.87,82.51,WARNING,co2_buildup
2026-01-01 08:24:35,L05,0.3146,20.78,0.4826,20.201,27.51,83.53,WARNING,co2_buildup
2026-01-01 08:24:40,L05,0.3513,24.1,0.4712,20.17,27.69,84.11,WARNING,co2_buildup
2026-01-01 08:24:45,L05,0.3323,21.12,0.4987,20.197,27.75,83.93,WARNING,co2_buildup
2026-01-01 08:24:50,L05,0.3373,19.58,0.4814,20.247,27.74,84.65,WARNING,co2_buildup
2026-01-01 08:24:55,L05,0.3428,21.31,0.4909,20.154,27.54,84.71,WARNING,co2_buildup
2026-01-01 08:25:00,L05,0.3641,23.72,0.5046,20.147,27.32,84.03,WARNING,co2_buildup
2026-01-01 08:25:05,L05,0.3716,24.05,0.5148,20.167,27.73,85.58,WARNING,co2_buildup
2026-01-01 08:25:10,L05,0.3595,20.71,0.5307,20.124,27.66,84.67,WARNING,co2_buildup
2026-01-01 08:25:15,L05,0.3635,22.21,0.5349,20.152,27.6,86.15,WARNING,co2_buildup
2026-01-01 08:25:20,L05,0.3755,19.95,0.5359,20.1,27.8,87.41,WARNING,co2_buildup
2026-01-01 08:25:25,L05,0.3808,23.6,0.5462,20.167,27.68,86.37,WARNING,co2_buildup
2026-01-01 08:25:30,L05,0.3937,24.95,0.5527,20.113,27.49,85.95,WARNING,co2_buildup
2026-01-01 08:25:35,L05,0.3605,22.94,0.5559,20.075,27.4,87.07,WARNING,co2_buildup
2026-01-01 08:25:40,L05,0.3838,22.14,0.5641,20.066,27.52,86.8,WARNING,co2_buildup
2026-01-01 08:25:45,L05,0.3713,23.95,0.5874,20.059,28.05,88.23,WARNING,co2_buildup
2026-01-01 08:25:50,L05,0.1728,5.11,0.052,20.837,27.56,65.17,SAFE,ventilation_failure
2026-01-01 08:25:55,L05,0.1859,5.11,0.0638,20.758,27.9,65.82,SAFE,ventilation_failure
2026-01-01 08:26:00,L05,0.1972,5.97,0.0643,20.742,28.17,66.91,SAFE,ventilation_failure
2026-01-01 08:26:05,L05,0.2029,4.34,0.0592,20.772,28.07,67.3,SAFE,ventilation_failure
2026-01-01 08:26:10,L05,0.1888,9.08,0.0863,20.718,27.99,66.77,SAFE,ventilation_failure
2026-01-01 08:26:15,L05,0.2426,9.42,0.0762,20.663,28.29,66.13,SAFE,ventilation_failure
2026-01-01 08:26:20,L05,0.2555,9.56,0.0954,20.625,28.28,67.91,SAFE,ventilation_failure
2026-01-01 08:26:25,L05,0.2361,12.6,0.0969,20.606,28.57,67.36,SAFE,ventilation_failure
2026-01-01 08:26:30,L05,0.2454,9.44,0.0983,20.579,28.71,67.29,SAFE,ventilation_failure
2026-01-01 08:26:35,L05,0.2714,11.45,0.1028,20.538,28.53,67.85,SAFE,ventilation_failure
2026-01-01 08:26:40,L05,0.2817,11.9,0.0969,20.482,28.68,69.51,SAFE,ventilation_failure
2026-01-01 08:26:45,L05,0.2817,13.58,0.1207,20.539,28.99,70.71,SAFE,ventilation_failure
2026-01-01 08:26:50,L05,0.2772,14.93,0.1102,20.505,28.85,70.04,SAFE,ventilation_failure
2026-01-01 08:26:55,L05,0.3118,16.31,0.1163,20.408,28.91,70.56,SAFE,ventilation_failure
2026-01-01 08:27:00,L05,0.3268,15.97,0.1127,20.421,28.99,71.72,SAFE,ventilation_failure
2026-01-01 08:27:05,L05,0.3407,16.0,0.1145,20.361,29.31,69.92,SAFE,ventilation_failure
2026-01-01 08:27:10,L05,0.3463,20.68,0.1298,20.351,29.4,71.95,SAFE,ventilation_failure
2026-01-01 08:27:15,L05,0.3483,22.6,0.1317,20.319,29.35,71.91,SAFE,ventilation_failure
2026-01-01 08:27:20,L05,0.3785,20.02,0.1276,20.287,29.55,72.75,SAFE,ventilation_failure
2026-01-01 08:27:25,L05,0.3758,19.5,0.1265,20.331,29.87,72.29,SAFE,ventilation_failure
2026-01-01 08:27:30,L05,0.3792,23.68,0.1318,20.229,29.59,72.41,SAFE,ventilation_failure
2026-01-01 08:27:35,L05,0.3947,20.13,0.1556,20.189,29.54,73.55,WARNING,ventilation_failure
2026-01-01 08:27:40,L05,0.3825,22.63,0.1451,20.161,30.0,75.14,SAFE,ventilation_failure
2026-01-01 08:27:45,L05,0.4172,22.91,0.1513,20.186,30.01,74.89,WARNING,ventilation_failure
2026-01-01 08:27:50,L05,0.4415,23.05,0.1696,20.076,30.01,74.18,WARNING,ventilation_failure
2026-01-01 08:27:55,L05,0.4476,25.2,0.1531,20.073,30.31,73.9,WARNING,ventilation_failure
2026-01-01 08:28:00,L05,0.4765,25.15,0.1602,20.11,30.43,74.0,WARNING,ventilation_failure
2026-01-01 08:28:05,L05,0.4611,27.29,0.1639,20.045,30.07,76.78,WARNING,ventilation_failure
2026-01-01 08:28:10,L05,0.4836,28.15,0.187,20.014,30.4,75.35,WARNING,ventilation_failure
2026-01-01 08:28:15,L05,0.4994,28.0,0.194,20.043,30.94,76.23,WARNING,ventilation_failure
2026-01-01 08:28:20,L05,0.5339,29.21,0.1881,19.957,30.78,77.93,DANGER,ventilation_failure
2026-01-01 08:28:25,L05,0.5122,30.25,0.1924,19.9,30.89,75.97,DANGER,ventilation_failure
2026-01-01 08:28:30,L05,0.5057,32.64,0.1855,19.883,31.06,78.83,DANGER,ventilation_failure
2026-01-01 08:28:35,L05,0.5453,32.03,0.2097,19.828,30.98,77.82,DANGER,ventilation_failure
2026-01-01 08:28:40,L05,0.5719,34.32,0.2003,19.871,31.19,77.48,DANGER,ventilation_failure
2026-01-01 08:28:45,L05,0.5503,34.79,0.209,19.821,31.27,78.59,DANGER,ventilation_failure
2026-01-01 08:28:50,L05,0.579,35.6,0.2053,19.809,31.34,78.59,DANGER,ventilation_failure
2026-01-01 08:28:55,L05,0.5961,37.65,0.208,19.782,31.31,79.9,DANGER,ventilation_failure
2026-01-01 08:29:00,L05,0.6042,34.72,0.2275,19.704,31.48,79.41,DANGER,ventilation_failure
2026-01-01 08:29:05,L05,0.6021,36.52,0.2225,19.659,31.46,78.78,DANGER,ventilation_failure
2026-01-01 08:29:10,L05,0.601,40.71,0.2338,19.657,31.64,80.52,DANGER,ventilation_failure
2026-01-01 08:29:15,L05,0.6215,38.5,0.2282,19.603,31.56,79.99,DANGER,ventilation_failure
2026-01-01 08:29:20,L05,0.6409,35.5,0.2234,19.605,31.71,81.62,DANGER,ventilation_failure
2026-01-01 08:29:25,L05,0.6589,40.24,0.2296,19.605,31.88,80.89,DANGER,ventilation_failure
2026-01-01 08:29:30,L05,0.6616,41.58,0.2391,19.536,31.88,81.83,DANGER,ventilation_failure
2026-01-01 08:29:35,L05,0.6621,38.28,0.2372,19.517,32.04,82.75,DANGER,ventilation_failure
2026-01-01 08:29:40,L05,0.6874,45.04,0.2374,19.48,32.19,82.81,DANGER,ventilation_failure
2026-01-01 08:29:45,L05,0.7032,42.8,0.2599,19.478,32.37,83.56,DANGER,ventilation_failure
2026-01-01 08:29:50,L05,0.7073,45.19,0.2499,19.405,32.54,84.29,DANGER,ventilation_failure
2026-01-01 08:29:55,L05,0.7003,45.19,0.2594,19.33,32.43,83.2,DANGER,ventilation_failure
2026-01-01 08:30:00,L05,0.7214,44.42,0.2647,19.38,32.79,84.46,DANGER,ventilation_failure
2026-01-01 08:30:05,L05,0.7496,45.58,0.2616,19.367,32.83,82.23,DANGER,ventilation_failure
2026-01-01 08:30:10,L05,0.7259,46.61,0.2819,19.321,32.86,85.47,DANGER,ventilation_failure
2026-01-01 08:30:15,L05,0.7266,50.47,0.2654,19.26,32.9,85.41,CRITICAL,ventilation_failure
2026-01-01 08:30:20,L05,0.7918,49.45,0.2804,19.216,33.02,85.25,CRITICAL,ventilation_failure
2026-01-01 08:30:25,L05,0.7882,49.72,0.2843,19.235,33.25,86.67,CRITICAL,ventilation_failure
2026-01-01 08:30:30,L05,0.8009,49.93,0.2859,19.195,33.35,87.74,CRITICAL,ventilation_failure
2026-01-01 08:30:35,L05,0.7869,53.96,0.28,19.158,33.46,86.8,CRITICAL,ventilation_failure
2026-01-01 08:30:40,L05,0.8253,55.19,0.3013,19.187,33.36,86.81,CRITICAL,ventilation_failure
2026-01-01 08:30:45,L05,0.8297,55.6,0.3043,19.075,33.53,88.07,CRITICAL,ventilation_failure
2026-01-01 08:30:50,L05,0.8131,55.39,0.297,19.128,33.75,87.26,CRITICAL,ventilation_failure
2026-01-01 08:30:55,L05,0.8695,55.92,0.3121,19.046,33.55,88.18,CRITICAL,ventilation_failure
2026-01-01 08:31:00,L05,0.1326,8.3,0.0635,20.606,28.35,75.0,SAFE,fire_heat
2026-01-01 08:31:05,L05,0.1436,9.02,0.0688,20.597,28.54,72.65,SAFE,fire_heat
2026-01-01 08:31:10,L05,0.1124,8.72,0.074,20.583,29.07,73.89,SAFE,fire_heat
2026-01-01 08:31:15,L05,0.1843,12.59,0.0797,20.551,29.04,72.35,SAFE,fire_heat
2026-01-01 08:31:20,L05,0.1526,9.42,0.0626,20.536,29.37,74.42,SAFE,fire_heat
2026-01-01 08:31:25,L05,0.1556,9.48,0.085,20.469,29.49,75.4,SAFE,fire_heat
2026-01-01 08:31:30,L05,0.1742,12.22,0.0919,20.515,29.61,74.15,SAFE,fire_heat
2026-01-01 08:31:35,L05,0.2091,11.33,0.1077,20.48,29.79,73.67,SAFE,fire_heat
2026-01-01 08:31:40,L05,0.2279,13.84,0.1031,20.484,29.85,74.65,SAFE,fire_heat
2026-01-01 08:31:45,L05,0.2051,12.6,0.0948,20.434,30.15,73.26,SAFE,fire_heat
2026-01-01 08:31:50,L05,0.2265,14.01,0.1167,20.361,30.23,75.3,SAFE,fire_heat
2026-01-01 08:31:55,L05,0.2206,18.2,0.1121,20.382,30.43,76.27,SAFE,fire_heat
2026-01-01 08:32:00,L05,0.2128,15.51,0.1141,20.367,30.61,75.87,SAFE,fire_heat
2026-01-01 08:32:05,L05,0.2589,15.67,0.1224,20.375,30.79,75.95,SAFE,fire_heat
2026-01-01 08:32:10,L05,0.2358,19.38,0.1387,20.27,31.13,76.89,SAFE,fire_heat
2026-01-01 08:32:15,L05,0.2766,16.8,0.1497,20.313,31.15,77.23,SAFE,fire_heat
2026-01-01 08:32:20,L05,0.2814,18.1,0.1488,20.307,31.49,75.71,SAFE,fire_heat
2026-01-01 08:32:25,L05,0.2795,20.75,0.1553,20.251,31.74,77.39,WARNING,fire_heat
2026-01-01 08:32:30,L05,0.3062,22.05,0.1593,20.253,31.8,79.55,WARNING,fire_heat
2026-01-01 08:32:35,L05,0.3206,23.23,0.1616,20.211,31.92,76.82,WARNING,fire_heat
2026-01-01 08:32:40,L05,0.2929,21.03,0.1716,20.188,32.06,78.1,WARNING,fire_heat
2026-01-01 08:32:45,L05,0.2918,23.8,0.152,20.177,32.31,80.01,WARNING,fire_heat
2026-01-01 08:32:50,L05,0.2843,22.96,0.1775,20.148,32.37,79.62,WARNING,fire_heat
2026-01-01 08:32:55,L05,0.3544,23.51,0.1735,20.169,32.67,78.61,WARNING,fire_heat
2026-01-01 08:33:00,L05,0.3225,26.98,0.1964,20.106,32.78,79.47,WARNING,fire_heat
2026-01-01 08:33:05,L05,0.3545,25.1,0.1912,20.081,32.81,79.59,WARNING,fire_heat
2026-01-01 08:33:10,L05,0.3348,27.1,0.1979,20.141,33.17,79.28,WARNING,fire_heat
2026-01-01 08:33:15,L05,0.3774,27.67,0.1909,20.096,33.21,80.1,WARNING,fire_heat
2026-01-01 08:33:20,L05,0.3522,26.59,0.2164,19.991,33.35,80.22,DANGER,fire_heat
2026-01-01 08:33:25,L05,0.3532,30.39,0.2185,20.004,33.47,80.82,WARNING,fire_heat
2026-01-01 08:33:30,L05,0.3763,30.54,0.2232,20.014,33.74,80.41,WARNING,fire_heat
2026-01-01 08:33:35,L05,0.3799,27.48,0.2176,19.996,34.03,80.27,DANGER,fire_heat
2026-01-01 08:33:40,L05,0.4052,31.63,0.2232,19.921,34.18,81.55,DANGER,fire_heat
2026-01-01 08:33:45,L05,0.4039,30.81,0.2364,19.98,34.27,83.23,DANGER,fire_heat
2026-01-01 08:33:50,L05,0.4225,34.36,0.2343,19.95,34.48,82.21,DANGER,fire_heat
2026-01-01 08:33:55,L05,0.4171,31.31,0.2486,19.919,34.75,82.16,DANGER,fire_heat
2026-01-01 08:34:00,L05,0.4199,33.69,0.2332,19.925,34.71,83.32,DANGER,fire_heat
2026-01-01 08:34:05,L05,0.4295,35.53,0.2518,19.878,34.73,82.87,DANGER,fire_heat
2026-01-01 08:34:10,L05,0.4773,35.82,0.2754,19.857,35.26,84.78,DANGER,fire_heat
2026-01-01 08:34:15,L05,0.4584,37.64,0.2698,19.87,35.16,83.56,DANGER,fire_heat
2026-01-01 08:34:20,L05,0.4337,34.97,0.2729,19.836,35.3,84.41,DANGER,fire_heat
2026-01-01 08:34:25,L05,0.464,40.48,0.2927,19.757,35.31,83.53,DANGER,fire_heat
2026-01-01 08:34:30,L05,0.4817,39.54,0.2634,19.781,35.83,84.82,DANGER,fire_heat
2026-01-01 08:34:35,L05,0.5163,41.55,0.2808,19.722,35.67,84.92,DANGER,fire_heat
2026-01-01 08:34:40,L05,0.5124,41.58,0.2894,19.737,35.97,84.94,DANGER,fire_heat
2026-01-01 08:34:45,L05,0.4916,41.0,0.3048,19.716,36.34,84.87,DANGER,fire_heat
2026-01-01 08:34:50,L05,0.5501,39.85,0.3102,19.64,36.53,85.04,CRITICAL,fire_heat
2026-01-01 08:34:55,L05,0.5217,41.68,0.3015,19.657,36.5,86.06,CRITICAL,fire_heat
2026-01-01 08:35:00,L05,0.5493,45.67,0.3217,19.648,36.74,86.63,CRITICAL,fire_heat
2026-01-01 08:35:05,L05,0.5216,46.12,0.3158,19.607,36.8,86.3,CRITICAL,fire_heat
2026-01-01 08:35:10,L05,0.5114,43.86,0.334,19.609,37.02,86.92,CRITICAL,fire_heat
2026-01-01 08:35:15,L05,0.5346,41.32,0.3213,19.603,37.31,86.94,CRITICAL,fire_heat
2026-01-01 08:35:20,L05,0.5154,45.98,0.3339,19.558,37.37,87.34,CRITICAL,fire_heat
2026-01-01 08:35:25,L05,0.6042,46.63,0.3362,19.545,37.57,87.38,CRITICAL,fire_heat
2026-01-01 08:35:30,L05,0.5842,47.44,0.3538,19.56,37.56,87.84,CRITICAL,fire_heat
2026-01-01 08:35:35,L05,0.5755,49.36,0.3465,19.512,38.12,90.27,CRITICAL,fire_heat
2026-01-01 08:35:40,L05,0.6045,50.64,0.3556,19.484,38.2,88.64,CRITICAL,fire_heat
2026-01-01 08:35:45,L05,0.609,51.56,0.3653,19.429,38.41,89.19,CRITICAL,fire_heat
2026-01-01 08:35:50,L05,0.6238,51.5,0.3709,19.457,38.65,89.31,CRITICAL,fire_heat
2026-01-01 08:35:55,L05,0.6411,48.88,0.3789,19.426,38.51,89.04,CRITICAL,fire_heat
2026-01-01 08:36:00,L05,0.627,51.83,0.3787,19.435,38.75,90.57,CRITICAL,fire_heat
2026-01-01 08:36:05,L05,0.6265,56.55,0.379,19.377,38.68,89.58,CRITICAL,fire_heat
2026-01-01 08:36:10,L05,0.0835,6.92,0.0718,20.459,27.57,66.99,SAFE,combined_hazard
2026-01-01 08:36:15,L05,0.1232,9.29,0.0758,20.404,27.69,66.28,SAFE,combined_hazard
2026-01-01 08:36:20,L05,0.1549,7.25,0.0795,20.388,28.05,69.35,SAFE,combined_hazard
2026-01-01 08:36:25,L05,0.168,9.14,0.1067,20.351,28.24,68.27,SAFE,combined_hazard
2026-01-01 08:36:30,L05,0.18,9.97,0.0868,20.358,28.46,68.44,SAFE,combined_hazard
2026-01-01 08:36:35,L05,0.1771,9.2,0.1014,20.306,28.62,69.08,SAFE,combined_hazard
2026-01-01 08:36:40,L05,0.2169,11.22,0.1101,20.255,28.69,69.96,SAFE,combined_hazard
2026-01-01 08:36:45,L05,0.225,9.53,0.1155,20.21,28.93,70.05,SAFE,combined_hazard
2026-01-01 08:36:50,L05,0.2292,16.3,0.1151,20.141,29.31,72.22,SAFE,combined_hazard
2026-01-01 08:36:55,L05,0.2444,12.82,0.1188,20.071,29.53,70.79,SAFE,combined_hazard
2026-01-01 08:37:00,L05,0.2509,17.39,0.1294,20.102,29.39,70.39,SAFE,combined_hazard
2026-01-01 08:37:05,L05,0.2565,15.86,0.1331,20.085,29.53,70.64,SAFE,combined_hazard
2026-01-01 08:37:10,L05,0.3035,17.44,0.134,20.021,29.85,71.1,SAFE,combined_hazard
2026-01-01 08:37:15,L05,0.3193,16.65,0.1287,19.971,30.31,70.54,WARNING,combined_hazard
2026-01-01 08:37:20,L05,0.3011,18.49,0.1426,19.964,30.53,72.1,WARNING,combined_hazard
2026-01-01 08:37:25,L05,0.3267,19.94,0.1423,19.91,30.41,73.02,WARNING,combined_hazard
2026-01-01 08:37:30,L05,0.3416,20.76,0.1512,19.926,30.79,72.23,WARNING,combined_hazard
2026-01-01 08:37:35,L05,0.358,21.71,0.162,19.876,31.21,72.4,WARNING,combined_hazard
2026-01-01 08:37:40,L05,0.3742,20.79,0.1697,19.83,31.2,74.59,WARNING,combined_hazard
2026-01-01 08:37:45,L05,0.4021,21.41,0.1862,19.787,31.54,72.56,WARNING,combined_hazard
2026-01-01 08:37:50,L05,0.3914,20.53,0.1728,19.688,31.68,72.37,WARNING,combined_hazard
2026-01-01 08:37:55,L05,0.4046,24.5,0.1884,19.71,31.59,73.43,WARNING,combined_hazard
2026-01-01 08:38:00,L05,0.4506,26.13,0.1898,19.664,31.89,73.45,WARNING,combined_hazard
2026-01-01 08:38:05,L05,0.4398,27.72,0.2028,19.634,32.12,75.32,DANGER,combined_hazard
2026-01-01 08:38:10,L05,0.4425,26.55,0.2022,19.593,32.33,75.05,DANGER,combined_hazard
2026-01-01 08:38:15,L05,0.4689,25.73,0.1946,19.555,32.65,75.49,DANGER,combined_hazard
2026-01-01 08:38:20,L05,0.486,25.12,0.194,19.585,32.77,76.91,DANGER,combined_hazard
2026-01-01 08:38:25,L05,0.5289,30.02,0.2154,19.465,32.46,75.76,DANGER,combined_hazard
2026-01-01 08:38:30,L05,0.5342,26.56,0.2138,19.458,32.9,77.26,DANGER,combined_hazard
2026-01-01 08:38:35,L05,0.5523,29.53,0.2154,19.378,32.97,78.18,DANGER,combined_hazard
2026-01-01 08:38:40,L05,0.5621,30.5,0.2182,19.379,33.52,76.93,DANGER,combined_hazard
2026-01-01 08:38:45,L05,0.5787,31.52,0.2347,19.346,33.72,78.21,DANGER,combined_hazard
2026-01-01 08:38:50,L05,0.5689,32.47,0.2506,19.292,33.93,77.76,DANGER,combined_hazard
2026-01-01 08:38:55,L05,0.5909,33.41,0.2404,19.294,33.94,79.02,DANGER,combined_hazard
2026-01-01 08:39:00,L05,0.5938,30.37,0.2535,19.18,34.38,77.35,DANGER,combined_hazard
2026-01-01 08:39:05,L05,0.6202,34.81,0.2531,19.155,34.58,77.62,DANGER,combined_hazard
2026-01-01 08:39:10,L05,0.6483,32.23,0.2488,19.139,34.48,78.95,DANGER,combined_hazard
2026-01-01 08:39:15,L05,0.6548,37.47,0.2701,19.122,34.65,78.87,DANGER,combined_hazard
2026-01-01 08:39:20,L05,0.6871,36.33,0.2606,19.063,35.06,79.5,CRITICAL,combined_hazard
2026-01-01 08:39:25,L05,0.6651,34.72,0.2746,19.059,35.53,80.06,CRITICAL,combined_hazard
2026-01-01 08:39:30,L05,0.7044,37.52,0.2768,18.964,35.71,81.14,CRITICAL,combined_hazard
2026-01-01 08:39:35,L05,0.6929,38.68,0.2918,18.912,35.73,80.57,CRITICAL,combined_hazard
2026-01-01 08:39:40,L05,0.7277,42.11,0.2814,18.918,35.74,80.56,CRITICAL,combined_hazard
2026-01-01 08:39:45,L05,0.7522,41.41,0.2981,18.87,36.18,81.27,CRITICAL,combined_hazard
2026-01-01 08:39:50,L05,0.7525,42.42,0.2934,18.851,36.17,81.26,CRITICAL,combined_hazard
2026-01-01 08:39:55,L05,0.7787,44.47,0.3011,18.797,36.32,81.45,CRITICAL,combined_hazard
2026-01-01 08:40:00,L05,0.7708,43.34,0.2812,18.75,36.31,81.24,CRITICAL,combined_hazard
2026-01-01 08:40:05,L05,0.775,45.41,0.3322,18.721,36.84,82.91,CRITICAL,combined_hazard
2026-01-01 08:40:10,L05,0.823,46.1,0.325,18.687,36.93,82.73,CRITICAL,combined_hazard
2026-01-01 08:40:15,L05,0.8555,43.93,0.3196,18.64,37.24,84.28,CRITICAL,combined_hazard
2026-01-01 08:40:20,L05,0.8291,48.86,0.3218,18.606,37.07,82.68,CRITICAL,combined_hazard
2026-01-01 08:40:25,L05,0.8771,45.31,0.332,18.563,37.64,83.73,CRITICAL,combined_hazard
2026-01-01 08:40:30,L05,0.8741,49.61,0.3468,18.563,37.45,85.94,CRITICAL,combined_hazard
2026-01-01 08:40:35,L05,0.8682,46.75,0.3311,18.506,38.17,84.07,CRITICAL,combined_hazard
2026-01-01 08:40:40,L05,0.8859,50.72,0.3502,18.531,38.28,84.96,CRITICAL,combined_hazard
2026-01-01 08:40:45,L05,0.9179,53.4,0.3706,18.431,38.36,84.5,CRITICAL,combined_hazard
2026-01-01 08:40:50,L05,0.9263,51.08,0.3525,18.372,38.68,84.72,CRITICAL,combined_hazard
2026-01-01 08:40:55,L05,0.9274,51.8,0.3673,18.432,38.65,87.36,CRITICAL,combined_hazard
2026-01-01 08:41:00,L05,0.9364,53.89,0.3895,18.327,39.0,86.59,CRITICAL,combined_hazard
2026-01-01 08:41:05,L05,0.9638,53.28,0.382,18.307,39.3,86.89,CRITICAL,combined_hazard
2026-01-01 08:41:10,L05,0.9941,57.29,0.3831,18.258,38.92,85.75,CRITICAL,combined_hazard
2026-01-01 08:41:15,L05,1.0058,55.64,0.3913,18.222,39.51,87.72,CRITICAL,combined_hazard
2026-01-01 08:41:20,L05,1.0131,55.66,0.3891,18.182,39.77,88.69,CRITICAL,combined_hazard
2026-01-01 08:41:25,L05,1.0384,56.12,0.4079,18.096,39.94,89.01,CRITICAL,combined_hazard
2026-01-01 08:41:30,L05,1.0657,56.32,0.3994,18.102,40.39,88.95,CRITICAL,combined_hazard
2026-01-01 08:41:35,L05,1.0707,57.57,0.392,18.015,40.2,87.84,CRITICAL,combined_hazard
2026-01-01 08:00:00,L06,0.1969,7.39,0.0551,20.584,27.98,73.88,SAFE,normal
2026-01-01 08:00:05,L06,0.1804,8.57,0.0658,20.562,28.04,74.59,SAFE,normal
2026-01-01 08:00:10,L06,0.1874,6.05,0.0673,20.578,27.91,73.7,SAFE,normal
2026-01-01 08:00:15,L06,0.1788,5.87,0.0646,20.587,28.13,75.43,SAFE,normal
2026-01-01 08:00:20,L06,0.2148,5.05,0.0645,20.581,28.1,73.3,SAFE,normal
2026-01-01 08:00:25,L06,0.1896,6.94,0.0584,20.532,28.06,73.59,SAFE,normal
2026-01-01 08:00:30,L06,0.179,3.81,0.0489,20.536,27.94,73.03,SAFE,normal
2026-01-01 08:00:35,L06,0.1835,7.3,0.0596,20.608,28.02,72.81,SAFE,normal
2026-01-01 08:00:40,L06,0.1976,7.02,0.0668,20.565,27.75,75.07,SAFE,normal
2026-01-01 08:00:45,L06,0.2084,7.02,0.0801,20.591,28.17,74.12,SAFE,normal
2026-01-01 08:00:50,L06,0.1785,6.36,0.0718,20.54,28.15,73.7,SAFE,normal
2026-01-01 08:00:55,L06,0.2277,8.45,0.0699,20.528,28.2,72.95,SAFE,normal
2026-01-01 08:01:00,L06,0.206,7.46,0.0683,20.546,28.27,74.1,SAFE,normal
2026-01-01 08:01:05,L06,0.2098,5.25,0.082,20.564,28.27,72.61,SAFE,normal
2026-01-01 08:01:10,L06,0.2028,5.28,0.089,20.549,28.21,73.8,SAFE,normal
2026-01-01 08:01:15,L06,0.206,4.85,0.088,20.607,28.26,72.36,SAFE,normal
2026-01-01 08:01:20,L06,0.2049,7.0,0.0857,20.573,28.06,72.44,SAFE,normal
2026-01-01 08:01:25,L06,0.2238,4.67,0.0704,20.622,28.2,73.45,SAFE,normal
2026-01-01 08:01:30,L06,0.2099,7.8,0.0808,20.578,28.32,73.43,SAFE,normal
2026-01-01 08:01:35,L06,0.2229,8.16,0.1006,20.493,28.22,73.11,SAFE,normal
2026-01-01 08:01:40,L06,0.2063,4.87,0.0953,20.596,28.48,71.69,SAFE,normal
2026-01-01 08:01:45,L06,0.2172,5.91,0.0754,20.518,28.27,72.07,SAFE,normal
2026-01-01 08:01:50,L06,0.2036,6.22,0.0886,20.57,28.42,72.45,SAFE,normal
2026-01-01 08:01:55,L06,0.2354,7.52,0.0934,20.539,28.43,71.54,SAFE,normal
2026-01-01 08:02:00,L06,0.2061,8.61,0.0857,20.626,28.54,73.21,SAFE,normal
2026-01-01 08:02:05,L06,0.2151,3.67,0.0747,20.604,28.58,70.08,SAFE,normal
2026-01-01 08:02:10,L06,0.2167,5.73,0.0954,20.537,28.57,71.28,SAFE,normal
2026-01-01 08:02:15,L06,0.2175,5.81,0.0896,20.555,28.17,71.39,SAFE,normal
2026-01-01 08:02:20,L06,0.2351,4.11,0.091,20.565,28.69,69.41,SAFE,normal
2026-01-01 08:02:25,L06,0.2209,5.49,0.0958,20.583,28.76,70.47,SAFE,normal
2026-01-01 08:02:30,L06,0.248,6.86,0.099,20.557,28.47,71.98,SAFE,normal
2026-01-01 08:02:35,L06,0.2163,5.81,0.1013,20.525,28.6,71.4,SAFE,normal
2026-01-01 08:02:40,L06,0.2325,3.91,0.0957,20.533,28.45,72.53,SAFE,normal
2026-01-01 08:02:45,L06,0.2198,10.54,0.1024,20.554,28.31,72.4,SAFE,normal
2026-01-01 08:02:50,L06,0.2392,6.63,0.0915,20.59,28.52,71.4,SAFE,normal
2026-01-01 08:02:55,L06,0.234,6.41,0.1094,20.565,28.57,71.2,SAFE,normal
2026-01-01 08:03:00,L06,0.2334,4.59,0.0854,20.528,28.61,70.9,SAFE,normal
2026-01-01 08:03:05,L06,0.255,6.64,0.1073,20.57,28.54,68.62,SAFE,normal
2026-01-01 08:03:10,L06,0.2287,6.0,0.1184,20.538,28.6,69.52,SAFE,normal
2026-01-01 08:03:15,L06,0.2488,3.42,0.1039,20.576,28.72,70.61,SAFE,normal
2026-01-01 08:03:20,L06,0.2299,4.65,0.1195,20.624,28.63,70.92,SAFE,normal
2026-01-01 08:03:25,L06,0.2445,7.45,0.1244,20.537,28.85,70.55,SAFE,normal
2026-01-01 08:03:30,L06,0.2263,9.18,0.09,20.571,28.89,69.5,SAFE,normal
2026-01-01 08:03:35,L06,0.2358,6.82,0.1166,20.523,29.16,70.86,SAFE,normal
2026-01-01 08:03:40,L06,0.2459,7.93,0.0962,20.542,28.99,71.19,SAFE,normal
2026-01-01 08:03:45,L06,0.2758,6.04,0.1196,20.545,28.88,70.65,SAFE,normal
2026-01-01 08:03:50,L06,0.2515,6.15,0.1219,20.538,28.77,70.59,SAFE,normal
2026-01-01 08:03:55,L06,0.2762,7.92,0.1035,20.616,28.93,69.24,SAFE,normal
2026-01-01 08:04:00,L06,0.2561,8.78,0.1401,20.533,28.95,70.44,SAFE,normal
2026-01-01 08:04:05,L06,0.2485,8.24,0.1284,20.559,28.85,69.59,SAFE,normal
2026-01-01 08:04:10,L06,0.2788,4.69,0.1207,20.482,29.06,69.78,SAFE,normal
2026-01-01 08:04:15,L06,0.2637,6.2,0.1405,20.552,28.75,69.56,SAFE,normal
2026-01-01 08:04:20,L06,0.2489,6.72,0.1158,20.573,28.95,69.06,SAFE,normal
2026-01-01 08:04:25,L06,0.267,5.91,0.1217,20.522,29.09,68.37,SAFE,normal
2026-01-01 08:04:30,L06,0.257,6.89,0.1145,20.462,28.98,68.89,SAFE,normal
2026-01-01 08:04:35,L06,0.233,7.54,0.1487,20.535,29.01,69.64,SAFE,normal
2026-01-01 08:04:40,L06,0.2783,7.82,0.1383,20.536,29.04,68.39,SAFE,normal
2026-01-01 08:04:45,L06,0.2821,8.85,0.1423,20.556,28.96,69.35,SAFE,normal
2026-01-01 08:04:50,L06,0.2947,5.83,0.1408,20.594,29.28,69.12,SAFE,normal
2026-01-01 08:04:55,L06,0.2749,4.28,0.1444,20.521,28.97,68.19,SAFE,normal
2026-01-01 08:05:00,L06,0.2663,6.87,0.1418,20.506,29.19,69.43,SAFE,normal
2026-01-01 08:05:05,L06,0.2839,9.16,0.1447,20.496,29.22,67.93,SAFE,normal
2026-01-01 08:05:10,L06,0.0734,7.07,0.0881,20.807,25.36,71.72,SAFE,methane_buildup
2026-01-01 08:05:15,L06,0.1102,9.93,0.0643,20.747,25.79,72.28,SAFE,methane_buildup
2026-01-01 08:05:20,L06,0.1369,8.15,0.0648,20.711,25.59,70.79,SAFE,methane_buildup
2026-01-01 08:05:25,L06,0.1148,11.12,0.0637,20.758,25.49,72.49,SAFE,methane_buildup
2026-01-01 08:05:30,L06,0.1748,9.51,0.0771,20.68,25.46,71.57,SAFE,methane_buildup
2026-01-01 08:05:35,L06,0.1631,7.61,0.0744,20.719,25.49,71.69,SAFE,methane_buildup
2026-01-01 08:05:40,L06,0.1663,8.83,0.0825,20.688,25.74,70.16,SAFE,methane_buildup
2026-01-01 08:05:45,L06,0.2082,7.66,0.0798,20.725,25.68,70.09,SAFE,methane_buildup
2026-01-01 08:05:50,L06,0.206,8.11,0.064,20.663,26.06,71.67,SAFE,methane_buildup
2026-01-01 08:05:55,L06,0.2274,16.01,0.0692,20.695,26.08,72.21,SAFE,methane_buildup
2026-01-01 08:06:00,L06,0.2384,11.0,0.0872,20.634,26.01,71.06,SAFE,methane_buildup
2026-01-01 08:06:05,L06,0.2482,10.94,0.0752,20.666,25.8,72.95,SAFE,methane_buildup
2026-01-01 08:06:10,L06,0.2872,8.89,0.087,20.685,25.93,72.22,SAFE,methane_buildup
2026-01-01 08:06:15,L06,0.2879,12.36,0.0769,20.578,26.27,70.93,SAFE,methane_buildup
2026-01-01 08:06:20,L06,0.2866,11.83,0.0709,20.605,26.06,71.7,SAFE,methane_buildup
2026-01-01 08:06:25,L06,0.3323,13.18,0.0768,20.666,26.37,73.68,SAFE,methane_buildup
2026-01-01 08:06:30,L06,0.3218,13.28,0.0721,20.572,26.33,70.72,SAFE,methane_buildup
2026-01-01 08:06:35,L06,0.3385,8.49,0.076,20.559,26.32,72.16,SAFE,methane_buildup
2026-01-01 08:06:40,L06,0.3896,9.22,0.0827,20.568,26.26,71.49,SAFE,methane_buildup
2026-01-01 08:06:45,L06,0.3697,9.56,0.0858,20.533,26.41,72.34,SAFE,methane_buildup
2026-01-01 08:06:50,L06,0.3688,9.83,0.0696,20.467,26.51,72.81,SAFE,methane_buildup
2026-01-01 08:06:55,L06,0.4288,11.91,0.0828,20.539,26.69,71.5,SAFE,methane_buildup
2026-01-01 08:07:00,L06,0.4308,10.75,0.0788,20.432,26.46,72.73,SAFE,methane_buildup
2026-01-01 08:07:05,L06,0.448,14.89,0.0789,20.466,26.61,73.63,SAFE,methane_buildup
2026-01-01 08:07:10,L06,0.4624,14.81,0.0858,20.502,26.71,71.92,SAFE,methane_buildup
2026-01-01 08:07:15,L06,0.4865,12.12,0.0809,20.442,26.86,72.52,SAFE,methane_buildup
2026-01-01 08:07:20,L06,0.4876,15.24,0.097,20.419,26.68,71.43,SAFE,methane_buildup
2026-01-01 08:07:25,L06,0.537,14.72,0.096,20.453,26.67,71.94,WARNING,methane_buildup
2026-01-01 08:07:30,L06,0.5086,11.99,0.0966,20.388,27.03,71.8,WARNING,methane_buildup
2026-01-01 08:07:35,L06,0.5533,9.83,0.0838,20.364,26.75,72.6,SAFE,methane_buildup
2026-01-01 08:07:40,L06,0.5722,12.69,0.0806,20.396,27.23,72.95,WARNING,methane_buildup
2026-01-01 08:07:45,L06,0.567,12.23,0.0896,20.369,27.07,71.92,WARNING,methane_buildup
2026-01-01 08:07:50,L06,0.579,13.68,0.0883,20.324,26.92,73.25,WARNING,methane_buildup
2026-01-01 08:07:55,L06,0.6255,13.69,0.0853,20.367,27.13,73.27,WARNING,methane_buildup
2026-01-01 08:08:00,L06,0.6113,13.82,0.0813,20.349,27.32,72.74,WARNING,methane_buildup
2026-01-01 08:08:05,L06,0.6329,14.69,0.091,20.311,27.24,71.67,WARNING,methane_buildup
2026-01-01 08:08:10,L06,0.6712,12.27,0.0887,20.3,27.38,71.61,WARNING,methane_buildup
2026-01-01 08:08:15,L06,0.6744,14.88,0.098,20.31,27.54,71.47,WARNING,methane_buildup
2026-01-01 08:08:20,L06,0.6628,13.78,0.0985,20.319,27.46,72.9,WARNING,methane_buildup
2026-01-01 08:08:25,L06,0.7318,14.92,0.1026,20.261,27.4,71.19,WARNING,methane_buildup
2026-01-01 08:08:30,L06,0.7136,16.23,0.0843,20.276,27.55,72.72,WARNING,methane_buildup
2026-01-01 08:08:35,L06,0.7314,13.14,0.0982,20.261,27.87,71.33,WARNING,methane_buildup
2026-01-01 08:08:40,L06,0.7572,14.73,0.0897,20.257,27.96,72.88,WARNING,methane_buildup
2026-01-01 08:08:45,L06,0.7786,15.15,0.0864,20.219,27.46,72.25,WARNING,methane_buildup
2026-01-01 08:08:50,L06,0.8146,14.73,0.0933,20.177,27.99,73.32,WARNING,methane_buildup
2026-01-01 08:08:55,L06,0.7761,17.03,0.1059,20.178,27.92,73.19,WARNING,methane_buildup
2026-01-01 08:09:00,L06,0.8293,14.78,0.095,20.189,28.07,73.44,WARNING,methane_buildup
2026-01-01 08:09:05,L06,0.844,15.21,0.1111,20.22,27.91,73.48,WARNING,methane_buildup
2026-01-01 08:09:10,L06,0.8467,15.15,0.1036,20.138,27.78,72.45,WARNING,methane_buildup
2026-01-01 08:09:15,L06,0.8765,18.03,0.0966,20.163,28.19,71.42,WARNING,methane_buildup
2026-01-01 08:09:20,L06,0.8946,15.83,0.1097,20.116,28.02,71.53,WARNING,methane_buildup
2026-01-01 08:09:25,L06,0.8757,17.44,0.1046,20.116,28.01,70.72,WARNING,methane_buildup
2026-01-01 08:09:30,L06,0.9386,19.89,0.0941,20.145,28.07,71.54,WARNING,methane_buildup
2026-01-01 08:09:35,L06,0.9049,16.99,0.1171,20.11,28.42,72.48,WARNING,methane_buildup
2026-01-01 08:09:40,L06,0.9271,18.95,0.1049,20.036,28.4,72.0,WARNING,methane_buildup
2026-01-01 08:09:45,L06,0.9561,19.97,0.1036,20.043,28.55,72.32,WARNING,methane_buildup
2026-01-01 08:09:50,L06,1.0048,19.18,0.0972,20.085,28.59,72.88,WARNING,methane_buildup
2026-01-01 08:09:55,L06,0.9872,17.79,0.114,20.039,28.49,72.26,WARNING,methane_buildup
2026-01-01 08:10:00,L06,1.0073,18.95,0.1094,19.987,28.59,71.63,WARNING,methane_buildup
2026-01-01 08:10:05,L06,1.0451,16.24,0.1108,19.984,28.58,72.5,WARNING,methane_buildup
2026-01-01 08:10:10,L06,1.0351,17.18,0.1024,20.016,28.69,71.85,WARNING,methane_buildup
2026-01-01 08:10:15,L06,1.0378,17.62,0.1137,20.012,28.63,72.37,WARNING,methane_buildup
2026-01-01 08:10:20,L06,0.0727,0.61,0.0593,20.797,27.32,73.28,SAFE,co_buildup
2026-01-01 08:10:25,L06,0.0976,4.91,0.0612,20.756,27.53,73.74,SAFE,co_buildup
2026-01-01 08:10:30,L06,0.106,1.56,0.0797,20.759,27.67,72.43,SAFE,co_buildup
2026-01-01 08:10:35,L06,0.0802,2.78,0.081,20.785,27.87,72.52,SAFE,co_buildup
2026-01-01 08:10:40,L06,0.0856,3.82,0.0644,20.71,27.87,73.28,SAFE,co_buildup
2026-01-01 08:10:45,L06,0.1104,6.46,0.0735,20.733,27.83,72.13,SAFE,co_buildup
2026-01-01 08:10:50,L06,0.1059,6.44,0.088,20.66,27.72,73.24,SAFE,co_buildup
2026-01-01 08:10:55,L06,0.0973,6.82,0.0894,20.687,28.03,73.75,SAFE,co_buildup
2026-01-01 08:11:00,L06,0.1062,7.97,0.0877,20.644,28.14,75.07,SAFE,co_buildup
2026-01-01 08:11:05,L06,0.1144,9.31,0.0823,20.635,28.31,74.06,SAFE,co_buildup
2026-01-01 08:11:10,L06,0.0959,10.11,0.0894,20.604,28.5,74.34,SAFE,co_buildup
2026-01-01 08:11:15,L06,0.1348,11.43,0.0941,20.603,28.38,74.86,SAFE,co_buildup
2026-01-01 08:11:20,L06,0.1201,13.2,0.1039,20.487,28.8,73.26,SAFE,co_buildup
2026-01-01 08:11:25,L06,0.0895,11.11,0.1187,20.502,28.32,73.99,SAFE,co_buildup
2026-01-01 08:11:30,L06,0.1348,11.04,0.103,20.537,28.74,76.16,SAFE,co_buildup
2026-01-01 08:11:35,L06,0.128,13.42,0.1037,20.443,28.65,74.25,SAFE,co_buildup
2026-01-01 08:11:40,L06,0.1684,11.47,0.1145,20.469,28.58,75.3,SAFE,co_buildup
2026-01-01 08:11:45,L06,0.1382,12.84,0.127,20.463,28.93,75.28,SAFE,co_buildup
2026-01-01 08:11:50,L06,0.1344,16.04,0.1106,20.42,28.84,73.42,SAFE,co_buildup
2026-01-01 08:11:55,L06,0.1625,15.03,0.1372,20.404,29.13,74.94,SAFE,co_buildup
2026-01-01 08:12:00,L06,0.1489,14.09,0.1276,20.413,29.25,74.91,SAFE,co_buildup
2026-01-01 08:12:05,L06,0.151,14.34,0.1265,20.415,29.51,75.15,SAFE,co_buildup
2026-01-01 08:12:10,L06,0.1743,17.33,0.123,20.336,29.21,74.38,SAFE,co_buildup
2026-01-01 08:12:15,L06,0.155,19.65,0.1449,20.328,29.67,74.18,SAFE,co_buildup
2026-01-01 08:12:20,L06,0.1527,20.31,0.1413,20.303,29.64,74.79,SAFE,co_buildup
2026-01-01 08:12:25,L06,0.2044,19.46,0.1474,20.233,29.88,75.19,SAFE,co_buildup
2026-01-01 08:12:30,L06,0.1911,22.99,0.1423,20.29,29.75,76.31,SAFE,co_buildup
2026-01-01 08:12:35,L06,0.1824,20.5,0.1504,20.293,29.71,76.91,WARNING,co_buildup
2026-01-01 08:12:40,L06,0.1902,21.13,0.1524,20.276,29.83,76.67,WARNING,co_buildup
2026-01-01 08:12:45,L06,0.2018,18.16,0.1589,20.199,29.91,76.34,WARNING,co_buildup
2026-01-01 08:12:50,L06,0.2127,22.02,0.1578,20.168,30.27,74.94,WARNING,co_buildup
2026-01-01 08:12:55,L06,0.1907,24.65,0.1543,20.186,30.51,75.52,WARNING,co_buildup
2026-01-01 08:13:00,L06,0.2115,26.4,0.1918,20.191,30.3,76.11,WARNING,co_buildup
2026-01-01 08:13:05,L06,0.2024,23.49,0.1625,20.15,30.58,75.53,WARNING,co_buildup
2026-01-01 08:13:10,L06,0.2111,26.11,0.1783,20.135,30.35,76.59,WARNING,co_buildup
2026-01-01 08:13:15,L06,0.2202,27.66,0.1661,20.14,30.7,76.8,WARNING,co_buildup
2026-01-01 08:13:20,L06,0.2217,26.79,0.1677,20.064,30.87,76.75,WARNING,co_buildup
2026-01-01 08:13:25,L06,0.2367,24.03,0.1878,20.059,30.65,77.24,WARNING,co_buildup
2026-01-01 08:13:30,L06,0.237,28.5,0.1919,20.095,30.93,75.79,WARNING,co_buildup
2026-01-01 08:13:35,L06,0.211,29.95,0.204,20.02,31.16,77.35,WARNING,co_buildup
2026-01-01 08:13:40,L06,0.2172,28.07,0.2005,19.968,30.71,76.14,WARNING,co_buildup
2026-01-01 08:13:45,L06,0.2359,29.79,0.1995,19.966,31.45,76.04,WARNING,co_buildup
2026-01-01 08:13:50,L06,0.2728,29.11,0.1965,19.938,31.39,77.32,WARNING,co_buildup
2026-01-01 08:13:55,L06,0.2366,27.67,0.2196,19.957,31.54,77.96,WARNING,co_buildup
2026-01-01 08:14:00,L06,0.2501,33.75,0.2184,19.9,31.47,77.47,WARNING,co_buildup
2026-01-01 08:14:05,L06,0.2492,32.88,0.2044,19.915,31.37,77.2,WARNING,co_buildup
2026-01-01 08:14:10,L06,0.2528,35.96,0.2181,19.865,31.8,77.52,WARNING,co_buildup
2026-01-01 08:14:15,L06,0.2678,35.53,0.2224,19.803,31.8,77.48,WARNING,co_buildup
2026-01-01 08:14:20,L06,0.29,34.39,0.2219,19.856,31.92,76.56,WARNING,co_buildup
2026-01-01 08:14:25,L06,0.2798,35.48,0.2342,19.831,32.17,76.57,DANGER,co_buildup
2026-01-01 08:14:30,L06,0.2648,37.13,0.2381,19.823,32.22,77.59,DANGER,co_buildup
2026-01-01 08:14:35,L06,0.3221,38.41,0.2334,19.767,32.48,77.82,DANGER,co_buildup
2026-01-01 08:14:40,L06,0.2859,38.13,0.2361,19.744,32.31,77.86,DANGER,co_buildup
2026-01-01 08:14:45,L06,0.28,39.98,0.2537,19.759,32.28,78.48,DANGER,co_buildup
2026-01-01 08:14:50,L06,0.3138,38.55,0.2526,19.773,32.45,77.87,DANGER,co_buildup
2026-01-01 08:14:55,L06,0.2895,38.18,0.2491,19.708,32.64,78.58,DANGER,co_buildup
2026-01-01 08:15:00,L06,0.3255,40.26,0.2389,19.7,32.82,78.11,DANGER,co_buildup
2026-01-01 08:15:05,L06,0.2914,41.35,0.2581,19.658,32.55,79.78,DANGER,co_buildup
2026-01-01 08:15:10,L06,0.3298,39.92,0.2644,19.601,32.86,78.48,DANGER,co_buildup
2026-01-01 08:15:15,L06,0.3153,40.39,0.2402,19.657,33.2,80.39,DANGER,co_buildup
2026-01-01 08:15:20,L06,0.3356,43.75,0.2676,19.635,33.02,78.89,DANGER,co_buildup
2026-01-01 08:15:25,L06,0.3487,43.15,0.2657,19.609,33.29,78.54,DANGER,co_buildup
2026-01-01 08:15:30,L06,0.0969,5.66,0.0514,20.874,26.15,66.65,SAFE,low_oxygen
2026-01-01 08:15:35,L06,0.1227,2.23,0.0448,20.841,26.24,69.29,SAFE,low_oxygen
2026-01-01 08:15:40,L06,0.1116,4.36,0.0388,20.768,26.51,67.42,SAFE,low_oxygen
2026-01-01 08:15:45,L06,0.1535,4.44,0.0501,20.785,26.48,68.84,SAFE,low_oxygen
2026-01-01 08:15:50,L06,0.1141,6.79,0.0381,20.712,26.78,69.14,SAFE,low_oxygen
2026-01-01 08:15:55,L06,0.1389,4.18,0.0618,20.66,26.76,69.27,SAFE,low_oxygen
2026-01-01 08:16:00,L06,0.1425,6.23,0.0449,20.669,26.68,68.91,SAFE,low_oxygen
2026-01-01 08:16:05,L06,0.174,5.71,0.0581,20.686,26.81,69.48,SAFE,low_oxygen
2026-01-01 08:16:10,L06,0.1358,7.81,0.0651,20.643,26.88,69.77,SAFE,low_oxygen
2026-01-01 08:16:15,L06,0.1571,7.13,0.0747,20.595,27.27,70.11,SAFE,low_oxygen
2026-01-01 08:16:20,L06,0.1866,7.01,0.0705,20.554,27.14,71.03,SAFE,low_oxygen
2026-01-01 08:16:25,L06,0.2209,7.86,0.078,20.527,27.18,69.96,SAFE,low_oxygen
2026-01-01 08:16:30,L06,0.2104,11.59,0.0759,20.514,27.46,69.95,SAFE,low_oxygen
2026-01-01 08:16:35,L06,0.1962,8.27,0.0791,20.45,27.5,69.31,SAFE,low_oxygen
2026-01-01 08:16:40,L06,0.2079,7.69,0.0833,20.443,27.66,70.51,SAFE,low_oxygen
2026-01-01 08:16:45,L06,0.2603,10.49,0.0844,20.419,28.01,70.82,SAFE,low_oxygen
2026-01-01 08:16:50,L06,0.2353,9.75,0.0756,20.357,27.97,70.26,SAFE,low_oxygen
2026-01-01 08:16:55,L06,0.2399,8.2,0.0862,20.344,27.94,70.98,SAFE,low_oxygen
2026-01-01 08:17:00,L06,0.2856,14.03,0.0976,20.353,27.83,70.44,SAFE,low_oxygen
2026-01-01 08:17:05,L06,0.2881,10.52,0.0969,20.312,28.07,71.34,SAFE,low_oxygen
2026-01-01 08:17:10,L06,0.3014,10.84,0.1009,20.275,28.36,71.66,SAFE,low_oxygen
2026-01-01 08:17:15,L06,0.2775,12.0,0.1028,20.228,28.18,71.77,SAFE,low_oxygen
2026-01-01 08:17:20,L06,0.2782,14.72,0.1017,20.275,28.78,71.28,SAFE,low_oxygen
2026-01-01 08:17:25,L06,0.3125,9.96,0.1079,20.174,28.57,70.48,SAFE,low_oxygen
2026-01-01 08:17:30,L06,0.325,13.25,0.1126,20.178,28.68,70.95,SAFE,low_oxygen
2026-01-01 08:17:35,L06,0.3348,16.33,0.1184,20.128,28.68,72.04,SAFE,low_oxygen
2026-01-01 08:17:40,L06,0.3609,13.75,0.1247,20.115,28.96,73.65,SAFE,low_oxygen
2026-01-01 08:17:45,L06,0.3222,12.06,0.1234,20.099,28.81,71.55,SAFE,low_oxygen
2026-01-01 08:17:50,L06,0.3705,13.35,0.1199,20.016,29.42,72.32,SAFE,low_oxygen
2026-01-01 08:17:55,L06,0.3505,14.94,0.1202,20.029,29.39,71.63,SAFE,low_oxygen
2026-01-01 08:18:00,L06,0.3892,16.99,0.1554,20.036,29.45,71.43,WARNING,low_oxygen
2026-01-01 08:18:05,L06,0.3787,14.84,0.1288,20.025,29.2,71.79,SAFE,low_oxygen
2026-01-01 08:18:10,L06,0.383,16.95,0.1369,19.94,29.54,70.8,WARNING,low_oxygen
2026-01-01 08:18:15,L06,0.3955,13.91,0.1485,19.917,29.8,73.67,WARNING,low_oxygen
2026-01-01 08:18:20,L06,0.3924,14.26,0.1505,19.954,29.81,70.94,WARNING,low_oxygen
2026-01-01 08:18:25,L06,0.4241,16.06,0.155,19.893,29.68,72.64,WARNING,low_oxygen
2026-01-01 08:18:30,L06,0.4213,19.3,0.1505,19.812,29.84,72.03,WARNING,low_oxygen
2026-01-01 08:18:35,L06,0.4541,17.6,0.1592,19.784,29.97,72.4,WARNING,low_oxygen
2026-01-01 08:18:40,L06,0.4613,18.3,0.1611,19.803,30.05,74.33,WARNING,low_oxygen
2026-01-01 08:18:45,L06,0.4864,18.64,0.1613,19.716,30.48,73.52,WARNING,low_oxygen
2026-01-01 08:18:50,L06,0.476,20.24,0.169,19.75,30.07,72.72,WARNING,low_oxygen
2026-01-01 08:18:55,L06,0.4877,18.02,0.1788,19.699,30.56,73.14,WARNING,low_oxygen
2026-01-01 08:19:00,L06,0.5103,20.33,0.1734,19.677,30.37,73.13,WARNING,low_oxygen
2026-01-01 08:19:05,L06,0.4893,18.41,0.1767,19.625,30.53,73.84,WARNING,low_oxygen
2026-01-01 08:19:10,L06,0.4858,22.99,0.1886,19.586,30.47,74.14,WARNING,low_oxygen
2026-01-01 08:19:15,L06,0.5205,19.17,0.191,19.62,30.8,75.65,WARNING,low_oxygen
2026-01-01 08:19:20,L06,0.5056,19.41,0.1992,19.54,31.21,72.72,WARNING,low_oxygen
2026-01-01 08:19:25,L06,0.5732,21.91,0.1757,19.507,31.13,74.36,WARNING,low_oxygen
2026-01-01 08:19:30,L06,0.5676,21.57,0.2003,19.489,31.02,74.26,DANGER,low_oxygen
2026-01-01 08:19:35,L06,0.5876,22.3,0.2011,19.469,31.45,75.4,DANGER,low_oxygen
2026-01-01 08:19:40,L06,0.5655,22.51,0.1925,19.404,31.59,75.05,DANGER,low_oxygen
2026-01-01 08:19:45,L06,0.5823,20.89,0.2048,19.389,31.53,75.37,DANGER,low_oxygen
2026-01-01 08:19:50,L06,0.5765,25.3,0.2144,19.359,31.92,75.3,DANGER,low_oxygen
2026-01-01 08:19:55,L06,0.6061,24.58,0.2027,19.375,31.85,74.41,DANGER,low_oxygen
2026-01-01 08:20:00,L06,0.584,25.64,0.2161,19.295,31.93,76.25,DANGER,low_oxygen
2026-01-01 08:20:05,L06,0.5735,23.17,0.2228,19.24,31.81,76.05,DANGER,low_oxygen
2026-01-01 08:20:10,L06,0.6092,24.94,0.2105,19.206,32.13,76.27,DANGER,low_oxygen
2026-01-01 08:20:15,L06,0.6086,24.97,0.2211,19.192,32.18,76.68,DANGER,low_oxygen
2026-01-01 08:20:20,L06,0.662,26.73,0.2279,19.249,32.33,76.13,DANGER,low_oxygen
2026-01-01 08:20:25,L06,0.6765,27.13,0.2224,19.18,32.25,77.11,DANGER,low_oxygen
2026-01-01 08:20:30,L06,0.6377,26.04,0.225,19.167,32.48,76.35,DANGER,low_oxygen
2026-01-01 08:20:35,L06,0.6875,23.83,0.2342,19.139,32.44,76.0,DANGER,low_oxygen
2026-01-01 08:20:40,L06,0.032,2.23,0.083,20.612,25.29,65.66,SAFE,co2_buildup
2026-01-01 08:20:45,L06,0.0559,5.27,0.0826,20.598,25.45,66.29,SAFE,co2_buildup
2026-01-01 08:20:50,L06,0.0698,6.55,0.0841,20.595,25.24,67.28,SAFE,co2_buildup
2026-01-01 08:20:55,L06,0.0658,5.07,0.1049,20.563,25.14,67.17,SAFE,co2_buildup
2026-01-01 08:21:00,L06,0.0713,4.84,0.104,20.491,25.25,65.54,SAFE,co2_buildup
2026-01-01 08:21:05,L06,0.0882,6.09,0.1139,20.597,25.36,67.12,SAFE,co2_buildup
2026-01-01 08:21:10,L06,0.0852,6.27,0.1166,20.551,25.29,67.0,SAFE,co2_buildup
2026-01-01 08:21:15,L06,0.1041,6.88,0.1251,20.46,25.32,68.24,SAFE,co2_buildup
2026-01-01 08:21:20,L06,0.1228,3.06,0.1279,20.471,25.87,68.39,SAFE,co2_buildup
2026-01-01 08:21:25,L06,0.1229,5.58,0.13,20.458,25.66,68.83,SAFE,co2_buildup
2026-01-01 08:21:30,L06,0.1326,6.24,0.1478,20.481,25.55,67.09,SAFE,co2_buildup
2026-01-01 08:21:35,L06,0.1424,8.07,0.1455,20.367,25.85,67.57,SAFE,co2_buildup
2026-01-01 08:21:40,L06,0.137,8.45,0.158,20.401,25.61,69.3,SAFE,co2_buildup
2026-01-01 08:21:45,L06,0.137,9.46,0.1663,20.346,25.68,68.15,SAFE,co2_buildup
2026-01-01 08:21:50,L06,0.1345,9.22,0.1646,20.374,25.78,67.62,SAFE,co2_buildup
2026-01-01 08:21:55,L06,0.1469,7.22,0.1659,20.352,26.21,69.48,SAFE,co2_buildup
2026-01-01 08:22:00,L06,0.1516,11.67,0.2013,20.352,25.98,68.83,WARNING,co2_buildup
2026-01-01 08:22:05,L06,0.1771,11.74,0.184,20.315,25.71,70.91,WARNING,co2_buildup
2026-01-01 08:22:10,L06,0.178,8.27,0.1995,20.294,26.31,69.93,SAFE,co2_buildup
2026-01-01 08:22:15,L06,0.1899,10.99,0.2163,20.319,26.14,70.03,WARNING,co2_buildup
2026-01-01 08:22:20,L06,0.1687,9.93,0.2134,20.298,25.97,69.82,SAFE,co2_buildup
2026-01-01 08:22:25,L06,0.2142,11.36,0.211,20.284,26.25,71.6,WARNING,co2_buildup
2026-01-01 08:22:30,L06,0.193,13.07,0.2192,20.246,26.44,70.83,WARNING,co2_buildup
2026-01-01 08:22:35,L06,0.1896,15.01,0.2193,20.217,26.48,70.43,WARNING,co2_buildup
2026-01-01 08:22:40,L06,0.2062,13.28,0.2394,20.214,26.74,70.33,WARNING,co2_buildup
2026-01-01 08:22:45,L06,0.2567,12.92,0.2431,20.217,26.4,71.12,WARNING,co2_buildup
2026-01-01 08:22:50,L06,0.2203,12.3,0.2408,20.12,26.59,70.61,WARNING,co2_buildup
2026-01-01 08:22:55,L06,0.2279,13.42,0.2429,20.18,26.54,72.43,WARNING,co2_buildup
2026-01-01 08:23:00,L06,0.2365,15.51,0.247,20.161,26.47,70.37,WARNING,co2_buildup
2026-01-01 08:23:05,L06,0.2439,13.74,0.2717,20.137,26.89,71.92,WARNING,co2_buildup
2026-01-01 08:23:10,L06,0.241,12.81,0.2711,20.115,26.89,72.74,WARNING,co2_buildup
2026-01-01 08:23:15,L06,0.2616,12.04,0.2782,20.026,26.92,72.73,WARNING,co2_buildup
2026-01-01 08:23:20,L06,0.2822,15.57,0.2762,20.073,27.0,72.1,WARNING,co2_buildup
2026-01-01 08:23:25,L06,0.2775,15.5,0.2773,20.123,26.89,73.41,WARNING,co2_buildup
2026-01-01 08:23:30,L06,0.2628,14.49,0.3031,20.054,26.9,72.39,WARNING,co2_buildup
2026-01-01 08:23:35,L06,0.2809,17.33,0.302,20.027,27.11,73.29,WARNING,co2_buildup
2026-01-01 08:23:40,L06,0.2845,15.49,0.3152,20.021,27.33,74.05,WARNING,co2_buildup
2026-01-01 08:23:45,L06,0.3002,16.25,0.3112,20.014,27.46,74.11,WARNING,co2_buildup
2026-01-01 08:23:50,L06,0.3261,16.76,0.3187,20.007,27.39,73.41,WARNING,co2_buildup
2026-01-01 08:23:55,L06,0.3105,16.59,0.3326,19.964,27.34,75.12,WARNING,co2_buildup
2026-01-01 08:24:00,L06,0.3181,17.8,0.339,19.967,27.43,74.45,WARNING,co2_buildup
2026-01-01 08:24:05,L06,0.3528,19.51,0.3459,19.988,27.45,75.18,WARNING,co2_buildup
2026-01-01 08:24:10,L06,0.3459,16.4,0.3434,19.951,27.35,76.03,WARNING,co2_buildup
2026-01-01 08:24:15,L06,0.348,19.17,0.357,19.975,27.56,75.91,WARNING,co2_buildup
2026-01-01 08:24:20,L06,0.3755,19.03,0.3673,19.869,27.42,76.13,WARNING,co2_buildup
2026-01-01 08:24:25,L06,0.3601,19.33,0.3639,19.922,27.66,75.6,WARNING,co2_buildup
2026-01-01 08:24:30,L06,0.3296,20.74,0.3669,19.832,27.98,76.29,WARNING,co2_buildup
2026-01-01 08:24:35,L06,0.3786,19.84,0.388,19.849,27.91,76.04,WARNING,co2_buildup
2026-01-01 08:24:40,L06,0.3489,20.82,0.3784,19.844,27.71,75.11,WARNING,co2_buildup
2026-01-01 08:24:45,L06,0.3862,21.5,0.3949,19.791,27.89,76.54,WARNING,co2_buildup
2026-01-01 08:24:50,L06,0.3604,20.0,0.3957,19.792,27.84,76.71,WARNING,co2_buildup
2026-01-01 08:24:55,L06,0.3858,21.54,0.3878,19.8,28.01,77.19,WARNING,co2_buildup
2026-01-01 08:25:00,L06,0.394,21.05,0.4179,19.735,28.23,76.83,WARNING,co2_buildup
2026-01-01 08:25:05,L06,0.3946,21.55,0.3931,19.79,28.23,76.54,WARNING,co2_buildup
2026-01-01 08:25:10,L06,0.4075,21.6,0.4056,19.682,28.56,77.88,WARNING,co2_buildup
2026-01-01 08:25:15,L06,0.4349,23.12,0.432,19.765,28.43,76.52,WARNING,co2_buildup
2026-01-01 08:25:20,L06,0.4154,22.87,0.4383,19.721,28.34,78.95,WARNING,co2_buildup
2026-01-01 08:25:25,L06,0.441,23.67,0.4352,19.671,28.46,77.81,WARNING,co2_buildup
2026-01-01 08:25:30,L06,0.425,23.38,0.4478,19.645,28.39,78.41,WARNING,co2_buildup
2026-01-01 08:25:35,L06,0.4433,21.33,0.4327,19.626,28.31,78.87,WARNING,co2_buildup
2026-01-01 08:25:40,L06,0.4576,24.12,0.4649,19.621,28.73,79.11,WARNING,co2_buildup
2026-01-01 08:25:45,L06,0.4445,24.5,0.4676,19.607,28.74,77.72,WARNING,co2_buildup
2026-01-01 08:25:50,L06,0.2023,10.73,0.0803,20.856,25.94,67.19,SAFE,ventilation_failure
2026-01-01 08:25:55,L06,0.2082,5.94,0.0815,20.793,25.82,68.5,SAFE,ventilation_failure
2026-01-01 08:26:00,L06,0.2247,5.31,0.0693,20.806,26.3,66.76,SAFE,ventilation_failure
2026-01-01 08:26:05,L06,0.2551,7.9,0.09,20.723,26.14,69.06,SAFE,ventilation_failure
2026-01-01 08:26:10,L06,0.2862,10.42,0.0967,20.722,26.04,69.58,SAFE,ventilation_failure
2026-01-01 08:26:15,L06,0.2673,8.13,0.0963,20.67,26.21,70.05,SAFE,ventilation_failure
2026-01-01 08:26:20,L06,0.2752,8.6,0.1032,20.691,26.51,68.94,SAFE,ventilation_failure
2026-01-01 08:26:25,L06,0.3313,11.85,0.11,20.603,26.64,70.7,SAFE,ventilation_failure
2026-01-01 08:26:30,L06,0.2973,11.48,0.1194,20.581,27.03,70.02,SAFE,ventilation_failure
2026-01-01 08:26:35,L06,0.3251,11.71,0.1054,20.588,26.7,70.54,SAFE,ventilation_failure
2026-01-01 08:26:40,L06,0.3526,12.67,0.1209,20.497,26.98,72.09,SAFE,ventilation_failure
2026-01-01 08:26:45,L06,0.349,11.22,0.1397,20.499,26.93,73.46,SAFE,ventilation_failure
2026-01-01 08:26:50,L06,0.4051,11.65,0.1437,20.411,27.13,72.22,SAFE,ventilation_failure
2026-01-01 08:26:55,L06,0.4174,13.79,0.144,20.401,27.58,71.86,SAFE,ventilation_failure
2026-01-01 08:27:00,L06,0.412,10.91,0.1463,20.414,27.27,73.0,SAFE,ventilation_failure
2026-01-01 08:27:05,L06,0.4559,10.07,0.16,20.341,27.65,73.93,WARNING,ventilation_failure
2026-01-01 08:27:10,L06,0.4745,13.0,0.1669,20.323,27.73,74.01,WARNING,ventilation_failure
2026-01-01 08:27:15,L06,0.4672,15.4,0.1553,20.322,27.79,76.04,WARNING,ventilation_failure
2026-01-01 08:27:20,L06,0.4782,14.74,0.1534,20.259,27.99,73.6,WARNING,ventilation_failure
2026-01-01 08:27:25,L06,0.5349,16.0,0.1637,20.269,27.85,74.71,WARNING,ventilation_failure
2026-01-01 08:27:30,L06,0.5279,12.05,0.1955,20.219,28.39,76.08,WARNING,ventilation_failure
2026-01-01 08:27:35,L06,0.537,15.91,0.1629,20.195,28.55,76.36,WARNING,ventilation_failure
2026-01-01 08:27:40,L06,0.5697,16.77,0.1765,20.187,28.39,73.94,WARNING,ventilation_failure
2026-01-01 08:27:45,L06,0.5699,14.12,0.1737,20.128,28.86,75.83,WARNING,ventilation_failure
2026-01-01 08:27:50,L06,0.5739,17.8,0.1908,20.133,28.55,77.36,WARNING,ventilation_failure
2026-01-01 08:27:55,L06,0.5987,16.7,0.185,20.083,28.79,78.81,WARNING,ventilation_failure
2026-01-01 08:28:00,L06,0.6292,21.83,0.1985,20.008,29.06,77.4,WARNING,ventilation_failure
2026-01-01 08:28:05,L06,0.5998,14.31,0.1886,20.031,28.9,76.87,WARNING,ventilation_failure
2026-01-01 08:28:10,L06,0.6414,19.99,0.2139,19.969,28.87,76.69,WARNING,ventilation_failure
2026-01-01 08:28:15,L06,0.6826,17.7,0.2235,19.917,28.96,79.6,WARNING,ventilation_failure
2026-01-01 08:28:20,L06,0.6702,16.22,0.2155,19.906,29.63,78.74,WARNING,ventilation_failure
2026-01-01 08:28:25,L06,0.7172,18.22,0.2222,19.9,29.35,77.81,WARNING,ventilation_failure
2026-01-01 08:28:30,L06,0.7313,19.78,0.2268,19.848,29.52,78.66,WARNING,ventilation_failure
2026-01-01 08:28:35,L06,0.7252,21.28,0.2343,19.858,29.5,79.4,WARNING,ventilation_failure
2026-01-01 08:28:40,L06,0.7337,22.66,0.2374,19.804,29.93,79.92,WARNING,ventilation_failure
2026-01-01 08:28:45,L06,0.754,22.57,0.2486,19.756,29.78,79.1,DANGER,ventilation_failure
2026-01-01 08:28:50,L06,0.8144,19.35,0.2571,19.678,29.95,79.66,DANGER,ventilation_failure
2026-01-01 08:28:55,L06,0.8186,22.85,0.2455,19.672,30.18,79.16,DANGER,ventilation_failure
2026-01-01 08:29:00,L06,0.8085,22.1,0.2543,19.648,30.09,81.65,DANGER,ventilation_failure
2026-01-01 08:29:05,L06,0.8135,20.89,0.2688,19.635,30.34,80.88,DANGER,ventilation_failure
2026-01-01 08:29:10,L06,0.8405,21.91,0.255,19.602,30.7,81.85,DANGER,ventilation_failure
2026-01-01 08:29:15,L06,0.8585,21.52,0.2554,19.556,30.67,82.95,DANGER,ventilation_failure
2026-01-01 08:29:20,L06,0.8523,23.0,0.2778,19.523,30.74,82.32,DANGER,ventilation_failure
2026-01-01 08:29:25,L06,0.8882,22.2,0.2847,19.51,30.87,82.39,DANGER,ventilation_failure
2026-01-01 08:29:30,L06,0.9229,22.11,0.2798,19.431,30.9,82.96,DANGER,ventilation_failure
2026-01-01 08:29:35,L06,0.8922,24.73,0.2857,19.476,31.37,83.19,DANGER,ventilation_failure
2026-01-01 08:29:40,L06,0.9476,25.31,0.289,19.332,31.07,84.47,DANGER,ventilation_failure
2026-01-01 08:29:45,L06,0.9719,24.45,0.293,19.406,31.34,84.05,DANGER,ventilation_failure
2026-01-01 08:29:50,L06,0.959,27.14,0.3102,19.329,31.44,83.7,CRITICAL,ventilation_failure
2026-01-01 08:29:55,L06,1.0089,25.05,0.3,19.329,31.69,85.31,CRITICAL,ventilation_failure
2026-01-01 08:30:00,L06,0.9892,25.35,0.3121,19.278,31.82,85.79,CRITICAL,ventilation_failure
2026-01-01 08:30:05,L06,1.0222,27.15,0.3118,19.246,31.77,84.06,CRITICAL,ventilation_failure
2026-01-01 08:30:10,L06,1.0271,26.32,0.3122,19.221,31.94,86.69,CRITICAL,ventilation_failure
2026-01-01 08:30:15,L06,1.0432,27.0,0.3356,19.197,32.06,86.09,CRITICAL,ventilation_failure
2026-01-01 08:30:20,L06,1.0546,23.45,0.3292,19.131,31.79,86.36,DANGER,ventilation_failure
2026-01-01 08:30:25,L06,1.0904,27.61,0.3397,19.141,32.01,87.27,CRITICAL,ventilation_failure
2026-01-01 08:30:30,L06,1.1088,25.2,0.3309,19.046,32.27,86.34,CRITICAL,ventilation_failure
2026-01-01 08:30:35,L06,1.1112,26.47,0.3418,19.046,32.4,87.89,CRITICAL,ventilation_failure
2026-01-01 08:30:40,L06,1.1078,26.66,0.3586,19.04,32.42,87.16,CRITICAL,ventilation_failure
2026-01-01 08:30:45,L06,1.1503,27.45,0.378,19.013,32.83,86.61,CRITICAL,ventilation_failure
2026-01-01 08:30:50,L06,1.1667,28.55,0.3463,18.966,32.83,87.32,CRITICAL,ventilation_failure
2026-01-01 08:30:55,L06,1.1732,29.0,0.3653,18.909,32.92,88.91,CRITICAL,ventilation_failure
2026-01-01 08:31:00,L06,0.1578,4.88,0.0796,20.444,27.39,73.67,SAFE,fire_heat
2026-01-01 08:31:05,L06,0.1722,6.47,0.1067,20.423,27.91,73.02,SAFE,fire_heat
2026-01-01 08:31:10,L06,0.2007,9.08,0.0969,20.375,28.28,74.4,SAFE,fire_heat
2026-01-01 08:31:15,L06,0.178,8.36,0.0974,20.376,28.27,74.47,SAFE,fire_heat
2026-01-01 08:31:20,L06,0.1969,8.86,0.1182,20.349,28.41,74.49,SAFE,fire_heat
2026-01-01 08:31:25,L06,0.2154,8.98,0.1151,20.347,28.8,73.68,SAFE,fire_heat
2026-01-01 08:31:30,L06,0.2081,14.41,0.1176,20.312,29.05,73.11,SAFE,fire_heat
2026-01-01 08:31:35,L06,0.231,13.34,0.1278,20.333,29.15,73.87,SAFE,fire_heat
2026-01-01 08:31:40,L06,0.2529,12.3,0.1267,20.28,29.83,74.51,SAFE,fire_heat
2026-01-01 08:31:45,L06,0.2523,13.13,0.1297,20.307,29.68,74.61,SAFE,fire_heat
2026-01-01 08:31:50,L06,0.2885,17.93,0.1427,20.264,29.81,73.49,SAFE,fire_heat
2026-01-01 08:31:55,L06,0.2579,15.67,0.1413,20.296,30.2,74.12,SAFE,fire_heat
2026-01-01 08:32:00,L06,0.3091,21.17,0.1553,20.258,30.58,72.86,WARNING,fire_heat
2026-01-01 08:32:05,L06,0.3138,15.43,0.1638,20.275,30.67,74.74,WARNING,fire_heat
2026-01-01 08:32:10,L06,0.307,22.86,0.1736,20.287,30.98,73.36,WARNING,fire_heat
2026-01-01 08:32:15,L06,0.3134,22.63,0.1816,20.291,31.0,74.66,WARNING,fire_heat
2026-01-01 08:32:20,L06,0.3077,23.25,0.1751,20.155,31.59,73.15,WARNING,fire_heat
2026-01-01 08:32:25,L06,0.3387,23.97,0.1881,20.194,31.68,74.93,WARNING,fire_heat
2026-01-01 08:32:30,L06,0.378,28.24,0.1939,20.199,31.98,74.4,WARNING,fire_heat
2026-01-01 08:32:35,L06,0.3731,27.63,0.1983,20.21,32.11,73.56,WARNING,fire_heat
2026-01-01 08:32:40,L06,0.4031,26.39,0.1977,20.135,32.41,74.77,WARNING,fire_heat
2026-01-01 08:32:45,L06,0.388,26.33,0.1991,20.143,32.39,73.79,WARNING,fire_heat
2026-01-01 08:32:50,L06,0.4196,30.35,0.2171,20.165,32.68,74.9,WARNING,fire_heat
2026-01-01 08:32:55,L06,0.4099,31.25,0.2052,20.152,33.18,74.12,WARNING,fire_heat
2026-01-01 08:33:00,L06,0.4179,30.14,0.2225,20.149,33.45,73.0,WARNING,fire_heat
2026-01-01 08:33:05,L06,0.4425,33.5,0.21,20.139,33.27,73.63,WARNING,fire_heat
2026-01-01 08:33:10,L06,0.4458,33.9,0.2255,20.124,33.71,74.11,WARNING,fire_heat
2026-01-01 08:33:15,L06,0.4443,35.94,0.235,20.108,33.84,75.58,WARNING,fire_heat
2026-01-01 08:33:20,L06,0.4764,38.18,0.2566,20.092,34.03,75.25,WARNING,fire_heat
2026-01-01 08:33:25,L06,0.4924,40.5,0.2591,20.099,34.41,75.87,WARNING,fire_heat
2026-01-01 08:33:30,L06,0.5215,40.8,0.255,20.0,34.77,75.93,DANGER,fire_heat
2026-01-01 08:33:35,L06,0.5282,39.52,0.271,20.102,34.89,74.22,DANGER,fire_heat
2026-01-01 08:33:40,L06,0.5441,42.32,0.2781,19.978,35.01,74.53,DANGER,fire_heat
2026-01-01 08:33:45,L06,0.5483,43.03,0.2755,20.0,35.37,74.39,DANGER,fire_heat
2026-01-01 08:33:50,L06,0.5542,42.11,0.2715,20.014,35.47,74.22,DANGER,fire_heat
2026-01-01 08:33:55,L06,0.5424,45.87,0.2867,20.029,35.81,73.33,DANGER,fire_heat
2026-01-01 08:34:00,L06,0.5748,49.23,0.2934,19.907,36.19,74.83,DANGER,fire_heat
2026-01-01 08:34:05,L06,0.5932,47.66,0.2901,19.985,35.9,73.85,DANGER,fire_heat
2026-01-01 08:34:10,L06,0.6178,46.39,0.3087,19.998,36.56,74.89,CRITICAL,fire_heat
2026-01-01 08:34:15,L06,0.6179,50.0,0.3137,19.992,36.44,76.65,CRITICAL,fire_heat
2026-01-01 08:34:20,L06,0.6379,49.3,0.3209,19.929,37.09,74.58,CRITICAL,fire_heat
2026-01-01 08:34:25,L06,0.6155,53.59,0.3253,19.93,37.04,75.19,CRITICAL,fire_heat
2026-01-01 08:34:30,L06,0.6377,54.25,0.3347,19.908,37.18,75.79,CRITICAL,fire_heat
2026-01-01 08:34:35,L06,0.6608,54.37,0.3332,19.903,37.7,75.33,CRITICAL,fire_heat
2026-01-01 08:34:40,L06,0.6834,55.3,0.3421,19.873,37.88,75.38,CRITICAL,fire_heat
2026-01-01 08:34:45,L06,0.6755,56.65,0.3431,19.865,37.91,74.9,CRITICAL,fire_heat
2026-01-01 08:34:50,L06,0.6881,58.15,0.3474,19.893,38.1,75.04,CRITICAL,fire_heat
2026-01-01 08:34:55,L06,0.7113,58.15,0.3685,19.872,38.49,74.49,CRITICAL,fire_heat
2026-01-01 08:35:00,L06,0.6958,58.39,0.3473,19.871,38.57,75.98,CRITICAL,fire_heat
2026-01-01 08:35:05,L06,0.7485,63.35,0.3764,19.851,38.82,73.95,CRITICAL,fire_heat
2026-01-01 08:35:10,L06,0.7229,62.23,0.3702,19.854,39.23,76.16,CRITICAL,fire_heat
2026-01-01 08:35:15,L06,0.719,64.23,0.375,19.848,39.3,74.29,CRITICAL,fire_heat
2026-01-01 08:35:20,L06,0.7596,65.58,0.3889,19.758,39.74,76.23,CRITICAL,fire_heat
2026-01-01 08:35:25,L06,0.7966,66.8,0.3807,19.773,40.13,75.21,CRITICAL,fire_heat
2026-01-01 08:35:30,L06,0.7916,65.73,0.3918,19.78,40.11,74.55,CRITICAL,fire_heat
2026-01-01 08:35:35,L06,0.8057,66.14,0.3974,19.774,40.39,76.03,CRITICAL,fire_heat
2026-01-01 08:35:40,L06,0.8068,68.94,0.4082,19.743,40.9,76.35,CRITICAL,fire_heat
2026-01-01 08:35:45,L06,0.8156,71.59,0.4093,19.779,40.65,75.3,CRITICAL,fire_heat
2026-01-01 08:35:50,L06,0.8063,71.07,0.4343,19.799,41.24,76.26,CRITICAL,fire_heat
2026-01-01 08:35:55,L06,0.8073,72.8,0.4417,19.734,41.45,73.9,CRITICAL,fire_heat
2026-01-01 08:36:00,L06,0.8558,77.69,0.4169,19.719,41.65,74.71,CRITICAL,fire_heat
2026-01-01 08:36:05,L06,0.8842,72.9,0.4432,19.73,41.94,76.84,CRITICAL,fire_heat
2026-01-01 08:36:10,L06,0.101,5.89,0.0516,20.52,25.13,69.06,SAFE,combined_hazard
2026-01-01 08:36:15,L06,0.1259,6.05,0.0558,20.52,25.23,68.22,SAFE,combined_hazard
2026-01-01 08:36:20,L06,0.117,6.45,0.0584,20.476,25.59,69.47,SAFE,combined_hazard
2026-01-01 08:36:25,L06,0.1183,10.36,0.0763,20.526,25.85,69.52,SAFE,combined_hazard
2026-01-01 08:36:30,L06,0.1697,13.15,0.0774,20.427,25.86,69.2,SAFE,combined_hazard
2026-01-01 08:36:35,L06,0.168,13.19,0.0856,20.414,25.88,70.2,SAFE,combined_hazard
2026-01-01 08:36:40,L06,0.1824,12.9,0.0972,20.405,26.17,70.42,SAFE,combined_hazard
2026-01-01 08:36:45,L06,0.1852,13.48,0.1092,20.376,26.44,71.46,SAFE,combined_hazard
2026-01-01 08:36:50,L06,0.1998,16.54,0.1173,20.328,26.44,69.46,SAFE,combined_hazard
2026-01-01 08:36:55,L06,0.2361,19.07,0.1199,20.288,26.75,70.9,SAFE,combined_hazard
2026-01-01 08:37:00,L06,0.2526,18.62,0.1382,20.326,26.99,70.58,SAFE,combined_hazard
2026-01-01 08:37:05,L06,0.2639,20.2,0.1383,20.235,27.01,72.11,SAFE,combined_hazard
2026-01-01 08:37:10,L06,0.2785,26.3,0.1434,20.197,27.13,72.24,WARNING,combined_hazard
2026-01-01 08:37:15,L06,0.2895,25.12,0.1456,20.163,27.41,72.27,WARNING,combined_hazard
2026-01-01 08:37:20,L06,0.2973,26.66,0.1738,20.103,27.32,71.52,WARNING,combined_hazard
2026-01-01 08:37:25,L06,0.307,24.18,0.1747,20.152,27.46,73.02,WARNING,combined_hazard
2026-01-01 08:37:30,L06,0.3422,26.74,0.1849,20.029,27.72,71.31,WARNING,combined_hazard
2026-01-01 08:37:35,L06,0.3328,29.35,0.2002,20.072,27.84,71.37,WARNING,combined_hazard
2026-01-01 08:37:40,L06,0.3583,29.17,0.1967,20.038,27.95,71.96,WARNING,combined_hazard
2026-01-01 08:37:45,L06,0.3551,34.51,0.1981,20.084,28.51,73.17,WARNING,combined_hazard
2026-01-01 08:37:50,L06,0.3716,35.66,0.2183,19.934,28.71,73.97,WARNING,combined_hazard
2026-01-01 08:37:55,L06,0.3924,34.17,0.2289,19.934,28.49,71.27,WARNING,combined_hazard
2026-01-01 08:38:00,L06,0.3982,39.09,0.2329,19.93,28.72,74.93,WARNING,combined_hazard
2026-01-01 08:38:05,L06,0.4366,37.84,0.2555,19.9,28.83,74.2,WARNING,combined_hazard
2026-01-01 08:38:10,L06,0.4188,43.16,0.2324,19.862,29.18,73.07,WARNING,combined_hazard
2026-01-01 08:38:15,L06,0.4549,40.93,0.2699,19.848,29.37,74.62,WARNING,combined_hazard
2026-01-01 08:38:20,L06,0.4698,43.01,0.2759,19.785,29.06,75.64,WARNING,combined_hazard
2026-01-01 08:38:25,L06,0.455,45.68,0.2819,19.806,29.56,75.47,WARNING,combined_hazard
2026-01-01 08:38:30,L06,0.4899,46.93,0.2602,19.698,29.45,76.09,WARNING,combined_hazard
2026-01-01 08:38:35,L06,0.5147,47.22,0.3058,19.739,30.07,74.35,DANGER,combined_hazard
2026-01-01 08:38:40,L06,0.5317,47.67,0.2959,19.695,30.02,75.33,DANGER,combined_hazard
2026-01-01 08:38:45,L06,0.5366,50.09,0.3087,19.715,29.99,75.15,DANGER,combined_hazard
2026-01-01 08:38:50,L06,0.5642,49.53,0.32,19.71,30.24,77.48,DANGER,combined_hazard
2026-01-01 08:38:55,L06,0.5667,52.42,0.3333,19.62,30.39,76.84,DANGER,combined_hazard
2026-01-01 08:39:00,L06,0.583,51.96,0.3438,19.644,30.67,78.83,DANGER,combined_hazard
2026-01-01 08:39:05,L06,0.6009,52.39,0.3545,19.565,30.9,76.41,DANGER,combined_hazard
2026-01-01 08:39:10,L06,0.6254,56.57,0.3625,19.518,30.73,76.42,DANGER,combined_hazard
2026-01-01 08:39:15,L06,0.6157,59.82,0.3666,19.571,31.33,77.11,DANGER,combined_hazard
2026-01-01 08:39:20,L06,0.6329,60.75,0.3766,19.507,31.46,78.55,DANGER,combined_hazard
2026-01-01 08:39:25,L06,0.6446,60.67,0.3731,19.464,31.24,77.38,CRITICAL,combined_hazard
2026-01-01 08:39:30,L06,0.664,64.85,0.3845,19.457,31.54,78.0,CRITICAL,combined_hazard
2026-01-01 08:39:35,L06,0.7047,62.81,0.4063,19.417,31.94,78.2,CRITICAL,combined_hazard
2026-01-01 08:39:40,L06,0.7063,62.22,0.4145,19.379,32.03,78.38,CRITICAL,combined_hazard
2026-01-01 08:39:45,L06,0.6951,63.26,0.4222,19.313,31.95,78.05,CRITICAL,combined_hazard
2026-01-01 08:39:50,L06,0.7175,66.2,0.4209,19.317,32.28,78.68,CRITICAL,combined_hazard
2026-01-01 08:39:55,L06,0.7464,70.63,0.441,19.317,32.76,78.87,CRITICAL,combined_hazard
2026-01-01 08:40:00,L06,0.7416,69.88,0.433,19.267,32.49,79.24,CRITICAL,combined_hazard
2026-01-01 08:40:05,L06,0.7587,72.96,0.4596,19.27,32.53,80.22,CRITICAL,combined_hazard
2026-01-01 08:40:10,L06,0.8041,76.18,0.4575,19.226,32.81,81.1,CRITICAL,combined_hazard
2026-01-01 08:40:15,L06,0.7891,73.49,0.4817,19.161,32.98,79.24,CRITICAL,combined_hazard
2026-01-01 08:40:20,L06,0.827,77.29,0.4647,19.12,33.02,79.82,CRITICAL,combined_hazard
2026-01-01 08:40:25,L06,0.8459,78.82,0.4996,19.127,33.32,79.7,CRITICAL,combined_hazard
2026-01-01 08:40:30,L06,0.8304,78.15,0.4912,19.089,33.22,80.73,CRITICAL,combined_hazard
2026-01-01 08:40:35,L06,0.8425,82.91,0.4997,19.087,33.47,80.38,CRITICAL,combined_hazard
2026-01-01 08:40:40,L06,0.866,81.88,0.513,19.027,33.84,81.22,CRITICAL,combined_hazard
2026-01-01 08:40:45,L06,0.8682,83.17,0.5145,19.003,33.62,82.14,CRITICAL,combined_hazard
2026-01-01 08:40:50,L06,0.9007,88.35,0.5281,19.025,34.18,79.46,CRITICAL,combined_hazard
2026-01-01 08:40:55,L06,0.9102,87.4,0.5314,18.971,33.9,82.1,CRITICAL,combined_hazard
2026-01-01 08:41:00,L06,0.9331,89.44,0.5403,18.917,34.1,81.56,CRITICAL,combined_hazard
2026-01-01 08:41:05,L06,0.963,91.52,0.5585,18.911,34.44,82.52,CRITICAL,combined_hazard
2026-01-01 08:41:10,L06,0.9687,89.94,0.556,18.924,34.71,81.66,CRITICAL,combined_hazard
2026-01-01 08:41:15,L06,0.9781,94.23,0.5657,18.864,35.02,83.55,CRITICAL,combined_hazard
2026-01-01 08:41:20,L06,0.9557,93.04,0.5695,18.846,34.99,83.55,CRITICAL,combined_hazard
2026-01-01 08:41:25,L06,1.0062,94.41,0.5851,18.778,35.1,83.5,CRITICAL,combined_hazard
2026-01-01 08:41:30,L06,1.0397,96.25,0.6083,18.803,35.38,83.9,CRITICAL,combined_hazard
2026-01-01 08:41:35,L06,0.9831,97.16,0.5996,18.814,35.32,82.9,CRITICAL,combined_hazard
2026-01-01 08:00:00,L07,0.1717,2.79,0.0279,20.489,26.13,65.01,SAFE,normal
2026-01-01 08:00:05,L07,0.1885,4.79,0.0331,20.523,25.58,66.21,SAFE,normal
2026-01-01 08:00:10,L07,0.189,2.0,0.0471,20.494,25.71,66.17,SAFE,normal
2026-01-01 08:00:15,L07,0.1719,3.05,0.0292,20.501,26.02,66.28,SAFE,normal
2026-01-01 08:00:20,L07,0.1711,4.65,0.0569,20.497,26.01,66.01,SAFE,normal
2026-01-01 08:00:25,L07,0.1774,2.09,0.0356,20.489,26.08,66.1,SAFE,normal
2026-01-01 08:00:30,L07,0.2046,1.49,0.0339,20.575,25.91,65.84,SAFE,normal
2026-01-01 08:00:35,L07,0.1808,4.0,0.0461,20.465,26.33,67.24,SAFE,normal
2026-01-01 08:00:40,L07,0.1882,1.42,0.0644,20.462,26.08,66.46,SAFE,normal
2026-01-01 08:00:45,L07,0.1826,2.07,0.0332,20.501,25.92,67.91,SAFE,normal
2026-01-01 08:00:50,L07,0.2017,5.21,0.0491,20.459,26.09,67.1,SAFE,normal
2026-01-01 08:00:55,L07,0.1954,3.83,0.0558,20.466,25.98,66.58,SAFE,normal
2026-01-01 08:01:00,L07,0.1801,6.12,0.054,20.44,26.44,67.38,SAFE,normal
2026-01-01 08:01:05,L07,0.1827,2.44,0.0585,20.485,26.13,67.38,SAFE,normal
2026-01-01 08:01:10,L07,0.1693,4.17,0.0514,20.483,26.34,68.66,SAFE,normal
2026-01-01 08:01:15,L07,0.1888,4.97,0.0541,20.456,26.23,67.7,SAFE,normal
2026-01-01 08:01:20,L07,0.2152,2.67,0.0594,20.484,26.24,67.92,SAFE,normal
2026-01-01 08:01:25,L07,0.2252,6.03,0.0533,20.404,26.08,69.41,SAFE,normal
2026-01-01 08:01:30,L07,0.2177,5.31,0.0637,20.436,26.49,68.83,SAFE,normal
2026-01-01 08:01:35,L07,0.2178,2.19,0.0627,20.45,26.62,69.9,SAFE,normal
2026-01-01 08:01:40,L07,0.2096,4.6,0.0638,20.417,26.32,69.72,SAFE,normal
2026-01-01 08:01:45,L07,0.2252,5.3,0.0718,20.398,26.26,68.15,SAFE,normal
2026-01-01 08:01:50,L07,0.2199,3.89,0.0564,20.438,26.65,69.79,SAFE,normal
2026-01-01 08:01:55,L07,0.2447,2.61,0.0709,20.466,26.31,70.36,SAFE,normal
2026-01-01 08:02:00,L07,0.2182,5.31,0.093,20.481,26.78,70.51,SAFE,normal
2026-01-01 08:02:05,L07,0.2418,8.27,0.0675,20.424,26.49,70.22,SAFE,normal
2026-01-01 08:02:10,L07,0.2369,4.43,0.0882,20.46,26.49,70.35,SAFE,normal
2026-01-01 08:02:15,L07,0.2368,7.42,0.0801,20.454,26.73,69.47,SAFE,normal
2026-01-01 08:02:20,L07,0.1977,3.99,0.0765,20.469,26.57,69.19,SAFE,normal
2026-01-01 08:02:25,L07,0.2438,5.5,0.0725,20.42,26.65,69.72,SAFE,normal
2026-01-01 08:02:30,L07,0.23,6.4,0.0859,20.374,26.84,68.81,SAFE,normal
2026-01-01 08:02:35,L07,0.2273,5.28,0.0982,20.428,26.46,71.36,SAFE,normal
2026-01-01 08:02:40,L07,0.2137,4.91,0.0852,20.393,27.1,70.2,SAFE,normal
2026-01-01 08:02:45,L07,0.2379,6.5,0.0894,20.399,26.9,71.61,SAFE,normal
2026-01-01 08:02:50,L07,0.2406,8.31,0.0998,20.409,26.73,69.73,SAFE,normal
2026-01-01 08:02:55,L07,0.2226,5.98,0.0962,20.405,26.8,71.73,SAFE,normal
2026-01-01 08:03:00,L07,0.2221,4.81,0.0826,20.417,27.14,70.61,SAFE,normal
2026-01-01 08:03:05,L07,0.2535,5.36,0.0977,20.432,27.11,70.12,SAFE,normal
2026-01-01 08:03:10,L07,0.2613,9.48,0.1108,20.397,27.26,72.59,SAFE,normal
2026-01-01 08:03:15,L07,0.2531,5.96,0.1001,20.418,26.99,72.32,SAFE,normal
2026-01-01 08:03:20,L07,0.2696,4.93,0.0802,20.404,27.17,71.75,SAFE,normal
2026-01-01 08:03:25,L07,0.2531,4.16,0.107,20.429,27.22,71.75,SAFE,normal
2026-01-01 08:03:30,L07,0.2556,3.2,0.104,20.393,27.29,72.22,SAFE,normal
2026-01-01 08:03:35,L07,0.2447,6.54,0.0927,20.393,27.39,72.16,SAFE,normal
2026-01-01 08:03:40,L07,0.2371,7.03,0.0956,20.382,27.15,71.52,SAFE,normal
2026-01-01 08:03:45,L07,0.2904,5.52,0.1186,20.386,27.27,71.96,SAFE,normal
2026-01-01 08:03:50,L07,0.2815,6.15,0.1066,20.365,27.23,74.01,SAFE,normal
2026-01-01 08:03:55,L07,0.2457,4.47,0.107,20.359,27.34,74.72,SAFE,normal
2026-01-01 08:04:00,L07,0.271,6.48,0.1157,20.407,27.49,73.97,SAFE,normal
2026-01-01 08:04:05,L07,0.2692,7.06,0.1125,20.348,27.17,73.25,SAFE,normal
2026-01-01 08:04:10,L07,0.2686,5.6,0.1202,20.369,27.62,72.74,SAFE,normal
2026-01-01 08:04:15,L07,0.2686,8.99,0.1195,20.406,27.31,72.51,SAFE,normal
2026-01-01 08:04:20,L07,0.2825,5.26,0.1133,20.363,27.47,72.71,SAFE,normal
2026-01-01 08:04:25,L07,0.2911,7.0,0.1205,20.396,27.74,73.0,SAFE,normal
2026-01-01 08:04:30,L07,0.2869,7.91,0.1299,20.351,27.63,75.3,SAFE,normal
2026-01-01 08:04:35,L07,0.2811,6.58,0.1284,20.335,27.67,75.17,SAFE,normal
2026-01-01 08:04:40,L07,0.2826,6.47,0.1291,20.316,27.47,74.47,SAFE,normal
2026-01-01 08:04:45,L07,0.3011,4.66,0.147,20.401,27.52,73.24,SAFE,normal
2026-01-01 08:04:50,L07,0.296,8.9,0.1391,20.325,27.86,74.87,SAFE,normal
2026-01-01 08:04:55,L07,0.2922,6.67,0.1418,20.379,27.66,74.11,SAFE,normal
2026-01-01 08:05:00,L07,0.2926,7.79,0.1354,20.324,27.71,72.72,SAFE,normal
2026-01-01 08:05:05,L07,0.3004,8.05,0.1402,20.391,27.96,74.81,SAFE,normal
2026-01-01 08:05:10,L07,0.0733,3.05,0.0342,20.783,25.37,67.61,SAFE,methane_buildup
2026-01-01 08:05:15,L07,0.0833,4.24,0.0247,20.798,25.48,69.05,SAFE,methane_buildup
2026-01-01 08:05:20,L07,0.1022,4.75,0.0452,20.787,25.22,69.1,SAFE,methane_buildup
2026-01-01 08:05:25,L07,0.1151,3.18,0.0465,20.775,25.18,68.44,SAFE,methane_buildup
2026-01-01 08:05:30,L07,0.1481,3.22,0.0478,20.757,25.39,68.85,SAFE,methane_buildup
2026-01-01 08:05:35,L07,0.1398,3.69,0.0429,20.751,25.6,70.61,SAFE,methane_buildup
2026-01-01 08:05:40,L07,0.1538,2.73,0.0367,20.793,25.82,69.42,SAFE,methane_buildup
2026-01-01 08:05:45,L07,0.159,2.67,0.0385,20.791,25.45,71.3,SAFE,methane_buildup
2026-01-01 08:05:50,L07,0.1679,5.73,0.0583,20.681,26.1,68.37,SAFE,methane_buildup
2026-01-01 08:05:55,L07,0.1786,6.92,0.0586,20.618,25.95,69.47,SAFE,methane_buildup
2026-01-01 08:06:00,L07,0.1546,7.05,0.0493,20.691,26.2,68.77,SAFE,methane_buildup
2026-01-01 08:06:05,L07,0.1893,2.4,0.0453,20.666,25.93,69.16,SAFE,methane_buildup
2026-01-01 08:06:10,L07,0.2201,5.83,0.0615,20.678,26.2,69.58,SAFE,methane_buildup
2026-01-01 08:06:15,L07,0.2713,4.77,0.0461,20.642,26.2,70.62,SAFE,methane_buildup
2026-01-01 08:06:20,L07,0.2037,6.87,0.0546,20.621,26.38,70.7,SAFE,methane_buildup
2026-01-01 08:06:25,L07,0.2376,6.26,0.0647,20.64,26.28,70.06,SAFE,methane_buildup
2026-01-01 08:06:30,L07,0.2323,8.0,0.0484,20.631,26.45,68.94,SAFE,methane_buildup
2026-01-01 08:06:35,L07,0.2811,7.31,0.0628,20.537,26.61,72.03,SAFE,methane_buildup
2026-01-01 08:06:40,L07,0.2396,4.72,0.0615,20.541,26.41,70.74,SAFE,methane_buildup
2026-01-01 08:06:45,L07,0.2789,6.34,0.0581,20.549,26.61,70.19,SAFE,methane_buildup
2026-01-01 08:06:50,L07,0.2579,8.03,0.0516,20.542,26.36,71.43,SAFE,methane_buildup
2026-01-01 08:06:55,L07,0.2838,8.39,0.0549,20.518,26.81,71.49,SAFE,methane_buildup
2026-01-01 08:07:00,L07,0.2976,6.37,0.0642,20.525,27.06,71.19,SAFE,methane_buildup
2026-01-01 08:07:05,L07,0.3237,6.4,0.0516,20.528,26.65,71.69,SAFE,methane_buildup
2026-01-01 08:07:10,L07,0.3011,9.02,0.0651,20.536,26.89,70.77,SAFE,methane_buildup
2026-01-01 08:07:15,L07,0.3367,7.06,0.0696,20.488,27.1,72.42,SAFE,methane_buildup
2026-01-01 08:07:20,L07,0.3366,6.89,0.0742,20.432,27.03,71.13,SAFE,methane_buildup
2026-01-01 08:07:25,L07,0.35,8.95,0.0563,20.44,27.12,71.57,SAFE,methane_buildup
2026-01-01 08:07:30,L07,0.3698,9.12,0.0791,20.428,27.1,72.69,SAFE,methane_buildup
2026-01-01 08:07:35,L07,0.3457,8.76,0.0833,20.432,27.16,73.25,SAFE,methane_buildup
2026-01-01 08:07:40,L07,0.3867,9.25,0.0742,20.415,27.27,73.68,SAFE,methane_buildup
2026-01-01 08:07:45,L07,0.3755,10.55,0.0637,20.452,27.36,73.38,SAFE,methane_buildup
2026-01-01 08:07:50,L07,0.4101,9.68,0.0705,20.363,27.24,72.39,SAFE,methane_buildup
2026-01-01 08:07:55,L07,0.4082,11.09,0.0739,20.375,27.47,71.54,SAFE,methane_buildup
2026-01-01 08:08:00,L07,0.4096,10.65,0.0776,20.42,27.78,74.02,SAFE,methane_buildup
2026-01-01 08:08:05,L07,0.4134,11.7,0.0767,20.318,27.55,74.11,SAFE,methane_buildup
2026-01-01 08:08:10,L07,0.4442,12.99,0.0799,20.327,27.49,72.6,SAFE,methane_buildup
2026-01-01 08:08:15,L07,0.4603,13.16,0.0781,20.281,27.72,73.99,SAFE,methane_buildup
2026-01-01 08:08:20,L07,0.4429,14.06,0.082,20.298,27.7,73.11,SAFE,methane_buildup
2026-01-01 08:08:25,L07,0.4435,13.61,0.0774,20.259,27.67,74.7,SAFE,methane_buildup
2026-01-01 08:08:30,L07,0.4804,12.94,0.0795,20.3,27.96,73.2,SAFE,methane_buildup
2026-01-01 08:08:35,L07,0.4578,12.16,0.0787,20.259,27.89,75.32,SAFE,methane_buildup
2026-01-01 08:08:40,L07,0.4695,12.46,0.0998,20.213,27.97,74.48,SAFE,methane_buildup
2026-01-01 08:08:45,L07,0.4827,11.95,0.0973,20.253,28.15,75.41,SAFE,methane_buildup
2026-01-01 08:08:50,L07,0.502,13.51,0.0911,20.22,27.96,73.73,WARNING,methane_buildup
2026-01-01 08:08:55,L07,0.4977,14.77,0.0984,20.23,28.0,74.54,SAFE,methane_buildup
2026-01-01 08:09:00,L07,0.4982,12.87,0.0953,20.153,28.42,73.56,SAFE,methane_buildup
2026-01-01 08:09:05,L07,0.5198,14.13,0.0915,20.185,28.1,75.13,WARNING,methane_buildup
2026-01-01 08:09:10,L07,0.5561,13.39,0.0792,20.184,28.31,75.3,WARNING,methane_buildup
2026-01-01 08:09:15,L07,0.5369,14.95,0.0902,20.134,28.25,76.62,WARNING,methane_buildup
2026-01-01 08:09:20,L07,0.5604,14.04,0.0908,20.096,28.51,75.2,WARNING,methane_buildup
2026-01-01 08:09:25,L07,0.6043,13.99,0.0855,20.119,28.71,75.52,WARNING,methane_buildup
2026-01-01 08:09:30,L07,0.5839,14.3,0.0838,20.143,28.73,74.68,WARNING,methane_buildup
2026-01-01 08:09:35,L07,0.5993,16.31,0.1008,20.127,29.13,75.61,WARNING,methane_buildup
2026-01-01 08:09:40,L07,0.5895,15.63,0.1006,20.067,29.0,75.0,WARNING,methane_buildup
2026-01-01 08:09:45,L07,0.6457,15.37,0.0898,20.028,28.77,75.51,WARNING,methane_buildup
2026-01-01 08:09:50,L07,0.6147,16.63,0.0943,20.04,28.79,75.68,WARNING,methane_buildup
2026-01-01 08:09:55,L07,0.6289,15.84,0.1107,20.025,29.44,75.38,WARNING,methane_buildup
2026-01-01 08:10:00,L07,0.6617,18.38,0.0955,20.039,29.26,75.83,WARNING,methane_buildup
2026-01-01 08:10:05,L07,0.6487,15.46,0.105,20.009,29.25,75.6,WARNING,methane_buildup
2026-01-01 08:10:10,L07,0.6617,16.87,0.1032,19.976,29.24,75.72,WARNING,methane_buildup
2026-01-01 08:10:15,L07,0.6663,15.27,0.1099,20.018,29.33,77.0,WARNING,methane_buildup
2026-01-01 08:10:20,L07,0.0685,8.35,0.0945,20.758,27.45,67.13,SAFE,co_buildup
2026-01-01 08:10:25,L07,0.0707,8.71,0.106,20.694,27.51,68.65,SAFE,co_buildup
2026-01-01 08:10:30,L07,0.0714,9.33,0.1048,20.741,27.61,68.02,SAFE,co_buildup
2026-01-01 08:10:35,L07,0.0691,8.35,0.0994,20.699,27.57,67.23,SAFE,co_buildup
2026-01-01 08:10:40,L07,0.078,9.17,0.1073,20.752,27.39,69.95,SAFE,co_buildup
2026-01-01 08:10:45,L07,0.086,11.02,0.0908,20.679,27.58,68.7,SAFE,co_buildup
2026-01-01 08:10:50,L07,0.0654,11.15,0.0975,20.75,27.41,68.28,SAFE,co_buildup
2026-01-01 08:10:55,L07,0.084,13.53,0.1041,20.7,27.78,68.99,SAFE,co_buildup
2026-01-01 08:11:00,L07,0.08,14.28,0.1007,20.69,27.75,68.87,SAFE,co_buildup
2026-01-01 08:11:05,L07,0.0696,14.77,0.1006,20.708,27.82,69.14,SAFE,co_buildup
2026-01-01 08:11:10,L07,0.1001,10.94,0.0939,20.667,28.07,69.71,SAFE,co_buildup
2026-01-01 08:11:15,L07,0.0841,15.76,0.0876,20.695,27.87,71.46,SAFE,co_buildup
2026-01-01 08:11:20,L07,0.0733,16.25,0.1117,20.658,27.96,69.73,SAFE,co_buildup
2026-01-01 08:11:25,L07,0.091,17.51,0.1079,20.657,28.06,71.78,SAFE,co_buildup
2026-01-01 08:11:30,L07,0.0903,16.97,0.114,20.679,27.84,71.32,SAFE,co_buildup
2026-01-01 08:11:35,L07,0.121,16.96,0.1042,20.626,28.13,71.15,SAFE,co_buildup
2026-01-01 08:11:40,L07,0.1111,20.49,0.1028,20.616,27.85,71.62,SAFE,co_buildup
2026-01-01 08:11:45,L07,0.1328,20.1,0.1094,20.654,28.2,71.22,SAFE,co_buildup
2026-01-01 08:11:50,L07,0.1053,22.34,0.117,20.64,28.47,72.43,SAFE,co_buildup
2026-01-01 08:11:55,L07,0.1317,21.32,0.1092,20.639,28.47,72.04,SAFE,co_buildup
2026-01-01 08:12:00,L07,0.1645,25.29,0.1183,20.637,28.37,70.45,WARNING,co_buildup
2026-01-01 08:12:05,L07,0.1305,25.52,0.1046,20.622,28.52,72.21,WARNING,co_buildup
2026-01-01 08:12:10,L07,0.1413,25.3,0.1122,20.632,28.41,72.79,WARNING,co_buildup
2026-01-01 08:12:15,L07,0.142,25.38,0.1138,20.611,28.63,72.12,WARNING,co_buildup
2026-01-01 08:12:20,L07,0.1136,27.83,0.125,20.541,29.12,72.64,WARNING,co_buildup
2026-01-01 08:12:25,L07,0.1469,27.98,0.1177,20.542,29.02,72.24,WARNING,co_buildup
2026-01-01 08:12:30,L07,0.146,28.59,0.1308,20.646,28.81,71.82,WARNING,co_buildup
2026-01-01 08:12:35,L07,0.1408,30.64,0.1069,20.581,28.88,71.87,WARNING,co_buildup
2026-01-01 08:12:40,L07,0.1347,32.06,0.1196,20.603,28.77,72.07,WARNING,co_buildup
2026-01-01 08:12:45,L07,0.1616,28.89,0.1208,20.558,28.85,74.02,WARNING,co_buildup
2026-01-01 08:12:50,L07,0.1398,30.04,0.1252,20.56,29.08,71.68,WARNING,co_buildup
2026-01-01 08:12:55,L07,0.1897,31.29,0.1146,20.541,29.01,73.33,WARNING,co_buildup
2026-01-01 08:13:00,L07,0.1627,31.05,0.1354,20.623,29.28,73.44,WARNING,co_buildup
2026-01-01 08:13:05,L07,0.1458,34.05,0.1228,20.55,29.43,74.02,WARNING,co_buildup
2026-01-01 08:13:10,L07,0.1597,35.89,0.1149,20.519,29.31,72.95,WARNING,co_buildup
2026-01-01 08:13:15,L07,0.1665,35.8,0.1243,20.479,29.33,74.95,WARNING,co_buildup
2026-01-01 08:13:20,L07,0.2102,35.88,0.1227,20.581,29.12,73.79,WARNING,co_buildup
2026-01-01 08:13:25,L07,0.164,39.21,0.1484,20.511,29.54,75.91,WARNING,co_buildup
2026-01-01 08:13:30,L07,0.1787,38.58,0.1353,20.531,29.31,74.69,WARNING,co_buildup
2026-01-01 08:13:35,L07,0.1757,39.73,0.1282,20.528,29.48,75.31,WARNING,co_buildup
2026-01-01 08:13:40,L07,0.1945,41.79,0.1277,20.482,29.74,75.57,WARNING,co_buildup
2026-01-01 08:13:45,L07,0.1824,40.72,0.1371,20.51,29.81,75.96,WARNING,co_buildup
2026-01-01 08:13:50,L07,0.1764,44.84,0.1383,20.465,29.64,75.98,WARNING,co_buildup
2026-01-01 08:13:55,L07,0.1938,41.92,0.1078,20.447,29.71,75.8,WARNING,co_buildup
2026-01-01 08:14:00,L07,0.1955,46.43,0.1371,20.505,29.72,76.6,WARNING,co_buildup
2026-01-01 08:14:05,L07,0.1944,42.82,0.133,20.458,29.7,76.89,WARNING,co_buildup
2026-01-01 08:14:10,L07,0.1984,45.9,0.1231,20.472,29.85,76.1,WARNING,co_buildup
2026-01-01 08:14:15,L07,0.2276,45.0,0.1415,20.462,29.76,77.24,WARNING,co_buildup
2026-01-01 08:14:20,L07,0.2082,48.49,0.1533,20.463,30.16,78.04,WARNING,co_buildup
2026-01-01 08:14:25,L07,0.1993,46.94,0.1406,20.39,30.17,77.84,WARNING,co_buildup
2026-01-01 08:14:30,L07,0.2126,48.94,0.1458,20.413,30.25,78.21,WARNING,co_buildup
2026-01-01 08:14:35,L07,0.2236,48.37,0.1523,20.414,30.08,77.79,WARNING,co_buildup
2026-01-01 08:14:40,L07,0.206,51.59,0.132,20.392,30.1,77.1,WARNING,co_buildup
2026-01-01 08:14:45,L07,0.2537,50.05,0.1246,20.424,30.35,77.39,WARNING,co_buildup
2026-01-01 08:14:50,L07,0.2456,54.4,0.1456,20.44,30.41,78.48,WARNING,co_buildup
2026-01-01 08:14:55,L07,0.2573,51.23,0.1392,20.438,30.43,79.17,WARNING,co_buildup
2026-01-01 08:15:00,L07,0.245,51.55,0.131,20.381,30.47,80.83,WARNING,co_buildup
2026-01-01 08:15:05,L07,0.2109,55.84,0.1422,20.393,30.83,79.58,WARNING,co_buildup
2026-01-01 08:15:10,L07,0.2686,54.37,0.1495,20.391,30.69,78.05,WARNING,co_buildup
2026-01-01 08:15:15,L07,0.2359,56.09,0.1433,20.39,30.98,78.56,WARNING,co_buildup
2026-01-01 08:15:20,L07,0.2404,56.46,0.1391,20.338,30.93,81.18,WARNING,co_buildup
2026-01-01 08:15:25,L07,0.2577,55.82,0.1444,20.413,31.05,79.38,WARNING,co_buildup
2026-01-01 08:15:30,L07,0.0616,5.46,0.0684,20.808,25.94,68.35,SAFE,low_oxygen
2026-01-01 08:15:35,L07,0.065,4.42,0.0618,20.704,26.03,67.65,SAFE,low_oxygen
2026-01-01 08:15:40,L07,0.0783,7.42,0.0834,20.655,26.21,70.52,SAFE,low_oxygen
2026-01-01 08:15:45,L07,0.08,6.15,0.0834,20.705,26.3,68.69,SAFE,low_oxygen
2026-01-01 08:15:50,L07,0.0939,9.09,0.0834,20.707,25.81,70.47,SAFE,low_oxygen
2026-01-01 08:15:55,L07,0.1037,5.66,0.0893,20.642,26.3,70.31,SAFE,low_oxygen
2026-01-01 08:16:00,L07,0.0976,6.41,0.0856,20.665,26.28,71.67,SAFE,low_oxygen
2026-01-01 08:16:05,L07,0.1281,6.66,0.0917,20.614,26.65,70.31,SAFE,low_oxygen
2026-01-01 08:16:10,L07,0.1206,6.11,0.0935,20.584,26.63,71.3,SAFE,low_oxygen
2026-01-01 08:16:15,L07,0.1211,7.33,0.0928,20.589,26.77,70.2,SAFE,low_oxygen
2026-01-01 08:16:20,L07,0.1361,9.3,0.1101,20.528,26.55,70.31,SAFE,low_oxygen
2026-01-01 08:16:25,L07,0.1525,8.48,0.0923,20.512,26.91,72.64,SAFE,low_oxygen
2026-01-01 08:16:30,L07,0.1577,4.16,0.1255,20.518,27.21,71.04,SAFE,low_oxygen
2026-01-01 08:16:35,L07,0.1704,11.96,0.1166,20.474,27.35,72.59,SAFE,low_oxygen
2026-01-01 08:16:40,L07,0.1851,8.22,0.0984,20.51,27.34,73.89,SAFE,low_oxygen
2026-01-01 08:16:45,L07,0.1988,12.04,0.1139,20.451,27.12,73.98,SAFE,low_oxygen
2026-01-01 08:16:50,L07,0.1911,11.6,0.1173,20.426,27.61,73.15,SAFE,low_oxygen
2026-01-01 08:16:55,L07,0.1783,15.13,0.1248,20.383,27.62,72.72,SAFE,low_oxygen
2026-01-01 08:17:00,L07,0.1979,13.86,0.1168,20.388,27.58,74.7,SAFE,low_oxygen
2026-01-01 08:17:05,L07,0.1945,12.01,0.128,20.329,27.39,75.67,SAFE,low_oxygen
2026-01-01 08:17:10,L07,0.2426,12.11,0.1298,20.325,27.93,74.37,SAFE,low_oxygen
2026-01-01 08:17:15,L07,0.2545,15.82,0.1279,20.266,27.79,74.57,SAFE,low_oxygen
2026-01-01 08:17:20,L07,0.242,11.76,0.1298,20.302,28.02,75.09,SAFE,low_oxygen
2026-01-01 08:17:25,L07,0.2527,14.66,0.1471,20.257,28.07,76.28,SAFE,low_oxygen
2026-01-01 08:17:30,L07,0.2512,14.58,0.1292,20.285,28.39,77.11,SAFE,low_oxygen
2026-01-01 08:17:35,L07,0.2605,14.66,0.1496,20.274,28.23,75.44,SAFE,low_oxygen
2026-01-01 08:17:40,L07,0.2386,16.11,0.1552,20.202,28.34,75.53,WARNING,low_oxygen
2026-01-01 08:17:45,L07,0.269,16.27,0.1501,20.159,28.67,78.91,WARNING,low_oxygen
2026-01-01 08:17:50,L07,0.2645,17.07,0.1553,20.106,28.43,77.2,WARNING,low_oxygen
2026-01-01 08:17:55,L07,0.2895,16.99,0.1672,20.138,28.74,77.85,WARNING,low_oxygen
2026-01-01 08:18:00,L07,0.292,17.82,0.1553,20.095,28.68,77.4,WARNING,low_oxygen
2026-01-01 08:18:05,L07,0.3297,17.73,0.1591,20.082,28.65,78.65,WARNING,low_oxygen
2026-01-01 08:18:10,L07,0.3218,17.0,0.163,20.095,28.89,79.33,WARNING,low_oxygen
2026-01-01 08:18:15,L07,0.3199,18.4,0.1793,19.996,29.09,79.1,WARNING,low_oxygen
2026-01-01 08:18:20,L07,0.3192,17.73,0.1833,19.97,29.28,80.56,WARNING,low_oxygen
2026-01-01 08:18:25,L07,0.3559,18.03,0.1648,19.968,29.39,79.21,WARNING,low_oxygen
2026-01-01 08:18:30,L07,0.3379,19.1,0.187,19.977,29.22,79.57,WARNING,low_oxygen
2026-01-01 08:18:35,L07,0.3509,19.83,0.1886,19.946,29.21,80.27,WARNING,low_oxygen
2026-01-01 08:18:40,L07,0.3541,20.46,0.1974,19.88,29.4,80.76,WARNING,low_oxygen
2026-01-01 08:18:45,L07,0.355,22.18,0.1911,19.906,29.36,80.87,WARNING,low_oxygen
2026-01-01 08:18:50,L07,0.3692,20.46,0.1907,19.825,29.6,79.97,WARNING,low_oxygen
2026-01-01 08:18:55,L07,0.3468,21.91,0.2032,19.813,29.67,81.55,WARNING,low_oxygen
2026-01-01 08:19:00,L07,0.3606,22.19,0.2027,19.812,29.93,81.31,WARNING,low_oxygen
2026-01-01 08:19:05,L07,0.3966,21.51,0.2181,19.776,29.58,81.44,WARNING,low_oxygen
2026-01-01 08:19:10,L07,0.4225,22.93,0.2108,19.797,29.89,82.24,WARNING,low_oxygen
2026-01-01 08:19:15,L07,0.4118,24.73,0.2074,19.756,29.99,81.75,WARNING,low_oxygen
2026-01-01 08:19:20,L07,0.4033,23.91,0.1997,19.777,30.36,81.91,WARNING,low_oxygen
2026-01-01 08:19:25,L07,0.4001,24.37,0.2075,19.694,30.11,81.04,WARNING,low_oxygen
2026-01-01 08:19:30,L07,0.4411,23.37,0.2037,19.675,30.41,84.83,WARNING,low_oxygen
2026-01-01 08:19:35,L07,0.4284,27.79,0.2165,19.692,30.44,84.18,WARNING,low_oxygen
2026-01-01 08:19:40,L07,0.4541,24.26,0.2286,19.631,30.71,83.95,WARNING,low_oxygen
2026-01-01 08:19:45,L07,0.4579,23.14,0.2242,19.655,30.74,83.81,WARNING,low_oxygen
2026-01-01 08:19:50,L07,0.4668,27.33,0.2354,19.604,30.76,82.35,WARNING,low_oxygen
2026-01-01 08:19:55,L07,0.4677,26.27,0.2329,19.495,30.75,84.37,DANGER,low_oxygen
2026-01-01 08:20:00,L07,0.4805,26.39,0.23,19.578,30.65,85.83,WARNING,low_oxygen
2026-01-01 08:20:05,L07,0.4805,26.43,0.237,19.547,31.05,86.32,WARNING,low_oxygen
2026-01-01 08:20:10,L07,0.4804,30.46,0.2431,19.525,31.19,86.38,WARNING,low_oxygen
2026-01-01 08:20:15,L07,0.483,28.58,0.2434,19.417,30.97,86.3,DANGER,low_oxygen
2026-01-01 08:20:20,L07,0.4693,29.28,0.2465,19.431,31.11,87.52,DANGER,low_oxygen
2026-01-01 08:20:25,L07,0.5099,29.1,0.2422,19.411,31.42,86.52,DANGER,low_oxygen
2026-01-01 08:20:30,L07,0.543,29.67,0.2479,19.381,31.53,87.95,DANGER,low_oxygen
2026-01-01 08:20:35,L07,0.5388,31.76,0.2724,19.435,31.42,87.08,DANGER,low_oxygen
2026-01-01 08:20:40,L07,0.0908,2.68,0.0875,20.514,25.81,68.79,SAFE,co2_buildup
2026-01-01 08:20:45,L07,0.0814,2.83,0.0808,20.551,25.5,68.58,SAFE,co2_buildup
2026-01-01 08:20:50,L07,0.0849,5.6,0.0785,20.486,25.97,70.09,SAFE,co2_buildup
2026-01-01 08:20:55,L07,0.0975,2.26,0.0996,20.511,26.11,70.97,SAFE,co2_buildup
2026-01-01 08:21:00,L07,0.1446,1.9,0.1017,20.48,26.15,69.54,SAFE,co2_buildup
2026-01-01 08:21:05,L07,0.1141,4.78,0.1019,20.457,26.53,70.3,SAFE,co2_buildup
2026-01-01 08:21:10,L07,0.1451,3.47,0.1216,20.452,26.38,69.94,SAFE,co2_buildup
2026-01-01 08:21:15,L07,0.1258,3.85,0.1245,20.446,26.43,70.38,SAFE,co2_buildup
2026-01-01 08:21:20,L07,0.1524,7.14,0.1356,20.447,26.17,68.96,SAFE,co2_buildup
2026-01-01 08:21:25,L07,0.1589,7.91,0.133,20.402,26.42,69.62,SAFE,co2_buildup
2026-01-01 08:21:30,L07,0.1659,8.1,0.151,20.378,26.47,70.44,SAFE,co2_buildup
2026-01-01 08:21:35,L07,0.1637,8.89,0.1435,20.433,26.48,71.21,SAFE,co2_buildup
2026-01-01 08:21:40,L07,0.1849,9.41,0.1544,20.432,26.54,69.7,SAFE,co2_buildup
2026-01-01 08:21:45,L07,0.1761,4.67,0.1661,20.419,26.46,68.85,SAFE,co2_buildup
2026-01-01 08:21:50,L07,0.2024,8.86,0.1889,20.393,26.6,70.19,SAFE,co2_buildup
2026-01-01 08:21:55,L07,0.1587,7.71,0.1882,20.403,26.98,71.51,SAFE,co2_buildup
2026-01-01 08:22:00,L07,0.1945,7.7,0.1975,20.393,26.89,69.55,SAFE,co2_buildup
2026-01-01 08:22:05,L07,0.1998,9.98,0.2072,20.387,26.9,70.0,SAFE,co2_buildup
2026-01-01 08:22:10,L07,0.1878,6.86,0.2317,20.329,27.04,71.18,SAFE,co2_buildup
2026-01-01 08:22:15,L07,0.2168,7.15,0.2101,20.314,27.28,71.08,SAFE,co2_buildup
2026-01-01 08:22:20,L07,0.192,11.04,0.2281,20.327,27.16,71.76,WARNING,co2_buildup
2026-01-01 08:22:25,L07,0.2108,11.14,0.2318,20.329,27.31,70.42,WARNING,co2_buildup
2026-01-01 08:22:30,L07,0.1969,10.93,0.2387,20.314,27.16,71.26,WARNING,co2_buildup
2026-01-01 08:22:35,L07,0.2566,9.72,0.2519,20.257,27.26,72.59,SAFE,co2_buildup
2026-01-01 08:22:40,L07,0.236,12.48,0.2413,20.356,27.47,70.79,WARNING,co2_buildup
2026-01-01 08:22:45,L07,0.2782,12.7,0.2476,20.288,27.76,73.05,WARNING,co2_buildup
2026-01-01 08:22:50,L07,0.2641,12.13,0.2611,20.293,27.75,71.13,WARNING,co2_buildup
2026-01-01 08:22:55,L07,0.265,10.55,0.2641,20.317,27.69,72.78,WARNING,co2_buildup
2026-01-01 08:23:00,L07,0.2558,12.0,0.275,20.201,27.68,71.91,WARNING,co2_buildup
2026-01-01 08:23:05,L07,0.2551,14.21,0.292,20.247,27.93,71.41,WARNING,co2_buildup
2026-01-01 08:23:10,L07,0.285,15.26,0.2826,20.242,27.91,72.05,WARNING,co2_buildup
2026-01-01 08:23:15,L07,0.2823,13.1,0.291,20.236,27.5,72.99,WARNING,co2_buildup
2026-01-01 08:23:20,L07,0.2696,13.53,0.3018,20.232,27.75,72.67,WARNING,co2_buildup
2026-01-01 08:23:25,L07,0.2732,13.98,0.3055,20.272,28.02,73.69,WARNING,co2_buildup
2026-01-01 08:23:30,L07,0.2878,14.95,0.299,20.241,27.77,74.06,WARNING,co2_buildup
2026-01-01 08:23:35,L07,0.3358,13.99,0.3166,20.241,27.96,72.08,WARNING,co2_buildup
2026-01-01 08:23:40,L07,0.3479,10.83,0.3337,20.205,28.05,72.13,WARNING,co2_buildup
2026-01-01 08:23:45,L07,0.3241,17.28,0.3467,20.153,28.18,72.21,WARNING,co2_buildup
2026-01-01 08:23:50,L07,0.3295,18.5,0.3329,20.124,28.24,72.65,WARNING,co2_buildup
2026-01-01 08:23:55,L07,0.3285,15.21,0.3398,20.133,28.3,74.37,WARNING,co2_buildup
2026-01-01 08:24:00,L07,0.3258,14.85,0.3563,20.181,28.53,74.05,WARNING,co2_buildup
2026-01-01 08:24:05,L07,0.3667,16.56,0.3464,20.163,28.43,73.28,WARNING,co2_buildup
2026-01-01 08:24:10,L07,0.3805,16.8,0.3665,20.147,28.48,73.82,WARNING,co2_buildup
2026-01-01 08:24:15,L07,0.3453,18.89,0.3631,20.134,28.39,75.07,WARNING,co2_buildup
2026-01-01 08:24:20,L07,0.3637,17.8,0.3949,20.197,28.81,75.59,WARNING,co2_buildup
2026-01-01 08:24:25,L07,0.3645,16.85,0.3848,20.103,28.62,74.39,WARNING,co2_buildup
2026-01-01 08:24:30,L07,0.3712,16.38,0.4111,20.147,28.62,72.17,WARNING,co2_buildup
2026-01-01 08:24:35,L07,0.4015,19.97,0.4138,20.111,28.88,74.65,WARNING,co2_buildup
2026-01-01 08:24:40,L07,0.3703,19.89,0.4066,20.101,28.79,75.28,WARNING,co2_buildup
2026-01-01 08:24:45,L07,0.4033,20.9,0.4102,20.13,28.89,74.82,WARNING,co2_buildup
2026-01-01 08:24:50,L07,0.4135,18.17,0.4242,20.13,29.07,75.34,WARNING,co2_buildup
2026-01-01 08:24:55,L07,0.4067,22.7,0.4319,20.07,29.05,75.16,WARNING,co2_buildup
2026-01-01 08:25:00,L07,0.4285,17.64,0.4424,20.093,29.5,74.0,WARNING,co2_buildup
2026-01-01 08:25:05,L07,0.4236,21.64,0.4404,20.072,29.21,74.4,WARNING,co2_buildup
2026-01-01 08:25:10,L07,0.4459,18.03,0.4596,20.052,29.37,74.97,WARNING,co2_buildup
2026-01-01 08:25:15,L07,0.4111,20.03,0.4627,20.05,29.05,76.19,WARNING,co2_buildup
2026-01-01 08:25:20,L07,0.435,23.87,0.4648,20.015,29.28,74.84,WARNING,co2_buildup
2026-01-01 08:25:25,L07,0.4454,23.1,0.4688,20.018,29.31,75.94,WARNING,co2_buildup
2026-01-01 08:25:30,L07,0.4127,21.35,0.48,20.001,29.39,75.93,WARNING,co2_buildup
2026-01-01 08:25:35,L07,0.4427,21.71,0.4819,20.037,29.66,77.07,WARNING,co2_buildup
2026-01-01 08:25:40,L07,0.4531,22.95,0.4959,19.999,29.81,75.88,WARNING,co2_buildup
2026-01-01 08:25:45,L07,0.4858,23.89,0.5031,19.954,29.77,74.63,DANGER,co2_buildup
2026-01-01 08:25:50,L07,0.1446,3.32,0.0753,20.669,25.8,75.79,SAFE,ventilation_failure
2026-01-01 08:25:55,L07,0.1636,2.36,0.0826,20.654,25.95,75.64,SAFE,ventilation_failure
2026-01-01 08:26:00,L07,0.1726,2.67,0.0939,20.634,26.1,74.57,SAFE,ventilation_failure
2026-01-01 08:26:05,L07,0.2123,3.36,0.1002,20.603,26.24,74.91,SAFE,ventilation_failure
2026-01-01 08:26:10,L07,0.185,3.07,0.0818,20.566,26.46,75.51,SAFE,ventilation_failure
2026-01-01 08:26:15,L07,0.2294,5.12,0.1054,20.547,26.62,75.93,SAFE,ventilation_failure
2026-01-01 08:26:20,L07,0.2249,3.57,0.1241,20.507,26.43,75.09,SAFE,ventilation_failure
2026-01-01 08:26:25,L07,0.2527,2.98,0.1159,20.509,26.98,75.75,SAFE,ventilation_failure
2026-01-01 08:26:30,L07,0.2697,6.68,0.1349,20.468,26.99,75.95,SAFE,ventilation_failure
2026-01-01 08:26:35,L07,0.2587,6.92,0.1298,20.456,27.46,76.88,SAFE,ventilation_failure
2026-01-01 08:26:40,L07,0.2641,6.56,0.14,20.456,27.14,76.57,SAFE,ventilation_failure
2026-01-01 08:26:45,L07,0.2813,6.03,0.1359,20.38,27.33,74.88,SAFE,ventilation_failure
2026-01-01 08:26:50,L07,0.2903,8.92,0.1426,20.395,27.57,76.03,SAFE,ventilation_failure
2026-01-01 08:26:55,L07,0.2783,7.54,0.1636,20.353,27.81,75.58,SAFE,ventilation_failure
2026-01-01 08:27:00,L07,0.3378,9.35,0.1713,20.388,27.6,76.89,SAFE,ventilation_failure
2026-01-01 08:27:05,L07,0.3297,12.74,0.1708,20.297,27.91,77.3,WARNING,ventilation_failure
2026-01-01 08:27:10,L07,0.32,11.6,0.1672,20.3,28.27,76.76,WARNING,ventilation_failure
2026-01-01 08:27:15,L07,0.3178,9.11,0.1837,20.255,28.18,76.58,SAFE,ventilation_failure
2026-01-01 08:27:20,L07,0.3254,9.78,0.1999,20.188,28.67,76.97,SAFE,ventilation_failure
2026-01-01 08:27:25,L07,0.3833,12.46,0.2101,20.19,28.54,77.2,WARNING,ventilation_failure
2026-01-01 08:27:30,L07,0.3738,10.7,0.2001,20.207,28.62,76.63,WARNING,ventilation_failure
2026-01-01 08:27:35,L07,0.3877,10.3,0.1957,20.143,28.99,76.29,WARNING,ventilation_failure
2026-01-01 08:27:40,L07,0.4133,14.63,0.2221,20.065,29.28,75.74,WARNING,ventilation_failure
2026-01-01 08:27:45,L07,0.4097,14.85,0.2196,20.106,29.25,78.51,WARNING,ventilation_failure
2026-01-01 08:27:50,L07,0.437,15.58,0.2357,20.05,29.52,78.01,WARNING,ventilation_failure
2026-01-01 08:27:55,L07,0.4417,15.83,0.2368,20.062,29.72,78.03,WARNING,ventilation_failure
2026-01-01 08:28:00,L07,0.4504,15.88,0.2339,20.08,29.48,78.87,WARNING,ventilation_failure
2026-01-01 08:28:05,L07,0.4395,15.52,0.2478,20.032,29.9,76.97,WARNING,ventilation_failure
2026-01-01 08:28:10,L07,0.4623,17.82,0.2642,20.031,29.68,76.7,WARNING,ventilation_failure
2026-01-01 08:28:15,L07,0.495,19.87,0.259,19.943,30.11,78.51,WARNING,ventilation_failure
2026-01-01 08:28:20,L07,0.4872,17.36,0.2583,19.931,30.18,78.56,WARNING,ventilation_failure
2026-01-01 08:28:25,L07,0.5269,17.12,0.2603,19.88,30.52,77.06,WARNING,ventilation_failure
2026-01-01 08:28:30,L07,0.5555,17.48,0.2732,19.866,30.65,78.85,WARNING,ventilation_failure
2026-01-01 08:28:35,L07,0.5416,18.42,0.2825,19.834,30.71,78.36,WARNING,ventilation_failure
2026-01-01 08:28:40,L07,0.5655,20.56,0.2987,19.799,30.81,78.15,WARNING,ventilation_failure
2026-01-01 08:28:45,L07,0.5654,17.58,0.2896,19.854,30.99,78.65,WARNING,ventilation_failure
2026-01-01 08:28:50,L07,0.558,21.98,0.3174,19.726,31.06,77.08,DANGER,ventilation_failure
2026-01-01 08:28:55,L07,0.5804,22.82,0.3007,19.805,31.19,78.68,DANGER,ventilation_failure
2026-01-01 08:29:00,L07,0.6191,19.69,0.3364,19.777,31.56,78.7,DANGER,ventilation_failure
2026-01-01 08:29:05,L07,0.5924,21.46,0.338,19.73,31.72,79.83,DANGER,ventilation_failure
2026-01-01 08:29:10,L07,0.5961,23.58,0.3317,19.657,31.61,79.38,DANGER,ventilation_failure
2026-01-01 08:29:15,L07,0.6061,23.78,0.3238,19.619,31.81,80.13,DANGER,ventilation_failure
2026-01-01 08:29:20,L07,0.6313,25.31,0.3429,19.625,31.93,77.7,DANGER,ventilation_failure
2026-01-01 08:29:25,L07,0.631,24.85,0.3467,19.636,31.82,79.19,DANGER,ventilation_failure
2026-01-01 08:29:30,L07,0.6825,27.5,0.346,19.593,32.15,80.42,DANGER,ventilation_failure
2026-01-01 08:29:35,L07,0.6721,25.65,0.3649,19.537,32.59,79.85,DANGER,ventilation_failure
2026-01-01 08:29:40,L07,0.6949,25.19,0.3624,19.578,32.38,80.89,DANGER,ventilation_failure
2026-01-01 08:29:45,L07,0.6872,25.61,0.3696,19.57,32.95,78.89,DANGER,ventilation_failure
2026-01-01 08:29:50,L07,0.686,28.84,0.3801,19.488,32.95,81.03,CRITICAL,ventilation_failure
2026-01-01 08:29:55,L07,0.6949,28.32,0.3835,19.473,32.98,80.05,CRITICAL,ventilation_failure
2026-01-01 08:30:00,L07,0.7124,29.76,0.4112,19.4,33.15,80.09,CRITICAL,ventilation_failure
2026-01-01 08:30:05,L07,0.7427,30.26,0.3967,19.409,33.07,81.59,CRITICAL,ventilation_failure
2026-01-01 08:30:10,L07,0.7567,26.85,0.4109,19.412,33.31,81.85,CRITICAL,ventilation_failure
2026-01-01 08:30:15,L07,0.7693,28.7,0.4149,19.383,33.71,81.86,CRITICAL,ventilation_failure
2026-01-01 08:30:20,L07,0.7494,29.42,0.423,19.332,33.55,82.78,CRITICAL,ventilation_failure
2026-01-01 08:30:25,L07,0.7831,30.26,0.43,19.315,33.94,82.29,CRITICAL,ventilation_failure
2026-01-01 08:30:30,L07,0.7792,31.39,0.44,19.285,33.72,80.75,CRITICAL,ventilation_failure
2026-01-01 08:30:35,L07,0.812,34.05,0.4415,19.266,33.89,81.62,CRITICAL,ventilation_failure
2026-01-01 08:30:40,L07,0.8246,34.88,0.4475,19.262,34.5,81.34,CRITICAL,ventilation_failure
2026-01-01 08:30:45,L07,0.8113,33.18,0.4526,19.166,34.36,83.37,CRITICAL,ventilation_failure
2026-01-01 08:30:50,L07,0.8548,33.78,0.4574,19.198,34.42,82.75,CRITICAL,ventilation_failure
2026-01-01 08:30:55,L07,0.8868,33.63,0.4576,19.187,34.85,81.83,CRITICAL,ventilation_failure
2026-01-01 08:31:00,L07,0.0282,5.87,0.0325,20.396,26.03,79.4,SAFE,fire_heat
2026-01-01 08:31:05,L07,0.072,3.89,0.0288,20.368,26.49,77.32,SAFE,fire_heat
2026-01-01 08:31:10,L07,0.0805,4.16,0.0477,20.41,26.52,78.27,SAFE,fire_heat
2026-01-01 08:31:15,L07,0.0804,7.91,0.0553,20.395,26.96,77.88,SAFE,fire_heat
2026-01-01 08:31:20,L07,0.0775,8.34,0.0578,20.345,27.39,75.5,SAFE,fire_heat
2026-01-01 08:31:25,L07,0.068,6.04,0.0525,20.357,27.74,79.12,SAFE,fire_heat
2026-01-01 08:31:30,L07,0.0763,11.35,0.0514,20.229,27.83,78.2,SAFE,fire_heat
2026-01-01 08:31:35,L07,0.0858,14.7,0.0671,20.341,28.19,77.01,SAFE,fire_heat
2026-01-01 08:31:40,L07,0.1036,8.75,0.0694,20.28,28.78,77.56,SAFE,fire_heat
2026-01-01 08:31:45,L07,0.1299,11.93,0.0693,20.272,29.04,76.63,SAFE,fire_heat
2026-01-01 08:31:50,L07,0.1364,10.66,0.0847,20.242,29.21,78.98,SAFE,fire_heat
2026-01-01 08:31:55,L07,0.1024,15.96,0.0738,20.276,29.15,76.76,SAFE,fire_heat
2026-01-01 08:32:00,L07,0.1235,18.7,0.0752,20.186,30.17,77.04,SAFE,fire_heat
2026-01-01 08:32:05,L07,0.1298,18.52,0.0773,20.245,30.09,76.84,SAFE,fire_heat
2026-01-01 08:32:10,L07,0.1093,21.59,0.0712,20.196,30.36,77.45,SAFE,fire_heat
2026-01-01 08:32:15,L07,0.1625,21.89,0.0922,20.187,30.63,78.45,SAFE,fire_heat
2026-01-01 08:32:20,L07,0.157,24.34,0.0893,20.141,31.08,78.75,SAFE,fire_heat
2026-01-01 08:32:25,L07,0.1657,24.67,0.0975,20.095,31.38,76.97,SAFE,fire_heat
2026-01-01 08:32:30,L07,0.1943,23.46,0.1114,20.146,31.78,77.56,SAFE,fire_heat
2026-01-01 08:32:35,L07,0.1821,25.31,0.0967,20.111,31.8,77.29,WARNING,fire_heat
2026-01-01 08:32:40,L07,0.181,25.05,0.0844,20.125,32.2,76.4,WARNING,fire_heat
2026-01-01 08:32:45,L07,0.2027,27.15,0.1102,20.062,32.86,79.1,WARNING,fire_heat
2026-01-01 08:32:50,L07,0.2168,28.73,0.1109,20.039,32.9,78.21,WARNING,fire_heat
2026-01-01 08:32:55,L07,0.212,29.65,0.1069,20.076,33.14,77.24,WARNING,fire_heat
2026-01-01 08:33:00,L07,0.2246,32.94,0.1192,20.075,33.34,78.32,WARNING,fire_heat
2026-01-01 08:33:05,L07,0.2188,31.57,0.1255,20.002,33.86,77.99,WARNING,fire_heat
2026-01-01 08:33:10,L07,0.2264,31.81,0.1149,19.962,34.25,77.06,WARNING,fire_heat
2026-01-01 08:33:15,L07,0.2361,33.04,0.1233,19.992,34.53,77.22,WARNING,fire_heat
2026-01-01 08:33:20,L07,0.2298,36.47,0.1407,19.944,34.67,78.14,WARNING,fire_heat
2026-01-01 08:33:25,L07,0.2392,34.53,0.1264,19.953,35.07,76.14,DANGER,fire_heat
2026-01-01 08:33:30,L07,0.2751,37.47,0.1359,19.91,35.57,78.2,DANGER,fire_heat
2026-01-01 08:33:35,L07,0.2913,40.91,0.1176,19.948,35.79,76.65,DANGER,fire_heat
2026-01-01 08:33:40,L07,0.2917,40.5,0.13,19.864,35.82,78.01,DANGER,fire_heat
2026-01-01 08:33:45,L07,0.2547,41.09,0.1463,19.883,35.86,76.76,DANGER,fire_heat
2026-01-01 08:33:50,L07,0.26,42.29,0.1581,19.837,36.59,77.0,DANGER,fire_heat
2026-01-01 08:33:55,L07,0.2701,41.94,0.1406,19.826,36.98,76.67,DANGER,fire_heat
2026-01-01 08:34:00,L07,0.2967,43.34,0.1554,19.806,37.0,76.24,DANGER,fire_heat
2026-01-01 08:34:05,L07,0.2592,45.48,0.155,19.824,37.47,76.41,DANGER,fire_heat
2026-01-01 08:34:10,L07,0.2992,47.32,0.1688,19.812,37.74,77.7,DANGER,fire_heat
2026-01-01 08:34:15,L07,0.3359,49.48,0.1547,19.785,38.1,74.71,DANGER,fire_heat
2026-01-01 08:34:20,L07,0.3362,49.34,0.1711,19.748,38.31,75.54,DANGER,fire_heat
2026-01-01 08:34:25,L07,0.3205,52.37,0.1657,19.739,38.89,75.92,DANGER,fire_heat
2026-01-01 08:34:30,L07,0.3284,53.89,0.1759,19.745,39.03,75.6,DANGER,fire_heat
2026-01-01 08:34:35,L07,0.3501,53.82,0.1779,19.729,39.18,77.64,DANGER,fire_heat
2026-01-01 08:34:40,L07,0.3623,55.6,0.1786,19.604,39.76,77.4,DANGER,fire_heat
2026-01-01 08:34:45,L07,0.347,53.42,0.1876,19.66,39.74,76.84,DANGER,fire_heat
2026-01-01 08:34:50,L07,0.3581,54.33,0.1874,19.645,40.43,75.82,CRITICAL,fire_heat
2026-01-01 08:34:55,L07,0.3599,57.97,0.1892,19.655,40.69,77.37,CRITICAL,fire_heat
2026-01-01 08:35:00,L07,0.3551,56.32,0.1907,19.616,41.06,75.0,CRITICAL,fire_heat
2026-01-01 08:35:05,L07,0.3785,59.04,0.1974,19.623,41.13,77.95,CRITICAL,fire_heat
2026-01-01 08:35:10,L07,0.384,61.78,0.2017,19.553,41.39,75.65,CRITICAL,fire_heat
2026-01-01 08:35:15,L07,0.3762,63.88,0.1953,19.576,41.78,75.96,CRITICAL,fire_heat
2026-01-01 08:35:20,L07,0.4115,62.52,0.2036,19.579,42.07,75.79,CRITICAL,fire_heat
2026-01-01 08:35:25,L07,0.4158,63.07,0.2012,19.491,42.29,75.24,CRITICAL,fire_heat
2026-01-01 08:35:30,L07,0.4257,65.67,0.2126,19.594,42.61,77.61,CRITICAL,fire_heat
2026-01-01 08:35:35,L07,0.4104,64.72,0.2114,19.537,42.95,76.67,CRITICAL,fire_heat
2026-01-01 08:35:40,L07,0.3989,67.21,0.2255,19.485,43.13,76.97,CRITICAL,fire_heat
2026-01-01 08:35:45,L07,0.4424,68.6,0.228,19.444,43.72,74.99,CRITICAL,fire_heat
2026-01-01 08:35:50,L07,0.4321,69.72,0.2184,19.447,43.92,76.08,CRITICAL,fire_heat
2026-01-01 08:35:55,L07,0.4354,71.03,0.229,19.438,44.18,76.32,CRITICAL,fire_heat
2026-01-01 08:36:00,L07,0.4366,70.79,0.2374,19.432,44.37,76.09,CRITICAL,fire_heat
2026-01-01 08:36:05,L07,0.458,72.09,0.2341,19.447,44.67,74.91,CRITICAL,fire_heat
2026-01-01 08:36:10,L07,0.1241,6.69,0.042,20.619,27.45,72.24,SAFE,combined_hazard
2026-01-01 08:36:15,L07,0.1346,7.16,0.0606,20.576,27.77,72.13,SAFE,combined_hazard
2026-01-01 08:36:20,L07,0.1786,8.37,0.0717,20.512,27.65,72.41,SAFE,combined_hazard
2026-01-01 08:36:25,L07,0.1999,9.35,0.0832,20.492,28.0,71.51,SAFE,combined_hazard
2026-01-01 08:36:30,L07,0.1987,12.13,0.0859,20.426,28.22,72.23,SAFE,combined_hazard
2026-01-01 08:36:35,L07,0.1999,12.42,0.0882,20.401,28.4,73.58,SAFE,combined_hazard
2026-01-01 08:36:40,L07,0.2221,12.17,0.0959,20.355,28.05,73.19,SAFE,combined_hazard
2026-01-01 08:36:45,L07,0.2356,9.9,0.1077,20.286,28.46,73.74,SAFE,combined_hazard
2026-01-01 08:36:50,L07,0.2466,10.21,0.1169,20.213,28.57,74.13,SAFE,combined_hazard
2026-01-01 08:36:55,L07,0.276,13.79,0.1206,20.214,28.91,73.96,SAFE,combined_hazard
2026-01-01 08:37:00,L07,0.3024,15.44,0.1322,20.256,28.75,74.03,SAFE,combined_hazard
2026-01-01 08:37:05,L07,0.3174,14.69,0.1516,20.151,28.91,73.82,WARNING,combined_hazard
2026-01-01 08:37:10,L07,0.3262,18.37,0.1679,20.143,29.71,75.29,WARNING,combined_hazard
2026-01-01 08:37:15,L07,0.3434,14.56,0.1691,20.015,29.64,76.2,WARNING,combined_hazard
2026-01-01 08:37:20,L07,0.3576,15.06,0.1819,20.007,29.73,74.69,WARNING,combined_hazard
2026-01-01 08:37:25,L07,0.3556,16.57,0.1876,19.956,29.93,76.29,WARNING,combined_hazard
2026-01-01 08:37:30,L07,0.3937,17.2,0.1948,19.949,30.06,76.83,WARNING,combined_hazard
2026-01-01 08:37:35,L07,0.3988,19.73,0.1938,19.987,30.36,76.11,WARNING,combined_hazard
2026-01-01 08:37:40,L07,0.4036,19.0,0.2059,19.887,30.28,78.34,WARNING,combined_hazard
2026-01-01 08:37:45,L07,0.4456,18.0,0.2098,19.883,30.57,77.19,WARNING,combined_hazard
2026-01-01 08:37:50,L07,0.4471,22.34,0.2198,19.784,30.74,77.72,WARNING,combined_hazard
2026-01-01 08:37:55,L07,0.476,19.06,0.2304,19.791,30.71,77.97,WARNING,combined_hazard
2026-01-01 08:38:00,L07,0.5015,20.78,0.2439,19.772,31.23,76.98,WARNING,combined_hazard
2026-01-01 08:38:05,L07,0.4908,20.64,0.2499,19.665,31.13,79.51,WARNING,combined_hazard
2026-01-01 08:38:10,L07,0.5227,24.07,0.2536,19.611,31.52,78.23,WARNING,combined_hazard
2026-01-01 08:38:15,L07,0.5104,24.73,0.2637,19.547,31.55,79.11,WARNING,combined_hazard
2026-01-01 08:38:20,L07,0.5768,28.02,0.2751,19.536,31.94,80.07,DANGER,combined_hazard
2026-01-01 08:38:25,L07,0.5497,27.2,0.2853,19.507,31.71,81.06,DANGER,combined_hazard
2026-01-01 08:38:30,L07,0.5786,28.68,0.2762,19.524,31.87,79.33,DANGER,combined_hazard
2026-01-01 08:38:35,L07,0.6226,27.64,0.288,19.383,32.06,80.14,DANGER,combined_hazard
2026-01-01 08:38:40,L07,0.6153,26.43,0.3139,19.383,32.38,81.9,CRITICAL,combined_hazard
2026-01-01 08:38:45,L07,0.6171,28.78,0.3129,19.286,32.76,81.46,CRITICAL,combined_hazard
2026-01-01 08:38:50,L07,0.662,30.17,0.3183,19.286,32.93,81.93,CRITICAL,combined_hazard
2026-01-01 08:38:55,L07,0.6779,31.02,0.3279,19.268,32.51,80.85,CRITICAL,combined_hazard
2026-01-01 08:39:00,L07,0.6743,29.95,0.3363,19.233,33.06,81.69,CRITICAL,combined_hazard
2026-01-01 08:39:05,L07,0.6922,32.08,0.3512,19.194,32.71,82.15,CRITICAL,combined_hazard
2026-01-01 08:39:10,L07,0.7098,30.63,0.3462,19.147,33.47,81.9,CRITICAL,combined_hazard
2026-01-01 08:39:15,L07,0.7295,31.16,0.3636,19.112,33.69,81.55,CRITICAL,combined_hazard
2026-01-01 08:39:20,L07,0.7204,31.74,0.3738,19.055,33.68,82.78,CRITICAL,combined_hazard
2026-01-01 08:39:25,L07,0.7624,34.14,0.3833,18.981,33.86,84.57,CRITICAL,combined_hazard
2026-01-01 08:39:30,L07,0.8081,33.02,0.3903,18.916,34.03,83.83,CRITICAL,combined_hazard
2026-01-01 08:39:35,L07,0.7841,34.84,0.401,18.914,34.06,85.18,CRITICAL,combined_hazard
2026-01-01 08:39:40,L07,0.8051,37.52,0.4006,18.885,34.41,84.53,CRITICAL,combined_hazard
2026-01-01 08:39:45,L07,0.8123,35.31,0.406,18.886,34.48,84.07,CRITICAL,combined_hazard
2026-01-01 08:39:50,L07,0.8555,36.79,0.4415,18.804,34.82,86.0,CRITICAL,combined_hazard
2026-01-01 08:39:55,L07,0.8806,38.34,0.4278,18.76,34.83,85.45,CRITICAL,combined_hazard
2026-01-01 08:40:00,L07,0.8965,39.3,0.4371,18.737,34.88,86.35,CRITICAL,combined_hazard
2026-01-01 08:40:05,L07,0.8764,38.87,0.4524,18.676,34.94,85.02,CRITICAL,combined_hazard
2026-01-01 08:40:10,L07,0.9188,41.48,0.4681,18.667,35.06,87.01,CRITICAL,combined_hazard
2026-01-01 08:40:15,L07,0.9491,41.88,0.4593,18.662,35.7,87.33,CRITICAL,combined_hazard
2026-01-01 08:40:20,L07,0.9515,43.39,0.464,18.627,35.6,87.01,CRITICAL,combined_hazard
2026-01-01 08:40:25,L07,0.9673,42.25,0.4704,18.523,35.89,86.43,CRITICAL,combined_hazard
2026-01-01 08:40:30,L07,0.9693,42.29,0.5014,18.489,36.27,87.34,CRITICAL,combined_hazard
2026-01-01 08:40:35,L07,0.9959,42.73,0.4887,18.485,36.08,88.16,CRITICAL,combined_hazard
2026-01-01 08:40:40,L07,1.0274,44.9,0.5052,18.393,36.24,88.16,CRITICAL,combined_hazard
2026-01-01 08:40:45,L07,1.03,44.56,0.5059,18.376,36.48,88.75,CRITICAL,combined_hazard
2026-01-01 08:40:50,L07,1.0226,44.96,0.5105,18.281,36.67,89.38,CRITICAL,combined_hazard
2026-01-01 08:40:55,L07,1.0508,45.83,0.5281,18.265,37.11,88.35,CRITICAL,combined_hazard
2026-01-01 08:41:00,L07,1.092,46.17,0.5313,18.268,37.23,88.24,CRITICAL,combined_hazard
2026-01-01 08:41:05,L07,1.095,48.18,0.5416,18.171,37.25,89.44,CRITICAL,combined_hazard
2026-01-01 08:41:10,L07,1.1081,46.45,0.5715,18.147,37.54,89.5,CRITICAL,combined_hazard
2026-01-01 08:41:15,L07,1.1143,49.72,0.5672,18.063,37.46,90.69,CRITICAL,combined_hazard
2026-01-01 08:41:20,L07,1.1567,50.97,0.5796,18.129,37.7,89.51,CRITICAL,combined_hazard
2026-01-01 08:41:25,L07,1.18,49.77,0.5871,18.066,37.78,91.48,CRITICAL,combined_hazard
2026-01-01 08:41:30,L07,1.1903,54.21,0.5881,17.993,37.79,92.05,CRITICAL,combined_hazard
2026-01-01 08:41:35,L07,1.2092,52.05,0.5937,17.961,38.33,91.26,CRITICAL,combined_hazard
2026-01-01 08:00:00,L08,0.0537,8.4,0.0433,20.737,28.55,76.79,SAFE,normal
2026-01-01 08:00:05,L08,0.0794,7.67,0.0367,20.67,28.66,76.63,SAFE,normal
2026-01-01 08:00:10,L08,0.0899,8.0,0.0315,20.683,28.9,76.97,SAFE,normal
2026-01-01 08:00:15,L08,0.0792,5.9,0.0322,20.639,28.55,77.57,SAFE,normal
2026-01-01 08:00:20,L08,0.1036,8.14,0.0421,20.622,28.44,77.82,SAFE,normal
2026-01-01 08:00:25,L08,0.0953,4.65,0.0404,20.632,28.53,78.14,SAFE,normal
2026-01-01 08:00:30,L08,0.0699,6.3,0.0294,20.616,28.61,77.68,SAFE,normal
2026-01-01 08:00:35,L08,0.0793,7.72,0.0368,20.572,28.68,75.69,SAFE,normal
2026-01-01 08:00:40,L08,0.093,9.3,0.0438,20.579,28.72,76.4,SAFE,normal
2026-01-01 08:00:45,L08,0.0667,9.61,0.0536,20.623,28.4,77.12,SAFE,normal
2026-01-01 08:00:50,L08,0.0987,7.06,0.0491,20.583,28.4,77.35,SAFE,normal
2026-01-01 08:00:55,L08,0.0693,7.61,0.0501,20.588,28.49,77.92,SAFE,normal
2026-01-01 08:01:00,L08,0.113,8.81,0.0442,20.587,28.62,77.26,SAFE,normal
2026-01-01 08:01:05,L08,0.1133,5.29,0.0538,20.582,28.32,77.26,SAFE,normal
2026-01-01 08:01:10,L08,0.1093,7.85,0.0656,20.6,28.41,77.4,SAFE,normal
2026-01-01 08:01:15,L08,0.0936,5.95,0.0577,20.525,28.4,77.0,SAFE,normal
2026-01-01 08:01:20,L08,0.1083,6.89,0.0458,20.568,28.62,77.27,SAFE,normal
2026-01-01 08:01:25,L08,0.1001,6.42,0.0493,20.567,28.54,78.1,SAFE,normal
2026-01-01 08:01:30,L08,0.0943,7.72,0.0655,20.566,28.59,77.12,SAFE,normal
2026-01-01 08:01:35,L08,0.1067,7.84,0.0604,20.487,28.64,77.16,SAFE,normal
2026-01-01 08:01:40,L08,0.1243,8.31,0.063,20.53,28.38,77.15,SAFE,normal
2026-01-01 08:01:45,L08,0.1165,7.45,0.0601,20.566,28.24,78.21,SAFE,normal
2026-01-01 08:01:50,L08,0.1396,7.14,0.0705,20.505,28.23,76.28,SAFE,normal
2026-01-01 08:01:55,L08,0.1313,9.62,0.0655,20.515,28.12,78.58,SAFE,normal
2026-01-01 08:02:00,L08,0.1318,4.51,0.0679,20.517,28.31,76.22,SAFE,normal
2026-01-01 08:02:05,L08,0.0998,9.3,0.064,20.455,28.31,76.63,SAFE,normal
2026-01-01 08:02:10,L08,0.1216,6.27,0.0796,20.534,28.47,77.74,SAFE,normal
2026-01-01 08:02:15,L08,0.112,7.52,0.0719,20.486,28.35,77.96,SAFE,normal
2026-01-01 08:02:20,L08,0.1272,6.13,0.08,20.48,28.26,76.01,SAFE,normal
2026-01-01 08:02:25,L08,0.1215,5.52,0.067,20.407,28.3,76.25,SAFE,normal
2026-01-01 08:02:30,L08,0.1283,7.26,0.0918,20.474,28.15,77.34,SAFE,normal
2026-01-01 08:02:35,L08,0.1519,8.05,0.0896,20.458,28.45,78.99,SAFE,normal
2026-01-01 08:02:40,L08,0.1451,7.15,0.0656,20.484,28.17,78.11,SAFE,normal
2026-01-01 08:02:45,L08,0.1551,5.58,0.0758,20.419,28.1,76.91,SAFE,normal
2026-01-01 08:02:50,L08,0.118,11.77,0.0875,20.391,28.38,75.16,SAFE,normal
2026-01-01 08:02:55,L08,0.1449,8.11,0.0746,20.393,28.34,77.16,SAFE,normal
2026-01-01 08:03:00,L08,0.1606,7.66,0.0855,20.391,27.98,77.38,SAFE,normal
2026-01-01 08:03:05,L08,0.1707,5.69,0.0914,20.365,28.35,76.78,SAFE,normal
2026-01-01 08:03:10,L08,0.1269,5.24,0.088,20.43,28.1,76.4,SAFE,normal
2026-01-01 08:03:15,L08,0.1468,5.71,0.0952,20.424,28.15,77.2,SAFE,normal
2026-01-01 08:03:20,L08,0.1696,7.71,0.0868,20.371,28.22,76.31,SAFE,normal
2026-01-01 08:03:25,L08,0.1532,4.56,0.0758,20.358,28.27,78.56,SAFE,normal
2026-01-01 08:03:30,L08,0.1445,4.39,0.103,20.308,28.23,78.27,SAFE,normal
2026-01-01 08:03:35,L08,0.1369,6.76,0.1044,20.376,28.15,77.57,SAFE,normal
2026-01-01 08:03:40,L08,0.1479,6.39,0.1181,20.398,28.08,77.11,SAFE,normal
2026-01-01 08:03:45,L08,0.1389,4.71,0.0818,20.322,28.19,76.51,SAFE,normal
2026-01-01 08:03:50,L08,0.1671,4.18,0.1069,20.33,28.1,77.01,SAFE,normal
2026-01-01 08:03:55,L08,0.1817,7.93,0.0866,20.34,28.38,78.34,SAFE,normal
2026-01-01 08:04:00,L08,0.1513,6.27,0.1178,20.371,28.18,77.71,SAFE,normal
2026-01-01 08:04:05,L08,0.1761,3.64,0.1091,20.318,27.94,77.18,SAFE,normal
2026-01-01 08:04:10,L08,0.1869,3.7,0.099,20.311,28.0,77.75,SAFE,normal
2026-01-01 08:04:15,L08,0.1762,5.05,0.1143,20.303,28.07,77.44,SAFE,normal
2026-01-01 08:04:20,L08,0.1541,6.65,0.1051,20.248,28.24,77.31,SAFE,normal
2026-01-01 08:04:25,L08,0.1861,6.4,0.1134,20.24,28.25,77.78,SAFE,normal
2026-01-01 08:04:30,L08,0.1815,7.16,0.114,20.252,27.96,77.4,SAFE,normal
2026-01-01 08:04:35,L08,0.182,3.18,0.1278,20.299,27.87,77.67,SAFE,normal
2026-01-01 08:04:40,L08,0.1781,5.71,0.1298,20.251,27.84,77.1,SAFE,normal
2026-01-01 08:04:45,L08,0.1897,7.47,0.1119,20.238,28.03,76.76,SAFE,normal
2026-01-01 08:04:50,L08,0.198,7.28,0.1266,20.23,28.32,76.52,SAFE,normal
2026-01-01 08:04:55,L08,0.2283,5.78,0.1224,20.236,28.05,76.42,SAFE,normal
2026-01-01 08:05:00,L08,0.1961,8.72,0.1097,20.283,27.71,75.67,SAFE,normal
2026-01-01 08:05:05,L08,0.2191,6.07,0.1169,20.221,27.83,76.22,SAFE,normal
2026-01-01 08:05:10,L08,0.1153,2.15,0.0368,20.384,26.94,77.04,SAFE,methane_buildup
2026-01-01 08:05:15,L08,0.1338,2.79,0.0652,20.454,26.93,75.23,SAFE,methane_buildup
2026-01-01 08:05:20,L08,0.1362,1.4,0.0575,20.443,26.63,74.81,SAFE,methane_buildup
2026-01-01 08:05:25,L08,0.163,2.31,0.0572,20.45,27.14,74.05,SAFE,methane_buildup
2026-01-01 08:05:30,L08,0.1625,5.28,0.0697,20.419,27.01,73.22,SAFE,methane_buildup
2026-01-01 08:05:35,L08,0.1727,4.68,0.0609,20.395,26.98,74.79,SAFE,methane_buildup
2026-01-01 08:05:40,L08,0.2084,6.93,0.0633,20.441,27.19,76.46,SAFE,methane_buildup
2026-01-01 08:05:45,L08,0.2134,4.27,0.0645,20.37,27.22,75.53,SAFE,methane_buildup
2026-01-01 08:05:50,L08,0.2105,4.42,0.0698,20.361,27.23,75.34,SAFE,methane_buildup
2026-01-01 08:05:55,L08,0.2519,4.59,0.0631,20.366,27.04,74.57,SAFE,methane_buildup
2026-01-01 08:06:00,L08,0.2492,4.97,0.0672,20.397,26.95,74.6,SAFE,methane_buildup
2026-01-01 08:06:05,L08,0.2628,4.7,0.0772,20.356,27.27,72.3,SAFE,methane_buildup
2026-01-01 08:06:10,L08,0.2965,6.34,0.0748,20.371,26.93,74.78,SAFE,methane_buildup
2026-01-01 08:06:15,L08,0.2972,6.22,0.0735,20.325,27.45,73.64,SAFE,methane_buildup
2026-01-01 08:06:20,L08,0.3198,5.65,0.065,20.385,27.19,73.48,SAFE,methane_buildup
2026-01-01 08:06:25,L08,0.3393,8.54,0.0901,20.322,27.04,73.71,SAFE,methane_buildup
2026-01-01 08:06:30,L08,0.333,9.75,0.0746,20.337,27.04,73.62,SAFE,methane_buildup
2026-01-01 08:06:35,L08,0.3659,8.9,0.0897,20.399,27.05,73.26,SAFE,methane_buildup
2026-01-01 08:06:40,L08,0.3958,8.23,0.085,20.395,27.28,73.78,SAFE,methane_buildup
2026-01-01 08:06:45,L08,0.3766,8.78,0.0751,20.368,27.28,73.25,SAFE,methane_buildup
2026-01-01 08:06:50,L08,0.4131,10.66,0.0973,20.362,27.12,73.71,SAFE,methane_buildup
2026-01-01 08:06:55,L08,0.4093,9.26,0.0911,20.335,27.27,72.37,SAFE,methane_buildup
2026-01-01 08:07:00,L08,0.4525,7.49,0.1016,20.325,27.14,73.32,SAFE,methane_buildup
2026-01-01 08:07:05,L08,0.4678,9.2,0.0913,20.334,27.46,72.55,SAFE,methane_buildup
2026-01-01 08:07:10,L08,0.4627,9.79,0.1002,20.297,27.38,72.84,SAFE,methane_buildup
2026-01-01 08:07:15,L08,0.5165,7.6,0.0823,20.347,27.35,73.4,SAFE,methane_buildup
2026-01-01 08:07:20,L08,0.5154,8.91,0.0943,20.338,27.24,71.94,SAFE,methane_buildup
2026-01-01 08:07:25,L08,0.5248,11.23,0.0899,20.306,27.4,72.49,WARNING,methane_buildup
2026-01-01 08:07:30,L08,0.5394,7.09,0.0989,20.378,27.41,73.54,SAFE,methane_buildup
2026-01-01 08:07:35,L08,0.5598,8.19,0.1075,20.346,27.54,71.88,SAFE,methane_buildup
2026-01-01 08:07:40,L08,0.5455,10.04,0.1008,20.346,27.54,74.37,WARNING,methane_buildup
2026-01-01 08:07:45,L08,0.5788,11.08,0.1143,20.308,27.65,73.84,WARNING,methane_buildup
2026-01-01 08:07:50,L08,0.597,8.76,0.1024,20.32,27.48,72.41,SAFE,methane_buildup
2026-01-01 08:07:55,L08,0.6006,10.85,0.1182,20.336,27.29,72.11,WARNING,methane_buildup
2026-01-01 08:08:00,L08,0.629,13.01,0.1234,20.319,27.74,72.84,WARNING,methane_buildup
2026-01-01 08:08:05,L08,0.6559,11.63,0.1229,20.359,27.47,71.45,WARNING,methane_buildup
2026-01-01 08:08:10,L08,0.6465,13.18,0.1139,20.302,27.47,70.94,WARNING,methane_buildup
2026-01-01 08:08:15,L08,0.6675,11.12,0.1014,20.291,27.65,72.1,WARNING,methane_buildup
2026-01-01 08:08:20,L08,0.6714,11.04,0.1249,20.322,27.72,72.29,WARNING,methane_buildup
2026-01-01 08:08:25,L08,0.6723,13.77,0.1211,20.262,27.62,72.41,WARNING,methane_buildup
2026-01-01 08:08:30,L08,0.7262,13.29,0.1161,20.325,27.64,71.77,WARNING,methane_buildup
2026-01-01 08:08:35,L08,0.7295,11.2,0.1213,20.255,27.68,73.22,WARNING,methane_buildup
2026-01-01 08:08:40,L08,0.746,12.02,0.1391,20.311,27.97,70.93,WARNING,methane_buildup
2026-01-01 08:08:45,L08,0.7459,15.82,0.1204,20.269,27.78,71.15,WARNING,methane_buildup
2026-01-01 08:08:50,L08,0.7733,12.33,0.135,20.3,27.66,72.38,WARNING,methane_buildup
2026-01-01 08:08:55,L08,0.808,15.36,0.1349,20.31,27.68,70.99,WARNING,methane_buildup
2026-01-01 08:09:00,L08,0.8069,13.48,0.1321,20.285,27.8,70.9,WARNING,methane_buildup
2026-01-01 08:09:05,L08,0.8228,14.44,0.1419,20.242,27.9,71.89,WARNING,methane_buildup
2026-01-01 08:09:10,L08,0.8408,15.13,0.1517,20.248,27.96,70.88,WARNING,methane_buildup
2026-01-01 08:09:15,L08,0.8346,11.78,0.1381,20.25,27.92,71.54,WARNING,methane_buildup
2026-01-01 08:09:20,L08,0.8779,12.98,0.1403,20.212,27.8,71.02,WARNING,methane_buildup
2026-01-01 08:09:25,L08,0.8651,15.54,0.1491,20.3,27.88,70.83,WARNING,methane_buildup
2026-01-01 08:09:30,L08,0.8853,14.57,0.1533,20.267,28.08,69.77,WARNING,methane_buildup
2026-01-01 08:09:35,L08,0.899,17.4,0.1468,20.227,27.81,71.49,WARNING,methane_buildup
2026-01-01 08:09:40,L08,0.9275,13.73,0.1472,20.302,27.94,70.31,WARNING,methane_buildup
2026-01-01 08:09:45,L08,0.9403,17.23,0.1337,20.234,28.12,71.11,WARNING,methane_buildup
2026-01-01 08:09:50,L08,0.961,14.57,0.1471,20.26,28.18,70.76,WARNING,methane_buildup
2026-01-01 08:09:55,L08,0.9628,16.34,0.146,20.225,28.04,70.94,WARNING,methane_buildup
2026-01-01 08:10:00,L08,1.0069,15.52,0.1624,20.186,28.03,70.92,WARNING,methane_buildup
2026-01-01 08:10:05,L08,1.0197,20.21,0.1568,20.203,27.91,71.12,WARNING,methane_buildup
2026-01-01 08:10:10,L08,1.02,15.59,0.1584,20.228,28.21,70.32,WARNING,methane_buildup
2026-01-01 08:10:15,L08,1.0308,17.66,0.1624,20.265,28.35,71.83,WARNING,methane_buildup
2026-01-01 08:10:20,L08,0.1259,3.07,0.0932,20.822,26.22,68.45,SAFE,co_buildup
2026-01-01 08:10:25,L08,0.115,5.07,0.0695,20.754,26.36,68.68,SAFE,co_buildup
2026-01-01 08:10:30,L08,0.1113,3.75,0.0869,20.786,26.47,66.94,SAFE,co_buildup
2026-01-01 08:10:35,L08,0.1351,4.52,0.0891,20.706,26.34,68.73,SAFE,co_buildup
2026-01-01 08:10:40,L08,0.1435,8.48,0.0978,20.775,26.31,69.21,SAFE,co_buildup
2026-01-01 08:10:45,L08,0.1181,8.39,0.1021,20.742,26.59,68.99,SAFE,co_buildup
2026-01-01 08:10:50,L08,0.1466,2.15,0.0923,20.674,26.73,69.53,SAFE,co_buildup
2026-01-01 08:10:55,L08,0.1678,9.39,0.1001,20.701,26.71,68.35,SAFE,co_buildup
2026-01-01 08:11:00,L08,0.1614,8.1,0.1124,20.665,26.92,68.98,SAFE,co_buildup
2026-01-01 08:11:05,L08,0.1899,7.71,0.1002,20.611,27.02,70.61,SAFE,co_buildup
2026-01-01 08:11:10,L08,0.158,7.82,0.0947,20.56,26.92,69.97,SAFE,co_buildup
2026-01-01 08:11:15,L08,0.1976,8.47,0.1026,20.61,27.21,70.42,SAFE,co_buildup
2026-01-01 08:11:20,L08,0.2071,9.43,0.0977,20.557,27.2,69.89,SAFE,co_buildup
2026-01-01 08:11:25,L08,0.2138,9.32,0.1135,20.593,27.23,70.53,SAFE,co_buildup
2026-01-01 08:11:30,L08,0.182,9.53,0.1215,20.541,27.54,68.85,SAFE,co_buildup
2026-01-01 08:11:35,L08,0.2162,10.56,0.1145,20.499,27.4,71.55,SAFE,co_buildup
2026-01-01 08:11:40,L08,0.2075,13.17,0.1049,20.554,27.54,72.5,SAFE,co_buildup
2026-01-01 08:11:45,L08,0.2024,13.31,0.1285,20.497,27.71,70.39,SAFE,co_buildup
2026-01-01 08:11:50,L08,0.2233,14.63,0.1086,20.35,28.0,70.67,SAFE,co_buildup
2026-01-01 08:11:55,L08,0.222,14.26,0.1129,20.425,27.91,71.96,SAFE,co_buildup
2026-01-01 08:12:00,L08,0.2554,12.95,0.1262,20.378,28.05,72.96,SAFE,co_buildup
2026-01-01 08:12:05,L08,0.2553,16.21,0.1321,20.376,28.02,71.97,SAFE,co_buildup
2026-01-01 08:12:10,L08,0.2364,14.52,0.1359,20.375,28.14,71.17,SAFE,co_buildup
2026-01-01 08:12:15,L08,0.2488,17.56,0.1345,20.37,28.24,72.16,SAFE,co_buildup
2026-01-01 08:12:20,L08,0.26,15.4,0.1515,20.347,28.38,71.69,WARNING,co_buildup
2026-01-01 08:12:25,L08,0.2706,16.67,0.1404,20.351,28.39,72.16,SAFE,co_buildup
2026-01-01 08:12:30,L08,0.2928,17.72,0.1506,20.318,28.72,72.63,WARNING,co_buildup
2026-01-01 08:12:35,L08,0.2941,19.83,0.1511,20.296,28.56,72.32,WARNING,co_buildup
2026-01-01 08:12:40,L08,0.2905,19.64,0.1369,20.265,28.45,72.62,SAFE,co_buildup
2026-01-01 08:12:45,L08,0.2919,19.97,0.1483,20.277,29.21,73.48,SAFE,co_buildup
2026-01-01 08:12:50,L08,0.2752,23.33,0.1691,20.209,28.84,73.78,WARNING,co_buildup
2026-01-01 08:12:55,L08,0.3272,18.3,0.1505,20.19,29.18,72.65,WARNING,co_buildup
2026-01-01 08:13:00,L08,0.3072,20.06,0.1516,20.121,29.28,74.28,WARNING,co_buildup
2026-01-01 08:13:05,L08,0.3432,20.55,0.1608,20.19,29.3,73.84,WARNING,co_buildup
2026-01-01 08:13:10,L08,0.3289,20.08,0.1582,20.136,29.22,74.91,WARNING,co_buildup
2026-01-01 08:13:15,L08,0.3623,22.21,0.158,20.206,29.39,75.14,WARNING,co_buildup
2026-01-01 08:13:20,L08,0.347,24.88,0.1629,20.085,29.24,74.26,WARNING,co_buildup
2026-01-01 08:13:25,L08,0.3225,23.52,0.1807,20.08,29.83,75.37,WARNING,co_buildup
2026-01-01 08:13:30,L08,0.3408,24.46,0.1706,20.074,29.49,74.39,WARNING,co_buildup
2026-01-01 08:13:35,L08,0.3535,22.94,0.1635,20.004,29.67,76.3,WARNING,co_buildup
2026-01-01 08:13:40,L08,0.3489,24.89,0.1645,20.028,29.82,74.78,WARNING,co_buildup
2026-01-01 08:13:45,L08,0.3624,25.95,0.1967,19.998,29.88,75.89,WARNING,co_buildup
2026-01-01 08:13:50,L08,0.3536,28.16,0.1797,19.968,29.89,75.64,WARNING,co_buildup
2026-01-01 08:13:55,L08,0.3802,25.24,0.1874,19.992,30.28,75.15,WARNING,co_buildup
2026-01-01 08:14:00,L08,0.3897,27.63,0.1802,19.91,30.31,76.87,WARNING,co_buildup
2026-01-01 08:14:05,L08,0.3771,30.5,0.1914,19.925,30.31,75.84,WARNING,co_buildup
2026-01-01 08:14:10,L08,0.4273,28.76,0.2029,19.94,30.29,75.15,WARNING,co_buildup
2026-01-01 08:14:15,L08,0.4051,26.82,0.1885,19.855,30.6,74.39,WARNING,co_buildup
2026-01-01 08:14:20,L08,0.398,32.47,0.1998,19.847,30.46,76.18,WARNING,co_buildup
2026-01-01 08:14:25,L08,0.3918,32.21,0.1874,19.906,30.86,78.16,WARNING,co_buildup
2026-01-01 08:14:30,L08,0.4232,32.97,0.2172,19.83,30.73,78.25,WARNING,co_buildup
2026-01-01 08:14:35,L08,0.4244,29.61,0.2057,19.781,30.99,76.85,WARNING,co_buildup
2026-01-01 08:14:40,L08,0.4461,35.05,0.2026,19.8,30.88,77.31,WARNING,co_buildup
2026-01-01 08:14:45,L08,0.4382,32.18,0.206,19.738,31.0,77.41,WARNING,co_buildup
2026-01-01 08:14:50,L08,0.4284,33.13,0.2068,19.688,31.26,76.9,WARNING,co_buildup
2026-01-01 08:14:55,L08,0.4774,33.4,0.2096,19.756,31.5,77.39,WARNING,co_buildup
2026-01-01 08:15:00,L08,0.4649,36.43,0.1962,19.662,31.5,79.12,WARNING,co_buildup
2026-01-01 08:15:05,L08,0.4606,35.3,0.2174,19.748,31.49,78.92,WARNING,co_buildup
2026-01-01 08:15:10,L08,0.4729,36.85,0.2195,19.64,31.53,78.91,WARNING,co_buildup
2026-01-01 08:15:15,L08,0.4836,36.8,0.227,19.699,31.46,77.81,WARNING,co_buildup
2026-01-01 08:15:20,L08,0.461,37.11,0.2213,19.573,31.67,79.14,WARNING,co_buildup
2026-01-01 08:15:25,L08,0.4909,36.39,0.2218,19.625,31.58,77.4,WARNING,co_buildup
2026-01-01 08:15:30,L08,0.1514,9.46,0.0348,20.467,27.57,71.11,SAFE,low_oxygen
2026-01-01 08:15:35,L08,0.1282,5.65,0.0628,20.354,27.59,69.11,SAFE,low_oxygen
2026-01-01 08:15:40,L08,0.1498,8.69,0.0574,20.388,27.66,70.17,SAFE,low_oxygen
2026-01-01 08:15:45,L08,0.1295,7.78,0.0734,20.352,27.74,70.39,SAFE,low_oxygen
2026-01-01 08:15:50,L08,0.115,7.4,0.0698,20.326,27.69,70.15,SAFE,low_oxygen
2026-01-01 08:15:55,L08,0.1453,7.36,0.0572,20.287,27.85,71.72,SAFE,low_oxygen
2026-01-01 08:16:00,L08,0.1557,6.89,0.0778,20.271,27.99,71.5,SAFE,low_oxygen
2026-01-01 08:16:05,L08,0.1783,9.88,0.0696,20.21,28.15,70.81,SAFE,low_oxygen
2026-01-01 08:16:10,L08,0.1732,8.03,0.0824,20.23,28.14,72.05,SAFE,low_oxygen
2026-01-01 08:16:15,L08,0.1773,6.19,0.0866,20.18,28.19,71.61,SAFE,low_oxygen
2026-01-01 08:16:20,L08,0.1643,7.6,0.0791,20.139,28.52,71.21,SAFE,low_oxygen
2026-01-01 08:16:25,L08,0.1752,8.45,0.0904,20.083,28.55,71.53,SAFE,low_oxygen
2026-01-01 08:16:30,L08,0.1728,9.69,0.1194,20.098,28.51,72.63,SAFE,low_oxygen
2026-01-01 08:16:35,L08,0.1721,7.52,0.1085,20.048,28.75,73.21,SAFE,low_oxygen
2026-01-01 08:16:40,L08,0.1852,7.7,0.1101,19.989,28.7,72.25,SAFE,low_oxygen
2026-01-01 08:16:45,L08,0.1988,8.62,0.1308,19.979,28.87,73.26,SAFE,low_oxygen
2026-01-01 08:16:50,L08,0.1928,9.98,0.118,19.968,29.09,74.27,SAFE,low_oxygen
2026-01-01 08:16:55,L08,0.2001,6.7,0.1253,19.935,28.95,72.17,SAFE,low_oxygen
2026-01-01 08:17:00,L08,0.2191,9.59,0.1388,19.902,28.95,73.64,SAFE,low_oxygen
2026-01-01 08:17:05,L08,0.2048,8.22,0.1325,19.86,29.19,74.2,SAFE,low_oxygen
2026-01-01 08:17:10,L08,0.1959,8.51,0.1346,19.857,29.1,73.64,SAFE,low_oxygen
2026-01-01 08:17:15,L08,0.228,12.08,0.1274,19.832,29.35,74.89,WARNING,low_oxygen
2026-01-01 08:17:20,L08,0.2272,8.86,0.1428,19.787,29.44,75.84,SAFE,low_oxygen
2026-01-01 08:17:25,L08,0.2318,10.37,0.1476,19.716,29.2,74.53,WARNING,low_oxygen
2026-01-01 08:17:30,L08,0.2399,10.4,0.1613,19.671,29.74,74.25,WARNING,low_oxygen
2026-01-01 08:17:35,L08,0.241,7.63,0.16,19.655,29.73,75.4,WARNING,low_oxygen
2026-01-01 08:17:40,L08,0.2382,6.72,0.187,19.7,30.02,75.47,WARNING,low_oxygen
2026-01-01 08:17:45,L08,0.2773,10.8,0.1661,19.619,29.97,72.96,WARNING,low_oxygen
2026-01-01 08:17:50,L08,0.2258,8.02,0.1907,19.643,30.13,75.15,WARNING,low_oxygen
2026-01-01 08:17:55,L08,0.2399,7.23,0.1861,19.545,30.29,75.02,WARNING,low_oxygen
2026-01-01 08:18:00,L08,0.2668,11.35,0.1956,19.51,30.18,75.83,WARNING,low_oxygen
2026-01-01 08:18:05,L08,0.2581,8.36,0.2,19.484,30.29,75.54,WARNING,low_oxygen
2026-01-01 08:18:10,L08,0.271,8.82,0.1811,19.453,30.15,75.81,WARNING,low_oxygen
2026-01-01 08:18:15,L08,0.2658,13.02,0.2036,19.402,30.66,75.36,WARNING,low_oxygen
2026-01-01 08:18:20,L08,0.2875,7.65,0.2065,19.36,30.54,76.82,WARNING,low_oxygen
2026-01-01 08:18:25,L08,0.2554,8.33,0.2044,19.378,30.5,77.74,WARNING,low_oxygen
2026-01-01 08:18:30,L08,0.2943,9.61,0.222,19.364,30.85,75.92,WARNING,low_oxygen
2026-01-01 08:18:35,L08,0.2954,10.02,0.2369,19.375,30.5,75.66,WARNING,low_oxygen
2026-01-01 08:18:40,L08,0.2633,9.12,0.2066,19.258,30.86,76.97,WARNING,low_oxygen
2026-01-01 08:18:45,L08,0.2945,8.81,0.2286,19.229,31.15,77.11,WARNING,low_oxygen
2026-01-01 08:18:50,L08,0.2881,12.89,0.2278,19.186,31.04,78.25,WARNING,low_oxygen
2026-01-01 08:18:55,L08,0.2833,11.1,0.2432,19.212,31.08,76.51,WARNING,low_oxygen
2026-01-01 08:19:00,L08,0.2677,11.67,0.2448,19.172,31.22,77.24,WARNING,low_oxygen
2026-01-01 08:19:05,L08,0.2845,10.67,0.2475,19.09,31.07,76.13,WARNING,low_oxygen
2026-01-01 08:19:10,L08,0.3139,11.39,0.2627,19.058,31.57,79.13,WARNING,low_oxygen
2026-01-01 08:19:15,L08,0.3191,12.43,0.2751,19.083,31.53,78.41,WARNING,low_oxygen
2026-01-01 08:19:20,L08,0.3074,9.62,0.2882,19.035,31.6,78.02,WARNING,low_oxygen
2026-01-01 08:19:25,L08,0.3265,11.6,0.2658,19.015,31.69,77.51,WARNING,low_oxygen
2026-01-01 08:19:30,L08,0.332,12.32,0.262,18.935,31.82,77.77,DANGER,low_oxygen
2026-01-01 08:19:35,L08,0.3238,13.68,0.2859,18.875,32.01,79.26,DANGER,low_oxygen
2026-01-01 08:19:40,L08,0.3143,14.37,0.2992,18.874,31.99,78.23,DANGER,low_oxygen
2026-01-01 08:19:45,L08,0.3354,11.63,0.2977,18.89,31.88,79.37,DANGER,low_oxygen
2026-01-01 08:19:50,L08,0.3397,13.31,0.3089,18.902,32.27,81.11,DANGER,low_oxygen
2026-01-01 08:19:55,L08,0.3461,7.68,0.2991,18.795,32.34,79.37,DANGER,low_oxygen
2026-01-01 08:20:00,L08,0.3527,14.1,0.3009,18.845,32.39,79.06,DANGER,low_oxygen
2026-01-01 08:20:05,L08,0.3229,10.76,0.3115,18.771,32.61,80.32,DANGER,low_oxygen
2026-01-01 08:20:10,L08,0.3393,11.57,0.3128,18.673,32.54,79.21,DANGER,low_oxygen
2026-01-01 08:20:15,L08,0.3221,12.68,0.3256,18.69,32.79,81.75,DANGER,low_oxygen
2026-01-01 08:20:20,L08,0.3654,11.87,0.3329,18.679,32.93,81.67,DANGER,low_oxygen
2026-01-01 08:20:25,L08,0.3547,12.47,0.3384,18.55,32.89,80.6,DANGER,low_oxygen
2026-01-01 08:20:30,L08,0.368,14.64,0.339,18.611,32.79,80.19,DANGER,low_oxygen
2026-01-01 08:20:35,L08,0.343,11.77,0.3417,18.596,32.97,80.75,DANGER,low_oxygen
2026-01-01 08:20:40,L08,0.1892,3.35,0.0526,20.781,27.89,75.9,SAFE,co2_buildup
2026-01-01 08:20:45,L08,0.1813,3.22,0.052,20.784,27.54,73.86,SAFE,co2_buildup
2026-01-01 08:20:50,L08,0.1756,3.42,0.0578,20.685,27.96,76.65,SAFE,co2_buildup
2026-01-01 08:20:55,L08,0.184,3.76,0.0684,20.741,27.72,75.64,SAFE,co2_buildup
2026-01-01 08:21:00,L08,0.2033,2.58,0.066,20.66,27.67,76.16,SAFE,co2_buildup
2026-01-01 08:21:05,L08,0.1707,4.57,0.0751,20.673,27.96,75.62,SAFE,co2_buildup
2026-01-01 08:21:10,L08,0.1839,2.21,0.0667,20.607,27.8,74.86,SAFE,co2_buildup
2026-01-01 08:21:15,L08,0.1804,3.43,0.0769,20.623,28.1,77.53,SAFE,co2_buildup
2026-01-01 08:21:20,L08,0.1926,4.5,0.0935,20.605,27.7,77.78,SAFE,co2_buildup
2026-01-01 08:21:25,L08,0.1844,1.46,0.0831,20.581,27.58,76.59,SAFE,co2_buildup
2026-01-01 08:21:30,L08,0.1697,6.18,0.1076,20.584,27.81,77.56,SAFE,co2_buildup
2026-01-01 08:21:35,L08,0.1819,2.13,0.1102,20.524,27.98,76.88,SAFE,co2_buildup
2026-01-01 08:21:40,L08,0.2238,6.39,0.1049,20.51,27.74,77.59,SAFE,co2_buildup
2026-01-01 08:21:45,L08,0.2044,3.62,0.1358,20.531,27.69,78.13,SAFE,co2_buildup
2026-01-01 08:21:50,L08,0.2054,5.12,0.1264,20.54,27.94,78.13,SAFE,co2_buildup
2026-01-01 08:21:55,L08,0.1995,6.69,0.1136,20.481,27.69,78.92,SAFE,co2_buildup
2026-01-01 08:22:00,L08,0.2045,9.38,0.1319,20.479,27.97,78.42,SAFE,co2_buildup
2026-01-01 08:22:05,L08,0.2004,6.43,0.1311,20.468,27.89,78.19,SAFE,co2_buildup
2026-01-01 08:22:10,L08,0.2162,3.46,0.1291,20.452,28.02,77.73,SAFE,co2_buildup
2026-01-01 08:22:15,L08,0.2114,8.04,0.1315,20.381,27.75,78.11,SAFE,co2_buildup
2026-01-01 08:22:20,L08,0.1938,6.44,0.1527,20.368,28.17,79.31,SAFE,co2_buildup
2026-01-01 08:22:25,L08,0.2167,7.07,0.1447,20.353,27.96,77.62,SAFE,co2_buildup
2026-01-01 08:22:30,L08,0.1775,7.97,0.1533,20.413,28.11,79.87,SAFE,co2_buildup
2026-01-01 08:22:35,L08,0.2221,3.98,0.1515,20.352,28.15,78.92,SAFE,co2_buildup
2026-01-01 08:22:40,L08,0.1963,7.5,0.1576,20.333,27.85,78.66,SAFE,co2_buildup
2026-01-01 08:22:45,L08,0.2175,7.05,0.1673,20.312,28.17,78.6,SAFE,co2_buildup
2026-01-01 08:22:50,L08,0.2025,9.67,0.1761,20.243,27.83,80.18,SAFE,co2_buildup
2026-01-01 08:22:55,L08,0.222,9.11,0.157,20.323,27.85,79.79,SAFE,co2_buildup
2026-01-01 08:23:00,L08,0.2322,5.75,0.1825,20.261,28.36,81.23,SAFE,co2_buildup
2026-01-01 08:23:05,L08,0.2475,10.26,0.1811,20.25,28.25,79.12,WARNING,co2_buildup
2026-01-01 08:23:10,L08,0.2034,9.22,0.203,20.157,28.4,79.83,SAFE,co2_buildup
2026-01-01 08:23:15,L08,0.2427,6.4,0.2201,20.216,28.05,80.38,SAFE,co2_buildup
2026-01-01 08:23:20,L08,0.2315,8.98,0.1984,20.163,28.13,80.01,SAFE,co2_buildup
2026-01-01 08:23:25,L08,0.2243,10.62,0.1922,20.116,28.21,80.78,WARNING,co2_buildup
2026-01-01 08:23:30,L08,0.244,7.42,0.2116,20.109,28.14,81.19,SAFE,co2_buildup
2026-01-01 08:23:35,L08,0.2306,11.49,0.2137,20.082,28.04,81.49,WARNING,co2_buildup
2026-01-01 08:23:40,L08,0.2464,7.33,0.2358,20.063,28.03,82.47,SAFE,co2_buildup
2026-01-01 08:23:45,L08,0.2223,8.59,0.2381,20.085,28.21,80.38,SAFE,co2_buildup
2026-01-01 08:23:50,L08,0.2292,8.53,0.2364,20.054,28.03,81.86,SAFE,co2_buildup
2026-01-01 08:23:55,L08,0.2543,12.19,0.2295,20.057,28.04,81.24,WARNING,co2_buildup
2026-01-01 08:24:00,L08,0.264,9.56,0.2443,20.08,28.27,82.26,SAFE,co2_buildup
2026-01-01 08:24:05,L08,0.2427,8.73,0.2457,20.007,28.21,82.42,SAFE,co2_buildup
2026-01-01 08:24:10,L08,0.2029,11.32,0.2502,19.926,28.38,81.45,WARNING,co2_buildup
2026-01-01 08:24:15,L08,0.2433,11.82,0.2406,19.968,28.18,81.68,WARNING,co2_buildup
2026-01-01 08:24:20,L08,0.2482,12.0,0.2662,19.993,28.17,82.98,WARNING,co2_buildup
2026-01-01 08:24:25,L08,0.2458,10.77,0.2633,19.936,28.34,82.75,WARNING,co2_buildup
2026-01-01 08:24:30,L08,0.2558,11.74,0.2663,19.967,28.16,82.72,WARNING,co2_buildup
2026-01-01 08:24:35,L08,0.2452,10.55,0.2671,19.916,28.2,83.58,WARNING,co2_buildup
2026-01-01 08:24:40,L08,0.2664,14.22,0.2702,19.829,28.21,83.8,WARNING,co2_buildup
2026-01-01 08:24:45,L08,0.2378,13.6,0.2838,19.87,28.29,82.96,WARNING,co2_buildup
2026-01-01 08:24:50,L08,0.2754,13.68,0.272,19.857,28.6,82.86,WARNING,co2_buildup
2026-01-01 08:24:55,L08,0.2816,13.42,0.297,19.863,28.14,82.7,WARNING,co2_buildup
2026-01-01 08:25:00,L08,0.2462,13.19,0.287,19.867,28.55,83.9,WARNING,co2_buildup
2026-01-01 08:25:05,L08,0.2477,10.72,0.2836,19.821,28.48,82.89,WARNING,co2_buildup
2026-01-01 08:25:10,L08,0.2691,13.71,0.3194,19.789,28.61,84.27,WARNING,co2_buildup
2026-01-01 08:25:15,L08,0.2466,13.11,0.3027,19.778,28.86,85.33,WARNING,co2_buildup
2026-01-01 08:25:20,L08,0.2586,15.01,0.3084,19.735,28.62,84.24,WARNING,co2_buildup
2026-01-01 08:25:25,L08,0.284,14.5,0.328,19.678,28.55,84.25,WARNING,co2_buildup
2026-01-01 08:25:30,L08,0.2801,14.29,0.3385,19.705,28.23,86.44,WARNING,co2_buildup
2026-01-01 08:25:35,L08,0.3002,11.11,0.3161,19.696,28.26,86.22,WARNING,co2_buildup
2026-01-01 08:25:40,L08,0.2746,13.68,0.3254,19.631,28.5,84.56,WARNING,co2_buildup
2026-01-01 08:25:45,L08,0.2644,13.15,0.3307,19.689,28.21,85.45,WARNING,co2_buildup
2026-01-01 08:25:50,L08,0.1668,8.03,0.0553,20.71,28.56,73.82,SAFE,ventilation_failure
2026-01-01 08:25:55,L08,0.1898,8.3,0.0581,20.748,29.07,74.72,SAFE,ventilation_failure
2026-01-01 08:26:00,L08,0.22,8.89,0.0741,20.644,29.09,74.33,SAFE,ventilation_failure
2026-01-01 08:26:05,L08,0.1884,7.96,0.0785,20.686,29.04,74.76,SAFE,ventilation_failure
2026-01-01 08:26:10,L08,0.2374,10.05,0.0855,20.657,28.97,74.75,SAFE,ventilation_failure
2026-01-01 08:26:15,L08,0.2297,10.44,0.0915,20.628,29.29,73.27,SAFE,ventilation_failure
2026-01-01 08:26:20,L08,0.2631,13.27,0.0936,20.572,29.03,74.7,SAFE,ventilation_failure
2026-01-01 08:26:25,L08,0.2627,12.94,0.1014,20.583,29.45,75.27,SAFE,ventilation_failure
2026-01-01 08:26:30,L08,0.3096,12.65,0.1016,20.551,29.52,74.0,SAFE,ventilation_failure
2026-01-01 08:26:35,L08,0.294,16.36,0.1259,20.506,29.45,74.48,SAFE,ventilation_failure
2026-01-01 08:26:40,L08,0.2967,14.07,0.1127,20.505,29.74,74.48,SAFE,ventilation_failure
2026-01-01 08:26:45,L08,0.327,16.01,0.1215,20.454,29.59,75.92,SAFE,ventilation_failure
2026-01-01 08:26:50,L08,0.3399,15.62,0.124,20.445,29.56,75.42,SAFE,ventilation_failure
2026-01-01 08:26:55,L08,0.3664,19.02,0.1292,20.398,29.99,75.4,SAFE,ventilation_failure
2026-01-01 08:27:00,L08,0.3704,17.41,0.1406,20.381,29.92,74.81,SAFE,ventilation_failure
2026-01-01 08:27:05,L08,0.4151,18.15,0.1449,20.364,30.11,75.95,SAFE,ventilation_failure
2026-01-01 08:27:10,L08,0.3907,18.47,0.1474,20.308,30.39,75.73,SAFE,ventilation_failure
2026-01-01 08:27:15,L08,0.4052,19.68,0.1542,20.255,30.1,76.56,WARNING,ventilation_failure
2026-01-01 08:27:20,L08,0.4119,21.88,0.156,20.273,30.27,75.62,WARNING,ventilation_failure
2026-01-01 08:27:25,L08,0.4366,22.05,0.1703,20.273,30.62,76.86,WARNING,ventilation_failure
2026-01-01 08:27:30,L08,0.4531,21.53,0.1889,20.219,30.58,76.54,WARNING,ventilation_failure
2026-01-01 08:27:35,L08,0.4682,24.74,0.1708,20.192,30.46,76.07,WARNING,ventilation_failure
2026-01-01 08:27:40,L08,0.4793,24.2,0.1863,20.153,30.52,76.18,WARNING,ventilation_failure
2026-01-01 08:27:45,L08,0.4835,22.93,0.1888,20.149,30.67,76.48,WARNING,ventilation_failure
2026-01-01 08:27:50,L08,0.4937,22.22,0.1991,20.094,30.73,77.44,WARNING,ventilation_failure
2026-01-01 08:27:55,L08,0.5157,24.37,0.2047,20.059,30.97,77.87,WARNING,ventilation_failure
2026-01-01 08:28:00,L08,0.5527,26.32,0.2061,20.078,31.04,78.17,WARNING,ventilation_failure
2026-01-01 08:28:05,L08,0.5703,27.29,0.2095,20.001,31.16,78.38,WARNING,ventilation_failure
2026-01-01 08:28:10,L08,0.5631,29.14,0.2116,20.016,31.08,77.7,WARNING,ventilation_failure
2026-01-01 08:28:15,L08,0.5645,26.16,0.2143,19.995,31.29,79.33,DANGER,ventilation_failure
2026-01-01 08:28:20,L08,0.5917,27.84,0.225,19.952,31.08,78.31,DANGER,ventilation_failure
2026-01-01 08:28:25,L08,0.6386,27.44,0.2208,19.87,31.5,79.2,DANGER,ventilation_failure
2026-01-01 08:28:30,L08,0.6366,27.9,0.2317,19.881,31.75,78.88,DANGER,ventilation_failure
2026-01-01 08:28:35,L08,0.6442,29.66,0.2506,19.846,31.45,79.49,DANGER,ventilation_failure
2026-01-01 08:28:40,L08,0.6647,31.86,0.2479,19.81,31.82,79.2,DANGER,ventilation_failure
2026-01-01 08:28:45,L08,0.6877,33.17,0.2596,19.802,31.75,79.86,DANGER,ventilation_failure
2026-01-01 08:28:50,L08,0.6616,31.29,0.2696,19.793,32.05,79.72,DANGER,ventilation_failure
2026-01-01 08:28:55,L08,0.6874,32.2,0.2617,19.729,32.05,80.55,DANGER,ventilation_failure
2026-01-01 08:29:00,L08,0.6997,31.44,0.2701,19.71,32.18,79.42,DANGER,ventilation_failure
2026-01-01 08:29:05,L08,0.7307,35.14,0.2714,19.68,32.22,78.84,DANGER,ventilation_failure
2026-01-01 08:29:10,L08,0.7386,34.42,0.2726,19.695,32.5,79.65,DANGER,ventilation_failure
2026-01-01 08:29:15,L08,0.7619,38.71,0.2769,19.625,32.44,81.46,DANGER,ventilation_failure
2026-01-01 08:29:20,L08,0.7573,37.54,0.2966,19.568,32.37,80.66,DANGER,ventilation_failure
2026-01-01 08:29:25,L08,0.7998,37.36,0.2968,19.53,32.59,81.04,DANGER,ventilation_failure
2026-01-01 08:29:30,L08,0.7925,37.36,0.3153,19.561,32.61,80.3,CRITICAL,ventilation_failure
2026-01-01 08:29:35,L08,0.8183,36.78,0.3136,19.5,32.78,81.37,CRITICAL,ventilation_failure
2026-01-01 08:29:40,L08,0.8401,37.67,0.3053,19.515,32.78,80.67,CRITICAL,ventilation_failure
2026-01-01 08:29:45,L08,0.8533,39.49,0.3232,19.428,32.83,80.97,CRITICAL,ventilation_failure
2026-01-01 08:29:50,L08,0.8563,40.08,0.3194,19.424,33.06,81.52,CRITICAL,ventilation_failure
2026-01-01 08:29:55,L08,0.8775,40.33,0.3369,19.373,33.13,82.38,CRITICAL,ventilation_failure
2026-01-01 08:30:00,L08,0.9057,43.1,0.3286,19.398,33.37,82.64,CRITICAL,ventilation_failure
2026-01-01 08:30:05,L08,0.9016,44.01,0.3294,19.377,33.24,82.84,CRITICAL,ventilation_failure
2026-01-01 08:30:10,L08,0.8973,43.25,0.3368,19.34,33.09,81.28,CRITICAL,ventilation_failure
2026-01-01 08:30:15,L08,0.9313,47.54,0.3425,19.27,33.43,82.73,CRITICAL,ventilation_failure
2026-01-01 08:30:20,L08,0.9363,42.72,0.3471,19.253,33.33,82.75,CRITICAL,ventilation_failure
2026-01-01 08:30:25,L08,0.916,46.13,0.3546,19.255,33.73,81.86,CRITICAL,ventilation_failure
2026-01-01 08:30:30,L08,0.9724,46.41,0.3714,19.169,33.5,83.27,CRITICAL,ventilation_failure
2026-01-01 08:30:35,L08,0.9816,46.62,0.3842,19.185,33.7,83.24,CRITICAL,ventilation_failure
2026-01-01 08:30:40,L08,1.0115,47.1,0.3645,19.211,33.88,84.02,CRITICAL,ventilation_failure
2026-01-01 08:30:45,L08,0.9973,48.84,0.3906,19.132,34.26,83.86,CRITICAL,ventilation_failure
2026-01-01 08:30:50,L08,1.0002,49.21,0.382,19.066,33.96,83.53,CRITICAL,ventilation_failure
2026-01-01 08:30:55,L08,1.0397,49.66,0.394,19.064,34.21,84.89,CRITICAL,ventilation_failure
2026-01-01 08:31:00,L08,0.1632,7.4,0.0536,20.62,26.73,68.87,SAFE,fire_heat
2026-01-01 08:31:05,L08,0.2123,7.02,0.078,20.612,26.71,68.21,SAFE,fire_heat
2026-01-01 08:31:10,L08,0.189,8.49,0.0765,20.506,27.21,71.1,SAFE,fire_heat
2026-01-01 08:31:15,L08,0.1877,13.63,0.076,20.493,26.79,70.62,SAFE,fire_heat
2026-01-01 08:31:20,L08,0.2081,10.31,0.1028,20.525,27.16,71.07,SAFE,fire_heat
2026-01-01 08:31:25,L08,0.2236,11.32,0.0764,20.486,27.6,71.47,SAFE,fire_heat
2026-01-01 08:31:30,L08,0.1904,12.82,0.1024,20.468,27.52,70.85,SAFE,fire_heat
2026-01-01 08:31:35,L08,0.2039,13.11,0.0987,20.453,27.96,71.32,SAFE,fire_heat
2026-01-01 08:31:40,L08,0.2283,15.97,0.1109,20.398,27.65,72.71,SAFE,fire_heat
2026-01-01 08:31:45,L08,0.2239,18.62,0.1104,20.393,27.86,71.94,SAFE,fire_heat
2026-01-01 08:31:50,L08,0.2401,17.11,0.0996,20.369,28.1,72.53,SAFE,fire_heat
2026-01-01 08:31:55,L08,0.2353,17.0,0.1203,20.314,28.4,73.03,SAFE,fire_heat
2026-01-01 08:32:00,L08,0.2587,20.53,0.1272,20.328,28.45,73.12,SAFE,fire_heat
2026-01-01 08:32:05,L08,0.2382,21.05,0.112,20.334,28.57,72.78,SAFE,fire_heat
2026-01-01 08:32:10,L08,0.2429,23.67,0.15,20.266,29.0,73.13,WARNING,fire_heat
2026-01-01 08:32:15,L08,0.2484,22.53,0.142,20.259,29.17,74.05,SAFE,fire_heat
2026-01-01 08:32:20,L08,0.2454,23.85,0.1498,20.239,29.03,74.32,SAFE,fire_heat
2026-01-01 08:32:25,L08,0.2643,25.06,0.1401,20.202,28.99,74.9,WARNING,fire_heat
2026-01-01 08:32:30,L08,0.2591,26.45,0.16,20.21,29.08,74.68,WARNING,fire_heat
2026-01-01 08:32:35,L08,0.2714,26.77,0.1681,20.147,29.59,74.99,WARNING,fire_heat
2026-01-01 08:32:40,L08,0.2777,27.56,0.1664,20.186,29.8,74.43,WARNING,fire_heat
2026-01-01 08:32:45,L08,0.274,26.66,0.1693,20.143,29.87,74.59,WARNING,fire_heat
2026-01-01 08:32:50,L08,0.2791,29.62,0.1672,20.075,30.0,75.95,WARNING,fire_heat
2026-01-01 08:32:55,L08,0.2604,32.58,0.1776,20.133,30.04,75.14,WARNING,fire_heat
2026-01-01 08:33:00,L08,0.2713,33.82,0.1802,20.065,30.41,75.86,WARNING,fire_heat
2026-01-01 08:33:05,L08,0.2962,32.87,0.1939,20.017,30.72,77.25,WARNING,fire_heat
2026-01-01 08:33:10,L08,0.3089,36.57,0.1875,20.05,30.29,77.39,WARNING,fire_heat
2026-01-01 08:33:15,L08,0.2624,35.61,0.2038,20.01,30.76,76.93,WARNING,fire_heat
2026-01-01 08:33:20,L08,0.287,34.69,0.1976,19.921,30.78,76.72,WARNING,fire_heat
2026-01-01 08:33:25,L08,0.2999,35.25,0.2072,19.936,30.86,77.13,WARNING,fire_heat
2026-01-01 08:33:30,L08,0.2903,40.59,0.2192,19.939,31.06,78.2,WARNING,fire_heat
2026-01-01 08:33:35,L08,0.2952,39.24,0.2136,19.844,31.44,77.75,WARNING,fire_heat
2026-01-01 08:33:40,L08,0.3186,39.02,0.2294,19.89,31.6,77.6,WARNING,fire_heat
2026-01-01 08:33:45,L08,0.3392,38.49,0.2336,19.871,31.91,79.29,WARNING,fire_heat
2026-01-01 08:33:50,L08,0.289,42.32,0.232,19.809,31.84,78.74,WARNING,fire_heat
2026-01-01 08:33:55,L08,0.321,44.56,0.2485,19.831,31.73,78.4,WARNING,fire_heat
2026-01-01 08:34:00,L08,0.3345,43.94,0.2448,19.802,32.11,79.52,DANGER,fire_heat
2026-01-01 08:34:05,L08,0.3432,44.45,0.258,19.744,32.09,80.19,DANGER,fire_heat
2026-01-01 08:34:10,L08,0.3403,46.24,0.2685,19.786,32.27,78.88,DANGER,fire_heat
2026-01-01 08:34:15,L08,0.3659,49.97,0.2572,19.762,32.69,79.79,DANGER,fire_heat
2026-01-01 08:34:20,L08,0.3439,47.05,0.2693,19.706,32.79,80.03,DANGER,fire_heat
2026-01-01 08:34:25,L08,0.3672,49.21,0.264,19.688,33.0,80.86,DANGER,fire_heat
2026-01-01 08:34:30,L08,0.3418,53.03,0.2658,19.694,33.01,81.28,DANGER,fire_heat
2026-01-01 08:34:35,L08,0.3564,52.99,0.2775,19.645,33.33,80.6,DANGER,fire_heat
2026-01-01 08:34:40,L08,0.3413,53.56,0.2731,19.571,33.3,80.12,DANGER,fire_heat
2026-01-01 08:34:45,L08,0.377,53.35,0.2815,19.622,33.69,82.41,DANGER,fire_heat
2026-01-01 08:34:50,L08,0.3657,55.41,0.2987,19.561,33.72,80.96,DANGER,fire_heat
2026-01-01 08:34:55,L08,0.3769,55.59,0.2949,19.553,33.79,82.35,DANGER,fire_heat
2026-01-01 08:35:00,L08,0.3708,56.15,0.3097,19.587,34.01,82.3,DANGER,fire_heat
2026-01-01 08:35:05,L08,0.3883,56.85,0.3114,19.517,34.13,82.8,DANGER,fire_heat
2026-01-01 08:35:10,L08,0.3894,60.69,0.3288,19.5,34.52,84.27,CRITICAL,fire_heat
2026-01-01 08:35:15,L08,0.3726,60.46,0.3231,19.493,34.47,85.65,CRITICAL,fire_heat
2026-01-01 08:35:20,L08,0.3774,62.06,0.3328,19.472,34.59,82.18,CRITICAL,fire_heat
2026-01-01 08:35:25,L08,0.3951,62.85,0.3321,19.407,34.7,84.55,CRITICAL,fire_heat
2026-01-01 08:35:30,L08,0.4094,64.32,0.3364,19.412,35.02,83.91,CRITICAL,fire_heat
2026-01-01 08:35:35,L08,0.4314,64.32,0.3482,19.393,35.15,85.14,CRITICAL,fire_heat
2026-01-01 08:35:40,L08,0.412,65.01,0.3492,19.379,35.15,85.34,CRITICAL,fire_heat
2026-01-01 08:35:45,L08,0.4266,65.55,0.3505,19.357,35.18,85.98,CRITICAL,fire_heat
2026-01-01 08:35:50,L08,0.3913,65.69,0.3555,19.405,35.37,85.35,CRITICAL,fire_heat
2026-01-01 08:35:55,L08,0.4497,67.16,0.3631,19.27,35.63,84.68,CRITICAL,fire_heat
2026-01-01 08:36:00,L08,0.4325,69.34,0.3584,19.314,36.01,86.41,CRITICAL,fire_heat
2026-01-01 08:36:05,L08,0.4267,68.52,0.3631,19.298,35.92,86.03,CRITICAL,fire_heat
2026-01-01 08:36:10,L08,0.1843,3.86,0.0378,20.56,29.07,65.64,SAFE,combined_hazard
2026-01-01 08:36:15,L08,0.1848,1.85,0.0439,20.481,29.05,65.66,SAFE,combined_hazard
2026-01-01 08:36:20,L08,0.1888,6.1,0.0768,20.511,29.23,65.85,SAFE,combined_hazard
2026-01-01 08:36:25,L08,0.216,5.71,0.066,20.449,29.36,67.79,SAFE,combined_hazard
2026-01-01 08:36:30,L08,0.2275,5.36,0.0732,20.374,29.47,66.8,SAFE,combined_hazard
2026-01-01 08:36:35,L08,0.2484,9.06,0.0846,20.359,29.6,67.67,SAFE,combined_hazard
2026-01-01 08:36:40,L08,0.2534,10.87,0.0867,20.292,29.67,67.49,SAFE,combined_hazard
2026-01-01 08:36:45,L08,0.2825,11.48,0.1068,20.325,30.06,66.85,SAFE,combined_hazard
2026-01-01 08:36:50,L08,0.2929,12.28,0.1113,20.29,30.08,68.52,SAFE,combined_hazard
2026-01-01 08:36:55,L08,0.3244,13.14,0.12,20.224,30.1,67.91,SAFE,combined_hazard
2026-01-01 08:37:00,L08,0.3429,18.53,0.1216,20.212,30.16,68.71,SAFE,combined_hazard
2026-01-01 08:37:05,L08,0.3531,14.25,0.1231,20.131,30.34,69.37,SAFE,combined_hazard
2026-01-01 08:37:10,L08,0.3608,18.53,0.1407,20.111,30.55,67.93,SAFE,combined_hazard
2026-01-01 08:37:15,L08,0.3756,18.43,0.1561,20.087,30.84,68.54,WARNING,combined_hazard
2026-01-01 08:37:20,L08,0.3822,18.32,0.1594,20.012,30.53,70.91,WARNING,combined_hazard
2026-01-01 08:37:25,L08,0.3977,20.72,0.1743,19.976,30.97,70.0,WARNING,combined_hazard
2026-01-01 08:37:30,L08,0.4356,19.9,0.1792,19.964,31.16,70.39,WARNING,combined_hazard
2026-01-01 08:37:35,L08,0.4139,22.29,0.1936,19.917,30.9,71.36,WARNING,combined_hazard
2026-01-01 08:37:40,L08,0.4543,24.3,0.1914,19.836,31.22,71.27,WARNING,combined_hazard
2026-01-01 08:37:45,L08,0.4658,23.24,0.2099,19.755,31.22,72.26,WARNING,combined_hazard
2026-01-01 08:37:50,L08,0.4948,27.52,0.2123,19.777,31.57,72.24,WARNING,combined_hazard
2026-01-01 08:37:55,L08,0.4796,26.5,0.2142,19.681,31.58,72.79,WARNING,combined_hazard
2026-01-01 08:38:00,L08,0.5164,26.97,0.2343,19.676,31.74,72.42,DANGER,combined_hazard
2026-01-01 08:38:05,L08,0.5365,28.72,0.257,19.642,31.83,73.48,DANGER,combined_hazard
2026-01-01 08:38:10,L08,0.518,34.79,0.2421,19.613,32.13,74.56,DANGER,combined_hazard
2026-01-01 08:38:15,L08,0.5456,29.75,0.2638,19.616,32.18,73.58,DANGER,combined_hazard
2026-01-01 08:38:20,L08,0.5756,34.57,0.2783,19.584,32.31,75.11,DANGER,combined_hazard
2026-01-01 08:38:25,L08,0.5998,33.98,0.2994,19.53,32.43,74.69,DANGER,combined_hazard
2026-01-01 08:38:30,L08,0.61,35.77,0.2862,19.496,32.62,75.67,DANGER,combined_hazard
2026-01-01 08:38:35,L08,0.6309,38.4,0.2942,19.458,32.62,75.53,DANGER,combined_hazard
2026-01-01 08:38:40,L08,0.6215,39.52,0.299,19.325,33.04,75.75,DANGER,combined_hazard
2026-01-01 08:38:45,L08,0.629,38.86,0.3265,19.362,32.73,76.41,CRITICAL,combined_hazard
2026-01-01 08:38:50,L08,0.6693,39.03,0.3195,19.27,32.78,77.45,CRITICAL,combined_hazard
2026-01-01 08:38:55,L08,0.6648,43.2,0.3326,19.301,32.9,77.02,CRITICAL,combined_hazard
2026-01-01 08:39:00,L08,0.6854,44.28,0.3298,19.184,32.99,77.56,CRITICAL,combined_hazard
2026-01-01 08:39:05,L08,0.7276,44.22,0.3608,19.204,33.53,77.23,CRITICAL,combined_hazard
2026-01-01 08:39:10,L08,0.7316,46.5,0.3721,19.187,33.64,79.14,CRITICAL,combined_hazard
2026-01-01 08:39:15,L08,0.7355,46.36,0.3787,19.099,33.86,78.74,CRITICAL,combined_hazard
2026-01-01 08:39:20,L08,0.7487,46.98,0.3681,19.123,33.65,78.64,CRITICAL,combined_hazard
2026-01-01 08:39:25,L08,0.7837,49.42,0.3949,19.071,34.05,78.83,CRITICAL,combined_hazard
2026-01-01 08:39:30,L08,0.7927,51.39,0.3858,19.029,34.08,80.06,CRITICAL,combined_hazard
2026-01-01 08:39:35,L08,0.7865,52.27,0.4087,19.001,34.22,79.14,CRITICAL,combined_hazard
2026-01-01 08:39:40,L08,0.7907,53.76,0.419,18.931,34.42,78.55,CRITICAL,combined_hazard
2026-01-01 08:39:45,L08,0.8633,53.05,0.4289,18.908,34.34,80.39,CRITICAL,combined_hazard
2026-01-01 08:39:50,L08,0.8319,57.75,0.4398,18.865,34.97,81.63,CRITICAL,combined_hazard
2026-01-01 08:39:55,L08,0.8734,56.06,0.4445,18.826,34.91,82.3,CRITICAL,combined_hazard
2026-01-01 08:40:00,L08,0.9033,57.59,0.438,18.768,34.76,81.29,CRITICAL,combined_hazard
2026-01-01 08:40:05,L08,0.898,56.98,0.467,18.713,34.8,81.76,CRITICAL,combined_hazard
2026-01-01 08:40:10,L08,0.902,59.86,0.4726,18.702,35.08,82.49,CRITICAL,combined_hazard
2026-01-01 08:40:15,L08,0.9048,62.14,0.4737,18.662,35.25,82.22,CRITICAL,combined_hazard
2026-01-01 08:40:20,L08,0.9198,63.68,0.4775,18.613,35.51,83.19,CRITICAL,combined_hazard
2026-01-01 08:40:25,L08,0.9622,66.07,0.5114,18.623,35.3,83.06,CRITICAL,combined_hazard
2026-01-01 08:40:30,L08,0.9935,65.7,0.518,18.524,35.65,84.29,CRITICAL,combined_hazard
2026-01-01 08:40:35,L08,0.981,66.53,0.5229,18.516,35.5,84.41,CRITICAL,combined_hazard
2026-01-01 08:40:40,L08,0.9938,66.64,0.5209,18.518,35.92,84.83,CRITICAL,combined_hazard
2026-01-01 08:40:45,L08,1.0278,67.51,0.5153,18.472,35.97,84.36,CRITICAL,combined_hazard
2026-01-01 08:40:50,L08,1.0222,71.15,0.5506,18.443,36.41,86.42,CRITICAL,combined_hazard
2026-01-01 08:40:55,L08,1.0518,72.31,0.5565,18.35,36.01,85.62,CRITICAL,combined_hazard
2026-01-01 08:41:00,L08,1.0635,70.46,0.5597,18.353,36.58,85.78,CRITICAL,combined_hazard
2026-01-01 08:41:05,L08,1.0719,74.35,0.5808,18.259,36.24,85.32,CRITICAL,combined_hazard
2026-01-01 08:41:10,L08,1.093,75.44,0.5877,18.245,36.43,86.2,CRITICAL,combined_hazard
2026-01-01 08:41:15,L08,1.1349,73.98,0.5914,18.209,36.5,86.72,CRITICAL,combined_hazard
2026-01-01 08:41:20,L08,1.1327,77.66,0.5993,18.159,36.92,86.35,CRITICAL,combined_hazard
2026-01-01 08:41:25,L08,1.1552,76.47,0.6085,18.128,36.84,87.1,CRITICAL,combined_hazard
2026-01-01 08:41:30,L08,1.1402,75.59,0.6227,18.085,36.94,87.55,CRITICAL,combined_hazard
2026-01-01 08:41:35,L08,1.1856,80.19,0.6194,18.032,37.3,88.07,CRITICAL,combined_hazard
2026-01-01 08:00:00,L09,0.1296,3.97,0.0539,20.417,25.13,65.03,SAFE,normal
2026-01-01 08:00:05,L09,0.1397,2.55,0.0612,20.415,25.12,65.48,SAFE,normal
2026-01-01 08:00:10,L09,0.1259,5.64,0.0654,20.444,25.18,65.55,SAFE,normal
2026-01-01 08:00:15,L09,0.1244,1.68,0.0725,20.437,25.54,64.83,SAFE,normal
2026-01-01 08:00:20,L09,0.1586,4.68,0.0588,20.395,25.57,65.97,SAFE,normal
2026-01-01 08:00:25,L09,0.1357,2.52,0.0624,20.419,25.55,63.68,SAFE,normal
2026-01-01 08:00:30,L09,0.122,2.88,0.0565,20.417,25.71,65.24,SAFE,normal
2026-01-01 08:00:35,L09,0.1619,5.0,0.0661,20.43,25.72,65.78,SAFE,normal
2026-01-01 08:00:40,L09,0.1198,3.25,0.0707,20.433,25.92,65.45,SAFE,normal
2026-01-01 08:00:45,L09,0.0923,3.57,0.0697,20.454,25.99,64.33,SAFE,normal
2026-01-01 08:00:50,L09,0.1587,3.21,0.0554,20.444,25.76,66.46,SAFE,normal
2026-01-01 08:00:55,L09,0.1633,7.18,0.0661,20.478,26.03,64.92,SAFE,normal
2026-01-01 08:01:00,L09,0.1584,3.66,0.0597,20.452,25.81,65.93,SAFE,normal
2026-01-01 08:01:05,L09,0.1351,4.74,0.0734,20.422,26.15,66.17,SAFE,normal
2026-01-01 08:01:10,L09,0.1562,4.44,0.0642,20.436,26.29,66.13,SAFE,normal
2026-01-01 08:01:15,L09,0.1554,5.16,0.0535,20.471,26.07,67.11,SAFE,normal
2026-01-01 08:01:20,L09,0.154,3.98,0.064,20.408,26.28,66.2,SAFE,normal
2026-01-01 08:01:25,L09,0.1858,4.68,0.0696,20.419,26.41,66.65,SAFE,normal
2026-01-01 08:01:30,L09,0.1514,5.65,0.0681,20.462,26.52,66.33,SAFE,normal
2026-01-01 08:01:35,L09,0.1743,3.85,0.0622,20.493,26.51,66.93,SAFE,normal
2026-01-01 08:01:40,L09,0.1899,6.85,0.0618,20.507,26.45,67.62,SAFE,normal
2026-01-01 08:01:45,L09,0.1802,7.08,0.0587,20.464,26.69,66.68,SAFE,normal
2026-01-01 08:01:50,L09,0.1956,6.29,0.0636,20.505,26.52,67.26,SAFE,normal
2026-01-01 08:01:55,L09,0.1879,5.56,0.0601,20.479,26.8,67.86,SAFE,normal
2026-01-01 08:02:00,L09,0.1884,1.05,0.0749,20.434,26.84,67.85,SAFE,normal
2026-01-01 08:02:05,L09,0.1899,6.25,0.0601,20.482,26.96,66.52,SAFE,normal
2026-01-01 08:02:10,L09,0.1961,5.11,0.0685,20.467,26.97,67.72,SAFE,normal
2026-01-01 08:02:15,L09,0.1836,5.41,0.0681,20.516,26.9,67.16,SAFE,normal
2026-01-01 08:02:20,L09,0.1724,3.01,0.0754,20.49,27.14,67.92,SAFE,normal
2026-01-01 08:02:25,L09,0.2087,6.68,0.0767,20.456,27.4,67.54,SAFE,normal
2026-01-01 08:02:30,L09,0.2143,3.84,0.0737,20.452,27.53,67.37,SAFE,normal
2026-01-01 08:02:35,L09,0.2031,6.27,0.0711,20.499,27.77,67.56,SAFE,normal
2026-01-01 08:02:40,L09,0.1936,7.53,0.0601,20.43,27.73,67.49,SAFE,normal
2026-01-01 08:02:45,L09,0.1809,5.55,0.0601,20.49,27.37,67.58,SAFE,normal
2026-01-01 08:02:50,L09,0.2081,8.16,0.062,20.516,27.56,67.28,SAFE,normal
2026-01-01 08:02:55,L09,0.189,5.29,0.075,20.48,27.69,67.27,SAFE,normal
2026-01-01 08:03:00,L09,0.1894,7.39,0.0697,20.545,27.75,68.95,SAFE,normal
2026-01-01 08:03:05,L09,0.2139,4.62,0.0763,20.553,27.84,67.99,SAFE,normal
2026-01-01 08:03:10,L09,0.2053,8.2,0.0775,20.49,28.27,67.21,SAFE,normal
2026-01-01 08:03:15,L09,0.2244,8.05,0.0638,20.515,27.81,67.51,SAFE,normal
2026-01-01 08:03:20,L09,0.2193,7.51,0.0701,20.556,27.94,68.64,SAFE,normal
2026-01-01 08:03:25,L09,0.2151,6.3,0.0699,20.529,28.36,67.28,SAFE,normal
2026-01-01 08:03:30,L09,0.2011,4.87,0.0675,20.49,28.1,66.74,SAFE,normal
2026-01-01 08:03:35,L09,0.2163,6.46,0.066,20.531,28.32,66.87,SAFE,normal
2026-01-01 08:03:40,L09,0.2194,8.79,0.08,20.513,28.49,66.68,SAFE,normal
2026-01-01 08:03:45,L09,0.2157,7.4,0.0711,20.574,28.47,67.08,SAFE,normal
2026-01-01 08:03:50,L09,0.2316,4.96,0.0709,20.562,28.5,67.24,SAFE,normal
2026-01-01 08:03:55,L09,0.2219,5.68,0.0646,20.538,28.68,69.36,SAFE,normal
2026-01-01 08:04:00,L09,0.2391,9.33,0.0765,20.554,28.48,68.28,SAFE,normal
2026-01-01 08:04:05,L09,0.2476,8.26,0.0633,20.514,28.61,68.09,SAFE,normal
2026-01-01 08:04:10,L09,0.2341,5.76,0.0751,20.533,28.84,67.29,SAFE,normal
2026-01-01 08:04:15,L09,0.2554,5.04,0.0755,20.605,28.52,68.4,SAFE,normal
2026-01-01 08:04:20,L09,0.2311,6.83,0.0685,20.563,29.11,67.19,SAFE,normal
2026-01-01 08:04:25,L09,0.2373,5.07,0.0745,20.592,29.01,68.35,SAFE,normal
2026-01-01 08:04:30,L09,0.2547,7.69,0.0736,20.574,29.06,70.36,SAFE,normal
2026-01-01 08:04:35,L09,0.2692,11.68,0.072,20.61,28.87,69.3,SAFE,normal
2026-01-01 08:04:40,L09,0.2744,5.69,0.0726,20.513,28.99,68.67,SAFE,normal
2026-01-01 08:04:45,L09,0.2881,7.88,0.0731,20.571,29.19,69.46,SAFE,normal
2026-01-01 08:04:50,L09,0.2607,10.21,0.0739,20.629,29.44,68.55,SAFE,normal
2026-01-01 08:04:55,L09,0.2669,9.45,0.0735,20.611,29.08,68.39,SAFE,normal
2026-01-01 08:05:00,L09,0.2559,8.18,0.0643,20.625,29.58,70.46,SAFE,normal
2026-01-01 08:05:05,L09,0.255,8.26,0.0721,20.588,29.48,68.25,SAFE,normal
2026-01-01 08:05:10,L09,0.0595,8.08,0.0128,20.838,28.71,77.07,SAFE,methane_buildup
2026-01-01 08:05:15,L09,0.0628,6.64,0.0333,20.843,28.55,77.58,SAFE,methane_buildup
2026-01-01 08:05:20,L09,0.1079,5.36,0.027,20.821,29.03,77.08,SAFE,methane_buildup
2026-01-01 08:05:25,L09,0.0881,6.84,0.0342,20.791,28.88,79.1,SAFE,methane_buildup
2026-01-01 08:05:30,L09,0.1341,10.04,0.0658,20.798,28.81,77.51,SAFE,methane_buildup
2026-01-01 08:05:35,L09,0.1473,10.02,0.0541,20.797,28.99,78.33,SAFE,methane_buildup
2026-01-01 08:05:40,L09,0.172,8.1,0.0597,20.753,29.0,77.98,SAFE,methane_buildup
2026-01-01 08:05:45,L09,0.1639,7.21,0.0543,20.73,29.03,77.72,SAFE,methane_buildup
2026-01-01 08:05:50,L09,0.1652,7.91,0.0638,20.718,29.0,77.49,SAFE,methane_buildup
2026-01-01 08:05:55,L09,0.224,7.98,0.0464,20.644,29.31,78.4,SAFE,methane_buildup
2026-01-01 08:06:00,L09,0.2036,7.48,0.0716,20.707,29.07,76.7,SAFE,methane_buildup
2026-01-01 08:06:05,L09,0.2122,8.25,0.0595,20.647,29.36,78.69,SAFE,methane_buildup
2026-01-01 08:06:10,L09,0.2374,7.94,0.0646,20.687,29.23,76.23,SAFE,methane_buildup
2026-01-01 08:06:15,L09,0.2413,7.2,0.0757,20.65,29.23,77.83,SAFE,methane_buildup
2026-01-01 08:06:20,L09,0.2797,5.92,0.077,20.64,29.19,76.03,SAFE,methane_buildup
2026-01-01 08:06:25,L09,0.2786,7.07,0.078,20.643,29.38,76.85,SAFE,methane_buildup
2026-01-01 08:06:30,L09,0.2991,9.0,0.0692,20.579,29.28,77.13,SAFE,methane_buildup
2026-01-01 08:06:35,L09,0.3337,7.79,0.0837,20.603,29.16,76.61,SAFE,methane_buildup
2026-01-01 08:06:40,L09,0.3444,8.33,0.0934,20.584,29.18,76.8,SAFE,methane_buildup
2026-01-01 08:06:45,L09,0.3511,7.5,0.0842,20.556,29.42,75.79,SAFE,methane_buildup
2026-01-01 08:06:50,L09,0.3692,6.38,0.1018,20.518,29.25,76.06,SAFE,methane_buildup
2026-01-01 08:06:55,L09,0.3826,7.65,0.0871,20.549,29.4,77.2,SAFE,methane_buildup
2026-01-01 08:07:00,L09,0.3917,6.52,0.0969,20.537,29.6,76.77,SAFE,methane_buildup
2026-01-01 08:07:05,L09,0.414,6.46,0.1119,20.504,29.52,76.14,SAFE,methane_buildup
2026-01-01 08:07:10,L09,0.4372,9.94,0.097,20.453,29.39,77.7,SAFE,methane_buildup
2026-01-01 08:07:15,L09,0.4437,7.55,0.1137,20.454,29.74,75.62,SAFE,methane_buildup
2026-01-01 08:07:20,L09,0.4677,7.11,0.1238,20.453,29.64,76.25,SAFE,methane_buildup
2026-01-01 08:07:25,L09,0.4646,10.69,0.1122,20.46,29.74,76.08,SAFE,methane_buildup
2026-01-01 08:07:30,L09,0.4839,9.53,0.1094,20.377,29.28,76.93,SAFE,methane_buildup
2026-01-01 08:07:35,L09,0.4978,7.79,0.1102,20.392,29.7,76.43,SAFE,methane_buildup
2026-01-01 08:07:40,L09,0.5161,9.03,0.1297,20.382,29.8,76.25,SAFE,methane_buildup
2026-01-01 08:07:45,L09,0.5597,8.08,0.1322,20.376,29.96,74.81,SAFE,methane_buildup
2026-01-01 08:07:50,L09,0.5671,7.44,0.1364,20.324,29.52,76.93,SAFE,methane_buildup
2026-01-01 08:07:55,L09,0.5558,9.23,0.1274,20.342,29.95,76.01,SAFE,methane_buildup
2026-01-01 08:08:00,L09,0.5943,8.07,0.1387,20.324,30.04,76.22,SAFE,methane_buildup
2026-01-01 08:08:05,L09,0.5977,8.72,0.1328,20.287,29.52,75.48,SAFE,methane_buildup
2026-01-01 08:08:10,L09,0.6091,10.18,0.1289,20.299,29.93,75.3,WARNING,methane_buildup
2026-01-01 08:08:15,L09,0.6129,10.05,0.1478,20.271,29.98,77.18,WARNING,methane_buildup
2026-01-01 08:08:20,L09,0.6655,7.9,0.1547,20.287,29.86,74.51,WARNING,methane_buildup
2026-01-01 08:08:25,L09,0.6463,9.5,0.1362,20.23,29.87,75.03,SAFE,methane_buildup
2026-01-01 08:08:30,L09,0.6818,7.12,0.1389,20.244,30.07,77.01,SAFE,methane_buildup
2026-01-01 08:08:35,L09,0.6842,9.53,0.1503,20.202,29.91,76.29,WARNING,methane_buildup
2026-01-01 08:08:40,L09,0.7258,9.12,0.1604,20.193,30.0,75.46,WARNING,methane_buildup
2026-01-01 08:08:45,L09,0.7249,9.51,0.1465,20.205,30.18,76.67,SAFE,methane_buildup
2026-01-01 08:08:50,L09,0.7437,8.54,0.1602,20.188,30.35,75.98,WARNING,methane_buildup
2026-01-01 08:08:55,L09,0.76,12.15,0.1565,20.153,30.2,75.75,WARNING,methane_buildup
2026-01-01 08:09:00,L09,0.7819,7.72,0.1696,20.142,30.17,75.7,WARNING,methane_buildup
2026-01-01 08:09:05,L09,0.7933,10.57,0.1604,20.091,30.1,75.84,WARNING,methane_buildup
2026-01-01 08:09:10,L09,0.8083,7.6,0.1757,20.162,30.06,75.82,WARNING,methane_buildup
2026-01-01 08:09:15,L09,0.8169,9.95,0.1711,20.125,30.4,77.12,WARNING,methane_buildup
2026-01-01 08:09:20,L09,0.8169,10.1,0.1677,20.109,30.24,75.16,WARNING,methane_buildup
2026-01-01 08:09:25,L09,0.8395,9.36,0.1785,20.026,30.47,75.13,WARNING,methane_buildup
2026-01-01 08:09:30,L09,0.8829,8.58,0.1653,20.041,30.27,74.22,WARNING,methane_buildup
2026-01-01 08:09:35,L09,0.8833,9.58,0.1791,20.034,30.26,75.12,WARNING,methane_buildup
2026-01-01 08:09:40,L09,0.8937,9.81,0.189,19.971,30.45,76.6,WARNING,methane_buildup
2026-01-01 08:09:45,L09,0.8984,12.13,0.175,20.04,30.4,75.84,WARNING,methane_buildup
2026-01-01 08:09:50,L09,0.9095,8.18,0.1714,20.042,30.26,74.57,WARNING,methane_buildup
2026-01-01 08:09:55,L09,0.9405,8.7,0.176,20.045,30.74,74.98,WARNING,methane_buildup
2026-01-01 08:10:00,L09,0.9802,10.0,0.2082,19.936,30.41,73.87,DANGER,methane_buildup
2026-01-01 08:10:05,L09,0.9743,9.23,0.1997,19.956,30.67,74.08,WARNING,methane_buildup
2026-01-01 08:10:10,L09,1.0045,9.51,0.1989,19.977,30.69,74.92,WARNING,methane_buildup
2026-01-01 08:10:15,L09,1.0052,11.31,0.2135,19.914,30.4,74.35,DANGER,methane_buildup
2026-01-01 08:10:20,L09,0.1648,6.41,0.0974,20.848,25.76,72.0,SAFE,co_buildup
2026-01-01 08:10:25,L09,0.1507,2.12,0.1062,20.782,26.06,72.57,SAFE,co_buildup
2026-01-01 08:10:30,L09,0.1525,1.83,0.096,20.741,25.93,72.44,SAFE,co_buildup
2026-01-01 08:10:35,L09,0.1579,2.9,0.1222,20.757,26.0,72.1,SAFE,co_buildup
2026-01-01 08:10:40,L09,0.148,7.09,0.1211,20.728,26.27,70.82,SAFE,co_buildup
2026-01-01 08:10:45,L09,0.1755,5.51,0.1188,20.677,26.31,73.31,SAFE,co_buildup
2026-01-01 08:10:50,L09,0.1717,6.84,0.116,20.663,26.54,71.2,SAFE,co_buildup
2026-01-01 08:10:55,L09,0.1666,8.89,0.1298,20.677,26.39,71.83,SAFE,co_buildup
2026-01-01 08:11:00,L09,0.1732,8.18,0.1142,20.672,26.5,72.72,SAFE,co_buildup
2026-01-01 08:11:05,L09,0.1682,9.39,0.1126,20.615,26.63,72.86,SAFE,co_buildup
2026-01-01 08:11:10,L09,0.1848,10.56,0.1179,20.603,26.54,72.82,SAFE,co_buildup
2026-01-01 08:11:15,L09,0.1916,9.78,0.1168,20.606,26.64,72.15,SAFE,co_buildup
2026-01-01 08:11:20,L09,0.193,10.85,0.1286,20.561,26.99,72.09,SAFE,co_buildup
2026-01-01 08:11:25,L09,0.2046,12.13,0.1328,20.537,26.81,74.71,SAFE,co_buildup
2026-01-01 08:11:30,L09,0.2069,13.74,0.1348,20.504,27.15,72.75,SAFE,co_buildup
2026-01-01 08:11:35,L09,0.2159,11.92,0.1358,20.484,27.14,72.76,SAFE,co_buildup
2026-01-01 08:11:40,L09,0.2309,9.25,0.1398,20.568,26.89,72.42,SAFE,co_buildup
2026-01-01 08:11:45,L09,0.2299,15.47,0.1554,20.462,27.27,73.29,WARNING,co_buildup
2026-01-01 08:11:50,L09,0.2396,16.51,0.1492,20.49,27.35,73.36,SAFE,co_buildup
2026-01-01 08:11:55,L09,0.2169,16.09,0.1544,20.48,27.41,73.29,WARNING,co_buildup
2026-01-01 08:12:00,L09,0.2263,16.86,0.1513,20.404,27.4,73.72,WARNING,co_buildup
2026-01-01 08:12:05,L09,0.248,16.28,0.1397,20.401,27.35,74.93,SAFE,co_buildup
2026-01-01 08:12:10,L09,0.2526,18.55,0.1409,20.374,27.77,73.14,SAFE,co_buildup
2026-01-01 08:12:15,L09,0.2367,19.75,0.1748,20.303,27.63,73.76,WARNING,co_buildup
2026-01-01 08:12:20,L09,0.2603,19.22,0.1567,20.285,27.59,73.31,WARNING,co_buildup
2026-01-01 08:12:25,L09,0.2413,23.55,0.1587,20.314,27.86,74.17,WARNING,co_buildup
2026-01-01 08:12:30,L09,0.267,18.13,0.1684,20.28,27.76,73.58,WARNING,co_buildup
2026-01-01 08:12:35,L09,0.2637,21.4,0.1736,20.33,27.8,73.72,WARNING,co_buildup
2026-01-01 08:12:40,L09,0.2476,20.06,0.1774,20.246,27.96,73.08,WARNING,co_buildup
2026-01-01 08:12:45,L09,0.2662,23.81,0.189,20.293,27.99,74.43,WARNING,co_buildup
2026-01-01 08:12:50,L09,0.3097,20.79,0.1896,20.2,28.03,74.8,WARNING,co_buildup
2026-01-01 08:12:55,L09,0.2843,21.83,0.1738,20.252,28.37,76.05,WARNING,co_buildup
2026-01-01 08:13:00,L09,0.3201,23.55,0.1908,20.191,28.3,75.04,WARNING,co_buildup
2026-01-01 08:13:05,L09,0.2682,25.57,0.1828,20.173,28.58,74.41,WARNING,co_buildup
2026-01-01 08:13:10,L09,0.3055,24.95,0.1875,20.121,28.34,73.79,WARNING,co_buildup
2026-01-01 08:13:15,L09,0.2605,25.63,0.1827,20.134,28.28,74.0,WARNING,co_buildup
2026-01-01 08:13:20,L09,0.3028,26.91,0.1806,20.148,28.64,74.05,WARNING,co_buildup
2026-01-01 08:13:25,L09,0.3166,27.49,0.1967,20.074,28.97,76.69,WARNING,co_buildup
2026-01-01 08:13:30,L09,0.324,30.76,0.1921,20.048,28.85,75.53,WARNING,co_buildup
2026-01-01 08:13:35,L09,0.3037,30.22,0.2099,20.031,29.33,74.93,WARNING,co_buildup
2026-01-01 08:13:40,L09,0.3356,29.38,0.203,20.068,28.97,74.74,WARNING,co_buildup
2026-01-01 08:13:45,L09,0.3163,33.68,0.2105,20.025,29.03,74.93,WARNING,co_buildup
2026-01-01 08:13:50,L09,0.3262,31.94,0.2218,20.024,28.74,75.23,WARNING,co_buildup
2026-01-01 08:13:55,L09,0.3264,30.42,0.2017,19.97,29.21,76.87,WARNING,co_buildup
2026-01-01 08:14:00,L09,0.3202,32.93,0.2106,19.942,29.24,75.9,WARNING,co_buildup
2026-01-01 08:14:05,L09,0.3651,34.02,0.2206,19.934,29.23,74.87,WARNING,co_buildup
2026-01-01 08:14:10,L09,0.3466,32.85,0.2244,19.934,29.35,77.98,WARNING,co_buildup
2026-01-01 08:14:15,L09,0.3665,32.98,0.2335,19.875,29.43,75.33,WARNING,co_buildup
2026-01-01 08:14:20,L09,0.3701,35.36,0.2344,19.904,29.49,75.87,WARNING,co_buildup
2026-01-01 08:14:25,L09,0.3443,35.36,0.231,19.855,29.91,77.5,WARNING,co_buildup
2026-01-01 08:14:30,L09,0.3813,38.79,0.2354,19.752,29.61,76.88,WARNING,co_buildup
2026-01-01 08:14:35,L09,0.3749,38.35,0.2384,19.831,29.77,76.28,WARNING,co_buildup
2026-01-01 08:14:40,L09,0.3561,36.95,0.2268,19.747,29.76,75.78,WARNING,co_buildup
2026-01-01 08:14:45,L09,0.3827,39.22,0.2401,19.791,30.01,76.09,WARNING,co_buildup
2026-01-01 08:14:50,L09,0.365,41.15,0.2461,19.773,29.99,76.25,WARNING,co_buildup
2026-01-01 08:14:55,L09,0.4087,37.83,0.2506,19.736,30.0,77.08,WARNING,co_buildup
2026-01-01 08:15:00,L09,0.4011,39.06,0.2423,19.723,29.83,77.33,WARNING,co_buildup
2026-01-01 08:15:05,L09,0.3921,41.24,0.2423,19.72,30.23,77.17,WARNING,co_buildup
2026-01-01 08:15:10,L09,0.4165,41.98,0.2533,19.653,30.22,77.36,WARNING,co_buildup
2026-01-01 08:15:15,L09,0.3781,42.52,0.2737,19.672,30.33,76.65,WARNING,co_buildup
2026-01-01 08:15:20,L09,0.3949,42.8,0.2542,19.664,30.24,77.83,WARNING,co_buildup
2026-01-01 08:15:25,L09,0.4067,43.45,0.2729,19.662,30.71,78.73,WARNING,co_buildup
2026-01-01 08:15:30,L09,0.0777,2.1,0.0921,20.701,27.74,69.39,SAFE,low_oxygen
2026-01-01 08:15:35,L09,0.0836,2.49,0.099,20.637,27.73,69.3,SAFE,low_oxygen
2026-01-01 08:15:40,L09,0.0704,5.09,0.0999,20.614,27.88,71.25,SAFE,low_oxygen
2026-01-01 08:15:45,L09,0.0986,5.55,0.1062,20.547,27.83,70.29,SAFE,low_oxygen
2026-01-01 08:15:50,L09,0.1032,4.51,0.1068,20.595,27.78,69.21,SAFE,low_oxygen
2026-01-01 08:15:55,L09,0.1035,4.57,0.0961,20.498,27.87,70.17,SAFE,low_oxygen
2026-01-01 08:16:00,L09,0.1264,7.39,0.1115,20.526,28.01,70.74,SAFE,low_oxygen
2026-01-01 08:16:05,L09,0.1122,5.53,0.108,20.514,28.09,70.13,SAFE,low_oxygen
2026-01-01 08:16:10,L09,0.1321,7.63,0.1068,20.448,27.72,69.95,SAFE,low_oxygen
2026-01-01 08:16:15,L09,0.1333,6.74,0.1165,20.449,27.93,70.71,SAFE,low_oxygen
2026-01-01 08:16:20,L09,0.1333,5.81,0.1234,20.448,27.97,70.14,SAFE,low_oxygen
2026-01-01 08:16:25,L09,0.1573,10.23,0.1271,20.373,27.83,71.62,SAFE,low_oxygen
2026-01-01 08:16:30,L09,0.1539,8.43,0.1367,20.333,28.01,69.67,SAFE,low_oxygen
2026-01-01 08:16:35,L09,0.1422,7.62,0.1419,20.309,28.07,71.41,SAFE,low_oxygen
2026-01-01 08:16:40,L09,0.1446,7.03,0.1372,20.262,28.14,71.87,SAFE,low_oxygen
2026-01-01 08:16:45,L09,0.1907,7.62,0.1418,20.234,28.09,71.49,SAFE,low_oxygen
2026-01-01 08:16:50,L09,0.1678,9.43,0.1416,20.243,27.96,72.55,SAFE,low_oxygen
2026-01-01 08:16:55,L09,0.1976,13.31,0.1501,20.198,28.41,70.7,WARNING,low_oxygen
2026-01-01 08:17:00,L09,0.2015,9.98,0.151,20.185,28.25,71.35,SAFE,low_oxygen
2026-01-01 08:17:05,L09,0.2024,13.46,0.1498,20.104,28.23,71.76,SAFE,low_oxygen
2026-01-01 08:17:10,L09,0.2445,11.53,0.1706,20.119,28.31,72.71,WARNING,low_oxygen
2026-01-01 08:17:15,L09,0.2251,10.39,0.1522,20.125,28.22,72.43,WARNING,low_oxygen
2026-01-01 08:17:20,L09,0.241,11.88,0.1713,20.034,28.39,74.08,WARNING,low_oxygen
2026-01-01 08:17:25,L09,0.2412,11.11,0.152,20.04,28.22,71.84,WARNING,low_oxygen
2026-01-01 08:17:30,L09,0.2408,12.18,0.1725,19.957,28.23,71.48,WARNING,low_oxygen
2026-01-01 08:17:35,L09,0.2512,12.57,0.1806,19.947,28.34,74.14,WARNING,low_oxygen
2026-01-01 08:17:40,L09,0.2806,11.48,0.157,19.983,28.5,71.68,WARNING,low_oxygen
2026-01-01 08:17:45,L09,0.2823,17.03,0.1766,19.922,28.51,73.48,WARNING,low_oxygen
2026-01-01 08:17:50,L09,0.3026,15.52,0.1843,19.959,28.39,72.27,WARNING,low_oxygen
2026-01-01 08:17:55,L09,0.2839,14.61,0.1838,19.89,28.39,71.51,WARNING,low_oxygen
2026-01-01 08:18:00,L09,0.2747,16.4,0.1879,19.866,28.44,72.98,WARNING,low_oxygen
2026-01-01 08:18:05,L09,0.2885,15.25,0.1891,19.791,28.5,74.11,WARNING,low_oxygen
2026-01-01 08:18:10,L09,0.2845,12.93,0.1824,19.784,28.56,72.53,WARNING,low_oxygen
2026-01-01 08:18:15,L09,0.3211,21.81,0.2133,19.747,28.35,74.08,WARNING,low_oxygen
2026-01-01 08:18:20,L09,0.3081,18.09,0.1934,19.71,28.6,74.35,WARNING,low_oxygen
2026-01-01 08:18:25,L09,0.2783,17.36,0.2041,19.735,28.47,72.84,WARNING,low_oxygen
2026-01-01 08:18:30,L09,0.3684,15.78,0.1986,19.713,28.53,73.78,WARNING,low_oxygen
2026-01-01 08:18:35,L09,0.3301,16.87,0.1887,19.672,28.66,75.34,WARNING,low_oxygen
2026-01-01 08:18:40,L09,0.3373,22.03,0.2027,19.608,28.58,74.72,WARNING,low_oxygen
2026-01-01 08:18:45,L09,0.3783,22.23,0.2016,19.616,28.63,74.1,WARNING,low_oxygen
2026-01-01 08:18:50,L09,0.3423,21.55,0.2251,19.522,28.45,74.76,WARNING,low_oxygen
2026-01-01 08:18:55,L09,0.3848,19.18,0.2146,19.592,28.75,73.99,WARNING,low_oxygen
2026-01-01 08:19:00,L09,0.3662,23.55,0.2185,19.486,28.64,75.54,WARNING,low_oxygen
2026-01-01 08:19:05,L09,0.3624,22.39,0.2173,19.464,28.57,75.66,WARNING,low_oxygen
2026-01-01 08:19:10,L09,0.4151,23.14,0.2297,19.474,28.74,74.98,WARNING,low_oxygen
2026-01-01 08:19:15,L09,0.4106,23.26,0.2264,19.45,28.98,75.18,WARNING,low_oxygen
2026-01-01 08:19:20,L09,0.4178,20.76,0.2432,19.414,28.43,74.31,WARNING,low_oxygen
2026-01-01 08:19:25,L09,0.4168,21.66,0.2408,19.356,28.5,74.14,WARNING,low_oxygen
2026-01-01 08:19:30,L09,0.4275,23.13,0.2369,19.396,29.04,75.04,WARNING,low_oxygen
2026-01-01 08:19:35,L09,0.4073,25.29,0.2515,19.284,28.72,75.38,DANGER,low_oxygen
2026-01-01 08:19:40,L09,0.4348,22.69,0.2479,19.263,28.7,76.42,WARNING,low_oxygen
2026-01-01 08:19:45,L09,0.4264,24.93,0.2511,19.278,28.67,76.42,WARNING,low_oxygen
2026-01-01 08:19:50,L09,0.4268,25.37,0.2424,19.216,28.89,75.94,DANGER,low_oxygen
2026-01-01 08:19:55,L09,0.461,27.25,0.2567,19.263,29.12,76.86,DANGER,low_oxygen
2026-01-01 08:20:00,L09,0.4795,27.51,0.263,19.164,28.64,75.27,DANGER,low_oxygen
2026-01-01 08:20:05,L09,0.4637,25.42,0.2742,19.219,28.75,77.0,DANGER,low_oxygen
2026-01-01 08:20:10,L09,0.4735,29.54,0.2607,19.176,28.72,75.62,DANGER,low_oxygen
2026-01-01 08:20:15,L09,0.4669,26.06,0.2881,19.155,28.9,77.36,DANGER,low_oxygen
2026-01-01 08:20:20,L09,0.4913,29.88,0.2774,19.148,28.99,76.47,DANGER,low_oxygen
2026-01-01 08:20:25,L09,0.5099,27.85,0.264,19.066,29.07,75.0,DANGER,low_oxygen
2026-01-01 08:20:30,L09,0.5176,29.35,0.2725,19.006,28.96,77.3,DANGER,low_oxygen
2026-01-01 08:20:35,L09,0.5212,29.88,0.2938,19.007,29.24,77.47,DANGER,low_oxygen
2026-01-01 08:20:40,L09,0.0719,2.09,0.0346,20.629,27.3,70.16,SAFE,co2_buildup
2026-01-01 08:20:45,L09,0.0638,0.45,0.0644,20.583,27.35,69.91,SAFE,co2_buildup
2026-01-01 08:20:50,L09,0.0779,2.79,0.0617,20.58,27.14,71.63,SAFE,co2_buildup
2026-01-01 08:20:55,L09,0.0938,3.06,0.0746,20.568,27.38,71.09,SAFE,co2_buildup
2026-01-01 08:21:00,L09,0.0712,4.07,0.0986,20.605,27.48,71.22,SAFE,co2_buildup
2026-01-01 08:21:05,L09,0.1059,1.75,0.1091,20.599,27.33,71.78,SAFE,co2_buildup
2026-01-01 08:21:10,L09,0.1163,3.73,0.0991,20.522,27.4,71.78,SAFE,co2_buildup
2026-01-01 08:21:15,L09,0.1062,5.15,0.117,20.49,27.58,70.54,SAFE,co2_buildup
2026-01-01 08:21:20,L09,0.1163,5.51,0.1167,20.457,27.32,71.97,SAFE,co2_buildup
2026-01-01 08:21:25,L09,0.1349,1.91,0.1276,20.471,27.43,73.3,SAFE,co2_buildup
2026-01-01 08:21:30,L09,0.1498,5.96,0.1337,20.49,27.5,71.6,SAFE,co2_buildup
2026-01-01 08:21:35,L09,0.1374,4.73,0.1335,20.456,27.42,72.16,SAFE,co2_buildup
2026-01-01 08:21:40,L09,0.1615,5.03,0.1568,20.415,27.91,72.91,SAFE,co2_buildup
2026-01-01 08:21:45,L09,0.1654,1.96,0.1671,20.392,27.49,72.89,SAFE,co2_buildup
2026-01-01 08:21:50,L09,0.1704,7.95,0.1682,20.362,27.89,73.68,SAFE,co2_buildup
2026-01-01 08:21:55,L09,0.1662,6.18,0.191,20.314,28.01,73.05,SAFE,co2_buildup
2026-01-01 08:22:00,L09,0.1622,3.82,0.1875,20.271,27.89,73.83,SAFE,co2_buildup
2026-01-01 08:22:05,L09,0.214,6.88,0.1946,20.271,27.89,74.33,SAFE,co2_buildup
2026-01-01 08:22:10,L09,0.2043,7.04,0.2127,20.262,28.07,75.11,SAFE,co2_buildup
2026-01-01 08:22:15,L09,0.2162,8.56,0.2048,20.184,28.08,75.81,SAFE,co2_buildup
2026-01-01 08:22:20,L09,0.2061,6.47,0.2332,20.202,28.28,74.83,SAFE,co2_buildup
2026-01-01 08:22:25,L09,0.2112,7.15,0.2314,20.16,27.79,76.77,SAFE,co2_buildup
2026-01-01 08:22:30,L09,0.2273,6.37,0.2513,20.193,28.09,75.33,SAFE,co2_buildup
2026-01-01 08:22:35,L09,0.1987,8.44,0.2624,20.124,28.36,76.37,SAFE,co2_buildup
2026-01-01 08:22:40,L09,0.2158,6.57,0.266,20.129,28.34,77.47,SAFE,co2_buildup
2026-01-01 08:22:45,L09,0.2269,6.61,0.2631,20.076,28.49,76.26,SAFE,co2_buildup
2026-01-01 08:22:50,L09,0.2383,8.05,0.2683,20.123,28.47,75.27,SAFE,co2_buildup
2026-01-01 08:22:55,L09,0.2382,6.52,0.2756,20.003,28.46,76.67,SAFE,co2_buildup
2026-01-01 08:23:00,L09,0.2627,10.96,0.3046,20.046,28.48,76.33,WARNING,co2_buildup
2026-01-01 08:23:05,L09,0.2652,11.65,0.3034,19.972,28.92,76.82,WARNING,co2_buildup
2026-01-01 08:23:10,L09,0.2912,8.28,0.3084,19.973,28.85,78.85,WARNING,co2_buildup
2026-01-01 08:23:15,L09,0.3137,7.09,0.3209,19.973,28.75,76.51,WARNING,co2_buildup
2026-01-01 08:23:20,L09,0.2639,9.88,0.3393,19.953,28.73,77.95,WARNING,co2_buildup
2026-01-01 08:23:25,L09,0.2914,8.85,0.3456,19.93,28.85,77.23,WARNING,co2_buildup
2026-01-01 08:23:30,L09,0.2976,11.54,0.3517,19.906,28.94,77.91,WARNING,co2_buildup
2026-01-01 08:23:35,L09,0.3015,8.8,0.362,19.86,28.93,78.97,WARNING,co2_buildup
2026-01-01 08:23:40,L09,0.2917,11.0,0.3671,19.853,28.8,78.85,WARNING,co2_buildup
2026-01-01 08:23:45,L09,0.3005,10.56,0.3768,19.837,29.23,78.64,WARNING,co2_buildup
2026-01-01 08:23:50,L09,0.3242,9.58,0.3848,19.82,29.05,78.53,WARNING,co2_buildup
2026-01-01 08:23:55,L09,0.3127,11.16,0.3918,19.79,29.36,79.52,WARNING,co2_buildup
2026-01-01 08:24:00,L09,0.3356,12.32,0.4066,19.792,29.14,80.86,WARNING,co2_buildup
2026-01-01 08:24:05,L09,0.3358,11.33,0.4122,19.752,29.12,78.99,WARNING,co2_buildup
2026-01-01 08:24:10,L09,0.3479,11.55,0.411,19.733,29.42,81.47,WARNING,co2_buildup
2026-01-01 08:24:15,L09,0.3377,10.3,0.431,19.694,29.3,81.12,WARNING,co2_buildup
2026-01-01 08:24:20,L09,0.3607,13.53,0.4374,19.652,29.33,81.48,WARNING,co2_buildup
2026-01-01 08:24:25,L09,0.3514,13.58,0.4491,19.666,29.17,80.85,WARNING,co2_buildup
2026-01-01 08:24:30,L09,0.3733,11.6,0.4521,19.676,29.5,81.77,WARNING,co2_buildup
2026-01-01 08:24:35,L09,0.3973,12.24,0.4682,19.631,29.38,80.24,WARNING,co2_buildup
2026-01-01 08:24:40,L09,0.3874,14.75,0.4699,19.572,29.43,80.74,WARNING,co2_buildup
2026-01-01 08:24:45,L09,0.3946,11.13,0.4849,19.599,29.48,82.11,WARNING,co2_buildup
2026-01-01 08:24:50,L09,0.4083,13.94,0.4842,19.543,29.67,81.96,WARNING,co2_buildup
2026-01-01 08:24:55,L09,0.3813,12.4,0.4935,19.552,29.42,81.82,WARNING,co2_buildup
2026-01-01 08:25:00,L09,0.4344,16.11,0.5101,19.498,29.67,80.16,DANGER,co2_buildup
2026-01-01 08:25:05,L09,0.3991,13.74,0.5114,19.498,29.89,82.04,DANGER,co2_buildup
2026-01-01 08:25:10,L09,0.4344,15.74,0.5404,19.45,29.61,81.67,DANGER,co2_buildup
2026-01-01 08:25:15,L09,0.4387,12.91,0.536,19.429,29.87,83.23,DANGER,co2_buildup
2026-01-01 08:25:20,L09,0.4203,12.38,0.5404,19.375,29.8,82.9,DANGER,co2_buildup
2026-01-01 08:25:25,L09,0.4552,14.1,0.5555,19.416,29.88,82.78,DANGER,co2_buildup
2026-01-01 08:25:30,L09,0.4538,15.05,0.5539,19.39,30.24,85.62,DANGER,co2_buildup
2026-01-01 08:25:35,L09,0.481,14.1,0.5738,19.37,29.79,84.56,DANGER,co2_buildup
2026-01-01 08:25:40,L09,0.4618,16.2,0.5823,19.343,30.2,84.79,DANGER,co2_buildup
2026-01-01 08:25:45,L09,0.4636,14.95,0.5939,19.29,30.07,85.93,DANGER,co2_buildup
2026-01-01 08:25:50,L09,0.0997,6.02,0.0572,20.514,28.1,68.2,SAFE,ventilation_failure
2026-01-01 08:25:55,L09,0.1052,5.35,0.0426,20.435,27.91,68.07,SAFE,ventilation_failure
2026-01-01 08:26:00,L09,0.1291,8.48,0.0451,20.472,28.45,68.05,SAFE,ventilation_failure
2026-01-01 08:26:05,L09,0.1586,6.67,0.0635,20.38,28.07,70.67,SAFE,ventilation_failure
2026-01-01 08:26:10,L09,0.1411,9.32,0.0647,20.321,28.37,69.17,SAFE,ventilation_failure
2026-01-01 08:26:15,L09,0.1995,11.93,0.0636,20.401,28.54,68.19,SAFE,ventilation_failure
2026-01-01 08:26:20,L09,0.1746,10.99,0.0834,20.311,28.94,69.96,SAFE,ventilation_failure
2026-01-01 08:26:25,L09,0.1998,12.1,0.08,20.362,28.9,69.61,SAFE,ventilation_failure
2026-01-01 08:26:30,L09,0.1905,9.43,0.1066,20.299,28.81,70.08,SAFE,ventilation_failure
2026-01-01 08:26:35,L09,0.238,12.14,0.1052,20.279,28.85,71.62,SAFE,ventilation_failure
2026-01-01 08:26:40,L09,0.2435,9.77,0.1063,20.26,29.26,70.96,SAFE,ventilation_failure
2026-01-01 08:26:45,L09,0.264,11.62,0.1166,20.205,29.14,70.67,SAFE,ventilation_failure
2026-01-01 08:26:50,L09,0.2568,15.07,0.1302,20.178,29.37,72.21,SAFE,ventilation_failure
2026-01-01 08:26:55,L09,0.2513,12.04,0.1317,20.185,29.25,73.04,SAFE,ventilation_failure
2026-01-01 08:27:00,L09,0.2911,15.11,0.1544,20.123,29.65,72.82,WARNING,ventilation_failure
2026-01-01 08:27:05,L09,0.2729,15.45,0.1537,20.071,29.76,70.7,WARNING,ventilation_failure
2026-01-01 08:27:10,L09,0.3074,16.03,0.1558,20.083,29.61,72.04,WARNING,ventilation_failure
2026-01-01 08:27:15,L09,0.3294,13.01,0.1516,19.975,30.07,73.24,WARNING,ventilation_failure
2026-01-01 08:27:20,L09,0.3763,16.19,0.1652,20.051,30.11,73.27,WARNING,ventilation_failure
2026-01-01 08:27:25,L09,0.3595,15.65,0.1774,20.025,30.25,73.47,WARNING,ventilation_failure
2026-01-01 08:27:30,L09,0.3709,18.01,0.1742,19.993,30.2,73.22,WARNING,ventilation_failure
2026-01-01 08:27:35,L09,0.3819,14.39,0.1984,19.965,30.4,73.15,WARNING,ventilation_failure
2026-01-01 08:27:40,L09,0.3768,17.91,0.1875,19.901,30.5,76.15,WARNING,ventilation_failure
2026-01-01 08:27:45,L09,0.4124,18.19,0.1974,19.873,30.58,74.83,WARNING,ventilation_failure
2026-01-01 08:27:50,L09,0.4267,15.35,0.2053,19.812,30.74,75.59,WARNING,ventilation_failure
2026-01-01 08:27:55,L09,0.4247,17.5,0.223,19.874,31.02,75.35,WARNING,ventilation_failure
2026-01-01 08:28:00,L09,0.4356,16.57,0.2178,19.78,31.11,75.65,WARNING,ventilation_failure
2026-01-01 08:28:05,L09,0.4602,18.72,0.2171,19.778,30.88,75.83,WARNING,ventilation_failure
2026-01-01 08:28:10,L09,0.4825,21.12,0.2474,19.748,31.32,75.25,WARNING,ventilation_failure
2026-01-01 08:28:15,L09,0.4888,21.08,0.2424,19.673,31.47,75.21,WARNING,ventilation_failure
2026-01-01 08:28:20,L09,0.494,21.53,0.2446,19.634,31.38,77.0,WARNING,ventilation_failure
2026-01-01 08:28:25,L09,0.5282,20.2,0.2544,19.66,31.6,77.11,WARNING,ventilation_failure
2026-01-01 08:28:30,L09,0.546,23.93,0.2814,19.619,31.71,77.97,WARNING,ventilation_failure
2026-01-01 08:28:35,L09,0.5539,22.72,0.2696,19.603,31.62,78.08,WARNING,ventilation_failure
2026-01-01 08:28:40,L09,0.5577,23.28,0.2811,19.61,31.81,77.11,WARNING,ventilation_failure
2026-01-01 08:28:45,L09,0.5892,25.13,0.2858,19.558,32.09,78.93,DANGER,ventilation_failure
2026-01-01 08:28:50,L09,0.5915,22.73,0.2867,19.547,32.02,78.91,DANGER,ventilation_failure
2026-01-01 08:28:55,L09,0.5906,25.04,0.2979,19.51,32.36,79.12,DANGER,ventilation_failure
2026-01-01 08:29:00,L09,0.6381,25.83,0.3006,19.46,32.52,80.63,CRITICAL,ventilation_failure
2026-01-01 08:29:05,L09,0.6419,24.86,0.3259,19.413,32.61,80.74,DANGER,ventilation_failure
2026-01-01 08:29:10,L09,0.6489,27.15,0.3263,19.423,32.85,79.92,CRITICAL,ventilation_failure
2026-01-01 08:29:15,L09,0.6412,27.38,0.3526,19.391,32.66,80.09,CRITICAL,ventilation_failure
2026-01-01 08:29:20,L09,0.6677,27.0,0.3343,19.389,32.81,80.77,CRITICAL,ventilation_failure
2026-01-01 08:29:25,L09,0.7233,27.44,0.3404,19.33,32.95,79.71,CRITICAL,ventilation_failure
2026-01-01 08:29:30,L09,0.6845,28.91,0.3667,19.298,33.01,79.99,CRITICAL,ventilation_failure
2026-01-01 08:29:35,L09,0.7174,29.8,0.3702,19.273,33.21,81.25,CRITICAL,ventilation_failure
2026-01-01 08:29:40,L09,0.735,29.2,0.372,19.225,32.99,80.29,CRITICAL,ventilation_failure
2026-01-01 08:29:45,L09,0.7542,31.28,0.3673,19.269,33.39,81.72,CRITICAL,ventilation_failure
2026-01-01 08:29:50,L09,0.741,31.08,0.3974,19.233,33.27,81.64,CRITICAL,ventilation_failure
2026-01-01 08:29:55,L09,0.7802,27.89,0.3901,19.135,33.45,81.1,CRITICAL,ventilation_failure
2026-01-01 08:30:00,L09,0.7664,28.96,0.3944,19.169,33.82,82.07,CRITICAL,ventilation_failure
2026-01-01 08:30:05,L09,0.8072,33.33,0.4142,19.062,33.79,83.37,CRITICAL,ventilation_failure
2026-01-01 08:30:10,L09,0.8101,31.68,0.4122,19.12,34.04,82.66,CRITICAL,ventilation_failure
2026-01-01 08:30:15,L09,0.821,32.78,0.4102,19.042,34.02,82.93,CRITICAL,ventilation_failure
2026-01-01 08:30:20,L09,0.8606,34.73,0.4271,19.047,34.33,83.39,CRITICAL,ventilation_failure
2026-01-01 08:30:25,L09,0.8586,33.5,0.4278,18.951,34.25,83.76,CRITICAL,ventilation_failure
2026-01-01 08:30:30,L09,0.8834,34.06,0.4172,18.946,34.1,83.4,CRITICAL,ventilation_failure
2026-01-01 08:30:35,L09,0.898,33.19,0.4415,18.969,34.54,84.21,CRITICAL,ventilation_failure
2026-01-01 08:30:40,L09,0.9235,35.54,0.4515,18.907,34.3,83.36,CRITICAL,ventilation_failure
2026-01-01 08:30:45,L09,0.9004,36.35,0.4537,18.876,34.52,83.83,CRITICAL,ventilation_failure
2026-01-01 08:30:50,L09,0.9464,35.1,0.4748,18.916,34.72,84.2,CRITICAL,ventilation_failure
2026-01-01 08:30:55,L09,0.947,35.07,0.4712,18.913,34.82,85.38,CRITICAL,ventilation_failure
2026-01-01 08:31:00,L09,0.0699,7.54,0.0773,20.836,25.43,68.51,SAFE,fire_heat
2026-01-01 08:31:05,L09,0.0819,7.62,0.0789,20.812,25.84,71.23,SAFE,fire_heat
2026-01-01 08:31:10,L09,0.1059,9.04,0.0929,20.782,26.0,70.89,SAFE,fire_heat
2026-01-01 08:31:15,L09,0.1106,7.64,0.0883,20.745,25.92,70.53,SAFE,fire_heat
2026-01-01 08:31:20,L09,0.1023,10.35,0.0873,20.685,26.0,71.8,SAFE,fire_heat
2026-01-01 08:31:25,L09,0.1285,7.36,0.0932,20.7,26.43,70.24,SAFE,fire_heat
2026-01-01 08:31:30,L09,0.0858,8.59,0.1058,20.705,26.14,70.63,SAFE,fire_heat
2026-01-01 08:31:35,L09,0.1505,13.82,0.0902,20.702,26.57,69.92,SAFE,fire_heat
2026-01-01 08:31:40,L09,0.1392,9.74,0.1036,20.613,27.18,72.27,SAFE,fire_heat
2026-01-01 08:31:45,L09,0.1368,9.23,0.1184,20.589,27.3,71.18,SAFE,fire_heat
2026-01-01 08:31:50,L09,0.1283,10.87,0.1118,20.581,27.33,72.03,SAFE,fire_heat
2026-01-01 08:31:55,L09,0.1416,15.87,0.1187,20.583,27.47,73.0,SAFE,fire_heat
2026-01-01 08:32:00,L09,0.1637,11.12,0.1286,20.497,27.3,73.48,SAFE,fire_heat
2026-01-01 08:32:05,L09,0.1705,12.92,0.1304,20.505,27.66,72.54,SAFE,fire_heat
2026-01-01 08:32:10,L09,0.1775,12.71,0.1232,20.432,27.89,73.05,SAFE,fire_heat
2026-01-01 08:32:15,L09,0.1629,15.03,0.129,20.44,28.0,72.2,SAFE,fire_heat
2026-01-01 08:32:20,L09,0.1664,15.33,0.1407,20.432,28.22,74.46,SAFE,fire_heat
2026-01-01 08:32:25,L09,0.1897,15.81,0.1443,20.337,28.64,73.16,SAFE,fire_heat
2026-01-01 08:32:30,L09,0.2047,19.86,0.1395,20.333,28.53,73.54,SAFE,fire_heat
2026-01-01 08:32:35,L09,0.1997,15.82,0.1431,20.35,28.73,73.33,SAFE,fire_heat
2026-01-01 08:32:40,L09,0.2283,18.01,0.1491,20.313,29.07,74.8,SAFE,fire_heat
2026-01-01 08:32:45,L09,0.213,19.21,0.1612,20.298,28.91,74.18,WARNING,fire_heat
2026-01-01 08:32:50,L09,0.2189,17.78,0.1622,20.265,29.17,74.81,WARNING,fire_heat
2026-01-01 08:32:55,L09,0.2354,20.53,0.1626,20.202,29.35,74.67,WARNING,fire_heat
2026-01-01 08:33:00,L09,0.2501,19.74,0.1518,20.251,29.64,74.39,WARNING,fire_heat
2026-01-01 08:33:05,L09,0.218,21.45,0.1616,20.162,29.75,75.5,WARNING,fire_heat
2026-01-01 08:33:10,L09,0.2279,21.27,0.1654,20.039,29.93,75.21,WARNING,fire_heat
2026-01-01 08:33:15,L09,0.2464,18.9,0.1819,20.095,30.05,74.35,WARNING,fire_heat
2026-01-01 08:33:20,L09,0.3049,24.48,0.172,20.063,30.15,74.51,WARNING,fire_heat
2026-01-01 08:33:25,L09,0.26,26.17,0.1873,20.073,30.58,75.6,WARNING,fire_heat
2026-01-01 08:33:30,L09,0.2686,23.34,0.1761,20.009,30.6,76.39,WARNING,fire_heat
2026-01-01 08:33:35,L09,0.2861,22.8,0.1801,20.028,30.92,77.16,WARNING,fire_heat
2026-01-01 08:33:40,L09,0.2979,26.95,0.1913,19.985,30.83,74.61,WARNING,fire_heat
2026-01-01 08:33:45,L09,0.2922,28.08,0.2034,19.911,31.06,76.24,WARNING,fire_heat
2026-01-01 08:33:50,L09,0.3136,25.53,0.1925,19.909,31.3,76.79,WARNING,fire_heat
2026-01-01 08:33:55,L09,0.2847,26.0,0.1771,19.863,31.49,76.82,WARNING,fire_heat
2026-01-01 08:34:00,L09,0.2975,26.75,0.1884,19.865,31.79,77.57,WARNING,fire_heat
2026-01-01 08:34:05,L09,0.3329,24.91,0.2067,19.809,31.78,77.47,WARNING,fire_heat
2026-01-01 08:34:10,L09,0.322,27.53,0.1959,19.807,32.13,76.34,DANGER,fire_heat
2026-01-01 08:34:15,L09,0.3094,31.08,0.2042,19.769,32.24,76.5,DANGER,fire_heat
2026-01-01 08:34:20,L09,0.3149,28.8,0.2146,19.746,32.34,77.74,DANGER,fire_heat
2026-01-01 08:34:25,L09,0.329,28.04,0.1982,19.785,32.38,78.47,DANGER,fire_heat
2026-01-01 08:34:30,L09,0.3477,30.88,0.2182,19.685,32.81,77.97,DANGER,fire_heat
2026-01-01 08:34:35,L09,0.3611,29.68,0.2153,19.611,32.72,76.78,DANGER,fire_heat
2026-01-01 08:34:40,L09,0.3556,31.13,0.216,19.672,33.03,77.39,DANGER,fire_heat
2026-01-01 08:34:45,L09,0.3727,29.87,0.2249,19.645,33.2,78.96,DANGER,fire_heat
2026-01-01 08:34:50,L09,0.3668,30.76,0.2262,19.528,33.34,78.31,DANGER,fire_heat
2026-01-01 08:34:55,L09,0.3982,33.97,0.2418,19.539,33.48,78.87,DANGER,fire_heat
2026-01-01 08:35:00,L09,0.4245,33.58,0.251,19.546,33.59,79.81,DANGER,fire_heat
2026-01-01 08:35:05,L09,0.3868,32.79,0.2419,19.521,33.64,78.18,DANGER,fire_heat
2026-01-01 08:35:10,L09,0.4063,34.67,0.2435,19.478,34.26,78.99,DANGER,fire_heat
2026-01-01 08:35:15,L09,0.4115,34.13,0.2483,19.452,34.15,79.08,DANGER,fire_heat
2026-01-01 08:35:20,L09,0.4141,34.41,0.2461,19.396,34.37,79.97,DANGER,fire_heat
2026-01-01 08:35:25,L09,0.4282,37.87,0.248,19.325,34.54,80.49,DANGER,fire_heat
2026-01-01 08:35:30,L09,0.432,37.85,0.2486,19.431,34.9,78.87,DANGER,fire_heat
2026-01-01 08:35:35,L09,0.4242,37.19,0.2545,19.314,35.19,80.23,DANGER,fire_heat
2026-01-01 08:35:40,L09,0.4575,37.98,0.2815,19.321,35.1,81.11,DANGER,fire_heat
2026-01-01 08:35:45,L09,0.4472,38.29,0.2663,19.284,35.22,79.12,DANGER,fire_heat
2026-01-01 08:35:50,L09,0.4448,39.58,0.2517,19.288,35.24,80.73,DANGER,fire_heat
2026-01-01 08:35:55,L09,0.4937,38.2,0.2739,19.237,35.37,79.99,DANGER,fire_heat
2026-01-01 08:36:00,L09,0.4617,41.23,0.2693,19.211,35.49,80.63,DANGER,fire_heat
2026-01-01 08:36:05,L09,0.4737,41.01,0.2858,19.101,35.8,79.33,DANGER,fire_heat
2026-01-01 08:36:10,L09,0.057,1.55,0.0879,20.926,26.83,76.42,SAFE,combined_hazard
2026-01-01 08:36:15,L09,0.0987,5.24,0.1039,20.835,26.8,76.38,SAFE,combined_hazard
2026-01-01 08:36:20,L09,0.1049,4.75,0.1042,20.831,27.18,76.24,SAFE,combined_hazard
2026-01-01 08:36:25,L09,0.0952,4.07,0.1234,20.728,27.15,76.27,SAFE,combined_hazard
2026-01-01 08:36:30,L09,0.1194,5.29,0.1208,20.714,27.84,77.41,SAFE,combined_hazard
2026-01-01 08:36:35,L09,0.1734,5.63,0.1261,20.662,27.5,75.76,SAFE,combined_hazard
2026-01-01 08:36:40,L09,0.1456,10.58,0.1324,20.642,27.97,75.9,SAFE,combined_hazard
2026-01-01 08:36:45,L09,0.2181,8.38,0.1405,20.588,28.1,77.71,SAFE,combined_hazard
2026-01-01 08:36:50,L09,0.1922,9.42,0.1442,20.59,28.56,77.88,SAFE,combined_hazard
2026-01-01 08:36:55,L09,0.2414,11.09,0.1469,20.488,28.97,76.36,SAFE,combined_hazard
2026-01-01 08:37:00,L09,0.2299,9.0,0.1679,20.42,29.0,77.12,SAFE,combined_hazard
2026-01-01 08:37:05,L09,0.2634,13.29,0.1613,20.39,29.56,79.12,WARNING,combined_hazard
2026-01-01 08:37:10,L09,0.2892,11.55,0.1694,20.419,29.13,78.33,WARNING,combined_hazard
2026-01-01 08:37:15,L09,0.306,16.03,0.1822,20.318,29.36,78.86,WARNING,combined_hazard
2026-01-01 08:37:20,L09,0.2932,13.63,0.1876,20.317,29.64,77.53,WARNING,combined_hazard
2026-01-01 08:37:25,L09,0.306,16.47,0.1841,20.255,30.01,79.21,WARNING,combined_hazard
2026-01-01 08:37:30,L09,0.3345,11.99,0.2036,20.247,30.06,77.78,WARNING,combined_hazard
2026-01-01 08:37:35,L09,0.3331,14.79,0.2081,20.173,30.32,77.56,WARNING,combined_hazard
2026-01-01 08:37:40,L09,0.3731,16.93,0.2114,20.221,30.74,79.95,WARNING,combined_hazard
2026-01-01 08:37:45,L09,0.374,15.15,0.2128,20.154,30.69,80.75,WARNING,combined_hazard
2026-01-01 08:37:50,L09,0.4195,19.91,0.2193,20.045,30.92,79.63,WARNING,combined_hazard
2026-01-01 08:37:55,L09,0.4115,20.3,0.2272,20.0,31.25,79.62,WARNING,combined_hazard
2026-01-01 08:38:00,L09,0.4108,19.16,0.2252,20.065,31.48,81.66,WARNING,combined_hazard
2026-01-01 08:38:05,L09,0.4748,21.44,0.241,19.897,31.9,80.36,WARNING,combined_hazard
2026-01-01 08:38:10,L09,0.4734,23.49,0.2547,19.886,31.83,80.69,WARNING,combined_hazard
2026-01-01 08:38:15,L09,0.488,19.95,0.2608,19.847,32.08,82.33,WARNING,combined_hazard
2026-01-01 08:38:20,L09,0.5208,22.01,0.257,19.804,32.49,80.92,DANGER,combined_hazard
2026-01-01 08:38:25,L09,0.5344,24.24,0.2748,19.71,32.75,80.91,DANGER,combined_hazard
2026-01-01 08:38:30,L09,0.5267,25.59,0.2878,19.736,33.06,82.31,DANGER,combined_hazard
2026-01-01 08:38:35,L09,0.5483,26.29,0.2763,19.65,33.13,81.32,DANGER,combined_hazard
2026-01-01 08:38:40,L09,0.5552,28.53,0.2906,19.68,33.3,82.0,DANGER,combined_hazard
2026-01-01 08:38:45,L09,0.5668,28.73,0.2732,19.552,33.59,81.29,DANGER,combined_hazard
2026-01-01 08:38:50,L09,0.6143,29.88,0.2875,19.556,33.68,82.72,DANGER,combined_hazard
2026-01-01 08:38:55,L09,0.6284,27.57,0.3045,19.446,33.9,82.86,CRITICAL,combined_hazard
2026-01-01 08:39:00,L09,0.6508,30.69,0.302,19.406,33.89,83.81,CRITICAL,combined_hazard
2026-01-01 08:39:05,L09,0.6755,30.83,0.3326,19.403,34.51,83.95,CRITICAL,combined_hazard
2026-01-01 08:39:10,L09,0.6847,34.3,0.3273,19.366,34.63,83.93,CRITICAL,combined_hazard
2026-01-01 08:39:15,L09,0.7029,33.19,0.3365,19.389,34.93,84.03,CRITICAL,combined_hazard
2026-01-01 08:39:20,L09,0.6757,32.74,0.3348,19.302,34.61,83.89,CRITICAL,combined_hazard
2026-01-01 08:39:25,L09,0.7191,35.84,0.3333,19.3,35.25,84.66,CRITICAL,combined_hazard
2026-01-01 08:39:30,L09,0.7551,36.23,0.3434,19.209,35.35,83.51,CRITICAL,combined_hazard
2026-01-01 08:39:35,L09,0.7399,34.97,0.3558,19.196,35.92,82.75,CRITICAL,combined_hazard
2026-01-01 08:39:40,L09,0.7757,36.5,0.3549,19.115,36.01,85.79,CRITICAL,combined_hazard
2026-01-01 08:39:45,L09,0.799,37.34,0.3717,19.071,36.17,85.63,CRITICAL,combined_hazard
2026-01-01 08:39:50,L09,0.8147,40.5,0.3782,18.998,36.29,85.22,CRITICAL,combined_hazard
2026-01-01 08:39:55,L09,0.8305,39.78,0.3788,19.021,36.63,86.41,CRITICAL,combined_hazard
2026-01-01 08:40:00,L09,0.8508,41.38,0.3705,18.977,36.65,85.19,CRITICAL,combined_hazard
2026-01-01 08:40:05,L09,0.8614,40.37,0.405,18.951,37.0,85.44,CRITICAL,combined_hazard
2026-01-01 08:40:10,L09,0.8536,42.43,0.3959,18.892,37.14,85.56,CRITICAL,combined_hazard
2026-01-01 08:40:15,L09,0.9,44.7,0.4255,18.905,37.79,86.92,CRITICAL,combined_hazard
2026-01-01 08:40:20,L09,0.9136,43.03,0.4153,18.808,37.89,85.42,CRITICAL,combined_hazard
2026-01-01 08:40:25,L09,0.9044,44.56,0.4146,18.791,38.05,86.3,CRITICAL,combined_hazard
2026-01-01 08:40:30,L09,0.9637,43.16,0.4262,18.709,37.88,87.38,CRITICAL,combined_hazard
2026-01-01 08:40:35,L09,0.9679,44.87,0.4127,18.65,38.46,86.41,CRITICAL,combined_hazard
2026-01-01 08:40:40,L09,0.9561,46.34,0.4433,18.657,38.57,87.08,CRITICAL,combined_hazard
2026-01-01 08:40:45,L09,0.9814,46.07,0.4619,18.591,38.95,86.06,CRITICAL,combined_hazard
2026-01-01 08:40:50,L09,1.002,50.46,0.4309,18.577,39.03,88.55,CRITICAL,combined_hazard
2026-01-01 08:40:55,L09,1.0189,48.04,0.4515,18.521,39.2,87.74,CRITICAL,combined_hazard
2026-01-01 08:41:00,L09,1.0486,51.3,0.4592,18.445,39.46,87.64,CRITICAL,combined_hazard
2026-01-01 08:41:05,L09,1.0465,51.21,0.4733,18.459,39.37,87.71,CRITICAL,combined_hazard
2026-01-01 08:41:10,L09,1.0949,51.8,0.4894,18.359,39.75,88.64,CRITICAL,combined_hazard
2026-01-01 08:41:15,L09,1.1105,54.8,0.4819,18.362,40.14,87.94,CRITICAL,combined_hazard
2026-01-01 08:41:20,L09,1.121,50.0,0.5022,18.34,40.47,90.99,CRITICAL,combined_hazard
2026-01-01 08:41:25,L09,1.1292,53.91,0.4927,18.248,40.44,87.75,CRITICAL,combined_hazard
2026-01-01 08:41:30,L09,1.1595,53.41,0.5012,18.253,40.73,89.53,CRITICAL,combined_hazard
2026-01-01 08:41:35,L09,1.1582,52.9,0.5065,18.188,40.72,90.21,CRITICAL,combined_hazard
2026-01-01 08:00:00,L10,0.1494,1.66,0.0878,20.612,28.78,77.58,SAFE,normal
2026-01-01 08:00:05,L10,0.1338,2.8,0.083,20.623,28.53,78.07,SAFE,normal
2026-01-01 08:00:10,L10,0.1375,2.49,0.0781,20.552,28.47,77.04,SAFE,normal
2026-01-01 08:00:15,L10,0.1406,5.28,0.069,20.536,28.24,78.75,SAFE,normal
2026-01-01 08:00:20,L10,0.1761,4.15,0.0875,20.585,28.58,77.09,SAFE,normal
2026-01-01 08:00:25,L10,0.1597,3.87,0.0838,20.564,28.39,77.23,SAFE,normal
2026-01-01 08:00:30,L10,0.1792,0.47,0.0767,20.655,28.46,75.6,SAFE,normal
2026-01-01 08:00:35,L10,0.165,3.39,0.074,20.577,28.25,76.1,SAFE,normal
2026-01-01 08:00:40,L10,0.1529,2.98,0.0889,20.56,28.34,76.91,SAFE,normal
2026-01-01 08:00:45,L10,0.1401,3.05,0.0712,20.549,28.62,76.34,SAFE,normal
2026-01-01 08:00:50,L10,0.1599,1.04,0.0869,20.513,28.72,76.46,SAFE,normal
2026-01-01 08:00:55,L10,0.1574,1.83,0.0918,20.562,28.7,75.56,SAFE,normal
2026-01-01 08:01:00,L10,0.1585,3.45,0.0899,20.538,28.72,76.22,SAFE,normal
2026-01-01 08:01:05,L10,0.1582,5.31,0.0828,20.534,28.63,76.12,SAFE,normal
2026-01-01 08:01:10,L10,0.1321,2.83,0.0765,20.534,28.6,74.99,SAFE,normal
2026-01-01 08:01:15,L10,0.1833,3.2,0.0916,20.534,28.73,76.35,SAFE,normal
2026-01-01 08:01:20,L10,0.1651,6.56,0.097,20.47,28.83,74.38,SAFE,normal
2026-01-01 08:01:25,L10,0.1461,3.53,0.0833,20.543,28.73,75.8,SAFE,normal
2026-01-01 08:01:30,L10,0.1761,3.86,0.0924,20.488,28.93,76.97,SAFE,normal
2026-01-01 08:01:35,L10,0.1575,3.97,0.1015,20.505,28.74,76.0,SAFE,normal
2026-01-01 08:01:40,L10,0.1803,2.21,0.092,20.543,28.65,75.9,SAFE,normal
2026-01-01 08:01:45,L10,0.1866,5.17,0.0866,20.553,28.82,74.55,SAFE,normal
2026-01-01 08:01:50,L10,0.1902,3.41,0.0986,20.444,28.86,76.59,SAFE,normal
2026-01-01 08:01:55,L10,0.174,4.43,0.0849,20.492,28.85,76.18,SAFE,normal
2026-01-01 08:02:00,L10,0.1717,5.23,0.0809,20.494,29.08,74.31,SAFE,normal
2026-01-01 08:02:05,L10,0.17,7.56,0.0982,20.436,29.03,74.51,SAFE,normal
2026-01-01 08:02:10,L10,0.17,2.75,0.089,20.501,28.72,75.8,SAFE,normal
2026-01-01 08:02:15,L10,0.1821,6.11,0.0902,20.476,29.18,76.14,SAFE,normal
2026-01-01 08:02:20,L10,0.1807,6.2,0.0882,20.474,28.56,73.6,SAFE,normal
2026-01-01 08:02:25,L10,0.173,4.03,0.0899,20.436,29.32,73.71,SAFE,normal
2026-01-01 08:02:30,L10,0.1697,5.97,0.1054,20.471,28.98,74.31,SAFE,normal
2026-01-01 08:02:35,L10,0.1867,7.62,0.1079,20.48,29.01,72.59,SAFE,normal
2026-01-01 08:02:40,L10,0.1834,4.09,0.1094,20.454,29.05,74.25,SAFE,normal
2026-01-01 08:02:45,L10,0.1743,5.68,0.1043,20.43,29.14,75.09,SAFE,normal
2026-01-01 08:02:50,L10,0.2053,6.01,0.0998,20.428,29.11,72.89,SAFE,normal
2026-01-01 08:02:55,L10,0.221,6.29,0.0851,20.443,29.11,74.05,SAFE,normal
2026-01-01 08:03:00,L10,0.2103,6.73,0.0955,20.433,29.35,73.39,SAFE,normal
2026-01-01 08:03:05,L10,0.1866,5.91,0.1147,20.454,29.26,75.07,SAFE,normal
2026-01-01 08:03:10,L10,0.1981,6.51,0.0945,20.408,29.05,73.21,SAFE,normal
2026-01-01 08:03:15,L10,0.2235,4.46,0.1106,20.382,29.33,74.79,SAFE,normal
2026-01-01 08:03:20,L10,0.1843,6.16,0.0994,20.424,29.32,73.0,SAFE,normal
2026-01-01 08:03:25,L10,0.2151,5.28,0.078,20.395,29.18,74.0,SAFE,normal
2026-01-01 08:03:30,L10,0.1832,4.24,0.105,20.428,29.4,73.49,SAFE,normal
2026-01-01 08:03:35,L10,0.2317,5.4,0.1105,20.4,29.28,73.08,SAFE,normal
2026-01-01 08:03:40,L10,0.2014,6.65,0.1005,20.415,29.3,72.47,SAFE,normal
2026-01-01 08:03:45,L10,0.2428,6.99,0.1112,20.36,29.32,73.26,SAFE,normal
2026-01-01 08:03:50,L10,0.2368,4.52,0.0885,20.391,29.01,72.56,SAFE,normal
2026-01-01 08:03:55,L10,0.2108,5.1,0.0912,20.361,29.32,72.26,SAFE,normal
2026-01-01 08:04:00,L10,0.2031,7.67,0.1044,20.341,29.53,73.9,SAFE,normal
2026-01-01 08:04:05,L10,0.2183,7.43,0.1071,20.347,29.44,73.07,SAFE,normal
2026-01-01 08:04:10,L10,0.2142,8.09,0.1146,20.352,29.27,73.05,SAFE,normal
2026-01-01 08:04:15,L10,0.2124,8.89,0.1093,20.401,29.63,72.13,SAFE,normal
2026-01-01 08:04:20,L10,0.195,7.73,0.0951,20.342,29.46,72.2,SAFE,normal
2026-01-01 08:04:25,L10,0.2137,6.39,0.1069,20.316,29.35,72.05,SAFE,normal
2026-01-01 08:04:30,L10,0.2063,7.27,0.1105,20.354,29.88,72.43,SAFE,normal
2026-01-01 08:04:35,L10,0.2327,9.67,0.0911,20.346,29.42,72.57,SAFE,normal
2026-01-01 08:04:40,L10,0.2408,11.41,0.1063,20.326,29.73,71.94,SAFE,normal
2026-01-01 08:04:45,L10,0.2385,8.04,0.1044,20.332,29.5,71.24,SAFE,normal
2026-01-01 08:04:50,L10,0.2341,8.23,0.1023,20.361,29.66,72.39,SAFE,normal
2026-01-01 08:04:55,L10,0.2176,8.6,0.112,20.347,29.53,71.71,SAFE,normal
2026-01-01 08:05:00,L10,0.235,7.64,0.0993,20.34,29.5,70.44,SAFE,normal
2026-01-01 08:05:05,L10,0.2453,9.43,0.1123,20.283,29.79,69.79,SAFE,normal
2026-01-01 08:05:10,L10,0.0689,5.49,0.0487,20.402,29.07,69.11,SAFE,methane_buildup
2026-01-01 08:05:15,L10,0.0718,8.31,0.0291,20.406,28.76,67.9,SAFE,methane_buildup
2026-01-01 08:05:20,L10,0.1144,5.09,0.0475,20.47,28.89,67.39,SAFE,methane_buildup
2026-01-01 08:05:25,L10,0.1129,8.56,0.0603,20.429,28.87,68.71,SAFE,methane_buildup
2026-01-01 08:05:30,L10,0.1295,6.19,0.0588,20.384,29.05,68.63,SAFE,methane_buildup
2026-01-01 08:05:35,L10,0.1202,5.44,0.0463,20.422,28.88,68.74,SAFE,methane_buildup
2026-01-01 08:05:40,L10,0.1428,6.35,0.0628,20.375,28.98,68.17,SAFE,methane_buildup
2026-01-01 08:05:45,L10,0.1424,5.4,0.0587,20.411,28.89,68.33,SAFE,methane_buildup
2026-01-01 08:05:50,L10,0.1737,8.4,0.0609,20.426,28.86,69.78,SAFE,methane_buildup
2026-01-01 08:05:55,L10,0.1612,4.99,0.0589,20.381,28.71,69.28,SAFE,methane_buildup
2026-01-01 08:06:00,L10,0.1519,9.65,0.079,20.343,28.88,68.21,SAFE,methane_buildup
2026-01-01 08:06:05,L10,0.1535,6.34,0.0859,20.351,28.65,67.46,SAFE,methane_buildup
2026-01-01 08:06:10,L10,0.2191,9.17,0.0968,20.321,28.42,68.33,SAFE,methane_buildup
2026-01-01 08:06:15,L10,0.2119,8.12,0.071,20.256,28.62,69.24,SAFE,methane_buildup
2026-01-01 08:06:20,L10,0.2234,8.66,0.0919,20.281,28.7,68.65,SAFE,methane_buildup
2026-01-01 08:06:25,L10,0.2482,7.55,0.0953,20.263,28.36,68.64,SAFE,methane_buildup
2026-01-01 08:06:30,L10,0.2117,9.13,0.0869,20.261,28.44,68.78,SAFE,methane_buildup
2026-01-01 08:06:35,L10,0.2417,8.98,0.0872,20.325,28.37,69.24,SAFE,methane_buildup
2026-01-01 08:06:40,L10,0.2541,6.76,0.0887,20.295,28.64,69.97,SAFE,methane_buildup
2026-01-01 08:06:45,L10,0.2794,7.68,0.0961,20.265,28.75,69.39,SAFE,methane_buildup
2026-01-01 08:06:50,L10,0.2685,8.49,0.1049,20.266,28.44,69.49,SAFE,methane_buildup
2026-01-01 08:06:55,L10,0.2715,8.34,0.1171,20.175,28.53,69.31,SAFE,methane_buildup
2026-01-01 08:07:00,L10,0.2819,11.52,0.118,20.244,28.5,69.13,SAFE,methane_buildup
2026-01-01 08:07:05,L10,0.3279,9.83,0.0991,20.241,28.63,70.29,SAFE,methane_buildup
2026-01-01 08:07:10,L10,0.3101,8.82,0.1087,20.135,28.27,70.22,SAFE,methane_buildup
2026-01-01 08:07:15,L10,0.3236,9.43,0.1283,20.216,28.31,71.31,SAFE,methane_buildup
2026-01-01 08:07:20,L10,0.352,9.58,0.115,20.14,28.27,70.21,SAFE,methane_buildup
2026-01-01 08:07:25,L10,0.3426,10.08,0.1233,20.114,28.31,69.37,SAFE,methane_buildup
2026-01-01 08:07:30,L10,0.3381,9.07,0.1131,20.203,28.64,69.09,SAFE,methane_buildup
2026-01-01 08:07:35,L10,0.3505,9.63,0.1388,20.123,28.25,70.62,SAFE,methane_buildup
2026-01-01 08:07:40,L10,0.384,12.18,0.1172,20.122,28.09,69.25,SAFE,methane_buildup
2026-01-01 08:07:45,L10,0.4029,11.48,0.1223,20.163,28.02,70.6,SAFE,methane_buildup
2026-01-01 08:07:50,L10,0.403,11.15,0.1468,20.115,28.35,69.39,SAFE,methane_buildup
2026-01-01 08:07:55,L10,0.4231,11.55,0.1567,20.109,28.01,70.32,WARNING,methane_buildup
2026-01-01 08:08:00,L10,0.4031,11.65,0.1419,20.098,28.21,69.24,SAFE,methane_buildup
2026-01-01 08:08:05,L10,0.4147,11.58,0.1468,20.105,27.99,70.76,SAFE,methane_buildup
2026-01-01 08:08:10,L10,0.4823,12.84,0.1574,20.078,27.87,69.2,WARNING,methane_buildup
2026-01-01 08:08:15,L10,0.4776,12.9,0.1553,20.078,28.13,70.45,WARNING,methane_buildup
2026-01-01 08:08:20,L10,0.4812,10.06,0.153,20.05,27.92,70.12,WARNING,methane_buildup
2026-01-01 08:08:25,L10,0.4704,12.39,0.155,20.066,28.05,70.41,WARNING,methane_buildup
2026-01-01 08:08:30,L10,0.4873,10.5,0.1493,20.055,28.04,70.06,SAFE,methane_buildup
2026-01-01 08:08:35,L10,0.5014,13.89,0.1666,20.092,28.02,70.08,WARNING,methane_buildup
2026-01-01 08:08:40,L10,0.5318,14.26,0.1669,20.014,27.87,70.59,WARNING,methane_buildup
2026-01-01 08:08:45,L10,0.5287,12.36,0.1671,20.01,27.99,69.71,WARNING,methane_buildup
2026-01-01 08:08:50,L10,0.5412,13.28,0.1655,20.013,27.72,69.75,WARNING,methane_buildup
2026-01-01 08:08:55,L10,0.5414,10.46,0.1692,20.025,27.46,70.32,WARNING,methane_buildup
2026-01-01 08:09:00,L10,0.5664,15.26,0.1843,19.953,27.91,70.33,WARNING,methane_buildup
2026-01-01 08:09:05,L10,0.5696,15.04,0.1893,19.979,27.81,69.89,WARNING,methane_buildup
2026-01-01 08:09:10,L10,0.5763,15.87,0.1826,19.891,27.66,71.49,WARNING,methane_buildup
2026-01-01 08:09:15,L10,0.5751,16.55,0.1847,19.948,27.51,70.52,WARNING,methane_buildup
2026-01-01 08:09:20,L10,0.5952,12.65,0.1842,19.979,27.4,70.66,WARNING,methane_buildup
2026-01-01 08:09:25,L10,0.5913,15.99,0.2015,19.915,27.69,69.82,WARNING,methane_buildup
2026-01-01 08:09:30,L10,0.6175,17.05,0.1972,19.932,27.9,72.59,WARNING,methane_buildup
2026-01-01 08:09:35,L10,0.63,12.77,0.2028,19.901,27.61,72.92,WARNING,methane_buildup
2026-01-01 08:09:40,L10,0.6032,14.93,0.2056,19.882,27.55,70.4,WARNING,methane_buildup
2026-01-01 08:09:45,L10,0.6464,14.81,0.2032,19.927,27.57,72.05,WARNING,methane_buildup
2026-01-01 08:09:50,L10,0.6428,16.81,0.1993,19.856,27.88,71.05,WARNING,methane_buildup
2026-01-01 08:09:55,L10,0.6786,12.11,0.2036,19.887,27.64,72.45,WARNING,methane_buildup
2026-01-01 08:10:00,L10,0.6912,18.6,0.2235,19.877,27.36,71.48,WARNING,methane_buildup
2026-01-01 08:10:05,L10,0.6859,15.88,0.2116,19.833,27.48,71.34,WARNING,methane_buildup
2026-01-01 08:10:10,L10,0.7111,17.59,0.217,19.853,27.5,69.31,WARNING,methane_buildup
2026-01-01 08:10:15,L10,0.7223,16.3,0.2142,19.81,27.26,70.65,WARNING,methane_buildup
2026-01-01 08:10:20,L10,0.1879,5.64,0.0968,20.723,26.57,66.83,SAFE,co_buildup
2026-01-01 08:10:25,L10,0.2057,8.55,0.0786,20.673,26.61,68.71,SAFE,co_buildup
2026-01-01 08:10:30,L10,0.1941,11.86,0.1306,20.627,26.69,67.21,SAFE,co_buildup
2026-01-01 08:10:35,L10,0.1946,12.1,0.1029,20.638,26.76,69.08,SAFE,co_buildup
2026-01-01 08:10:40,L10,0.1605,8.05,0.1033,20.575,26.78,67.93,SAFE,co_buildup
2026-01-01 08:10:45,L10,0.1798,9.73,0.091,20.633,26.83,69.72,SAFE,co_buildup
2026-01-01 08:10:50,L10,0.2242,11.33,0.0924,20.659,26.9,69.99,SAFE,co_buildup
2026-01-01 08:10:55,L10,0.1856,11.59,0.1042,20.57,27.09,70.63,SAFE,co_buildup
2026-01-01 08:11:00,L10,0.2148,11.71,0.1084,20.605,27.3,71.3,SAFE,co_buildup
2026-01-01 08:11:05,L10,0.1879,15.02,0.1121,20.621,27.25,71.76,SAFE,co_buildup
2026-01-01 08:11:10,L10,0.1942,16.94,0.1091,20.615,27.57,69.95,SAFE,co_buildup
2026-01-01 08:11:15,L10,0.2073,18.16,0.0985,20.611,27.63,71.5,SAFE,co_buildup
2026-01-01 08:11:20,L10,0.2023,16.87,0.0887,20.507,27.72,73.47,SAFE,co_buildup
2026-01-01 08:11:25,L10,0.2078,18.02,0.1087,20.569,28.07,72.27,SAFE,co_buildup
2026-01-01 08:11:30,L10,0.191,19.8,0.106,20.5,27.64,71.82,SAFE,co_buildup
2026-01-01 08:11:35,L10,0.1875,19.95,0.101,20.506,28.07,72.73,SAFE,co_buildup
2026-01-01 08:11:40,L10,0.1925,22.18,0.1185,20.551,27.89,72.8,SAFE,co_buildup
2026-01-01 08:11:45,L10,0.1991,22.46,0.1,20.522,28.4,72.47,SAFE,co_buildup
2026-01-01 08:11:50,L10,0.2049,22.09,0.1183,20.529,28.59,74.42,SAFE,co_buildup
2026-01-01 08:11:55,L10,0.2251,20.72,0.1029,20.47,28.39,74.5,SAFE,co_buildup
2026-01-01 08:12:00,L10,0.2121,26.6,0.116,20.533,28.53,73.28,WARNING,co_buildup
2026-01-01 08:12:05,L10,0.2193,24.17,0.1232,20.5,28.57,74.58,SAFE,co_buildup
2026-01-01 08:12:10,L10,0.2154,26.58,0.1138,20.497,28.96,74.52,WARNING,co_buildup
2026-01-01 08:12:15,L10,0.1978,24.02,0.1308,20.429,29.01,74.0,SAFE,co_buildup
2026-01-01 08:12:20,L10,0.2161,27.72,0.1334,20.487,29.14,74.46,WARNING,co_buildup
2026-01-01 08:12:25,L10,0.219,28.74,0.1207,20.433,29.24,74.89,WARNING,co_buildup
2026-01-01 08:12:30,L10,0.2297,29.65,0.1239,20.415,29.27,76.17,WARNING,co_buildup
2026-01-01 08:12:35,L10,0.2035,34.8,0.1289,20.442,29.7,76.16,WARNING,co_buildup
2026-01-01 08:12:40,L10,0.1902,30.18,0.1255,20.432,29.69,76.07,WARNING,co_buildup
2026-01-01 08:12:45,L10,0.2247,33.2,0.1254,20.38,29.59,76.83,WARNING,co_buildup
2026-01-01 08:12:50,L10,0.2286,33.6,0.1185,20.457,29.77,78.06,WARNING,co_buildup
2026-01-01 08:12:55,L10,0.2218,32.65,0.11,20.441,29.87,78.06,WARNING,co_buildup
2026-01-01 08:13:00,L10,0.2262,35.72,0.1131,20.395,30.32,78.88,WARNING,co_buildup
2026-01-01 08:13:05,L10,0.2402,35.11,0.1441,20.381,30.34,78.21,WARNING,co_buildup
2026-01-01 08:13:10,L10,0.2214,37.52,0.1284,20.368,30.33,79.99,WARNING,co_buildup
2026-01-01 08:13:15,L10,0.2253,39.99,0.1246,20.303,30.72,79.29,WARNING,co_buildup
2026-01-01 08:13:20,L10,0.2319,38.13,0.1374,20.343,30.8,78.93,WARNING,co_buildup
2026-01-01 08:13:25,L10,0.2137,38.32,0.1221,20.333,30.66,79.71,WARNING,co_buildup
2026-01-01 08:13:30,L10,0.231,41.17,0.1336,20.304,30.75,78.95,WARNING,co_buildup
2026-01-01 08:13:35,L10,0.2335,42.53,0.1303,20.302,30.88,80.01,WARNING,co_buildup
2026-01-01 08:13:40,L10,0.2603,39.96,0.1341,20.231,30.9,80.91,WARNING,co_buildup
2026-01-01 08:13:45,L10,0.2325,41.45,0.1285,20.26,31.42,81.37,WARNING,co_buildup
2026-01-01 08:13:50,L10,0.2412,43.99,0.1243,20.311,31.13,80.86,WARNING,co_buildup
2026-01-01 08:13:55,L10,0.2533,43.63,0.1262,20.326,31.53,83.69,WARNING,co_buildup
2026-01-01 08:14:00,L10,0.2282,43.24,0.1273,20.237,31.62,81.68,WARNING,co_buildup
2026-01-01 08:14:05,L10,0.2626,46.33,0.1343,20.261,31.59,80.78,WARNING,co_buildup
2026-01-01 08:14:10,L10,0.2697,47.37,0.1226,20.279,32.02,83.41,WARNING,co_buildup
2026-01-01 08:14:15,L10,0.244,46.71,0.1259,20.222,31.63,83.23,WARNING,co_buildup
2026-01-01 08:14:20,L10,0.2376,48.15,0.1377,20.248,31.97,83.24,WARNING,co_buildup
2026-01-01 08:14:25,L10,0.2714,48.04,0.1364,20.218,32.03,83.0,WARNING,co_buildup
2026-01-01 08:14:30,L10,0.2602,48.11,0.1397,20.245,32.36,84.0,WARNING,co_buildup
2026-01-01 08:14:35,L10,0.2507,49.86,0.1386,20.161,32.38,85.29,WARNING,co_buildup
2026-01-01 08:14:40,L10,0.2721,51.56,0.1599,20.157,32.19,84.47,DANGER,co_buildup
2026-01-01 08:14:45,L10,0.2718,50.08,0.1415,20.19,32.75,83.44,WARNING,co_buildup
2026-01-01 08:14:50,L10,0.2482,52.51,0.1382,20.175,32.76,82.16,WARNING,co_buildup
2026-01-01 08:14:55,L10,0.2582,54.12,0.1429,20.161,32.64,85.54,WARNING,co_buildup
2026-01-01 08:15:00,L10,0.2644,56.63,0.151,20.171,32.86,84.76,DANGER,co_buildup
2026-01-01 08:15:05,L10,0.2574,55.21,0.1432,20.116,32.84,85.78,WARNING,co_buildup
2026-01-01 08:15:10,L10,0.2373,54.66,0.1499,20.094,33.12,85.52,WARNING,co_buildup
2026-01-01 08:15:15,L10,0.2454,57.06,0.1483,20.11,33.29,85.78,WARNING,co_buildup
2026-01-01 08:15:20,L10,0.2403,57.37,0.1436,20.104,33.33,86.18,WARNING,co_buildup
2026-01-01 08:15:25,L10,0.2693,59.9,0.1476,20.098,33.43,86.56,WARNING,co_buildup
2026-01-01 08:15:30,L10,0.1573,7.54,0.0514,20.512,28.41,73.93,SAFE,low_oxygen
2026-01-01 08:15:35,L10,0.1718,6.2,0.0644,20.545,28.34,73.76,SAFE,low_oxygen
2026-01-01 08:15:40,L10,0.1376,6.42,0.0636,20.489,28.41,72.13,SAFE,low_oxygen
2026-01-01 08:15:45,L10,0.2043,6.98,0.0682,20.466,28.75,73.87,SAFE,low_oxygen
2026-01-01 08:15:50,L10,0.1971,8.92,0.0643,20.5,28.53,73.59,SAFE,low_oxygen
2026-01-01 08:15:55,L10,0.1911,4.88,0.072,20.38,28.85,73.71,SAFE,low_oxygen
2026-01-01 08:16:00,L10,0.1711,8.86,0.0834,20.408,28.87,74.01,SAFE,low_oxygen
2026-01-01 08:16:05,L10,0.1888,7.58,0.0791,20.38,28.93,73.57,SAFE,low_oxygen
2026-01-01 08:16:10,L10,0.2059,9.47,0.0849,20.437,28.74,74.01,SAFE,low_oxygen
2026-01-01 08:16:15,L10,0.1814,9.99,0.075,20.277,29.0,74.25,SAFE,low_oxygen
2026-01-01 08:16:20,L10,0.1997,7.26,0.0906,20.264,28.91,74.76,SAFE,low_oxygen
2026-01-01 08:16:25,L10,0.2203,9.7,0.0789,20.28,29.12,73.05,SAFE,low_oxygen
2026-01-01 08:16:30,L10,0.1885,10.56,0.0947,20.222,29.42,75.41,SAFE,low_oxygen
2026-01-01 08:16:35,L10,0.2201,10.74,0.1031,20.187,29.54,73.55,SAFE,low_oxygen
2026-01-01 08:16:40,L10,0.193,10.71,0.1126,20.203,29.46,75.19,SAFE,low_oxygen
2026-01-01 08:16:45,L10,0.2094,9.35,0.1023,20.139,29.42,74.75,SAFE,low_oxygen
2026-01-01 08:16:50,L10,0.2202,9.86,0.1171,20.093,29.82,73.77,SAFE,low_oxygen
2026-01-01 08:16:55,L10,0.2397,9.68,0.1296,20.115,29.57,75.32,SAFE,low_oxygen
2026-01-01 08:17:00,L10,0.2257,12.87,0.1166,20.077,29.56,74.25,SAFE,low_oxygen
2026-01-01 08:17:05,L10,0.2423,12.15,0.1132,20.03,29.91,75.96,SAFE,low_oxygen
2026-01-01 08:17:10,L10,0.2343,12.53,0.1317,20.001,29.95,74.64,SAFE,low_oxygen
2026-01-01 08:17:15,L10,0.2409,10.33,0.1237,19.958,29.87,74.12,WARNING,low_oxygen
2026-01-01 08:17:20,L10,0.2718,13.12,0.1305,19.98,30.05,76.65,WARNING,low_oxygen
2026-01-01 08:17:25,L10,0.24,14.41,0.1482,19.92,30.17,75.67,WARNING,low_oxygen
2026-01-01 08:17:30,L10,0.2728,10.98,0.1597,19.881,30.21,76.33,WARNING,low_oxygen
2026-01-01 08:17:35,L10,0.2657,13.22,0.1405,19.838,30.32,75.06,WARNING,low_oxygen
2026-01-01 08:17:40,L10,0.2612,11.96,0.1464,19.862,30.26,74.33,WARNING,low_oxygen
2026-01-01 08:17:45,L10,0.2558,13.97,0.1526,19.808,30.49,77.29,WARNING,low_oxygen
2026-01-01 08:17:50,L10,0.2611,13.53,0.1556,19.735,30.48,76.05,WARNING,low_oxygen
2026-01-01 08:17:55,L10,0.2714,15.74,0.1793,19.733,30.49,76.55,WARNING,low_oxygen
2026-01-01 08:18:00,L10,0.2845,15.7,0.1634,19.735,30.6,76.79,WARNING,low_oxygen
2026-01-01 08:18:05,L10,0.3,17.67,0.1683,19.709,30.69,76.1,WARNING,low_oxygen
2026-01-01 08:18:10,L10,0.2907,15.94,0.1882,19.68,30.57,76.66,WARNING,low_oxygen
2026-01-01 08:18:15,L10,0.2959,16.81,0.1837,19.649,30.76,77.86,WARNING,low_oxygen
2026-01-01 08:18:20,L10,0.3023,15.75,0.1908,19.589,30.94,76.66,WARNING,low_oxygen
2026-01-01 08:18:25,L10,0.315,15.22,0.1795,19.58,30.81,77.54,WARNING,low_oxygen
2026-01-01 08:18:30,L10,0.3217,18.41,0.1863,19.615,30.99,75.3,WARNING,low_oxygen
2026-01-01 08:18:35,L10,0.2954,19.31,0.1861,19.584,31.52,77.9,WARNING,low_oxygen
2026-01-01 08:18:40,L10,0.3162,18.78,0.2046,19.543,31.06,75.89,WARNING,low_oxygen
2026-01-01 08:18:45,L10,0.3431,18.21,0.2118,19.513,31.25,78.02,WARNING,low_oxygen
2026-01-01 08:18:50,L10,0.3091,16.83,0.2011,19.499,31.26,77.63,WARNING,low_oxygen
2026-01-01 08:18:55,L10,0.3342,20.29,0.2068,19.411,31.44,77.34,WARNING,low_oxygen
2026-01-01 08:19:00,L10,0.3347,19.73,0.2109,19.418,31.41,77.45,WARNING,low_oxygen
2026-01-01 08:19:05,L10,0.333,22.19,0.2049,19.357,31.57,77.43,WARNING,low_oxygen
2026-01-01 08:19:10,L10,0.3696,17.7,0.2158,19.33,31.58,77.08,WARNING,low_oxygen
2026-01-01 08:19:15,L10,0.3505,21.01,0.2312,19.347,31.92,77.68,WARNING,low_oxygen
2026-01-01 08:19:20,L10,0.3768,20.83,0.2218,19.338,31.85,79.71,WARNING,low_oxygen
2026-01-01 08:19:25,L10,0.3585,19.77,0.2334,19.276,31.76,79.09,WARNING,low_oxygen
2026-01-01 08:19:30,L10,0.3695,22.62,0.226,19.305,32.11,77.46,DANGER,low_oxygen
2026-01-01 08:19:35,L10,0.3581,21.46,0.2391,19.235,31.92,78.48,WARNING,low_oxygen
2026-01-01 08:19:40,L10,0.3625,19.74,0.2396,19.178,31.9,78.44,WARNING,low_oxygen
2026-01-01 08:19:45,L10,0.3814,21.25,0.2381,19.142,32.21,78.36,DANGER,low_oxygen
2026-01-01 08:19:50,L10,0.3859,20.29,0.2581,19.178,32.57,77.78,DANGER,low_oxygen
2026-01-01 08:19:55,L10,0.3926,21.29,0.2623,19.124,32.09,79.04,DANGER,low_oxygen
2026-01-01 08:20:00,L10,0.3935,23.34,0.2516,19.113,32.24,79.46,DANGER,low_oxygen
2026-01-01 08:20:05,L10,0.372,24.05,0.2615,18.986,32.62,78.23,DANGER,low_oxygen
2026-01-01 08:20:10,L10,0.3842,23.18,0.2674,19.046,32.49,80.56,DANGER,low_oxygen
2026-01-01 08:20:15,L10,0.4133,22.01,0.2563,18.997,32.75,80.32,DANGER,low_oxygen
2026-01-01 08:20:20,L10,0.3754,23.99,0.2635,18.943,32.61,79.65,DANGER,low_oxygen
2026-01-01 08:20:25,L10,0.4133,24.79,0.2888,18.956,32.83,78.33,DANGER,low_oxygen
2026-01-01 08:20:30,L10,0.4115,21.03,0.2738,18.964,33.15,79.74,DANGER,low_oxygen
2026-01-01 08:20:35,L10,0.4301,24.45,0.2962,18.972,32.78,79.75,DANGER,low_oxygen
2026-01-01 08:20:40,L10,0.17,5.45,0.0794,20.675,25.94,76.64,SAFE,co2_buildup
2026-01-01 08:20:45,L10,0.1624,7.18,0.0849,20.625,26.08,76.37,SAFE,co2_buildup
2026-01-01 08:20:50,L10,0.1708,6.65,0.096,20.661,26.2,75.38,SAFE,co2_buildup
2026-01-01 08:20:55,L10,0.1607,7.77,0.1107,20.621,26.0,76.02,SAFE,co2_buildup
2026-01-01 08:21:00,L10,0.1518,8.71,0.1011,20.616,25.96,77.69,SAFE,co2_buildup
2026-01-01 08:21:05,L10,0.1828,7.36,0.1078,20.668,26.24,76.67,SAFE,co2_buildup
2026-01-01 08:21:10,L10,0.1874,6.86,0.1317,20.583,26.22,76.4,SAFE,co2_buildup
2026-01-01 08:21:15,L10,0.1974,7.06,0.1483,20.627,26.43,77.41,SAFE,co2_buildup
2026-01-01 08:21:20,L10,0.185,6.41,0.1589,20.597,26.52,76.9,SAFE,co2_buildup
2026-01-01 08:21:25,L10,0.1777,6.57,0.144,20.557,26.4,76.21,SAFE,co2_buildup
2026-01-01 08:21:30,L10,0.1874,8.88,0.1591,20.528,26.67,76.48,SAFE,co2_buildup
2026-01-01 08:21:35,L10,0.2219,6.29,0.159,20.529,26.73,75.68,SAFE,co2_buildup
2026-01-01 08:21:40,L10,0.2002,10.37,0.175,20.586,26.81,75.83,WARNING,co2_buildup
2026-01-01 08:21:45,L10,0.2077,7.93,0.1969,20.596,26.7,76.1,SAFE,co2_buildup
2026-01-01 08:21:50,L10,0.2138,12.65,0.1963,20.54,26.95,76.69,WARNING,co2_buildup
2026-01-01 08:21:55,L10,0.2133,7.53,0.202,20.534,26.98,75.23,SAFE,co2_buildup
2026-01-01 08:22:00,L10,0.2163,9.15,0.2179,20.545,27.06,76.28,SAFE,co2_buildup
2026-01-01 08:22:05,L10,0.2178,8.45,0.2157,20.516,27.28,75.89,SAFE,co2_buildup
2026-01-01 08:22:10,L10,0.256,8.0,0.2433,20.54,27.14,75.46,SAFE,co2_buildup
2026-01-01 08:22:15,L10,0.2494,10.99,0.2391,20.508,27.07,75.86,WARNING,co2_buildup
2026-01-01 08:22:20,L10,0.262,7.95,0.2444,20.496,27.06,74.3,SAFE,co2_buildup
2026-01-01 08:22:25,L10,0.2692,8.8,0.2608,20.463,27.46,75.53,SAFE,co2_buildup
2026-01-01 08:22:30,L10,0.2163,10.9,0.2721,20.448,27.41,75.24,WARNING,co2_buildup
2026-01-01 08:22:35,L10,0.2609,11.34,0.2859,20.374,27.68,75.88,WARNING,co2_buildup
2026-01-01 08:22:40,L10,0.2511,8.35,0.28,20.498,27.19,74.27,SAFE,co2_buildup
2026-01-01 08:22:45,L10,0.2808,11.51,0.2989,20.449,27.69,76.23,WARNING,co2_buildup
2026-01-01 08:22:50,L10,0.257,11.04,0.2995,20.434,27.58,76.79,WARNING,co2_buildup
2026-01-01 08:22:55,L10,0.2565,9.68,0.3024,20.38,27.64,75.95,WARNING,co2_buildup
2026-01-01 08:23:00,L10,0.2549,10.08,0.3096,20.412,27.64,76.43,WARNING,co2_buildup
2026-01-01 08:23:05,L10,0.276,8.42,0.3155,20.4,27.96,75.6,WARNING,co2_buildup
2026-01-01 08:23:10,L10,0.2984,14.25,0.3269,20.392,27.98,74.75,WARNING,co2_buildup
2026-01-01 08:23:15,L10,0.2927,13.41,0.3503,20.418,27.78,75.98,WARNING,co2_buildup
2026-01-01 08:23:20,L10,0.2749,10.16,0.3555,20.405,28.04,76.51,WARNING,co2_buildup
2026-01-01 08:23:25,L10,0.3294,13.5,0.3485,20.353,28.19,74.89,WARNING,co2_buildup
2026-01-01 08:23:30,L10,0.311,11.65,0.3529,20.347,28.18,75.56,WARNING,co2_buildup
2026-01-01 08:23:35,L10,0.3171,14.09,0.3665,20.339,28.38,75.72,WARNING,co2_buildup
2026-01-01 08:23:40,L10,0.3288,12.18,0.3777,20.425,28.24,78.18,WARNING,co2_buildup
2026-01-01 08:23:45,L10,0.2891,12.58,0.3901,20.408,28.01,76.07,WARNING,co2_buildup
2026-01-01 08:23:50,L10,0.3042,12.9,0.4104,20.33,28.44,74.35,WARNING,co2_buildup
2026-01-01 08:23:55,L10,0.3343,12.56,0.4051,20.289,28.51,74.13,WARNING,co2_buildup
2026-01-01 08:24:00,L10,0.3139,15.85,0.4315,20.344,28.59,76.42,WARNING,co2_buildup
2026-01-01 08:24:05,L10,0.3261,15.31,0.4131,20.334,28.78,77.81,WARNING,co2_buildup
2026-01-01 08:24:10,L10,0.3332,14.33,0.4323,20.335,28.39,75.58,WARNING,co2_buildup
2026-01-01 08:24:15,L10,0.3194,15.91,0.4499,20.34,28.71,75.52,WARNING,co2_buildup
2026-01-01 08:24:20,L10,0.3373,12.14,0.4589,20.324,28.67,76.12,WARNING,co2_buildup
2026-01-01 08:24:25,L10,0.3605,12.94,0.458,20.269,28.69,75.12,WARNING,co2_buildup
2026-01-01 08:24:30,L10,0.3619,15.71,0.4772,20.304,28.93,73.71,WARNING,co2_buildup
2026-01-01 08:24:35,L10,0.3718,16.3,0.4842,20.313,29.11,76.56,WARNING,co2_buildup
2026-01-01 08:24:40,L10,0.3744,15.83,0.4808,20.258,29.12,75.22,WARNING,co2_buildup
2026-01-01 08:24:45,L10,0.3695,12.79,0.4973,20.282,29.04,76.54,WARNING,co2_buildup
2026-01-01 08:24:50,L10,0.3724,14.23,0.5089,20.248,29.18,75.07,WARNING,co2_buildup
2026-01-01 08:24:55,L10,0.3754,16.66,0.5069,20.317,29.41,75.76,WARNING,co2_buildup
2026-01-01 08:25:00,L10,0.3664,19.88,0.5339,20.21,29.44,76.33,WARNING,co2_buildup
2026-01-01 08:25:05,L10,0.3645,18.27,0.5222,20.277,29.32,76.49,WARNING,co2_buildup
2026-01-01 08:25:10,L10,0.3737,19.02,0.5385,20.185,29.38,75.81,WARNING,co2_buildup
2026-01-01 08:25:15,L10,0.3833,17.37,0.5359,20.281,29.28,75.75,WARNING,co2_buildup
2026-01-01 08:25:20,L10,0.3825,17.57,0.5552,20.186,29.54,76.08,WARNING,co2_buildup
2026-01-01 08:25:25,L10,0.4027,15.72,0.5544,20.218,29.41,75.94,WARNING,co2_buildup
2026-01-01 08:25:30,L10,0.4037,18.91,0.5691,20.156,30.04,74.52,WARNING,co2_buildup
2026-01-01 08:25:35,L10,0.4094,17.58,0.5673,20.157,29.67,74.52,WARNING,co2_buildup
2026-01-01 08:25:40,L10,0.4142,18.94,0.5949,20.217,30.03,73.84,WARNING,co2_buildup
2026-01-01 08:25:45,L10,0.431,18.15,0.5999,20.213,30.2,76.12,WARNING,co2_buildup
2026-01-01 08:25:50,L10,0.2176,2.18,0.0547,20.74,25.17,71.07,SAFE,ventilation_failure
2026-01-01 08:25:55,L10,0.2118,4.58,0.0546,20.705,25.51,70.64,SAFE,ventilation_failure
2026-01-01 08:26:00,L10,0.2098,3.37,0.0737,20.662,25.21,71.74,SAFE,ventilation_failure
2026-01-01 08:26:05,L10,0.2442,4.04,0.0759,20.676,25.48,71.07,SAFE,ventilation_failure
2026-01-01 08:26:10,L10,0.2662,8.52,0.0848,20.637,25.86,71.81,SAFE,ventilation_failure
2026-01-01 08:26:15,L10,0.2347,7.59,0.0846,20.603,25.87,71.39,SAFE,ventilation_failure
2026-01-01 08:26:20,L10,0.2892,8.5,0.1006,20.616,25.89,72.15,SAFE,ventilation_failure
2026-01-01 08:26:25,L10,0.2975,8.72,0.1077,20.594,25.92,73.02,SAFE,ventilation_failure
2026-01-01 08:26:30,L10,0.3189,7.85,0.117,20.56,26.45,72.51,SAFE,ventilation_failure
2026-01-01 08:26:35,L10,0.3284,7.53,0.1251,20.585,26.58,73.28,SAFE,ventilation_failure
2026-01-01 08:26:40,L10,0.3279,8.48,0.1385,20.552,26.67,74.45,SAFE,ventilation_failure
2026-01-01 08:26:45,L10,0.377,9.31,0.1359,20.522,26.7,75.88,SAFE,ventilation_failure
2026-01-01 08:26:50,L10,0.3668,12.78,0.1624,20.548,26.76,72.99,WARNING,ventilation_failure
2026-01-01 08:26:55,L10,0.3703,8.63,0.1584,20.446,27.06,76.6,SAFE,ventilation_failure
2026-01-01 08:27:00,L10,0.3995,10.31,0.1731,20.416,27.02,75.21,WARNING,ventilation_failure
2026-01-01 08:27:05,L10,0.4217,10.29,0.1873,20.435,27.25,76.58,WARNING,ventilation_failure
2026-01-01 08:27:10,L10,0.4237,13.76,0.1868,20.381,27.7,77.13,WARNING,ventilation_failure
2026-01-01 08:27:15,L10,0.4433,15.47,0.1881,20.368,27.38,77.84,WARNING,ventilation_failure
2026-01-01 08:27:20,L10,0.4539,13.67,0.2104,20.317,27.9,76.4,WARNING,ventilation_failure
2026-01-01 08:27:25,L10,0.4578,14.3,0.2116,20.344,28.17,77.19,WARNING,ventilation_failure
2026-01-01 08:27:30,L10,0.4705,14.37,0.2383,20.261,28.21,77.72,WARNING,ventilation_failure
2026-01-01 08:27:35,L10,0.4769,15.4,0.233,20.282,28.3,77.87,WARNING,ventilation_failure
2026-01-01 08:27:40,L10,0.5359,16.42,0.2637,20.263,28.31,79.6,WARNING,ventilation_failure
2026-01-01 08:27:45,L10,0.5249,16.42,0.2614,20.23,28.43,78.88,WARNING,ventilation_failure
2026-01-01 08:27:50,L10,0.492,17.04,0.2715,20.17,28.34,78.04,WARNING,ventilation_failure
2026-01-01 08:27:55,L10,0.5645,17.97,0.2647,20.149,28.83,79.22,WARNING,ventilation_failure
2026-01-01 08:28:00,L10,0.5793,14.65,0.2913,20.159,28.91,78.85,WARNING,ventilation_failure
2026-01-01 08:28:05,L10,0.5609,17.84,0.2991,20.176,29.01,80.32,WARNING,ventilation_failure
2026-01-01 08:28:10,L10,0.5915,18.81,0.299,20.148,29.26,81.44,WARNING,ventilation_failure
2026-01-01 08:28:15,L10,0.606,19.49,0.3197,20.118,29.42,80.77,WARNING,ventilation_failure
2026-01-01 08:28:20,L10,0.6232,19.12,0.3254,20.072,29.46,81.36,WARNING,ventilation_failure
2026-01-01 08:28:25,L10,0.6676,20.13,0.3364,20.088,29.94,81.85,WARNING,ventilation_failure
2026-01-01 08:28:30,L10,0.6624,19.33,0.348,20.003,29.95,82.58,WARNING,ventilation_failure
2026-01-01 08:28:35,L10,0.6733,18.26,0.3536,19.964,30.12,83.27,DANGER,ventilation_failure
2026-01-01 08:28:40,L10,0.7117,22.91,0.3689,20.008,30.12,83.89,WARNING,ventilation_failure
2026-01-01 08:28:45,L10,0.7175,20.25,0.3758,19.978,30.36,85.45,DANGER,ventilation_failure
2026-01-01 08:28:50,L10,0.6991,22.23,0.3899,20.004,30.29,84.13,WARNING,ventilation_failure
2026-01-01 08:28:55,L10,0.7311,21.86,0.3915,19.958,30.67,85.01,DANGER,ventilation_failure
2026-01-01 08:29:00,L10,0.7603,25.88,0.3968,19.982,30.69,83.55,DANGER,ventilation_failure
2026-01-01 08:29:05,L10,0.7566,23.89,0.4092,19.895,30.71,84.9,DANGER,ventilation_failure
2026-01-01 08:29:10,L10,0.8162,24.06,0.436,19.906,31.01,85.38,DANGER,ventilation_failure
2026-01-01 08:29:15,L10,0.8026,26.16,0.4417,19.863,31.11,85.18,DANGER,ventilation_failure
2026-01-01 08:29:20,L10,0.8047,28.79,0.4534,19.891,31.65,85.95,DANGER,ventilation_failure
2026-01-01 08:29:25,L10,0.8144,26.68,0.4635,19.823,31.52,86.69,DANGER,ventilation_failure
2026-01-01 08:29:30,L10,0.8603,26.02,0.4591,19.834,31.83,86.76,DANGER,ventilation_failure
2026-01-01 08:29:35,L10,0.8518,28.14,0.4748,19.755,31.91,89.64,DANGER,ventilation_failure
2026-01-01 08:29:40,L10,0.8823,25.25,0.4827,19.754,31.89,88.36,DANGER,ventilation_failure
2026-01-01 08:29:45,L10,0.8745,28.2,0.4969,19.743,31.97,89.94,DANGER,ventilation_failure
2026-01-01 08:29:50,L10,0.908,31.63,0.4989,19.763,31.92,89.93,DANGER,ventilation_failure
2026-01-01 08:29:55,L10,0.9125,29.39,0.5116,19.639,32.2,88.61,CRITICAL,ventilation_failure
2026-01-01 08:30:00,L10,0.9325,29.83,0.521,19.674,32.57,89.55,CRITICAL,ventilation_failure
2026-01-01 08:30:05,L10,0.9404,30.22,0.5343,19.652,32.57,89.56,CRITICAL,ventilation_failure
2026-01-01 08:30:10,L10,0.9829,30.11,0.5449,19.58,32.82,90.17,CRITICAL,ventilation_failure
2026-01-01 08:30:15,L10,0.9753,31.69,0.55,19.608,32.61,89.91,CRITICAL,ventilation_failure
2026-01-01 08:30:20,L10,0.9957,32.89,0.5598,19.555,33.12,90.73,CRITICAL,ventilation_failure
2026-01-01 08:30:25,L10,1.0115,31.75,0.5702,19.51,33.37,91.76,CRITICAL,ventilation_failure
2026-01-01 08:30:30,L10,1.0523,29.02,0.5912,19.552,33.08,92.13,CRITICAL,ventilation_failure
2026-01-01 08:30:35,L10,1.0566,33.97,0.5737,19.53,33.55,92.46,CRITICAL,ventilation_failure
2026-01-01 08:30:40,L10,1.0703,36.99,0.5894,19.511,33.84,92.6,CRITICAL,ventilation_failure
2026-01-01 08:30:45,L10,1.0499,33.74,0.6122,19.505,34.04,93.73,CRITICAL,ventilation_failure
2026-01-01 08:30:50,L10,1.0788,32.61,0.6185,19.45,33.86,93.23,CRITICAL,ventilation_failure
2026-01-01 08:30:55,L10,1.1217,36.35,0.6281,19.51,34.2,94.94,CRITICAL,ventilation_failure
2026-01-01 08:31:00,L10,0.1515,0.0,0.0303,20.726,24.61,72.44,SAFE,fire_heat
2026-01-01 08:31:05,L10,0.1182,5.65,0.0557,20.778,25.2,72.98,SAFE,fire_heat
2026-01-01 08:31:10,L10,0.1937,3.41,0.0457,20.743,25.38,74.26,SAFE,fire_heat
2026-01-01 08:31:15,L10,0.155,7.27,0.0491,20.682,25.53,72.81,SAFE,fire_heat
2026-01-01 08:31:20,L10,0.2009,7.91,0.0533,20.676,25.94,73.1,SAFE,fire_heat
2026-01-01 08:31:25,L10,0.1897,6.97,0.0688,20.626,26.13,72.38,SAFE,fire_heat
2026-01-01 08:31:30,L10,0.1896,10.06,0.0645,20.604,26.3,73.8,SAFE,fire_heat
2026-01-01 08:31:35,L10,0.2171,10.44,0.0655,20.567,26.59,74.52,SAFE,fire_heat
2026-01-01 08:31:40,L10,0.2398,9.64,0.0717,20.615,26.49,74.04,SAFE,fire_heat
2026-01-01 08:31:45,L10,0.2123,10.24,0.065,20.605,26.78,74.99,SAFE,fire_heat
2026-01-01 08:31:50,L10,0.2573,13.29,0.0768,20.481,27.06,74.76,SAFE,fire_heat
2026-01-01 08:31:55,L10,0.2578,12.77,0.0779,20.579,27.16,74.09,SAFE,fire_heat
2026-01-01 08:32:00,L10,0.2779,14.76,0.0899,20.5,27.57,75.62,SAFE,fire_heat
2026-01-01 08:32:05,L10,0.2806,10.38,0.1016,20.487,27.58,75.44,SAFE,fire_heat
2026-01-01 08:32:10,L10,0.2831,14.89,0.105,20.411,28.06,75.94,SAFE,fire_heat
2026-01-01 08:32:15,L10,0.2862,13.15,0.1148,20.472,27.93,75.63,SAFE,fire_heat
2026-01-01 08:32:20,L10,0.3242,16.25,0.1173,20.416,28.59,75.79,SAFE,fire_heat
2026-01-01 08:32:25,L10,0.3353,18.13,0.109,20.421,28.78,76.68,SAFE,fire_heat
2026-01-01 08:32:30,L10,0.3464,20.44,0.1177,20.401,28.67,76.6,SAFE,fire_heat
2026-01-01 08:32:35,L10,0.3541,17.2,0.1215,20.382,29.06,78.4,SAFE,fire_heat
2026-01-01 08:32:40,L10,0.3731,18.59,0.1088,20.299,29.03,77.9,SAFE,fire_heat
2026-01-01 08:32:45,L10,0.3912,20.01,0.1205,20.29,29.45,77.93,SAFE,fire_heat
2026-01-01 08:32:50,L10,0.3532,19.46,0.1331,20.255,29.47,77.59,SAFE,fire_heat
2026-01-01 08:32:55,L10,0.3575,23.16,0.1373,20.278,29.51,76.35,SAFE,fire_heat
2026-01-01 08:33:00,L10,0.4296,22.36,0.147,20.238,29.38,77.56,SAFE,fire_heat
2026-01-01 08:33:05,L10,0.3949,23.42,0.1509,20.237,30.07,77.92,WARNING,fire_heat
2026-01-01 08:33:10,L10,0.4099,24.94,0.1373,20.216,30.36,78.46,SAFE,fire_heat
2026-01-01 08:33:15,L10,0.4331,24.68,0.1598,20.108,30.72,78.89,WARNING,fire_heat
2026-01-01 08:33:20,L10,0.4239,24.33,0.1613,20.178,30.73,79.68,WARNING,fire_heat
2026-01-01 08:33:25,L10,0.4542,26.24,0.1691,20.143,31.08,79.61,WARNING,fire_heat
2026-01-01 08:33:30,L10,0.4569,25.82,0.1769,20.081,31.07,80.55,WARNING,fire_heat
2026-01-01 08:33:35,L10,0.4788,28.04,0.1715,20.08,31.29,79.61,WARNING,fire_heat
2026-01-01 08:33:40,L10,0.4977,30.15,0.1868,20.043,31.7,80.3,WARNING,fire_heat
2026-01-01 08:33:45,L10,0.4996,27.66,0.174,20.042,31.38,80.61,WARNING,fire_heat
2026-01-01 08:33:50,L10,0.5101,27.9,0.1778,19.99,31.95,80.77,DANGER,fire_heat
2026-01-01 08:33:55,L10,0.5311,31.04,0.193,19.993,32.1,81.83,DANGER,fire_heat
2026-01-01 08:34:00,L10,0.5541,30.59,0.1909,19.957,32.56,81.68,DANGER,fire_heat
2026-01-01 08:34:05,L10,0.5737,32.56,0.2002,19.92,32.49,80.22,DANGER,fire_heat
2026-01-01 08:34:10,L10,0.5576,33.77,0.2183,19.916,32.85,81.42,DANGER,fire_heat
2026-01-01 08:34:15,L10,0.5994,30.85,0.2097,19.968,33.11,81.74,DANGER,fire_heat
2026-01-01 08:34:20,L10,0.5964,35.87,0.2125,19.844,32.95,83.71,DANGER,fire_heat
2026-01-01 08:34:25,L10,0.576,33.85,0.2081,19.834,33.36,81.96,DANGER,fire_heat
2026-01-01 08:34:30,L10,0.5868,36.35,0.2057,19.799,33.52,81.67,DANGER,fire_heat
2026-01-01 08:34:35,L10,0.6083,36.16,0.2229,19.78,33.93,83.05,DANGER,fire_heat
2026-01-01 08:34:40,L10,0.6498,37.1,0.2363,19.798,34.1,83.33,DANGER,fire_heat
2026-01-01 08:34:45,L10,0.6318,41.24,0.2294,19.772,34.16,83.11,DANGER,fire_heat
2026-01-01 08:34:50,L10,0.6222,39.95,0.2395,19.728,34.25,83.23,DANGER,fire_heat
2026-01-01 08:34:55,L10,0.6583,41.6,0.2519,19.736,34.76,84.4,DANGER,fire_heat
2026-01-01 08:35:00,L10,0.6433,41.24,0.2559,19.707,34.8,83.19,DANGER,fire_heat
2026-01-01 08:35:05,L10,0.6684,42.72,0.2524,19.655,34.77,83.84,DANGER,fire_heat
2026-01-01 08:35:10,L10,0.6866,43.19,0.2546,19.591,34.99,83.93,DANGER,fire_heat
2026-01-01 08:35:15,L10,0.7089,43.72,0.2453,19.64,35.49,85.46,DANGER,fire_heat
2026-01-01 08:35:20,L10,0.7332,45.77,0.2567,19.597,35.44,85.05,DANGER,fire_heat
2026-01-01 08:35:25,L10,0.7395,45.12,0.2637,19.57,36.11,84.21,DANGER,fire_heat
2026-01-01 08:35:30,L10,0.7226,49.08,0.2634,19.533,35.9,84.52,DANGER,fire_heat
2026-01-01 08:35:35,L10,0.7459,47.87,0.2764,19.546,36.24,87.03,DANGER,fire_heat
2026-01-01 08:35:40,L10,0.7639,45.49,0.294,19.512,36.47,86.63,CRITICAL,fire_heat
2026-01-01 08:35:45,L10,0.77,47.71,0.295,19.471,36.54,86.68,CRITICAL,fire_heat
2026-01-01 08:35:50,L10,0.7811,49.34,0.2891,19.419,36.52,86.25,CRITICAL,fire_heat
2026-01-01 08:35:55,L10,0.7705,49.58,0.2976,19.465,37.09,87.68,CRITICAL,fire_heat
2026-01-01 08:36:00,L10,0.7903,51.32,0.2898,19.428,37.15,85.83,CRITICAL,fire_heat
2026-01-01 08:36:05,L10,0.8128,52.26,0.3116,19.395,37.49,87.55,CRITICAL,fire_heat
2026-01-01 08:36:10,L10,0.0863,3.89,0.0271,20.931,26.66,76.71,SAFE,combined_hazard
2026-01-01 08:36:15,L10,0.1237,3.48,0.0508,20.852,26.77,76.95,SAFE,combined_hazard
2026-01-01 08:36:20,L10,0.0904,2.33,0.0438,20.799,26.97,77.05,SAFE,combined_hazard
2026-01-01 08:36:25,L10,0.1419,3.39,0.0702,20.754,27.44,77.45,SAFE,combined_hazard
2026-01-01 08:36:30,L10,0.1592,5.28,0.0755,20.654,27.45,76.75,SAFE,combined_hazard
2026-01-01 08:36:35,L10,0.1774,8.43,0.0968,20.701,27.53,78.15,SAFE,combined_hazard
2026-01-01 08:36:40,L10,0.1484,8.31,0.1001,20.672,28.02,76.92,SAFE,combined_hazard
2026-01-01 08:36:45,L10,0.1742,6.52,0.0987,20.612,28.47,77.62,SAFE,combined_hazard
2026-01-01 08:36:50,L10,0.2069,10.25,0.1081,20.564,28.06,79.2,SAFE,combined_hazard
2026-01-01 08:36:55,L10,0.2139,9.27,0.1229,20.529,28.66,78.86,SAFE,combined_hazard
2026-01-01 08:37:00,L10,0.2295,10.63,0.1238,20.459,29.04,79.28,SAFE,combined_hazard
2026-01-01 08:37:05,L10,0.2332,13.76,0.1366,20.428,28.89,80.62,SAFE,combined_hazard
2026-01-01 08:37:10,L10,0.2753,14.34,0.1559,20.397,29.36,79.02,WARNING,combined_hazard
2026-01-01 08:37:15,L10,0.3046,15.72,0.1472,20.382,29.45,79.25,SAFE,combined_hazard
2026-01-01 08:37:20,L10,0.2805,14.93,0.1587,20.361,29.69,79.19,WARNING,combined_hazard
2026-01-01 08:37:25,L10,0.2992,17.18,0.1683,20.271,30.01,79.21,WARNING,combined_hazard
2026-01-01 08:37:30,L10,0.3067,15.86,0.2046,20.206,30.13,78.92,WARNING,combined_hazard
2026-01-01 08:37:35,L10,0.3386,17.24,0.1926,20.197,30.35,79.97,WARNING,combined_hazard
2026-01-01 08:37:40,L10,0.3452,18.02,0.2053,20.215,30.74,80.35,WARNING,combined_hazard
2026-01-01 08:37:45,L10,0.3302,19.44,0.2109,20.085,31.32,80.56,WARNING,combined_hazard
2026-01-01 08:37:50,L10,0.3505,18.36,0.2199,20.099,31.32,80.45,WARNING,combined_hazard
2026-01-01 08:37:55,L10,0.358,20.84,0.2255,20.071,31.59,81.31,WARNING,combined_hazard
2026-01-01 08:38:00,L10,0.427,24.24,0.2331,19.979,31.78,80.76,WARNING,combined_hazard
2026-01-01 08:38:05,L10,0.4096,21.31,0.2271,19.928,31.79,80.57,WARNING,combined_hazard
2026-01-01 08:38:10,L10,0.4046,21.84,0.2501,19.925,32.16,80.32,WARNING,combined_hazard
2026-01-01 08:38:15,L10,0.4168,22.85,0.2548,19.877,32.51,79.99,WARNING,combined_hazard
2026-01-01 08:38:20,L10,0.4525,29.6,0.2685,19.846,32.7,82.57,DANGER,combined_hazard
2026-01-01 08:38:25,L10,0.4674,27.19,0.2721,19.846,32.83,81.01,DANGER,combined_hazard
2026-01-01 08:38:30,L10,0.4793,26.98,0.2873,19.748,33.11,80.99,DANGER,combined_hazard
2026-01-01 08:38:35,L10,0.4744,28.37,0.2972,19.666,33.62,81.57,DANGER,combined_hazard
2026-01-01 08:38:40,L10,0.4988,29.5,0.2748,19.663,33.61,81.84,DANGER,combined_hazard
2026-01-01 08:38:45,L10,0.5093,29.08,0.3031,19.627,33.66,83.55,DANGER,combined_hazard
2026-01-01 08:38:50,L10,0.5071,30.16,0.3002,19.616,33.93,82.14,DANGER,combined_hazard
2026-01-01 08:38:55,L10,0.5207,31.58,0.3255,19.531,34.01,84.67,DANGER,combined_hazard
2026-01-01 08:39:00,L10,0.5542,31.62,0.3297,19.484,34.74,82.79,CRITICAL,combined_hazard
2026-01-01 08:39:05,L10,0.5645,33.0,0.3514,19.414,34.86,84.55,CRITICAL,combined_hazard
2026-01-01 08:39:10,L10,0.5833,35.01,0.3507,19.43,34.86,83.78,CRITICAL,combined_hazard
2026-01-01 08:39:15,L10,0.6003,33.87,0.3537,19.473,35.4,83.52,CRITICAL,combined_hazard
2026-01-01 08:39:20,L10,0.6244,40.17,0.3735,19.325,35.4,84.66,CRITICAL,combined_hazard
2026-01-01 08:39:25,L10,0.6037,38.27,0.372,19.304,35.46,84.47,CRITICAL,combined_hazard
2026-01-01 08:39:30,L10,0.6382,36.12,0.379,19.232,35.89,84.24,CRITICAL,combined_hazard
2026-01-01 08:39:35,L10,0.6535,35.2,0.3947,19.169,36.04,85.76,CRITICAL,combined_hazard
2026-01-01 08:39:40,L10,0.651,38.77,0.4129,19.18,36.34,83.67,CRITICAL,combined_hazard
2026-01-01 08:39:45,L10,0.671,41.72,0.4153,19.126,36.23,83.44,CRITICAL,combined_hazard
2026-01-01 08:39:50,L10,0.6783,42.31,0.4215,19.013,36.54,83.86,CRITICAL,combined_hazard
2026-01-01 08:39:55,L10,0.7277,42.3,0.4475,19.091,37.12,85.97,CRITICAL,combined_hazard
2026-01-01 08:40:00,L10,0.7111,42.45,0.4281,19.014,37.37,85.9,CRITICAL,combined_hazard
2026-01-01 08:40:05,L10,0.7297,42.88,0.4364,18.963,37.56,84.48,CRITICAL,combined_hazard
2026-01-01 08:40:10,L10,0.7325,44.52,0.4521,18.907,37.91,83.19,CRITICAL,combined_hazard
2026-01-01 08:40:15,L10,0.7427,44.49,0.4715,18.89,37.89,85.07,CRITICAL,combined_hazard
2026-01-01 08:40:20,L10,0.7438,46.3,0.4604,18.851,38.11,84.59,CRITICAL,combined_hazard
2026-01-01 08:40:25,L10,0.7933,49.78,0.4904,18.808,38.12,85.18,CRITICAL,combined_hazard
2026-01-01 08:40:30,L10,0.8018,47.52,0.4734,18.787,38.4,84.9,CRITICAL,combined_hazard
2026-01-01 08:40:35,L10,0.7992,50.48,0.4924,18.752,38.41,84.62,CRITICAL,combined_hazard
2026-01-01 08:40:40,L10,0.8036,51.59,0.5032,18.733,38.89,87.58,CRITICAL,combined_hazard
2026-01-01 08:40:45,L10,0.8333,49.71,0.5033,18.606,38.86,85.69,CRITICAL,combined_hazard
2026-01-01 08:40:50,L10,0.8366,50.95,0.5139,18.573,39.56,87.54,CRITICAL,combined_hazard
2026-01-01 08:40:55,L10,0.8542,54.71,0.5337,18.56,39.68,86.4,CRITICAL,combined_hazard
2026-01-01 08:41:00,L10,0.852,52.61,0.5473,18.484,39.54,85.84,CRITICAL,combined_hazard
2026-01-01 08:41:05,L10,0.8877,54.79,0.5274,18.448,40.05,87.31,CRITICAL,combined_hazard
2026-01-01 08:41:10,L10,0.9014,58.83,0.5542,18.44,40.6,86.76,CRITICAL,combined_hazard
2026-01-01 08:41:15,L10,0.9278,58.12,0.5604,18.411,40.51,87.08,CRITICAL,combined_hazard
2026-01-01 08:41:20,L10,0.9225,57.67,0.5706,18.381,40.61,87.52,CRITICAL,combined_hazard
2026-01-01 08:41:25,L10,0.9332,59.69,0.5757,18.296,40.72,86.93,CRITICAL,combined_hazard
2026-01-01 08:41:30,L10,0.9284,59.23,0.5764,18.275,40.95,86.44,CRITICAL,combined_hazard
2026-01-01 08:41:35,L10,0.9817,61.73,0.6076,18.227,41.52,87.87,CRITICAL,combined_hazard
2026-01-01 08:00:00,L11,0.0974,7.32,0.082,20.625,25.35,77.22,SAFE,normal
2026-01-01 08:00:05,L11,0.1069,6.34,0.081,20.698,25.53,77.91,SAFE,normal
2026-01-01 08:00:10,L11,0.1114,8.96,0.0793,20.603,25.6,77.84,SAFE,normal
2026-01-01 08:00:15,L11,0.0973,7.4,0.0869,20.662,25.6,76.69,SAFE,normal
2026-01-01 08:00:20,L11,0.1231,6.67,0.0737,20.645,25.58,78.2,SAFE,normal
2026-01-01 08:00:25,L11,0.1151,7.16,0.0744,20.607,25.43,77.76,SAFE,normal
2026-01-01 08:00:30,L11,0.1153,5.69,0.0814,20.588,25.51,74.78,SAFE,normal
2026-01-01 08:00:35,L11,0.0678,6.18,0.0763,20.615,25.82,75.41,SAFE,normal
2026-01-01 08:00:40,L11,0.1094,3.12,0.0835,20.647,25.61,74.3,SAFE,normal
2026-01-01 08:00:45,L11,0.1025,5.65,0.0756,20.625,25.71,75.72,SAFE,normal
2026-01-01 08:00:50,L11,0.1385,8.85,0.0927,20.61,25.53,74.88,SAFE,normal
2026-01-01 08:00:55,L11,0.1342,6.41,0.085,20.679,25.91,75.07,SAFE,normal
2026-01-01 08:01:00,L11,0.1205,6.32,0.0844,20.599,25.61,76.46,SAFE,normal
2026-01-01 08:01:05,L11,0.1448,7.64,0.0736,20.654,25.97,74.05,SAFE,normal
2026-01-01 08:01:10,L11,0.1226,6.66,0.0972,20.605,25.7,75.43,SAFE,normal
2026-01-01 08:01:15,L11,0.132,4.92,0.074,20.596,26.04,75.3,SAFE,normal
2026-01-01 08:01:20,L11,0.1408,6.11,0.0713,20.609,25.92,75.0,SAFE,normal
2026-01-01 08:01:25,L11,0.1632,4.35,0.0822,20.643,25.86,75.05,SAFE,normal
2026-01-01 08:01:30,L11,0.1799,6.31,0.0777,20.581,26.21,73.03,SAFE,normal
2026-01-01 08:01:35,L11,0.1538,4.76,0.0691,20.628,25.99,74.03,SAFE,normal
2026-01-01 08:01:40,L11,0.1862,7.39,0.0927,20.589,25.97,75.79,SAFE,normal
2026-01-01 08:01:45,L11,0.1707,5.21,0.0825,20.592,26.19,73.47,SAFE,normal
2026-01-01 08:01:50,L11,0.1773,4.71,0.0742,20.625,25.86,75.63,SAFE,normal
2026-01-01 08:01:55,L11,0.1765,5.76,0.0929,20.676,25.73,73.04,SAFE,normal
2026-01-01 08:02:00,L11,0.1782,6.46,0.0797,20.581,26.31,72.81,SAFE,normal
2026-01-01 08:02:05,L11,0.1915,4.08,0.0727,20.627,26.04,73.14,SAFE,normal
2026-01-01 08:02:10,L11,0.1998,5.08,0.0905,20.594,26.32,74.68,SAFE,normal
2026-01-01 08:02:15,L11,0.1791,6.0,0.0771,20.587,26.22,73.21,SAFE,normal
2026-01-01 08:02:20,L11,0.1933,7.83,0.0763,20.631,26.07,73.79,SAFE,normal
2026-01-01 08:02:25,L11,0.2249,2.01,0.0678,20.571,26.36,73.45,SAFE,normal
2026-01-01 08:02:30,L11,0.2062,6.7,0.0708,20.559,26.24,73.22,SAFE,normal
2026-01-01 08:02:35,L11,0.2116,5.18,0.0666,20.606,26.16,74.15,SAFE,normal
2026-01-01 08:02:40,L11,0.2285,5.0,0.081,20.637,26.19,73.62,SAFE,normal
2026-01-01 08:02:45,L11,0.2072,4.7,0.0561,20.61,26.12,71.96,SAFE,normal
2026-01-01 08:02:50,L11,0.2179,5.15,0.0794,20.543,26.47,72.52,SAFE,normal
2026-01-01 08:02:55,L11,0.2344,6.61,0.061,20.564,26.29,74.01,SAFE,normal
2026-01-01 08:03:00,L11,0.2445,4.85,0.0671,20.609,26.45,72.74,SAFE,normal
2026-01-01 08:03:05,L11,0.1941,8.12,0.0647,20.625,26.46,71.15,SAFE,normal
2026-01-01 08:03:10,L11,0.2223,6.55,0.0624,20.582,26.37,71.07,SAFE,normal
2026-01-01 08:03:15,L11,0.2221,5.89,0.0716,20.556,26.31,72.81,SAFE,normal
2026-01-01 08:03:20,L11,0.2389,5.32,0.0656,20.62,26.95,72.53,SAFE,normal
2026-01-01 08:03:25,L11,0.2307,7.33,0.0598,20.566,26.59,71.1,SAFE,normal
2026-01-01 08:03:30,L11,0.2582,7.53,0.0659,20.548,26.9,72.3,SAFE,normal
2026-01-01 08:03:35,L11,0.2545,3.76,0.0587,20.54,26.82,72.86,SAFE,normal
2026-01-01 08:03:40,L11,0.269,4.43,0.0594,20.525,26.63,72.61,SAFE,normal
2026-01-01 08:03:45,L11,0.2737,6.42,0.0513,20.644,26.73,72.6,SAFE,normal
2026-01-01 08:03:50,L11,0.2733,6.85,0.0592,20.599,26.75,71.63,SAFE,normal
2026-01-01 08:03:55,L11,0.2618,4.97,0.0663,20.535,27.03,70.92,SAFE,normal
2026-01-01 08:04:00,L11,0.2721,4.29,0.0621,20.604,26.91,70.61,SAFE,normal
2026-01-01 08:04:05,L11,0.2674,5.5,0.0759,20.566,26.69,70.79,SAFE,normal
2026-01-01 08:04:10,L11,0.2575,7.57,0.0818,20.561,26.89,69.97,SAFE,normal
2026-01-01 08:04:15,L11,0.296,5.4,0.0567,20.523,26.99,70.26,SAFE,normal
2026-01-01 08:04:20,L11,0.2842,3.42,0.0533,20.527,26.72,71.43,SAFE,normal
2026-01-01 08:04:25,L11,0.2666,5.46,0.0685,20.539,26.99,69.0,SAFE,normal
2026-01-01 08:04:30,L11,0.3009,6.45,0.0617,20.479,27.15,68.92,SAFE,normal
2026-01-01 08:04:35,L11,0.2933,5.1,0.0676,20.521,26.85,70.69,SAFE,normal
2026-01-01 08:04:40,L11,0.2694,7.12,0.0612,20.533,26.89,69.62,SAFE,normal
2026-01-01 08:04:45,L11,0.2835,6.51,0.056,20.57,27.2,68.23,SAFE,normal
2026-01-01 08:04:50,L11,0.2973,5.1,0.0556,20.51,27.0,69.59,SAFE,normal
2026-01-01 08:04:55,L11,0.3147,5.23,0.0601,20.551,26.94,69.34,SAFE,normal
2026-01-01 08:05:00,L11,0.327,2.38,0.0545,20.462,27.24,69.03,SAFE,normal
2026-01-01 08:05:05,L11,0.3303,6.94,0.0654,20.557,27.22,69.8,SAFE,normal
2026-01-01 08:05:10,L11,0.1258,3.92,0.0333,20.676,25.57,65.09,SAFE,methane_buildup
2026-01-01 08:05:15,L11,0.1465,4.58,0.0401,20.797,25.67,66.77,SAFE,methane_buildup
2026-01-01 08:05:20,L11,0.179,3.61,0.0516,20.774,25.64,65.14,SAFE,methane_buildup
2026-01-01 08:05:25,L11,0.1764,4.04,0.0422,20.678,25.51,66.14,SAFE,methane_buildup
2026-01-01 08:05:30,L11,0.1841,3.57,0.0311,20.748,25.75,66.05,SAFE,methane_buildup
2026-01-01 08:05:35,L11,0.2092,4.69,0.0426,20.739,25.58,65.36,SAFE,methane_buildup
2026-01-01 08:05:40,L11,0.1985,3.23,0.0531,20.711,25.73,65.1,SAFE,methane_buildup
2026-01-01 08:05:45,L11,0.2393,3.19,0.0555,20.634,25.66,64.49,SAFE,methane_buildup
2026-01-01 08:05:50,L11,0.2457,3.77,0.0559,20.688,25.77,66.4,SAFE,methane_buildup
2026-01-01 08:05:55,L11,0.2352,5.6,0.0487,20.685,25.92,66.99,SAFE,methane_buildup
2026-01-01 08:06:00,L11,0.2836,1.29,0.044,20.624,25.89,64.84,SAFE,methane_buildup
2026-01-01 08:06:05,L11,0.2744,2.63,0.0618,20.642,25.87,65.89,SAFE,methane_buildup
2026-01-01 08:06:10,L11,0.3135,7.49,0.0496,20.605,26.22,65.73,SAFE,methane_buildup
2026-01-01 08:06:15,L11,0.2981,4.57,0.067,20.629,26.07,66.78,SAFE,methane_buildup
2026-01-01 08:06:20,L11,0.2981,3.63,0.0692,20.58,26.06,66.16,SAFE,methane_buildup
2026-01-01 08:06:25,L11,0.3079,5.52,0.062,20.559,26.02,67.55,SAFE,methane_buildup
2026-01-01 08:06:30,L11,0.327,3.23,0.067,20.562,25.95,66.27,SAFE,methane_buildup
2026-01-01 08:06:35,L11,0.3367,1.34,0.0717,20.509,26.24,65.66,SAFE,methane_buildup
2026-01-01 08:06:40,L11,0.3773,5.11,0.0674,20.532,26.11,66.35,SAFE,methane_buildup
2026-01-01 08:06:45,L11,0.3707,3.56,0.0634,20.534,26.47,66.52,SAFE,methane_buildup
2026-01-01 08:06:50,L11,0.3599,4.9,0.0763,20.537,26.42,67.3,SAFE,methane_buildup
2026-01-01 08:06:55,L11,0.4002,5.32,0.0793,20.505,26.69,66.66,SAFE,methane_buildup
2026-01-01 08:07:00,L11,0.4118,5.12,0.0918,20.441,26.54,67.39,SAFE,methane_buildup
2026-01-01 08:07:05,L11,0.4159,2.43,0.0769,20.512,26.44,66.48,SAFE,methane_buildup
2026-01-01 08:07:10,L11,0.4398,5.12,0.0938,20.501,26.31,66.96,SAFE,methane_buildup
2026-01-01 08:07:15,L11,0.4481,5.83,0.0783,20.448,26.76,66.64,SAFE,methane_buildup
2026-01-01 08:07:20,L11,0.4712,3.14,0.0788,20.409,26.49,66.67,SAFE,methane_buildup
2026-01-01 08:07:25,L11,0.4832,3.05,0.0894,20.403,26.67,68.45,SAFE,methane_buildup
2026-01-01 08:07:30,L11,0.493,3.81,0.0864,20.4,27.03,66.93,SAFE,methane_buildup
2026-01-01 08:07:35,L11,0.481,6.61,0.0852,20.401,26.91,67.3,SAFE,methane_buildup
2026-01-01 08:07:40,L11,0.5452,2.58,0.1138,20.37,26.92,68.49,SAFE,methane_buildup
2026-01-01 08:07:45,L11,0.503,6.91,0.0968,20.341,27.05,68.34,SAFE,methane_buildup
2026-01-01 08:07:50,L11,0.5373,6.33,0.1211,20.384,27.09,69.13,SAFE,methane_buildup
2026-01-01 08:07:55,L11,0.5358,5.44,0.0968,20.348,27.24,68.28,SAFE,methane_buildup
2026-01-01 08:08:00,L11,0.5711,3.69,0.0933,20.295,26.96,67.49,SAFE,methane_buildup
2026-01-01 08:08:05,L11,0.5801,4.8,0.1194,20.323,27.04,69.69,SAFE,methane_buildup
2026-01-01 08:08:10,L11,0.5884,7.25,0.1055,20.306,27.0,68.59,SAFE,methane_buildup
2026-01-01 08:08:15,L11,0.6267,8.05,0.1146,20.266,27.18,68.08,SAFE,methane_buildup
2026-01-01 08:08:20,L11,0.6335,4.7,0.1048,20.31,27.21,68.32,SAFE,methane_buildup
2026-01-01 08:08:25,L11,0.6249,8.04,0.1175,20.266,27.01,68.5,SAFE,methane_buildup
2026-01-01 08:08:30,L11,0.6548,7.44,0.109,20.242,27.22,68.24,SAFE,methane_buildup
2026-01-01 08:08:35,L11,0.6791,6.48,0.1215,20.233,27.58,67.41,SAFE,methane_buildup
2026-01-01 08:08:40,L11,0.6851,5.47,0.1205,20.236,27.45,69.89,SAFE,methane_buildup
2026-01-01 08:08:45,L11,0.6795,5.79,0.1283,20.207,27.57,68.65,SAFE,methane_buildup
2026-01-01 08:08:50,L11,0.6706,9.48,0.1336,20.194,27.49,68.89,SAFE,methane_buildup
2026-01-01 08:08:55,L11,0.7122,7.1,0.1327,20.215,27.27,70.48,SAFE,methane_buildup
2026-01-01 08:09:00,L11,0.7303,8.91,0.1365,20.127,27.58,68.35,SAFE,methane_buildup
2026-01-01 08:09:05,L11,0.7217,7.36,0.1342,20.119,27.8,69.5,SAFE,methane_buildup
2026-01-01 08:09:10,L11,0.7465,6.4,0.1338,20.167,27.51,68.42,SAFE,methane_buildup
2026-01-01 08:09:15,L11,0.7578,8.04,0.1432,20.203,27.84,69.39,WARNING,methane_buildup
2026-01-01 08:09:20,L11,0.7928,10.48,0.1407,20.144,27.52,69.37,WARNING,methane_buildup
2026-01-01 08:09:25,L11,0.8128,6.36,0.1432,20.16,27.83,69.92,WARNING,methane_buildup
2026-01-01 08:09:30,L11,0.8155,8.78,0.1491,20.078,27.95,70.33,WARNING,methane_buildup
2026-01-01 08:09:35,L11,0.8095,7.78,0.1398,20.059,27.87,68.98,WARNING,methane_buildup
2026-01-01 08:09:40,L11,0.841,5.4,0.1617,20.079,28.33,70.65,WARNING,methane_buildup
2026-01-01 08:09:45,L11,0.8464,5.45,0.1504,20.081,27.93,70.78,WARNING,methane_buildup
2026-01-01 08:09:50,L11,0.8485,7.07,0.1556,19.999,27.96,69.47,WARNING,methane_buildup
2026-01-01 08:09:55,L11,0.8939,8.35,0.1564,20.019,28.13,69.74,WARNING,methane_buildup
2026-01-01 08:10:00,L11,0.8644,9.23,0.1642,20.012,28.03,69.43,WARNING,methane_buildup
2026-01-01 08:10:05,L11,0.8975,5.64,0.1638,19.979,27.97,69.66,WARNING,methane_buildup
2026-01-01 08:10:10,L11,0.9139,9.06,0.1629,19.97,28.07,69.02,WARNING,methane_buildup
2026-01-01 08:10:15,L11,0.9099,7.98,0.177,19.999,28.39,70.68,WARNING,methane_buildup
2026-01-01 08:10:20,L11,0.1163,3.74,0.0365,20.878,28.82,65.92,SAFE,co_buildup
2026-01-01 08:10:25,L11,0.1386,3.07,0.0426,20.852,28.59,63.96,SAFE,co_buildup
2026-01-01 08:10:30,L11,0.137,2.7,0.0467,20.87,28.91,65.36,SAFE,co_buildup
2026-01-01 08:10:35,L11,0.1507,5.02,0.06,20.826,28.43,66.64,SAFE,co_buildup
2026-01-01 08:10:40,L11,0.1369,7.73,0.0663,20.815,28.94,66.87,SAFE,co_buildup
2026-01-01 08:10:45,L11,0.1369,10.01,0.0628,20.763,28.82,67.77,SAFE,co_buildup
2026-01-01 08:10:50,L11,0.1645,8.67,0.0713,20.721,28.65,68.04,SAFE,co_buildup
2026-01-01 08:10:55,L11,0.1586,7.51,0.0715,20.728,28.87,68.49,SAFE,co_buildup
2026-01-01 08:11:00,L11,0.1733,8.76,0.0721,20.741,28.58,68.85,SAFE,co_buildup
2026-01-01 08:11:05,L11,0.1846,9.55,0.0833,20.721,28.76,69.31,SAFE,co_buildup
2026-01-01 08:11:10,L11,0.2053,10.96,0.0648,20.665,28.78,68.6,SAFE,co_buildup
2026-01-01 08:11:15,L11,0.2054,13.99,0.0733,20.632,28.78,69.11,SAFE,co_buildup
2026-01-01 08:11:20,L11,0.1903,14.85,0.0757,20.606,28.62,69.99,SAFE,co_buildup
2026-01-01 08:11:25,L11,0.1903,13.54,0.0834,20.613,28.67,70.33,SAFE,co_buildup
2026-01-01 08:11:30,L11,0.24,14.82,0.0948,20.601,28.77,69.81,SAFE,co_buildup
2026-01-01 08:11:35,L11,0.1976,14.09,0.0839,20.621,28.64,71.87,SAFE,co_buildup
2026-01-01 08:11:40,L11,0.2214,13.47,0.1004,20.561,28.79,71.91,SAFE,co_buildup
2026-01-01 08:11:45,L11,0.2448,19.46,0.0952,20.555,28.66,70.97,SAFE,co_buildup
2026-01-01 08:11:50,L11,0.2666,14.04,0.1006,20.493,28.9,71.82,SAFE,co_buildup
2026-01-01 08:11:55,L11,0.2461,15.51,0.1085,20.498,28.99,73.92,SAFE,co_buildup
2026-01-01 08:12:00,L11,0.2563,21.71,0.1239,20.481,28.71,72.76,SAFE,co_buildup
2026-01-01 08:12:05,L11,0.2497,19.78,0.1082,20.452,28.89,73.28,SAFE,co_buildup
2026-01-01 08:12:10,L11,0.2716,18.81,0.1168,20.436,28.72,72.8,SAFE,co_buildup
2026-01-01 08:12:15,L11,0.2594,22.27,0.1124,20.42,28.62,73.37,SAFE,co_buildup
2026-01-01 08:12:20,L11,0.2723,23.15,0.1187,20.41,28.69,75.15,SAFE,co_buildup
2026-01-01 08:12:25,L11,0.302,20.73,0.1193,20.411,28.77,74.36,SAFE,co_buildup
2026-01-01 08:12:30,L11,0.2909,22.68,0.1335,20.288,28.49,74.54,SAFE,co_buildup
2026-01-01 08:12:35,L11,0.3181,25.54,0.1385,20.369,28.85,74.93,WARNING,co_buildup
2026-01-01 08:12:40,L11,0.309,23.74,0.1441,20.264,28.77,77.29,SAFE,co_buildup
2026-01-01 08:12:45,L11,0.2976,26.13,0.1361,20.305,28.91,75.61,WARNING,co_buildup
2026-01-01 08:12:50,L11,0.3426,28.59,0.1497,20.346,28.85,75.24,WARNING,co_buildup
2026-01-01 08:12:55,L11,0.3123,23.61,0.1501,20.254,28.78,75.71,WARNING,co_buildup
2026-01-01 08:13:00,L11,0.3299,27.43,0.1522,20.24,28.71,77.18,WARNING,co_buildup
2026-01-01 08:13:05,L11,0.3429,29.08,0.1463,20.206,28.99,75.74,WARNING,co_buildup
2026-01-01 08:13:10,L11,0.3679,26.75,0.1609,20.215,29.09,77.57,WARNING,co_buildup
2026-01-01 08:13:15,L11,0.3518,29.38,0.1647,20.185,28.72,76.96,WARNING,co_buildup
2026-01-01 08:13:20,L11,0.3527,32.49,0.1676,20.134,28.93,76.38,WARNING,co_buildup
2026-01-01 08:13:25,L11,0.376,30.61,0.1735,20.131,28.66,77.41,WARNING,co_buildup
2026-01-01 08:13:30,L11,0.3772,30.19,0.1793,20.081,28.68,78.54,WARNING,co_buildup
2026-01-01 08:13:35,L11,0.3804,34.85,0.1685,20.09,28.71,79.96,WARNING,co_buildup
2026-01-01 08:13:40,L11,0.3975,34.57,0.1791,20.061,28.88,79.9,WARNING,co_buildup
2026-01-01 08:13:45,L11,0.3831,34.54,0.1885,20.058,28.61,79.26,WARNING,co_buildup
2026-01-01 08:13:50,L11,0.3823,35.24,0.1857,20.012,29.01,80.6,WARNING,co_buildup
2026-01-01 08:13:55,L11,0.4471,37.68,0.1991,20.007,28.92,79.87,WARNING,co_buildup
2026-01-01 08:14:00,L11,0.4235,37.32,0.1956,19.994,28.88,79.31,WARNING,co_buildup
2026-01-01 08:14:05,L11,0.4315,38.59,0.1828,19.976,28.73,80.82,WARNING,co_buildup
2026-01-01 08:14:10,L11,0.4241,37.33,0.2087,19.961,28.9,79.93,WARNING,co_buildup
2026-01-01 08:14:15,L11,0.4562,36.24,0.2045,19.928,28.34,82.09,WARNING,co_buildup
2026-01-01 08:14:20,L11,0.4416,40.79,0.1948,19.889,28.85,82.43,WARNING,co_buildup
2026-01-01 08:14:25,L11,0.4148,42.25,0.2105,19.895,28.81,81.41,WARNING,co_buildup
2026-01-01 08:14:30,L11,0.455,41.01,0.2059,19.867,28.5,82.56,WARNING,co_buildup
2026-01-01 08:14:35,L11,0.4662,43.42,0.2256,19.883,28.84,82.87,WARNING,co_buildup
2026-01-01 08:14:40,L11,0.4748,42.33,0.2228,19.867,28.87,83.79,WARNING,co_buildup
2026-01-01 08:14:45,L11,0.4812,43.44,0.2192,19.771,28.51,82.42,WARNING,co_buildup
2026-01-01 08:14:50,L11,0.4815,46.95,0.2366,19.811,28.61,84.23,WARNING,co_buildup
2026-01-01 08:14:55,L11,0.4869,44.63,0.2373,19.796,29.1,83.02,WARNING,co_buildup
2026-01-01 08:15:00,L11,0.5005,45.29,0.2353,19.711,28.76,85.02,DANGER,co_buildup
2026-01-01 08:15:05,L11,0.4872,43.75,0.2307,19.749,28.94,85.58,WARNING,co_buildup
2026-01-01 08:15:10,L11,0.4895,48.34,0.2374,19.738,28.96,84.52,WARNING,co_buildup
2026-01-01 08:15:15,L11,0.5272,46.98,0.2408,19.663,28.85,86.36,DANGER,co_buildup
2026-01-01 08:15:20,L11,0.5344,49.01,0.2572,19.664,28.95,84.45,DANGER,co_buildup
2026-01-01 08:15:25,L11,0.5528,49.06,0.2413,19.657,28.48,86.91,DANGER,co_buildup
2026-01-01 08:15:30,L11,0.2257,6.04,0.0643,20.828,28.81,67.81,SAFE,low_oxygen
2026-01-01 08:15:35,L11,0.2068,4.44,0.0641,20.763,28.75,68.45,SAFE,low_oxygen
2026-01-01 08:15:40,L11,0.2108,10.05,0.0818,20.697,28.55,68.2,SAFE,low_oxygen
2026-01-01 08:15:45,L11,0.1977,7.29,0.075,20.68,29.0,69.21,SAFE,low_oxygen
2026-01-01 08:15:50,L11,0.2014,8.18,0.0751,20.63,28.74,68.33,SAFE,low_oxygen
2026-01-01 08:15:55,L11,0.2275,9.59,0.0943,20.601,28.86,68.79,SAFE,low_oxygen
2026-01-01 08:16:00,L11,0.2505,9.39,0.0838,20.543,29.08,69.8,SAFE,low_oxygen
2026-01-01 08:16:05,L11,0.2259,9.93,0.1089,20.516,29.01,70.81,SAFE,low_oxygen
2026-01-01 08:16:10,L11,0.2727,10.36,0.1021,20.537,29.22,70.45,SAFE,low_oxygen
2026-01-01 08:16:15,L11,0.236,6.59,0.1107,20.485,29.01,71.05,SAFE,low_oxygen
2026-01-01 08:16:20,L11,0.2541,7.28,0.1045,20.425,29.37,70.03,SAFE,low_oxygen
2026-01-01 08:16:25,L11,0.2596,11.36,0.1412,20.375,29.05,69.99,SAFE,low_oxygen
2026-01-01 08:16:30,L11,0.2601,8.63,0.1216,20.358,29.41,69.15,SAFE,low_oxygen
2026-01-01 08:16:35,L11,0.2365,9.0,0.1357,20.285,28.92,70.97,SAFE,low_oxygen
2026-01-01 08:16:40,L11,0.2634,8.31,0.1296,20.304,29.14,71.43,SAFE,low_oxygen
2026-01-01 08:16:45,L11,0.2812,9.8,0.1425,20.294,29.4,71.09,SAFE,low_oxygen
2026-01-01 08:16:50,L11,0.2823,10.09,0.1685,20.301,29.34,70.92,WARNING,low_oxygen
2026-01-01 08:16:55,L11,0.2988,9.4,0.1622,20.162,29.44,72.75,SAFE,low_oxygen
2026-01-01 08:17:00,L11,0.3061,9.43,0.1593,20.188,29.5,72.47,SAFE,low_oxygen
2026-01-01 08:17:05,L11,0.2967,11.69,0.1701,20.104,29.37,73.23,WARNING,low_oxygen
2026-01-01 08:17:10,L11,0.2913,10.2,0.1712,20.057,29.42,71.63,WARNING,low_oxygen
2026-01-01 08:17:15,L11,0.3345,10.7,0.1802,20.022,29.67,72.03,WARNING,low_oxygen
2026-01-01 08:17:20,L11,0.2965,8.53,0.1922,20.025,29.59,73.77,SAFE,low_oxygen
2026-01-01 08:17:25,L11,0.3134,14.92,0.1889,19.957,29.94,72.98,WARNING,low_oxygen
2026-01-01 08:17:30,L11,0.3151,13.63,0.1986,19.932,29.75,72.78,WARNING,low_oxygen
2026-01-01 08:17:35,L11,0.3445,11.67,0.2041,19.902,29.94,73.05,WARNING,low_oxygen
2026-01-01 08:17:40,L11,0.3586,11.27,0.2049,19.858,29.94,73.65,WARNING,low_oxygen
2026-01-01 08:17:45,L11,0.3418,12.83,0.2069,19.821,29.83,74.67,WARNING,low_oxygen
2026-01-01 08:17:50,L11,0.3533,12.99,0.2139,19.737,29.68,73.95,WARNING,low_oxygen
2026-01-01 08:17:55,L11,0.3618,11.3,0.229,19.778,30.2,74.92,WARNING,low_oxygen
2026-01-01 08:18:00,L11,0.388,9.59,0.2349,19.742,29.92,74.87,WARNING,low_oxygen
2026-01-01 08:18:05,L11,0.3398,12.83,0.2249,19.681,30.06,74.01,WARNING,low_oxygen
2026-01-01 08:18:10,L11,0.3831,11.47,0.2372,19.681,30.14,74.22,WARNING,low_oxygen
2026-01-01 08:18:15,L11,0.3831,14.28,0.2385,19.677,30.2,74.77,WARNING,low_oxygen
2026-01-01 08:18:20,L11,0.3774,14.49,0.2563,19.601,30.4,74.28,WARNING,low_oxygen
2026-01-01 08:18:25,L11,0.3934,12.96,0.2514,19.605,30.31,75.14,WARNING,low_oxygen
2026-01-01 08:18:30,L11,0.4051,13.82,0.2781,19.597,30.33,76.98,WARNING,low_oxygen
2026-01-01 08:18:35,L11,0.4082,17.47,0.2675,19.571,30.55,75.95,WARNING,low_oxygen
2026-01-01 08:18:40,L11,0.4374,16.18,0.2805,19.425,30.54,75.58,WARNING,low_oxygen
2026-01-01 08:18:45,L11,0.4124,14.54,0.2682,19.39,30.39,77.93,WARNING,low_oxygen
2026-01-01 08:18:50,L11,0.4164,18.86,0.2817,19.377,30.37,75.87,WARNING,low_oxygen
2026-01-01 08:18:55,L11,0.4188,13.83,0.2919,19.359,30.47,76.05,WARNING,low_oxygen
2026-01-01 08:19:00,L11,0.4353,14.6,0.284,19.368,30.63,78.02,WARNING,low_oxygen
2026-01-01 08:19:05,L11,0.4321,15.86,0.2977,19.304,30.5,77.77,WARNING,low_oxygen
2026-01-01 08:19:10,L11,0.4383,13.93,0.3113,19.214,30.75,77.35,DANGER,low_oxygen
2026-01-01 08:19:15,L11,0.4439,19.11,0.3055,19.197,30.76,78.33,DANGER,low_oxygen
2026-01-01 08:19:20,L11,0.4471,16.9,0.3066,19.179,30.45,78.12,DANGER,low_oxygen
2026-01-01 08:19:25,L11,0.4455,15.64,0.3332,19.1,30.67,77.14,DANGER,low_oxygen
2026-01-01 08:19:30,L11,0.4664,17.7,0.3147,19.11,30.49,76.38,DANGER,low_oxygen
2026-01-01 08:19:35,L11,0.4614,17.45,0.3306,19.039,30.92,78.06,DANGER,low_oxygen
2026-01-01 08:19:40,L11,0.4804,16.97,0.329,18.991,31.18,79.59,DANGER,low_oxygen
2026-01-01 08:19:45,L11,0.4783,15.82,0.3324,18.977,30.78,78.59,DANGER,low_oxygen
2026-01-01 08:19:50,L11,0.4764,15.68,0.3512,18.982,30.92,79.51,DANGER,low_oxygen
2026-01-01 08:19:55,L11,0.5112,21.31,0.3489,18.947,31.14,79.5,DANGER,low_oxygen
2026-01-01 08:20:00,L11,0.4917,16.2,0.3591,18.903,31.05,78.21,DANGER,low_oxygen
2026-01-01 08:20:05,L11,0.5081,20.98,0.3431,18.895,31.1,79.45,DANGER,low_oxygen
2026-01-01 08:20:10,L11,0.4937,17.36,0.3704,18.857,31.39,80.28,DANGER,low_oxygen
2026-01-01 08:20:15,L11,0.4794,20.02,0.3659,18.801,31.28,79.57,DANGER,low_oxygen
2026-01-01 08:20:20,L11,0.5067,19.73,0.362,18.762,31.18,80.12,DANGER,low_oxygen
2026-01-01 08:20:25,L11,0.4887,20.23,0.3974,18.729,31.14,80.94,DANGER,low_oxygen
2026-01-01 08:20:30,L11,0.5227,20.53,0.3924,18.685,31.83,80.89,DANGER,low_oxygen
2026-01-01 08:20:35,L11,0.5538,17.22,0.3947,18.59,31.71,81.88,DANGER,low_oxygen
2026-01-01 08:20:40,L11,0.0719,4.51,0.0752,20.409,26.47,73.73,SAFE,co2_buildup
2026-01-01 08:20:45,L11,0.092,7.02,0.0725,20.39,26.41,74.37,SAFE,co2_buildup
2026-01-01 08:20:50,L11,0.0745,5.96,0.072,20.38,26.69,76.17,SAFE,co2_buildup
2026-01-01 08:20:55,L11,0.0963,1.89,0.0748,20.358,26.85,74.88,SAFE,co2_buildup
2026-01-01 08:21:00,L11,0.1048,4.84,0.0922,20.311,26.76,74.14,SAFE,co2_buildup
2026-01-01 08:21:05,L11,0.1122,8.53,0.1103,20.265,26.8,75.21,SAFE,co2_buildup
2026-01-01 08:21:10,L11,0.0951,8.77,0.1202,20.279,26.79,76.11,SAFE,co2_buildup
2026-01-01 08:21:15,L11,0.095,7.44,0.1212,20.281,26.89,74.32,SAFE,co2_buildup
2026-01-01 08:21:20,L11,0.1028,7.94,0.141,20.244,26.89,76.64,SAFE,co2_buildup
2026-01-01 08:21:25,L11,0.1352,5.71,0.1329,20.272,26.44,74.8,SAFE,co2_buildup
2026-01-01 08:21:30,L11,0.1391,6.6,0.127,20.222,27.01,75.72,SAFE,co2_buildup
2026-01-01 08:21:35,L11,0.1205,8.96,0.161,20.267,27.02,75.8,SAFE,co2_buildup
2026-01-01 08:21:40,L11,0.1726,7.86,0.1775,20.175,26.87,75.76,SAFE,co2_buildup
2026-01-01 08:21:45,L11,0.1302,7.43,0.186,20.178,26.66,76.24,SAFE,co2_buildup
2026-01-01 08:21:50,L11,0.1671,7.17,0.1736,20.146,27.02,77.0,SAFE,co2_buildup
2026-01-01 08:21:55,L11,0.1806,9.32,0.188,20.15,27.06,76.43,SAFE,co2_buildup
2026-01-01 08:22:00,L11,0.1652,9.36,0.2065,20.15,26.97,76.06,SAFE,co2_buildup
2026-01-01 08:22:05,L11,0.1578,8.77,0.2041,20.118,27.09,76.99,SAFE,co2_buildup
2026-01-01 08:22:10,L11,0.1638,8.0,0.2184,20.02,27.25,76.88,SAFE,co2_buildup
2026-01-01 08:22:15,L11,0.1769,7.48,0.2202,20.078,27.48,76.26,SAFE,co2_buildup
2026-01-01 08:22:20,L11,0.2028,9.17,0.2256,20.014,27.17,76.91,SAFE,co2_buildup
2026-01-01 08:22:25,L11,0.1743,6.59,0.2356,20.016,27.22,76.36,SAFE,co2_buildup
2026-01-01 08:22:30,L11,0.1705,7.02,0.2588,20.028,27.07,76.36,SAFE,co2_buildup
2026-01-01 08:22:35,L11,0.2092,6.3,0.2596,19.955,27.15,77.78,WARNING,co2_buildup
2026-01-01 08:22:40,L11,0.2183,10.44,0.2781,20.005,27.23,77.57,WARNING,co2_buildup
2026-01-01 08:22:45,L11,0.2448,7.62,0.2805,19.941,27.46,77.92,WARNING,co2_buildup
2026-01-01 08:22:50,L11,0.2003,9.42,0.2976,19.998,27.43,77.89,WARNING,co2_buildup
2026-01-01 08:22:55,L11,0.2248,8.74,0.2997,19.917,27.62,76.76,WARNING,co2_buildup
2026-01-01 08:23:00,L11,0.25,13.39,0.3076,19.947,27.14,78.35,WARNING,co2_buildup
2026-01-01 08:23:05,L11,0.2401,9.82,0.3089,19.913,27.19,77.4,WARNING,co2_buildup
2026-01-01 08:23:10,L11,0.2411,6.48,0.3424,19.841,27.58,78.46,WARNING,co2_buildup
2026-01-01 08:23:15,L11,0.2616,11.15,0.3276,19.801,27.66,77.7,WARNING,co2_buildup
2026-01-01 08:23:20,L11,0.2465,8.92,0.3193,19.825,27.48,78.14,WARNING,co2_buildup
2026-01-01 08:23:25,L11,0.274,9.31,0.3456,19.786,26.83,78.25,WARNING,co2_buildup
2026-01-01 08:23:30,L11,0.2482,8.72,0.344,19.832,27.41,78.71,WARNING,co2_buildup
2026-01-01 08:23:35,L11,0.25,10.13,0.3684,19.759,27.6,76.83,WARNING,co2_buildup
2026-01-01 08:23:40,L11,0.2744,10.23,0.3745,19.739,27.45,76.96,WARNING,co2_buildup
2026-01-01 08:23:45,L11,0.2458,9.1,0.3755,19.688,27.64,78.84,WARNING,co2_buildup
2026-01-01 08:23:50,L11,0.2913,9.42,0.3784,19.724,27.92,78.68,WARNING,co2_buildup
2026-01-01 08:23:55,L11,0.2698,10.44,0.395,19.657,27.88,77.85,WARNING,co2_buildup
2026-01-01 08:24:00,L11,0.3057,6.89,0.3971,19.687,27.81,78.85,WARNING,co2_buildup
2026-01-01 08:24:05,L11,0.31,8.36,0.417,19.673,27.71,77.52,WARNING,co2_buildup
2026-01-01 08:24:10,L11,0.312,13.14,0.4235,19.614,27.67,81.34,WARNING,co2_buildup
2026-01-01 08:24:15,L11,0.3253,11.24,0.4509,19.647,27.89,79.86,WARNING,co2_buildup
2026-01-01 08:24:20,L11,0.3275,10.07,0.4323,19.592,27.8,79.39,WARNING,co2_buildup
2026-01-01 08:24:25,L11,0.3258,8.43,0.4418,19.537,27.84,79.04,WARNING,co2_buildup
2026-01-01 08:24:30,L11,0.3634,11.0,0.4514,19.609,27.62,78.57,WARNING,co2_buildup
2026-01-01 08:24:35,L11,0.3476,12.68,0.4602,19.517,27.77,78.1,WARNING,co2_buildup
2026-01-01 08:24:40,L11,0.359,15.28,0.4777,19.541,28.02,79.14,WARNING,co2_buildup
2026-01-01 08:24:45,L11,0.3693,14.27,0.4756,19.52,27.77,78.63,WARNING,co2_buildup
2026-01-01 08:24:50,L11,0.369,10.21,0.502,19.501,28.0,78.76,DANGER,co2_buildup
2026-01-01 08:24:55,L11,0.3956,10.91,0.4993,19.482,28.05,78.35,DANGER,co2_buildup
2026-01-01 08:25:00,L11,0.3729,9.56,0.4991,19.423,28.09,79.76,WARNING,co2_buildup
2026-01-01 08:25:05,L11,0.3761,10.62,0.5055,19.484,28.13,79.35,DANGER,co2_buildup
2026-01-01 08:25:10,L11,0.3722,11.68,0.5281,19.444,28.17,80.16,DANGER,co2_buildup
2026-01-01 08:25:15,L11,0.3838,11.56,0.5284,19.411,28.01,80.18,DANGER,co2_buildup
2026-01-01 08:25:20,L11,0.3825,15.31,0.5367,19.338,27.91,80.08,DANGER,co2_buildup
2026-01-01 08:25:25,L11,0.4093,10.37,0.5402,19.33,28.02,82.11,DANGER,co2_buildup
2026-01-01 08:25:30,L11,0.3912,12.39,0.5529,19.361,28.29,80.73,DANGER,co2_buildup
2026-01-01 08:25:35,L11,0.4118,9.47,0.5567,19.262,28.03,79.14,DANGER,co2_buildup
2026-01-01 08:25:40,L11,0.4248,13.18,0.5811,19.314,28.08,80.6,DANGER,co2_buildup
2026-01-01 08:25:45,L11,0.4244,10.78,0.5843,19.245,28.11,80.28,DANGER,co2_buildup
2026-01-01 08:25:50,L11,0.2198,7.42,0.047,20.592,28.5,74.54,SAFE,ventilation_failure
2026-01-01 08:25:55,L11,0.1924,9.99,0.0649,20.555,28.46,74.7,SAFE,ventilation_failure
2026-01-01 08:26:00,L11,0.2592,9.33,0.0642,20.519,28.35,74.95,SAFE,ventilation_failure
2026-01-01 08:26:05,L11,0.2242,8.25,0.0774,20.496,28.77,75.6,SAFE,ventilation_failure
2026-01-01 08:26:10,L11,0.2507,8.18,0.096,20.503,29.04,76.73,SAFE,ventilation_failure
2026-01-01 08:26:15,L11,0.257,10.88,0.1023,20.437,28.49,75.44,SAFE,ventilation_failure
2026-01-01 08:26:20,L11,0.2739,10.58,0.0935,20.429,29.0,75.66,SAFE,ventilation_failure
2026-01-01 08:26:25,L11,0.3374,10.2,0.1293,20.438,28.78,77.53,SAFE,ventilation_failure
2026-01-01 08:26:30,L11,0.3007,10.14,0.1169,20.394,28.86,76.34,SAFE,ventilation_failure
2026-01-01 08:26:35,L11,0.3344,11.58,0.1267,20.331,29.02,77.25,SAFE,ventilation_failure
2026-01-01 08:26:40,L11,0.3322,11.46,0.1332,20.337,28.86,76.9,SAFE,ventilation_failure
2026-01-01 08:26:45,L11,0.3638,13.54,0.1467,20.326,29.09,76.32,SAFE,ventilation_failure
2026-01-01 08:26:50,L11,0.3556,14.67,0.1536,20.318,28.92,78.11,WARNING,ventilation_failure
2026-01-01 08:26:55,L11,0.3817,11.21,0.1626,20.241,29.3,79.13,WARNING,ventilation_failure
2026-01-01 08:27:00,L11,0.4013,11.87,0.1586,20.222,29.62,78.48,WARNING,ventilation_failure
2026-01-01 08:27:05,L11,0.3951,16.18,0.1882,20.193,29.26,77.63,WARNING,ventilation_failure
2026-01-01 08:27:10,L11,0.4614,14.86,0.1978,20.17,29.39,79.19,WARNING,ventilation_failure
2026-01-01 08:27:15,L11,0.4443,13.36,0.2227,20.177,29.46,78.79,WARNING,ventilation_failure
2026-01-01 08:27:20,L11,0.4447,16.98,0.2174,20.158,29.69,77.59,WARNING,ventilation_failure
2026-01-01 08:27:25,L11,0.4517,16.46,0.2183,20.147,29.66,79.91,WARNING,ventilation_failure
2026-01-01 08:27:30,L11,0.4776,19.71,0.2215,20.088,29.8,80.68,WARNING,ventilation_failure
2026-01-01 08:27:35,L11,0.472,16.5,0.2391,20.024,29.65,81.49,WARNING,ventilation_failure
2026-01-01 08:27:40,L11,0.531,18.96,0.2523,20.061,29.85,82.25,WARNING,ventilation_failure
2026-01-01 08:27:45,L11,0.5248,15.57,0.2535,20.021,29.35,81.65,WARNING,ventilation_failure
2026-01-01 08:27:50,L11,0.5311,20.29,0.2668,19.994,30.02,82.16,WARNING,ventilation_failure
2026-01-01 08:27:55,L11,0.5621,20.06,0.2902,19.929,29.8,80.68,WARNING,ventilation_failure
2026-01-01 08:28:00,L11,0.5497,21.5,0.2808,19.937,29.99,83.29,WARNING,ventilation_failure
2026-01-01 08:28:05,L11,0.5572,21.21,0.2776,19.882,30.21,83.3,WARNING,ventilation_failure
2026-01-01 08:28:10,L11,0.5866,19.84,0.3084,19.908,29.94,82.28,DANGER,ventilation_failure
2026-01-01 08:28:15,L11,0.6045,18.68,0.3128,19.856,30.39,83.41,DANGER,ventilation_failure
2026-01-01 08:28:20,L11,0.6246,19.98,0.3054,19.828,30.27,83.62,DANGER,ventilation_failure
2026-01-01 08:28:25,L11,0.6086,18.69,0.3313,19.773,30.57,84.62,DANGER,ventilation_failure
2026-01-01 08:28:30,L11,0.6379,20.4,0.3286,19.826,30.28,83.61,DANGER,ventilation_failure
2026-01-01 08:28:35,L11,0.6126,22.87,0.349,19.762,30.21,83.42,DANGER,ventilation_failure
2026-01-01 08:28:40,L11,0.6551,22.61,0.3695,19.748,30.54,83.92,DANGER,ventilation_failure
2026-01-01 08:28:45,L11,0.6977,22.79,0.3616,19.699,30.69,85.32,DANGER,ventilation_failure
2026-01-01 08:28:50,L11,0.7154,22.39,0.3805,19.647,30.77,83.35,DANGER,ventilation_failure
2026-01-01 08:28:55,L11,0.6979,21.37,0.3708,19.655,30.56,82.78,DANGER,ventilation_failure
2026-01-01 08:29:00,L11,0.7242,24.75,0.3772,19.636,30.55,86.18,DANGER,ventilation_failure
2026-01-01 08:29:05,L11,0.7435,25.49,0.4143,19.631,30.81,85.97,DANGER,ventilation_failure
2026-01-01 08:29:10,L11,0.7733,23.88,0.4094,19.587,31.0,86.06,DANGER,ventilation_failure
2026-01-01 08:29:15,L11,0.7941,25.02,0.4209,19.551,31.05,85.29,DANGER,ventilation_failure
2026-01-01 08:29:20,L11,0.7876,28.58,0.4338,19.503,31.28,85.25,DANGER,ventilation_failure
2026-01-01 08:29:25,L11,0.7954,28.45,0.4291,19.525,31.05,86.4,DANGER,ventilation_failure
2026-01-01 08:29:30,L11,0.7917,24.94,0.4488,19.475,30.89,87.49,DANGER,ventilation_failure
2026-01-01 08:29:35,L11,0.829,27.48,0.4563,19.514,31.41,87.02,DANGER,ventilation_failure
2026-01-01 08:29:40,L11,0.8726,30.24,0.4494,19.454,31.32,88.5,CRITICAL,ventilation_failure
2026-01-01 08:29:45,L11,0.8749,28.18,0.4807,19.442,31.4,87.3,CRITICAL,ventilation_failure
2026-01-01 08:29:50,L11,0.8722,28.55,0.4878,19.393,31.53,87.94,CRITICAL,ventilation_failure
2026-01-01 08:29:55,L11,0.8882,31.04,0.4759,19.381,31.67,89.21,CRITICAL,ventilation_failure
2026-01-01 08:30:00,L11,0.8873,31.33,0.4965,19.324,31.54,88.63,CRITICAL,ventilation_failure
2026-01-01 08:30:05,L11,0.9063,31.7,0.5019,19.291,31.78,88.96,CRITICAL,ventilation_failure
2026-01-01 08:30:10,L11,0.928,30.36,0.5239,19.302,31.75,89.0,CRITICAL,ventilation_failure
2026-01-01 08:30:15,L11,0.9421,32.19,0.51,19.294,31.63,89.14,CRITICAL,ventilation_failure
2026-01-01 08:30:20,L11,0.969,33.89,0.5589,19.194,31.76,90.38,CRITICAL,ventilation_failure
2026-01-01 08:30:25,L11,0.9823,32.02,0.5375,19.212,31.95,90.77,CRITICAL,ventilation_failure
2026-01-01 08:30:30,L11,0.9897,31.94,0.5536,19.258,31.81,90.85,CRITICAL,ventilation_failure
2026-01-01 08:30:35,L11,0.981,34.84,0.5676,19.192,32.12,90.47,CRITICAL,ventilation_failure
2026-01-01 08:30:40,L11,0.9956,36.51,0.5637,19.2,32.07,91.09,CRITICAL,ventilation_failure
2026-01-01 08:30:45,L11,1.0108,37.06,0.5732,19.11,32.17,92.81,CRITICAL,ventilation_failure
2026-01-01 08:30:50,L11,1.0417,33.78,0.5789,19.09,32.39,90.69,CRITICAL,ventilation_failure
2026-01-01 08:30:55,L11,1.0218,34.38,0.5846,19.108,32.29,93.62,CRITICAL,ventilation_failure
2026-01-01 08:31:00,L11,0.0715,5.71,0.0821,20.429,26.59,71.79,SAFE,fire_heat
2026-01-01 08:31:05,L11,0.0947,5.18,0.094,20.366,26.79,71.28,SAFE,fire_heat
2026-01-01 08:31:10,L11,0.103,10.84,0.0915,20.365,27.12,71.55,SAFE,fire_heat
2026-01-01 08:31:15,L11,0.0686,8.63,0.1102,20.423,27.17,71.77,SAFE,fire_heat
2026-01-01 08:31:20,L11,0.1149,9.22,0.1021,20.318,27.51,73.59,SAFE,fire_heat
2026-01-01 08:31:25,L11,0.1364,10.89,0.1166,20.386,27.55,74.16,SAFE,fire_heat
2026-01-01 08:31:30,L11,0.1198,13.98,0.1212,20.345,27.95,71.89,SAFE,fire_heat
2026-01-01 08:31:35,L11,0.1075,13.78,0.1375,20.35,28.11,74.53,SAFE,fire_heat
2026-01-01 08:31:40,L11,0.1516,13.44,0.1388,20.382,28.27,72.51,SAFE,fire_heat
2026-01-01 08:31:45,L11,0.1649,16.27,0.1305,20.32,28.45,74.15,SAFE,fire_heat
2026-01-01 08:31:50,L11,0.1568,17.9,0.1298,20.332,28.88,73.91,SAFE,fire_heat
2026-01-01 08:31:55,L11,0.151,17.67,0.1519,20.305,28.9,74.36,WARNING,fire_heat
2026-01-01 08:32:00,L11,0.1934,18.37,0.1452,20.289,28.82,73.06,SAFE,fire_heat
2026-01-01 08:32:05,L11,0.1771,21.27,0.153,20.274,29.18,72.69,WARNING,fire_heat
2026-01-01 08:32:10,L11,0.2044,20.51,0.1525,20.292,29.31,73.64,WARNING,fire_heat
2026-01-01 08:32:15,L11,0.2317,24.21,0.1717,20.238,29.86,74.77,WARNING,fire_heat
2026-01-01 08:32:20,L11,0.1934,21.69,0.1663,20.215,29.94,76.14,WARNING,fire_heat
2026-01-01 08:32:25,L11,0.2418,22.68,0.1765,20.241,30.26,73.9,WARNING,fire_heat
2026-01-01 08:32:30,L11,0.2349,23.52,0.1818,20.234,30.05,74.79,WARNING,fire_heat
2026-01-01 08:32:35,L11,0.2452,25.54,0.1887,20.162,30.53,74.41,WARNING,fire_heat
2026-01-01 08:32:40,L11,0.2655,26.92,0.1978,20.206,30.36,75.15,WARNING,fire_heat
2026-01-01 08:32:45,L11,0.2561,25.96,0.1958,20.159,30.53,73.76,WARNING,fire_heat
2026-01-01 08:32:50,L11,0.2599,29.11,0.1971,20.204,30.92,76.65,WARNING,fire_heat
2026-01-01 08:32:55,L11,0.2607,30.84,0.1934,20.12,31.41,75.62,WARNING,fire_heat
2026-01-01 08:33:00,L11,0.3158,28.82,0.2143,20.221,31.23,76.48,WARNING,fire_heat
2026-01-01 08:33:05,L11,0.3016,31.26,0.2175,20.143,31.58,75.7,WARNING,fire_heat
2026-01-01 08:33:10,L11,0.3257,33.92,0.2183,20.116,31.97,76.19,WARNING,fire_heat
2026-01-01 08:33:15,L11,0.3197,32.45,0.2298,20.123,32.12,77.08,WARNING,fire_heat
2026-01-01 08:33:20,L11,0.3195,34.64,0.2414,20.137,32.53,76.43,WARNING,fire_heat
2026-01-01 08:33:25,L11,0.3565,37.77,0.2487,20.137,32.4,76.6,WARNING,fire_heat
2026-01-01 08:33:30,L11,0.3616,39.85,0.2327,20.091,32.54,75.98,WARNING,fire_heat
2026-01-01 08:33:35,L11,0.363,38.84,0.2474,20.045,32.64,76.33,WARNING,fire_heat
2026-01-01 08:33:40,L11,0.381,38.95,0.2632,20.041,32.95,76.1,WARNING,fire_heat
2026-01-01 08:33:45,L11,0.3719,39.48,0.2736,20.076,33.05,76.46,WARNING,fire_heat
2026-01-01 08:33:50,L11,0.4121,42.62,0.2595,20.086,33.15,78.2,WARNING,fire_heat
2026-01-01 08:33:55,L11,0.4255,43.98,0.2823,20.079,33.91,78.79,WARNING,fire_heat
2026-01-01 08:34:00,L11,0.4274,41.57,0.2657,20.04,33.83,76.49,WARNING,fire_heat
2026-01-01 08:34:05,L11,0.4203,45.69,0.291,20.053,34.41,77.95,WARNING,fire_heat
2026-01-01 08:34:10,L11,0.4366,44.44,0.2848,20.071,34.1,77.53,WARNING,fire_heat
2026-01-01 08:34:15,L11,0.4692,45.09,0.3048,20.038,34.37,79.04,DANGER,fire_heat
2026-01-01 08:34:20,L11,0.4747,47.17,0.2938,20.02,34.52,78.18,WARNING,fire_heat
2026-01-01 08:34:25,L11,0.4953,49.91,0.3003,19.957,34.74,78.21,DANGER,fire_heat
2026-01-01 08:34:30,L11,0.4636,49.91,0.307,19.999,35.17,77.77,DANGER,fire_heat
2026-01-01 08:34:35,L11,0.4721,50.9,0.301,19.974,35.33,77.28,CRITICAL,fire_heat
2026-01-01 08:34:40,L11,0.4971,52.03,0.3045,19.969,35.58,79.26,CRITICAL,fire_heat
2026-01-01 08:34:45,L11,0.511,53.22,0.3279,19.976,35.85,79.08,CRITICAL,fire_heat
2026-01-01 08:34:50,L11,0.5127,53.37,0.337,19.938,36.02,79.25,CRITICAL,fire_heat
2026-01-01 08:34:55,L11,0.5189,55.52,0.3392,19.914,35.91,78.61,CRITICAL,fire_heat
2026-01-01 08:35:00,L11,0.5536,54.6,0.3296,19.874,36.18,79.12,CRITICAL,fire_heat
2026-01-01 08:35:05,L11,0.5431,57.59,0.3487,19.887,36.48,80.02,CRITICAL,fire_heat
2026-01-01 08:35:10,L11,0.5361,58.93,0.3422,19.891,37.23,80.32,CRITICAL,fire_heat
2026-01-01 08:35:15,L11,0.5478,59.72,0.3586,19.882,36.99,78.73,CRITICAL,fire_heat
2026-01-01 08:35:20,L11,0.5778,60.82,0.3697,19.871,37.09,79.31,CRITICAL,fire_heat
2026-01-01 08:35:25,L11,0.6291,61.41,0.3688,19.881,37.38,78.86,CRITICAL,fire_heat
2026-01-01 08:35:30,L11,0.5793,63.5,0.3829,19.868,37.39,80.27,CRITICAL,fire_heat
2026-01-01 08:35:35,L11,0.5991,59.36,0.3752,19.829,37.73,80.97,CRITICAL,fire_heat
2026-01-01 08:35:40,L11,0.6498,65.07,0.3799,19.795,38.03,80.18,CRITICAL,fire_heat
2026-01-01 08:35:45,L11,0.6163,67.77,0.3874,19.821,38.09,80.02,CRITICAL,fire_heat
2026-01-01 08:35:50,L11,0.6403,64.9,0.3814,19.866,38.18,80.43,CRITICAL,fire_heat
2026-01-01 08:35:55,L11,0.6715,65.76,0.3942,19.798,38.49,82.69,CRITICAL,fire_heat
2026-01-01 08:36:00,L11,0.639,69.81,0.4001,19.769,38.65,81.94,CRITICAL,fire_heat
2026-01-01 08:36:05,L11,0.6585,67.52,0.4056,19.783,38.7,81.72,CRITICAL,fire_heat
2026-01-01 08:36:10,L11,0.1217,8.36,0.1023,20.458,26.26,68.9,SAFE,combined_hazard
2026-01-01 08:36:15,L11,0.1259,9.43,0.103,20.367,25.71,69.28,SAFE,combined_hazard
2026-01-01 08:36:20,L11,0.1557,9.98,0.1118,20.427,26.31,70.12,SAFE,combined_hazard
2026-01-01 08:36:25,L11,0.1586,13.93,0.1135,20.265,26.3,70.51,SAFE,combined_hazard
2026-01-01 08:36:30,L11,0.1777,11.02,0.1304,20.246,26.62,69.48,SAFE,combined_hazard
2026-01-01 08:36:35,L11,0.1764,9.9,0.1162,20.239,26.84,68.89,SAFE,combined_hazard
2026-01-01 08:36:40,L11,0.2111,13.78,0.1288,20.26,26.83,70.09,SAFE,combined_hazard
2026-01-01 08:36:45,L11,0.2058,13.88,0.1533,20.137,26.75,70.29,WARNING,combined_hazard
2026-01-01 08:36:50,L11,0.251,15.85,0.1465,20.082,27.35,70.91,SAFE,combined_hazard
2026-01-01 08:36:55,L11,0.2366,17.23,0.1398,20.091,27.79,71.57,SAFE,combined_hazard
2026-01-01 08:37:00,L11,0.2517,16.74,0.1756,20.027,27.58,69.6,WARNING,combined_hazard
2026-01-01 08:37:05,L11,0.2751,18.34,0.1796,20.015,27.94,70.81,WARNING,combined_hazard
2026-01-01 08:37:10,L11,0.2915,18.79,0.1837,19.954,28.18,70.8,WARNING,combined_hazard
2026-01-01 08:37:15,L11,0.3062,22.15,0.1857,19.891,27.82,72.8,WARNING,combined_hazard
2026-01-01 08:37:20,L11,0.3322,19.79,0.2052,19.947,28.2,71.85,WARNING,combined_hazard
2026-01-01 08:37:25,L11,0.3285,20.2,0.209,19.749,28.23,71.83,WARNING,combined_hazard
2026-01-01 08:37:30,L11,0.3307,23.44,0.2183,19.852,28.46,72.89,WARNING,combined_hazard
2026-01-01 08:37:35,L11,0.3369,21.61,0.2185,19.786,28.99,72.21,WARNING,combined_hazard
2026-01-01 08:37:40,L11,0.3559,24.48,0.2209,19.696,28.93,72.89,WARNING,combined_hazard
2026-01-01 08:37:45,L11,0.3933,24.53,0.2237,19.735,29.17,74.58,WARNING,combined_hazard
2026-01-01 08:37:50,L11,0.3633,25.52,0.2238,19.599,29.2,74.78,WARNING,combined_hazard
2026-01-01 08:37:55,L11,0.3849,30.21,0.2449,19.631,29.18,73.25,WARNING,combined_hazard
2026-01-01 08:38:00,L11,0.407,29.3,0.2526,19.498,29.62,73.65,DANGER,combined_hazard
2026-01-01 08:38:05,L11,0.411,29.86,0.2521,19.487,29.87,73.52,DANGER,combined_hazard
2026-01-01 08:38:10,L11,0.4304,30.01,0.2668,19.447,29.88,72.7,DANGER,combined_hazard
2026-01-01 08:38:15,L11,0.4767,29.07,0.2662,19.42,30.06,75.29,DANGER,combined_hazard
2026-01-01 08:38:20,L11,0.4583,31.39,0.2828,19.403,29.96,76.62,DANGER,combined_hazard
2026-01-01 08:38:25,L11,0.482,32.76,0.2758,19.338,30.41,74.55,DANGER,combined_hazard
2026-01-01 08:38:30,L11,0.4641,33.07,0.2814,19.263,30.66,74.47,DANGER,combined_hazard
2026-01-01 08:38:35,L11,0.4855,33.8,0.295,19.298,30.68,75.13,DANGER,combined_hazard
2026-01-01 08:38:40,L11,0.5291,33.95,0.3105,19.246,30.51,75.64,DANGER,combined_hazard
2026-01-01 08:38:45,L11,0.5533,35.84,0.3016,19.217,31.18,74.89,DANGER,combined_hazard
2026-01-01 08:38:50,L11,0.5447,35.53,0.3263,19.171,30.95,75.65,DANGER,combined_hazard
2026-01-01 08:38:55,L11,0.5499,38.26,0.3117,19.155,31.31,77.05,DANGER,combined_hazard
2026-01-01 08:39:00,L11,0.575,35.07,0.3299,19.084,31.55,76.56,DANGER,combined_hazard
2026-01-01 08:39:05,L11,0.5417,41.02,0.3275,19.078,31.72,77.7,DANGER,combined_hazard
2026-01-01 08:39:10,L11,0.5972,37.9,0.325,18.984,31.45,77.2,CRITICAL,combined_hazard
2026-01-01 08:39:15,L11,0.5912,39.15,0.3558,18.947,31.89,76.26,CRITICAL,combined_hazard
2026-01-01 08:39:20,L11,0.6319,42.26,0.3584,18.97,32.04,76.89,CRITICAL,combined_hazard
2026-01-01 08:39:25,L11,0.6002,43.34,0.3556,18.93,32.41,77.77,CRITICAL,combined_hazard
2026-01-01 08:39:30,L11,0.6367,46.53,0.3697,18.867,32.42,76.9,CRITICAL,combined_hazard
2026-01-01 08:39:35,L11,0.6587,44.75,0.3843,18.783,32.72,77.01,CRITICAL,combined_hazard
2026-01-01 08:39:40,L11,0.6609,45.13,0.3849,18.741,32.74,77.28,CRITICAL,combined_hazard
2026-01-01 08:39:45,L11,0.6798,46.37,0.3932,18.771,32.81,78.87,CRITICAL,combined_hazard
2026-01-01 08:39:50,L11,0.7121,49.35,0.3986,18.73,33.0,78.39,CRITICAL,combined_hazard
2026-01-01 08:39:55,L11,0.7113,51.49,0.4041,18.65,33.36,79.85,CRITICAL,combined_hazard
2026-01-01 08:40:00,L11,0.7108,48.46,0.411,18.683,33.09,78.41,CRITICAL,combined_hazard
2026-01-01 08:40:05,L11,0.752,50.44,0.4178,18.587,33.58,77.38,CRITICAL,combined_hazard
2026-01-01 08:40:10,L11,0.7547,50.4,0.4238,18.5,33.51,79.47,CRITICAL,combined_hazard
2026-01-01 08:40:15,L11,0.7685,51.26,0.4286,18.486,33.63,81.11,CRITICAL,combined_hazard
2026-01-01 08:40:20,L11,0.7638,55.11,0.4407,18.455,34.07,80.04,CRITICAL,combined_hazard
2026-01-01 08:40:25,L11,0.7521,51.79,0.4456,18.418,33.94,79.14,CRITICAL,combined_hazard
2026-01-01 08:40:30,L11,0.7898,50.56,0.4492,18.413,34.29,79.16,CRITICAL,combined_hazard
2026-01-01 08:40:35,L11,0.8014,55.43,0.4709,18.307,34.32,81.64,CRITICAL,combined_hazard
2026-01-01 08:40:40,L11,0.8204,57.64,0.4816,18.257,34.19,80.26,CRITICAL,combined_hazard
2026-01-01 08:40:45,L11,0.8301,57.06,0.4787,18.275,34.77,82.36,CRITICAL,combined_hazard
2026-01-01 08:40:50,L11,0.8575,58.37,0.4863,18.202,34.88,81.87,CRITICAL,combined_hazard
2026-01-01 08:40:55,L11,0.8821,59.63,0.4872,18.251,34.73,80.95,CRITICAL,combined_hazard
2026-01-01 08:41:00,L11,0.8981,59.56,0.5083,18.167,35.07,82.73,CRITICAL,combined_hazard
2026-01-01 08:41:05,L11,0.9077,61.11,0.5206,18.083,35.06,81.28,CRITICAL,combined_hazard
2026-01-01 08:41:10,L11,0.8947,61.97,0.5124,18.096,35.6,81.08,CRITICAL,combined_hazard
2026-01-01 08:41:15,L11,0.9222,59.11,0.5165,18.042,35.85,81.77,CRITICAL,combined_hazard
2026-01-01 08:41:20,L11,0.9579,63.11,0.5304,17.999,35.93,83.3,CRITICAL,combined_hazard
2026-01-01 08:41:25,L11,0.9237,61.47,0.5357,17.937,36.11,83.81,CRITICAL,combined_hazard
2026-01-01 08:41:30,L11,0.9808,64.66,0.5377,17.914,36.04,82.81,CRITICAL,combined_hazard
2026-01-01 08:41:35,L11,0.9588,64.86,0.5525,17.799,36.36,81.85,CRITICAL,combined_hazard
2026-01-01 08:00:00,L12,0.0545,8.24,0.0973,20.713,28.28,64.23,SAFE,normal
2026-01-01 08:00:05,L12,0.0636,7.29,0.101,20.752,28.45,66.26,SAFE,normal
2026-01-01 08:00:10,L12,0.069,5.0,0.0943,20.719,28.38,64.15,SAFE,normal
2026-01-01 08:00:15,L12,0.0849,5.94,0.1018,20.706,28.25,66.35,SAFE,normal
2026-01-01 08:00:20,L12,0.1052,8.19,0.1075,20.752,28.55,66.35,SAFE,normal
2026-01-01 08:00:25,L12,0.0772,4.96,0.1086,20.716,28.32,67.22,SAFE,normal
2026-01-01 08:00:30,L12,0.1098,6.96,0.0965,20.717,28.42,66.4,SAFE,normal
2026-01-01 08:00:35,L12,0.1208,7.48,0.1037,20.694,28.58,68.33,SAFE,normal
2026-01-01 08:00:40,L12,0.0866,9.14,0.0897,20.718,28.24,67.9,SAFE,normal
2026-01-01 08:00:45,L12,0.0887,8.32,0.0933,20.719,28.38,66.15,SAFE,normal
2026-01-01 08:00:50,L12,0.0915,8.83,0.0898,20.757,28.3,67.28,SAFE,normal
2026-01-01 08:00:55,L12,0.1004,7.82,0.099,20.679,28.33,68.87,SAFE,normal
2026-01-01 08:01:00,L12,0.0966,6.09,0.0926,20.633,28.69,67.24,SAFE,normal
2026-01-01 08:01:05,L12,0.1178,6.42,0.0875,20.654,28.44,67.89,SAFE,normal
2026-01-01 08:01:10,L12,0.0839,5.93,0.0967,20.687,28.41,69.2,SAFE,normal
2026-01-01 08:01:15,L12,0.1016,8.2,0.0861,20.631,28.44,67.79,SAFE,normal
2026-01-01 08:01:20,L12,0.1171,6.26,0.1107,20.602,28.42,69.27,SAFE,normal
2026-01-01 08:01:25,L12,0.1278,6.69,0.0957,20.617,28.08,67.78,SAFE,normal
2026-01-01 08:01:30,L12,0.1502,7.3,0.1082,20.616,28.7,66.34,SAFE,normal
2026-01-01 08:01:35,L12,0.1005,9.71,0.0966,20.592,28.13,69.78,SAFE,normal
2026-01-01 08:01:40,L12,0.1126,8.22,0.0911,20.623,28.61,69.29,SAFE,normal
2026-01-01 08:01:45,L12,0.0909,6.06,0.1102,20.607,28.44,69.49,SAFE,normal
2026-01-01 08:01:50,L12,0.1108,7.44,0.1016,20.625,28.37,68.35,SAFE,normal
2026-01-01 08:01:55,L12,0.1035,9.67,0.1162,20.581,28.3,68.56,SAFE,normal
2026-01-01 08:02:00,L12,0.1247,8.1,0.0975,20.603,28.73,70.43,SAFE,normal
2026-01-01 08:02:05,L12,0.1317,4.77,0.0978,20.564,28.43,69.85,SAFE,normal
2026-01-01 08:02:10,L12,0.1447,5.78,0.1095,20.538,28.34,69.71,SAFE,normal
2026-01-01 08:02:15,L12,0.1357,5.65,0.1097,20.548,28.25,70.12,SAFE,normal
2026-01-01 08:02:20,L12,0.1498,9.28,0.103,20.508,28.23,71.29,SAFE,normal
2026-01-01 08:02:25,L12,0.147,8.99,0.1286,20.603,28.34,70.81,SAFE,normal
2026-01-01 08:02:30,L12,0.1323,6.16,0.0998,20.546,28.19,69.99,SAFE,normal
2026-01-01 08:02:35,L12,0.1251,6.11,0.092,20.511,28.43,69.39,SAFE,normal
2026-01-01 08:02:40,L12,0.1617,7.13,0.0943,20.516,28.23,71.13,SAFE,normal
2026-01-01 08:02:45,L12,0.1802,7.16,0.1003,20.446,28.47,70.06,SAFE,normal
2026-01-01 08:02:50,L12,0.1961,5.59,0.1148,20.555,28.46,70.0,SAFE,normal
2026-01-01 08:02:55,L12,0.1746,6.65,0.1013,20.545,28.31,72.14,SAFE,normal
2026-01-01 08:03:00,L12,0.185,4.83,0.1154,20.5,28.4,71.93,SAFE,normal
2026-01-01 08:03:05,L12,0.1726,8.9,0.1065,20.499,28.4,71.68,SAFE,normal
2026-01-01 08:03:10,L12,0.1727,4.34,0.1119,20.444,28.09,70.53,SAFE,normal
2026-01-01 08:03:15,L12,0.1724,4.31,0.1064,20.439,28.57,73.09,SAFE,normal
2026-01-01 08:03:20,L12,0.1717,7.6,0.1065,20.416,28.26,72.63,SAFE,normal
2026-01-01 08:03:25,L12,0.185,5.08,0.1097,20.455,28.41,71.71,SAFE,normal
2026-01-01 08:03:30,L12,0.1706,6.17,0.0992,20.484,28.41,71.68,SAFE,normal
2026-01-01 08:03:35,L12,0.1787,7.0,0.0995,20.433,27.92,72.3,SAFE,normal
2026-01-01 08:03:40,L12,0.1658,7.9,0.1069,20.448,28.2,72.0,SAFE,normal
2026-01-01 08:03:45,L12,0.1932,6.55,0.1197,20.459,28.42,74.29,SAFE,normal
2026-01-01 08:03:50,L12,0.1742,9.53,0.092,20.373,28.3,72.36,SAFE,normal
2026-01-01 08:03:55,L12,0.1916,6.85,0.0883,20.47,28.39,71.95,SAFE,normal
2026-01-01 08:04:00,L12,0.2012,8.62,0.1025,20.442,28.3,74.22,SAFE,normal
2026-01-01 08:04:05,L12,0.205,7.24,0.113,20.415,28.47,72.64,SAFE,normal
2026-01-01 08:04:10,L12,0.2104,10.0,0.1053,20.42,28.3,73.87,SAFE,normal
2026-01-01 08:04:15,L12,0.1981,8.38,0.0957,20.414,28.49,73.92,SAFE,normal
2026-01-01 08:04:20,L12,0.2112,6.84,0.1058,20.386,28.13,73.48,SAFE,normal
2026-01-01 08:04:25,L12,0.1991,7.71,0.0915,20.413,28.25,72.89,SAFE,normal
2026-01-01 08:04:30,L12,0.1794,6.36,0.1105,20.349,28.18,73.77,SAFE,normal
2026-01-01 08:04:35,L12,0.2195,6.33,0.1032,20.369,28.33,73.02,SAFE,normal
2026-01-01 08:04:40,L12,0.2185,4.76,0.1051,20.387,28.22,74.08,SAFE,normal
2026-01-01 08:04:45,L12,0.2318,5.49,0.1093,20.259,28.23,74.86,SAFE,normal
2026-01-01 08:04:50,L12,0.2188,9.78,0.1077,20.346,28.15,75.76,SAFE,normal
2026-01-01 08:04:55,L12,0.1977,4.87,0.1019,20.347,28.19,73.66,SAFE,normal
2026-01-01 08:05:00,L12,0.2229,5.68,0.1146,20.266,28.25,74.47,SAFE,normal
2026-01-01 08:05:05,L12,0.2401,6.51,0.1129,20.318,27.95,74.4,SAFE,normal
2026-01-01 08:05:10,L12,0.0902,5.3,0.0271,20.566,28.64,66.14,SAFE,methane_buildup
2026-01-01 08:05:15,L12,0.1037,6.6,0.0566,20.565,28.81,67.46,SAFE,methane_buildup
2026-01-01 08:05:20,L12,0.1016,4.71,0.0616,20.6,28.71,68.3,SAFE,methane_buildup
2026-01-01 08:05:25,L12,0.1113,3.58,0.0559,20.561,28.75,66.76,SAFE,methane_buildup
2026-01-01 08:05:30,L12,0.1133,3.38,0.0506,20.604,28.84,66.59,SAFE,methane_buildup
2026-01-01 08:05:35,L12,0.1361,7.92,0.0627,20.55,28.9,66.89,SAFE,methane_buildup
2026-01-01 08:05:40,L12,0.153,7.26,0.0618,20.574,28.91,68.39,SAFE,methane_buildup
2026-01-01 08:05:45,L12,0.1745,6.94,0.06,20.571,28.94,67.23,SAFE,methane_buildup
2026-01-01 08:05:50,L12,0.1809,5.4,0.0614,20.541,28.72,68.32,SAFE,methane_buildup
2026-01-01 08:05:55,L12,0.1882,4.15,0.0733,20.542,29.34,69.7,SAFE,methane_buildup
2026-01-01 08:06:00,L12,0.1921,5.82,0.0814,20.523,29.05,68.74,SAFE,methane_buildup
2026-01-01 08:06:05,L12,0.2239,6.2,0.0799,20.537,29.1,68.33,SAFE,methane_buildup
2026-01-01 08:06:10,L12,0.2226,4.73,0.0646,20.503,29.01,69.23,SAFE,methane_buildup
2026-01-01 08:06:15,L12,0.2475,4.32,0.0854,20.519,28.96,69.25,SAFE,methane_buildup
2026-01-01 08:06:20,L12,0.2256,4.03,0.0888,20.542,29.13,69.84,SAFE,methane_buildup
2026-01-01 08:06:25,L12,0.2715,7.7,0.0959,20.48,29.18,70.95,SAFE,methane_buildup
2026-01-01 08:06:30,L12,0.2898,5.0,0.0793,20.493,29.36,70.15,SAFE,methane_buildup
2026-01-01 08:06:35,L12,0.3,7.37,0.0885,20.518,29.5,71.63,SAFE,methane_buildup
2026-01-01 08:06:40,L12,0.2999,6.4,0.0957,20.434,29.43,70.55,SAFE,methane_buildup
2026-01-01 08:06:45,L12,0.3287,7.98,0.089,20.546,28.97,69.74,SAFE,methane_buildup
2026-01-01 08:06:50,L12,0.3081,7.7,0.0998,20.516,29.19,72.36,SAFE,methane_buildup
2026-01-01 08:06:55,L12,0.338,6.94,0.0973,20.432,29.33,70.61,SAFE,methane_buildup
2026-01-01 08:07:00,L12,0.3485,7.58,0.0928,20.409,29.25,70.04,SAFE,methane_buildup
2026-01-01 08:07:05,L12,0.3791,7.31,0.0956,20.467,29.33,72.92,SAFE,methane_buildup
2026-01-01 08:07:10,L12,0.3454,6.65,0.1138,20.427,29.04,70.65,SAFE,methane_buildup
2026-01-01 08:07:15,L12,0.372,9.14,0.098,20.484,29.52,70.79,SAFE,methane_buildup
2026-01-01 08:07:20,L12,0.4262,7.13,0.0987,20.461,29.13,71.15,SAFE,methane_buildup
2026-01-01 08:07:25,L12,0.3757,7.73,0.113,20.447,29.2,71.89,SAFE,methane_buildup
2026-01-01 08:07:30,L12,0.4365,5.83,0.1121,20.42,29.3,72.68,SAFE,methane_buildup
2026-01-01 08:07:35,L12,0.4259,8.46,0.104,20.479,29.47,69.99,SAFE,methane_buildup
2026-01-01 08:07:40,L12,0.4524,7.23,0.1124,20.448,29.26,73.03,SAFE,methane_buildup
2026-01-01 08:07:45,L12,0.4819,7.52,0.1122,20.437,29.37,72.02,SAFE,methane_buildup
2026-01-01 08:07:50,L12,0.4772,7.07,0.1157,20.449,29.73,72.31,SAFE,methane_buildup
2026-01-01 08:07:55,L12,0.5065,8.24,0.1431,20.377,29.56,74.19,SAFE,methane_buildup
2026-01-01 08:08:00,L12,0.4897,5.51,0.1227,20.44,29.67,73.16,SAFE,methane_buildup
2026-01-01 08:08:05,L12,0.5038,9.64,0.1201,20.388,29.44,73.52,SAFE,methane_buildup
2026-01-01 08:08:10,L12,0.5332,8.65,0.1455,20.4,29.64,73.3,SAFE,methane_buildup
2026-01-01 08:08:15,L12,0.5269,8.1,0.1385,20.379,29.66,74.13,SAFE,methane_buildup
2026-01-01 08:08:20,L12,0.5546,6.58,0.1394,20.322,29.58,74.99,SAFE,methane_buildup
2026-01-01 08:08:25,L12,0.5755,9.65,0.129,20.401,29.72,71.89,SAFE,methane_buildup
2026-01-01 08:08:30,L12,0.5829,8.14,0.1473,20.311,29.47,74.91,SAFE,methane_buildup
2026-01-01 08:08:35,L12,0.5584,11.14,0.1465,20.331,29.84,75.46,WARNING,methane_buildup
2026-01-01 08:08:40,L12,0.5891,10.01,0.1432,20.341,29.74,74.8,WARNING,methane_buildup
2026-01-01 08:08:45,L12,0.6106,11.68,0.1304,20.29,29.79,74.03,WARNING,methane_buildup
2026-01-01 08:08:50,L12,0.6148,9.68,0.1461,20.309,29.98,73.82,SAFE,methane_buildup
2026-01-01 08:08:55,L12,0.6318,11.18,0.1623,20.344,29.94,76.81,WARNING,methane_buildup
2026-01-01 08:09:00,L12,0.6472,10.35,0.1523,20.32,29.85,74.37,WARNING,methane_buildup
2026-01-01 08:09:05,L12,0.647,9.08,0.1496,20.317,29.76,76.49,SAFE,methane_buildup
2026-01-01 08:09:10,L12,0.6641,10.13,0.153,20.291,30.15,75.76,WARNING,methane_buildup
2026-01-01 08:09:15,L12,0.6614,8.69,0.1556,20.314,29.77,77.26,WARNING,methane_buildup
2026-01-01 08:09:20,L12,0.6841,13.14,0.1526,20.297,30.09,75.54,WARNING,methane_buildup
2026-01-01 08:09:25,L12,0.6805,9.98,0.1608,20.252,29.78,74.69,WARNING,methane_buildup
2026-01-01 08:09:30,L12,0.7173,10.27,0.1748,20.289,30.18,76.15,WARNING,methane_buildup
2026-01-01 08:09:35,L12,0.7248,10.91,0.176,20.252,30.22,75.14,WARNING,methane_buildup
2026-01-01 08:09:40,L12,0.7261,8.79,0.1615,20.31,29.81,78.64,WARNING,methane_buildup
2026-01-01 08:09:45,L12,0.7788,12.5,0.1798,20.266,30.19,77.18,WARNING,methane_buildup
2026-01-01 08:09:50,L12,0.7604,9.07,0.1779,20.347,30.2,77.47,WARNING,methane_buildup
2026-01-01 08:09:55,L12,0.7806,8.83,0.179,20.294,30.28,77.65,WARNING,methane_buildup
2026-01-01 08:10:00,L12,0.7788,10.55,0.1795,20.256,30.25,76.65,WARNING,methane_buildup
2026-01-01 08:10:05,L12,0.7943,8.98,0.1707,20.271,30.07,77.27,WARNING,methane_buildup
2026-01-01 08:10:10,L12,0.8175,13.33,0.177,20.185,30.21,77.64,WARNING,methane_buildup
2026-01-01 08:10:15,L12,0.8198,10.74,0.189,20.271,30.52,79.28,WARNING,methane_buildup
2026-01-01 08:10:20,L12,0.1242,0.59,0.0467,20.529,26.94,70.55,SAFE,co_buildup
2026-01-01 08:10:25,L12,0.1291,4.46,0.0458,20.53,26.6,70.85,SAFE,co_buildup
2026-01-01 08:10:30,L12,0.1257,5.22,0.0343,20.546,27.13,72.17,SAFE,co_buildup
2026-01-01 08:10:35,L12,0.1204,5.91,0.0584,20.537,27.01,70.05,SAFE,co_buildup
2026-01-01 08:10:40,L12,0.1309,3.69,0.0476,20.549,27.27,70.63,SAFE,co_buildup
2026-01-01 08:10:45,L12,0.1345,5.25,0.0646,20.558,26.73,71.58,SAFE,co_buildup
2026-01-01 08:10:50,L12,0.1323,7.2,0.0496,20.478,26.83,70.36,SAFE,co_buildup
2026-01-01 08:10:55,L12,0.1345,9.8,0.0794,20.488,27.22,71.59,SAFE,co_buildup
2026-01-01 08:11:00,L12,0.1632,11.67,0.0684,20.469,27.4,71.3,SAFE,co_buildup
2026-01-01 08:11:05,L12,0.1328,8.47,0.0657,20.433,27.3,69.95,SAFE,co_buildup
2026-01-01 08:11:10,L12,0.1803,8.18,0.0731,20.474,27.53,71.93,SAFE,co_buildup
2026-01-01 08:11:15,L12,0.1597,12.04,0.08,20.471,27.65,70.14,SAFE,co_buildup
2026-01-01 08:11:20,L12,0.1499,15.41,0.0867,20.407,27.66,71.76,SAFE,co_buildup
2026-01-01 08:11:25,L12,0.1672,13.83,0.1013,20.419,27.64,71.24,SAFE,co_buildup
2026-01-01 08:11:30,L12,0.1681,11.72,0.0953,20.407,27.7,70.77,SAFE,co_buildup
2026-01-01 08:11:35,L12,0.1784,17.8,0.0814,20.367,27.65,70.24,SAFE,co_buildup
2026-01-01 08:11:40,L12,0.1839,15.22,0.093,20.402,27.8,71.38,SAFE,co_buildup
2026-01-01 08:11:45,L12,0.1891,13.67,0.1289,20.359,27.71,70.42,SAFE,co_buildup
2026-01-01 08:11:50,L12,0.1998,18.44,0.1119,20.39,27.81,72.07,SAFE,co_buildup
2026-01-01 08:11:55,L12,0.2092,14.9,0.1225,20.384,28.07,72.1,SAFE,co_buildup
2026-01-01 08:12:00,L12,0.2275,15.95,0.1164,20.378,27.98,72.41,SAFE,co_buildup
2026-01-01 08:12:05,L12,0.2182,18.64,0.1149,20.371,28.0,71.32,SAFE,co_buildup
2026-01-01 08:12:10,L12,0.2325,18.19,0.1231,20.395,28.24,70.76,SAFE,co_buildup
2026-01-01 08:12:15,L12,0.2335,18.96,0.132,20.315,28.29,70.84,SAFE,co_buildup
2026-01-01 08:12:20,L12,0.2473,19.63,0.1313,20.308,28.26,70.78,SAFE,co_buildup
2026-01-01 08:12:25,L12,0.2457,21.92,0.1544,20.341,28.33,71.27,WARNING,co_buildup
2026-01-01 08:12:30,L12,0.2411,17.44,0.1381,20.308,28.48,71.41,SAFE,co_buildup
2026-01-01 08:12:35,L12,0.2429,22.02,0.1387,20.337,28.62,72.04,SAFE,co_buildup
2026-01-01 08:12:40,L12,0.2656,21.83,0.1576,20.311,28.57,71.07,WARNING,co_buildup
2026-01-01 08:12:45,L12,0.2874,21.81,0.1626,20.343,28.42,69.92,WARNING,co_buildup
2026-01-01 08:12:50,L12,0.2706,22.48,0.1594,20.274,28.62,70.71,WARNING,co_buildup
2026-01-01 08:12:55,L12,0.2693,20.34,0.1584,20.223,28.66,72.28,WARNING,co_buildup
2026-01-01 08:13:00,L12,0.2818,23.77,0.152,20.268,28.62,69.78,WARNING,co_buildup
2026-01-01 08:13:05,L12,0.283,27.57,0.181,20.247,28.91,71.62,WARNING,co_buildup
2026-01-01 08:13:10,L12,0.2873,27.56,0.1822,20.256,28.99,70.71,WARNING,co_buildup
2026-01-01 08:13:15,L12,0.2814,26.7,0.1758,20.251,29.07,70.31,WARNING,co_buildup
2026-01-01 08:13:20,L12,0.3052,25.54,0.1838,20.206,28.87,71.32,WARNING,co_buildup
2026-01-01 08:13:25,L12,0.3182,29.57,0.1855,20.183,29.11,72.25,WARNING,co_buildup
2026-01-01 08:13:30,L12,0.3043,30.97,0.2044,20.2,29.14,71.27,WARNING,co_buildup
2026-01-01 08:13:35,L12,0.3131,31.23,0.1871,20.123,29.25,70.78,WARNING,co_buildup
2026-01-01 08:13:40,L12,0.3179,28.9,0.1945,20.188,29.29,69.95,WARNING,co_buildup
2026-01-01 08:13:45,L12,0.3171,29.73,0.1977,20.165,29.32,70.9,WARNING,co_buildup
2026-01-01 08:13:50,L12,0.3294,34.18,0.21,20.194,29.37,69.91,WARNING,co_buildup
2026-01-01 08:13:55,L12,0.3465,30.56,0.212,20.099,29.61,70.72,WARNING,co_buildup
2026-01-01 08:14:00,L12,0.3352,33.76,0.2171,20.15,29.38,70.91,WARNING,co_buildup
2026-01-01 08:14:05,L12,0.359,31.05,0.2125,20.188,29.54,69.07,WARNING,co_buildup
2026-01-01 08:14:10,L12,0.3564,33.94,0.2355,20.152,29.79,72.06,WARNING,co_buildup
2026-01-01 08:14:15,L12,0.3588,35.95,0.224,20.152,29.57,69.95,WARNING,co_buildup
2026-01-01 08:14:20,L12,0.3842,35.7,0.2411,20.124,29.64,70.79,WARNING,co_buildup
2026-01-01 08:14:25,L12,0.3747,37.2,0.2608,20.055,29.92,71.36,WARNING,co_buildup
2026-01-01 08:14:30,L12,0.3831,35.25,0.2327,20.1,29.66,71.98,WARNING,co_buildup
2026-01-01 08:14:35,L12,0.4154,36.53,0.2465,20.099,30.03,70.29,WARNING,co_buildup
2026-01-01 08:14:40,L12,0.3879,39.16,0.2467,20.045,29.92,68.91,WARNING,co_buildup
2026-01-01 08:14:45,L12,0.431,40.16,0.268,20.064,30.12,71.77,WARNING,co_buildup
2026-01-01 08:14:50,L12,0.4081,40.11,0.2536,19.972,29.93,69.91,WARNING,co_buildup
2026-01-01 08:14:55,L12,0.4021,41.88,0.2618,20.04,30.36,71.19,WARNING,co_buildup
2026-01-01 08:15:00,L12,0.4166,38.64,0.2657,20.028,30.06,71.23,WARNING,co_buildup
2026-01-01 08:15:05,L12,0.4318,41.11,0.2671,20.074,30.41,68.29,WARNING,co_buildup
2026-01-01 08:15:10,L12,0.4554,45.21,0.2779,20.005,30.18,69.59,WARNING,co_buildup
2026-01-01 08:15:15,L12,0.4543,45.08,0.2767,20.006,30.69,70.51,WARNING,co_buildup
2026-01-01 08:15:20,L12,0.4491,44.78,0.2838,20.003,30.47,68.81,WARNING,co_buildup
2026-01-01 08:15:25,L12,0.4729,44.27,0.2857,19.978,30.83,69.8,WARNING,co_buildup
2026-01-01 08:15:30,L12,0.0777,7.22,0.0895,20.811,26.49,70.06,SAFE,low_oxygen
2026-01-01 08:15:35,L12,0.0801,6.0,0.1034,20.748,26.71,71.6,SAFE,low_oxygen
2026-01-01 08:15:40,L12,0.1278,8.07,0.1066,20.763,26.79,70.39,SAFE,low_oxygen
2026-01-01 08:15:45,L12,0.1077,8.72,0.0987,20.634,27.06,69.43,SAFE,low_oxygen
2026-01-01 08:15:50,L12,0.1204,10.45,0.1107,20.605,26.92,70.88,SAFE,low_oxygen
2026-01-01 08:15:55,L12,0.1277,10.36,0.124,20.614,27.03,72.35,SAFE,low_oxygen
2026-01-01 08:16:00,L12,0.1189,8.77,0.1052,20.502,27.03,71.11,SAFE,low_oxygen
2026-01-01 08:16:05,L12,0.1402,8.29,0.1203,20.54,26.94,72.86,SAFE,low_oxygen
2026-01-01 08:16:10,L12,0.1428,9.01,0.1281,20.425,26.84,72.41,SAFE,low_oxygen
2026-01-01 08:16:15,L12,0.1509,8.81,0.1301,20.439,27.27,73.09,SAFE,low_oxygen
2026-01-01 08:16:20,L12,0.169,10.6,0.1411,20.326,27.13,74.37,SAFE,low_oxygen
2026-01-01 08:16:25,L12,0.1588,11.64,0.1265,20.343,27.47,71.72,SAFE,low_oxygen
2026-01-01 08:16:30,L12,0.1627,12.18,0.1347,20.261,27.51,74.21,SAFE,low_oxygen
2026-01-01 08:16:35,L12,0.1966,9.94,0.1525,20.32,27.58,73.73,SAFE,low_oxygen
2026-01-01 08:16:40,L12,0.1894,10.04,0.1376,20.19,27.48,73.35,SAFE,low_oxygen
2026-01-01 08:16:45,L12,0.2005,10.42,0.162,20.157,27.86,74.34,WARNING,low_oxygen
2026-01-01 08:16:50,L12,0.185,8.39,0.1633,20.158,27.85,76.08,SAFE,low_oxygen
2026-01-01 08:16:55,L12,0.2367,9.72,0.1699,20.084,27.68,76.1,SAFE,low_oxygen
2026-01-01 08:17:00,L12,0.2383,11.72,0.1644,20.083,28.24,73.74,WARNING,low_oxygen
2026-01-01 08:17:05,L12,0.2494,12.58,0.1765,20.001,27.97,75.03,WARNING,low_oxygen
2026-01-01 08:17:10,L12,0.2529,12.99,0.1672,19.959,27.87,76.7,WARNING,low_oxygen
2026-01-01 08:17:15,L12,0.2326,11.32,0.1775,19.942,28.03,76.24,WARNING,low_oxygen
2026-01-01 08:17:20,L12,0.267,12.0,0.1854,19.867,28.0,76.55,WARNING,low_oxygen
2026-01-01 08:17:25,L12,0.2628,12.57,0.1821,19.875,28.5,75.62,WARNING,low_oxygen
2026-01-01 08:17:30,L12,0.2657,12.65,0.1953,19.85,28.53,76.58,WARNING,low_oxygen
2026-01-01 08:17:35,L12,0.296,14.49,0.1886,19.8,28.55,76.4,WARNING,low_oxygen
2026-01-01 08:17:40,L12,0.3216,11.74,0.2042,19.763,28.6,76.47,WARNING,low_oxygen
2026-01-01 08:17:45,L12,0.3274,12.22,0.2202,19.646,28.78,77.09,WARNING,low_oxygen
2026-01-01 08:17:50,L12,0.3226,13.74,0.2004,19.65,28.63,77.66,WARNING,low_oxygen
2026-01-01 08:17:55,L12,0.3211,12.38,0.2145,19.617,28.8,78.1,WARNING,low_oxygen
2026-01-01 08:18:00,L12,0.3266,11.82,0.206,19.628,28.69,78.34,WARNING,low_oxygen
2026-01-01 08:18:05,L12,0.3246,12.67,0.2165,19.527,28.86,80.14,WARNING,low_oxygen
2026-01-01 08:18:10,L12,0.3424,14.79,0.233,19.436,29.03,78.91,WARNING,low_oxygen
2026-01-01 08:18:15,L12,0.3683,16.34,0.2282,19.435,28.57,81.08,WARNING,low_oxygen
2026-01-01 08:18:20,L12,0.3903,16.61,0.2418,19.405,29.01,79.86,WARNING,low_oxygen
2026-01-01 08:18:25,L12,0.359,18.26,0.243,19.32,29.2,80.9,WARNING,low_oxygen
2026-01-01 08:18:30,L12,0.3496,16.27,0.2438,19.374,29.24,81.24,WARNING,low_oxygen
2026-01-01 08:18:35,L12,0.3799,16.72,0.2403,19.258,29.26,80.45,WARNING,low_oxygen
2026-01-01 08:18:40,L12,0.4097,16.23,0.2583,19.279,29.49,81.21,WARNING,low_oxygen
2026-01-01 08:18:45,L12,0.4355,16.54,0.2595,19.193,29.37,81.38,WARNING,low_oxygen
2026-01-01 08:18:50,L12,0.4323,20.21,0.249,19.231,29.36,82.38,WARNING,low_oxygen
2026-01-01 08:18:55,L12,0.4402,17.72,0.2578,19.138,29.8,82.29,WARNING,low_oxygen
2026-01-01 08:19:00,L12,0.4165,18.09,0.2476,19.092,29.85,82.1,WARNING,low_oxygen
2026-01-01 08:19:05,L12,0.4252,16.09,0.263,19.082,29.68,83.1,WARNING,low_oxygen
2026-01-01 08:19:10,L12,0.4259,18.67,0.2757,18.996,29.83,83.58,DANGER,low_oxygen
2026-01-01 08:19:15,L12,0.4441,19.28,0.274,19.004,30.04,85.1,WARNING,low_oxygen
2026-01-01 08:19:20,L12,0.4761,20.2,0.28,18.932,29.99,83.98,DANGER,low_oxygen
2026-01-01 08:19:25,L12,0.495,19.72,0.302,18.889,30.14,84.24,DANGER,low_oxygen
2026-01-01 08:19:30,L12,0.4841,18.83,0.3034,18.864,30.21,84.88,DANGER,low_oxygen
2026-01-01 08:19:35,L12,0.4834,19.01,0.2938,18.794,30.16,84.09,DANGER,low_oxygen
2026-01-01 08:19:40,L12,0.4795,19.4,0.3099,18.782,30.36,83.77,DANGER,low_oxygen
2026-01-01 08:19:45,L12,0.5021,19.91,0.3175,18.758,30.21,85.21,DANGER,low_oxygen
2026-01-01 08:19:50,L12,0.5151,21.89,0.317,18.638,30.49,86.62,DANGER,low_oxygen
2026-01-01 08:19:55,L12,0.4984,21.84,0.3187,18.7,30.49,87.06,DANGER,low_oxygen
2026-01-01 08:20:00,L12,0.5424,21.6,0.3293,18.652,30.52,84.88,DANGER,low_oxygen
2026-01-01 08:20:05,L12,0.5305,23.76,0.3309,18.532,30.46,87.22,DANGER,low_oxygen
2026-01-01 08:20:10,L12,0.5581,16.97,0.3193,18.488,30.74,85.25,DANGER,low_oxygen
2026-01-01 08:20:15,L12,0.5533,20.51,0.3317,18.534,30.8,87.67,DANGER,low_oxygen
2026-01-01 08:20:20,L12,0.5662,21.42,0.333,18.491,30.74,87.93,DANGER,low_oxygen
2026-01-01 08:20:25,L12,0.5595,20.67,0.3509,18.447,30.7,86.54,DANGER,low_oxygen
2026-01-01 08:20:30,L12,0.5731,20.53,0.3413,18.346,30.77,89.02,DANGER,low_oxygen
2026-01-01 08:20:35,L12,0.5962,19.59,0.3441,18.404,31.05,89.92,DANGER,low_oxygen
2026-01-01 08:20:40,L12,0.1851,4.92,0.0568,20.755,27.29,64.73,SAFE,co2_buildup
2026-01-01 08:20:45,L12,0.1879,1.78,0.0783,20.761,27.55,66.22,SAFE,co2_buildup
2026-01-01 08:20:50,L12,0.186,4.24,0.0577,20.729,27.36,64.69,SAFE,co2_buildup
2026-01-01 08:20:55,L12,0.1882,4.96,0.0754,20.681,27.61,67.37,SAFE,co2_buildup
2026-01-01 08:21:00,L12,0.1718,5.25,0.0919,20.704,27.59,66.46,SAFE,co2_buildup
2026-01-01 08:21:05,L12,0.2006,4.76,0.0975,20.689,27.42,67.0,SAFE,co2_buildup
2026-01-01 08:21:10,L12,0.1768,4.88,0.0884,20.676,27.46,65.33,SAFE,co2_buildup
2026-01-01 08:21:15,L12,0.2195,4.78,0.1111,20.651,27.66,67.78,SAFE,co2_buildup
2026-01-01 08:21:20,L12,0.202,5.11,0.1409,20.644,27.26,65.56,SAFE,co2_buildup
2026-01-01 08:21:25,L12,0.2108,3.21,0.1312,20.604,27.49,66.55,SAFE,co2_buildup
2026-01-01 08:21:30,L12,0.2092,4.83,0.1422,20.694,27.66,67.95,SAFE,co2_buildup
2026-01-01 08:21:35,L12,0.2133,3.15,0.1403,20.613,27.54,67.5,SAFE,co2_buildup
2026-01-01 08:21:40,L12,0.238,4.72,0.1556,20.614,27.62,66.3,SAFE,co2_buildup
2026-01-01 08:21:45,L12,0.201,4.72,0.1617,20.579,27.31,68.38,SAFE,co2_buildup
2026-01-01 08:21:50,L12,0.1991,4.77,0.1788,20.6,27.51,67.94,SAFE,co2_buildup
2026-01-01 08:21:55,L12,0.2274,4.31,0.1867,20.524,27.75,67.52,SAFE,co2_buildup
2026-01-01 08:22:00,L12,0.2203,6.43,0.1894,20.499,27.56,66.81,SAFE,co2_buildup
2026-01-01 08:22:05,L12,0.2353,5.69,0.1948,20.539,27.49,68.58,SAFE,co2_buildup
2026-01-01 08:22:10,L12,0.2428,5.68,0.189,20.591,27.86,68.29,SAFE,co2_buildup
2026-01-01 08:22:15,L12,0.2176,4.33,0.1968,20.554,27.8,68.73,SAFE,co2_buildup
2026-01-01 08:22:20,L12,0.2454,6.14,0.2193,20.482,27.57,67.53,SAFE,co2_buildup
2026-01-01 08:22:25,L12,0.2232,8.44,0.2338,20.51,27.77,68.65,SAFE,co2_buildup
2026-01-01 08:22:30,L12,0.2418,8.61,0.2456,20.464,27.61,69.56,SAFE,co2_buildup
2026-01-01 08:22:35,L12,0.2243,7.57,0.2359,20.485,27.76,70.86,SAFE,co2_buildup
2026-01-01 08:22:40,L12,0.247,6.7,0.2391,20.476,27.83,69.39,SAFE,co2_buildup
2026-01-01 08:22:45,L12,0.2468,8.12,0.2668,20.477,27.7,70.89,SAFE,co2_buildup
2026-01-01 08:22:50,L12,0.2328,6.42,0.2609,20.391,27.95,70.56,SAFE,co2_buildup
2026-01-01 08:22:55,L12,0.2311,7.12,0.2629,20.389,27.99,70.3,SAFE,co2_buildup
2026-01-01 08:23:00,L12,0.2649,6.59,0.2797,20.413,27.91,69.5,SAFE,co2_buildup
2026-01-01 08:23:05,L12,0.249,9.21,0.2877,20.373,27.95,69.72,SAFE,co2_buildup
2026-01-01 08:23:10,L12,0.2731,9.15,0.3105,20.359,27.68,71.18,WARNING,co2_buildup
2026-01-01 08:23:15,L12,0.252,8.07,0.315,20.389,28.12,70.45,WARNING,co2_buildup
2026-01-01 08:23:20,L12,0.2818,10.86,0.3103,20.342,27.92,70.57,WARNING,co2_buildup
2026-01-01 08:23:25,L12,0.2502,9.02,0.3355,20.426,27.81,71.1,WARNING,co2_buildup
2026-01-01 08:23:30,L12,0.2887,9.08,0.3335,20.331,27.99,71.31,WARNING,co2_buildup
2026-01-01 08:23:35,L12,0.2714,9.06,0.3491,20.327,28.1,72.35,WARNING,co2_buildup
2026-01-01 08:23:40,L12,0.2769,6.93,0.3593,20.333,28.08,71.41,WARNING,co2_buildup
2026-01-01 08:23:45,L12,0.258,7.62,0.3548,20.267,27.86,72.64,WARNING,co2_buildup
2026-01-01 08:23:50,L12,0.2862,9.02,0.3696,20.317,28.15,72.54,WARNING,co2_buildup
2026-01-01 08:23:55,L12,0.2889,9.17,0.3699,20.3,28.04,71.04,WARNING,co2_buildup
2026-01-01 08:24:00,L12,0.2747,10.26,0.3887,20.268,28.14,72.81,WARNING,co2_buildup
2026-01-01 08:24:05,L12,0.2497,8.52,0.3901,20.275,27.97,70.62,WARNING,co2_buildup
2026-01-01 08:24:10,L12,0.2672,9.77,0.4052,20.269,28.26,72.23,WARNING,co2_buildup
2026-01-01 08:24:15,L12,0.2693,9.93,0.4178,20.287,28.15,73.51,WARNING,co2_buildup
2026-01-01 08:24:20,L12,0.2949,10.13,0.4181,20.308,28.31,73.32,WARNING,co2_buildup
2026-01-01 08:24:25,L12,0.2834,10.1,0.4212,20.19,27.92,72.1,WARNING,co2_buildup
2026-01-01 08:24:30,L12,0.2858,8.11,0.4294,20.171,27.96,72.81,WARNING,co2_buildup
2026-01-01 08:24:35,L12,0.2862,6.97,0.4145,20.202,28.15,71.8,WARNING,co2_buildup
2026-01-01 08:24:40,L12,0.3189,9.09,0.4406,20.125,28.42,73.0,WARNING,co2_buildup
2026-01-01 08:24:45,L12,0.2997,9.84,0.4619,20.196,28.51,74.73,WARNING,co2_buildup
2026-01-01 08:24:50,L12,0.3041,9.01,0.4703,20.168,28.1,74.01,WARNING,co2_buildup
2026-01-01 08:24:55,L12,0.294,10.83,0.4648,20.164,28.26,74.78,WARNING,co2_buildup
2026-01-01 08:25:00,L12,0.305,12.69,0.4801,20.133,28.29,74.84,WARNING,co2_buildup
2026-01-01 08:25:05,L12,0.293,12.29,0.4854,20.138,28.39,75.05,WARNING,co2_buildup
2026-01-01 08:25:10,L12,0.315,12.04,0.5006,20.133,28.44,76.03,WARNING,co2_buildup
2026-01-01 08:25:15,L12,0.2948,12.95,0.5209,20.114,28.15,75.24,WARNING,co2_buildup
2026-01-01 08:25:20,L12,0.3253,10.23,0.517,20.056,28.35,76.32,WARNING,co2_buildup
2026-01-01 08:25:25,L12,0.3053,11.07,0.5141,20.09,28.05,73.79,WARNING,co2_buildup
2026-01-01 08:25:30,L12,0.3327,12.82,0.527,20.129,28.49,76.85,WARNING,co2_buildup
2026-01-01 08:25:35,L12,0.3492,11.32,0.5469,20.069,28.34,75.12,WARNING,co2_buildup
2026-01-01 08:25:40,L12,0.3228,11.54,0.5326,20.055,28.22,75.48,WARNING,co2_buildup
2026-01-01 08:25:45,L12,0.3446,15.11,0.5471,20.086,28.47,75.97,WARNING,co2_buildup
2026-01-01 08:25:50,L12,0.0877,1.33,0.0541,20.834,26.01,69.04,SAFE,ventilation_failure
2026-01-01 08:25:55,L12,0.116,1.41,0.0629,20.763,25.56,69.79,SAFE,ventilation_failure
2026-01-01 08:26:00,L12,0.1077,3.43,0.0546,20.746,25.9,70.28,SAFE,ventilation_failure
2026-01-01 08:26:05,L12,0.1213,3.41,0.0708,20.697,25.76,71.02,SAFE,ventilation_failure
2026-01-01 08:26:10,L12,0.1154,5.12,0.0972,20.631,26.22,71.68,SAFE,ventilation_failure
2026-01-01 08:26:15,L12,0.1802,5.3,0.1038,20.632,26.08,69.8,SAFE,ventilation_failure
2026-01-01 08:26:20,L12,0.1726,7.4,0.1007,20.621,26.72,71.62,SAFE,ventilation_failure
2026-01-01 08:26:25,L12,0.183,7.59,0.1086,20.601,26.26,72.05,SAFE,ventilation_failure
2026-01-01 08:26:30,L12,0.211,8.92,0.1066,20.572,26.43,72.04,SAFE,ventilation_failure
2026-01-01 08:26:35,L12,0.2135,9.65,0.1474,20.569,26.43,71.84,SAFE,ventilation_failure
2026-01-01 08:26:40,L12,0.2059,9.46,0.1453,20.52,26.49,74.06,SAFE,ventilation_failure
2026-01-01 08:26:45,L12,0.2674,10.29,0.1694,20.589,26.45,72.83,WARNING,ventilation_failure
2026-01-01 08:26:50,L12,0.2968,11.96,0.1621,20.46,26.51,71.95,WARNING,ventilation_failure
2026-01-01 08:26:55,L12,0.3029,15.61,0.1753,20.506,26.45,74.12,WARNING,ventilation_failure
2026-01-01 08:27:00,L12,0.3123,11.2,0.1895,20.449,26.94,74.32,WARNING,ventilation_failure
2026-01-01 08:27:05,L12,0.3305,13.48,0.2048,20.448,26.86,76.4,WARNING,ventilation_failure
2026-01-01 08:27:10,L12,0.3508,12.36,0.2051,20.428,27.29,75.7,WARNING,ventilation_failure
2026-01-01 08:27:15,L12,0.3682,14.86,0.2104,20.395,26.89,75.47,WARNING,ventilation_failure
2026-01-01 08:27:20,L12,0.383,14.62,0.22,20.334,27.37,75.96,WARNING,ventilation_failure
2026-01-01 08:27:25,L12,0.4022,16.19,0.2207,20.336,27.46,76.35,WARNING,ventilation_failure
2026-01-01 08:27:30,L12,0.443,17.34,0.2354,20.328,27.49,78.69,WARNING,ventilation_failure
2026-01-01 08:27:35,L12,0.4446,17.11,0.2482,20.304,27.41,77.86,WARNING,ventilation_failure
2026-01-01 08:27:40,L12,0.457,15.91,0.2682,20.248,27.39,76.59,WARNING,ventilation_failure
2026-01-01 08:27:45,L12,0.4832,21.46,0.2631,20.295,27.71,77.92,WARNING,ventilation_failure
2026-01-01 08:27:50,L12,0.5011,21.32,0.2844,20.16,27.47,78.5,WARNING,ventilation_failure
2026-01-01 08:27:55,L12,0.5232,20.6,0.2846,20.205,27.71,78.04,WARNING,ventilation_failure
2026-01-01 08:28:00,L12,0.5156,20.19,0.3045,20.162,27.73,77.9,WARNING,ventilation_failure
2026-01-01 08:28:05,L12,0.5376,22.4,0.3093,20.173,27.68,80.2,WARNING,ventilation_failure
2026-01-01 08:28:10,L12,0.5505,23.55,0.3182,20.176,27.93,79.48,WARNING,ventilation_failure
2026-01-01 08:28:15,L12,0.5921,24.91,0.3305,20.081,28.07,81.53,WARNING,ventilation_failure
2026-01-01 08:28:20,L12,0.6092,25.78,0.3386,20.171,27.89,80.94,DANGER,ventilation_failure
2026-01-01 08:28:25,L12,0.5972,26.8,0.3498,20.085,28.18,80.95,DANGER,ventilation_failure
2026-01-01 08:28:30,L12,0.64,23.35,0.3677,20.068,27.85,79.8,WARNING,ventilation_failure
2026-01-01 08:28:35,L12,0.6726,26.25,0.373,19.991,28.1,83.11,DANGER,ventilation_failure
2026-01-01 08:28:40,L12,0.6664,28.93,0.3731,20.01,28.26,82.77,DANGER,ventilation_failure
2026-01-01 08:28:45,L12,0.6925,26.79,0.3752,20.019,28.45,82.58,DANGER,ventilation_failure
2026-01-01 08:28:50,L12,0.7166,30.75,0.391,19.974,28.61,82.63,DANGER,ventilation_failure
2026-01-01 08:28:55,L12,0.7038,32.37,0.382,19.949,28.56,85.02,DANGER,ventilation_failure
2026-01-01 08:29:00,L12,0.7437,32.18,0.4134,19.921,28.71,83.29,DANGER,ventilation_failure
2026-01-01 08:29:05,L12,0.7784,32.12,0.4077,19.859,28.67,84.25,DANGER,ventilation_failure
2026-01-01 08:29:10,L12,0.7683,31.2,0.4345,19.837,28.83,85.4,DANGER,ventilation_failure
2026-01-01 08:29:15,L12,0.8076,33.03,0.4507,19.891,28.9,86.5,DANGER,ventilation_failure
2026-01-01 08:29:20,L12,0.8134,31.33,0.4326,19.86,28.84,85.57,DANGER,ventilation_failure
2026-01-01 08:29:25,L12,0.8207,32.91,0.4532,19.843,28.94,85.56,DANGER,ventilation_failure
2026-01-01 08:29:30,L12,0.8472,33.76,0.4544,19.765,29.15,86.46,DANGER,ventilation_failure
2026-01-01 08:29:35,L12,0.8587,35.65,0.4584,19.762,29.41,87.67,DANGER,ventilation_failure
2026-01-01 08:29:40,L12,0.8711,35.71,0.4808,19.782,29.39,88.25,DANGER,ventilation_failure
2026-01-01 08:29:45,L12,0.8985,37.43,0.4961,19.686,29.12,86.65,DANGER,ventilation_failure
2026-01-01 08:29:50,L12,0.9212,39.09,0.5064,19.734,29.19,88.24,CRITICAL,ventilation_failure
2026-01-01 08:29:55,L12,0.9356,37.45,0.5109,19.661,29.35,87.41,CRITICAL,ventilation_failure
2026-01-01 08:30:00,L12,0.952,39.47,0.5057,19.63,29.52,89.66,CRITICAL,ventilation_failure
2026-01-01 08:30:05,L12,0.9772,39.37,0.5294,19.633,29.59,89.69,CRITICAL,ventilation_failure
2026-01-01 08:30:10,L12,0.9997,41.01,0.5258,19.578,29.84,89.02,CRITICAL,ventilation_failure
2026-01-01 08:30:15,L12,0.9924,42.49,0.5357,19.532,29.92,91.39,CRITICAL,ventilation_failure
2026-01-01 08:30:20,L12,1.0237,43.59,0.5485,19.569,29.8,90.83,CRITICAL,ventilation_failure
2026-01-01 08:30:25,L12,1.0157,43.95,0.5742,19.561,29.84,91.14,CRITICAL,ventilation_failure
2026-01-01 08:30:30,L12,1.0608,44.3,0.5795,19.559,30.03,91.22,CRITICAL,ventilation_failure
2026-01-01 08:30:35,L12,1.0833,42.29,0.5871,19.518,30.18,91.76,CRITICAL,ventilation_failure
2026-01-01 08:30:40,L12,1.1075,43.53,0.5869,19.537,30.18,91.86,CRITICAL,ventilation_failure
2026-01-01 08:30:45,L12,1.1191,44.66,0.6001,19.497,30.1,91.97,CRITICAL,ventilation_failure
2026-01-01 08:30:50,L12,1.1429,47.17,0.6016,19.456,30.15,93.95,CRITICAL,ventilation_failure
2026-01-01 08:30:55,L12,1.1536,45.43,0.6328,19.425,30.15,92.98,CRITICAL,ventilation_failure
2026-01-01 08:31:00,L12,0.1396,0.87,0.0693,20.754,28.45,69.89,SAFE,fire_heat
2026-01-01 08:31:05,L12,0.1172,2.75,0.099,20.718,28.25,70.02,SAFE,fire_heat
2026-01-01 08:31:10,L12,0.1079,6.23,0.0857,20.675,29.0,72.42,SAFE,fire_heat
2026-01-01 08:31:15,L12,0.1185,5.09,0.082,20.656,29.18,68.85,SAFE,fire_heat
2026-01-01 08:31:20,L12,0.1129,6.96,0.0795,20.591,29.11,69.67,SAFE,fire_heat
2026-01-01 08:31:25,L12,0.1191,8.28,0.0913,20.636,29.28,69.96,SAFE,fire_heat
2026-01-01 08:31:30,L12,0.1216,7.19,0.0766,20.499,29.84,72.39,SAFE,fire_heat
2026-01-01 08:31:35,L12,0.1351,11.98,0.089,20.55,29.72,70.57,SAFE,fire_heat
2026-01-01 08:31:40,L12,0.1421,9.87,0.0954,20.49,30.06,71.41,SAFE,fire_heat
2026-01-01 08:31:45,L12,0.142,14.28,0.1001,20.471,30.2,70.97,SAFE,fire_heat
2026-01-01 08:31:50,L12,0.1449,12.82,0.0999,20.445,30.64,71.96,SAFE,fire_heat
2026-01-01 08:31:55,L12,0.1637,13.57,0.0981,20.406,31.1,71.6,SAFE,fire_heat
2026-01-01 08:32:00,L12,0.1528,13.48,0.1137,20.334,31.17,71.94,SAFE,fire_heat
2026-01-01 08:32:05,L12,0.1577,16.52,0.0958,20.318,31.51,72.9,SAFE,fire_heat
2026-01-01 08:32:10,L12,0.1616,20.68,0.1094,20.252,31.54,72.35,SAFE,fire_heat
2026-01-01 08:32:15,L12,0.1913,18.99,0.1102,20.255,31.84,71.54,SAFE,fire_heat
2026-01-01 08:32:20,L12,0.1648,19.84,0.125,20.242,31.88,72.5,SAFE,fire_heat
2026-01-01 08:32:25,L12,0.1851,19.51,0.1159,20.219,32.29,74.32,WARNING,fire_heat
2026-01-01 08:32:30,L12,0.1689,22.47,0.1258,20.181,32.43,72.96,WARNING,fire_heat
2026-01-01 08:32:35,L12,0.1894,22.89,0.1276,20.085,32.76,72.76,WARNING,fire_heat
2026-01-01 08:32:40,L12,0.1963,23.63,0.1129,20.09,32.99,71.67,WARNING,fire_heat
2026-01-01 08:32:45,L12,0.2084,25.54,0.1297,20.055,33.21,73.48,WARNING,fire_heat
2026-01-01 08:32:50,L12,0.1903,23.14,0.1189,20.004,33.81,73.73,WARNING,fire_heat
2026-01-01 08:32:55,L12,0.1834,26.79,0.1383,19.987,34.0,73.41,WARNING,fire_heat
2026-01-01 08:33:00,L12,0.1923,26.21,0.1323,19.981,34.19,73.38,WARNING,fire_heat
2026-01-01 08:33:05,L12,0.2225,29.12,0.1503,19.992,34.48,75.68,DANGER,fire_heat
2026-01-01 08:33:10,L12,0.2433,29.07,0.142,19.889,34.66,74.23,WARNING,fire_heat
2026-01-01 08:33:15,L12,0.2286,30.24,0.14,19.853,34.68,74.67,WARNING,fire_heat
2026-01-01 08:33:20,L12,0.2011,30.29,0.1584,19.837,34.91,73.86,DANGER,fire_heat
2026-01-01 08:33:25,L12,0.236,35.04,0.1445,19.834,35.2,73.83,DANGER,fire_heat
2026-01-01 08:33:30,L12,0.2139,33.42,0.1612,19.829,35.37,74.57,DANGER,fire_heat
2026-01-01 08:33:35,L12,0.2268,34.57,0.1605,19.758,35.48,74.09,DANGER,fire_heat
2026-01-01 08:33:40,L12,0.2388,38.88,0.1565,19.686,35.92,74.28,DANGER,fire_heat
2026-01-01 08:33:45,L12,0.2453,38.5,0.1514,19.661,35.88,74.82,DANGER,fire_heat
2026-01-01 08:33:50,L12,0.2449,35.67,0.1746,19.672,36.38,74.17,DANGER,fire_heat
2026-01-01 08:33:55,L12,0.2389,41.87,0.1713,19.665,36.44,74.88,DANGER,fire_heat
2026-01-01 08:34:00,L12,0.2678,43.34,0.1638,19.658,36.82,74.9,DANGER,fire_heat
2026-01-01 08:34:05,L12,0.248,44.27,0.1746,19.536,37.1,75.74,DANGER,fire_heat
2026-01-01 08:34:10,L12,0.2787,44.01,0.1833,19.545,37.25,74.61,DANGER,fire_heat
2026-01-01 08:34:15,L12,0.2435,42.43,0.1788,19.478,37.3,73.63,DANGER,fire_heat
2026-01-01 08:34:20,L12,0.2711,45.08,0.1825,19.451,37.61,75.11,DANGER,fire_heat
2026-01-01 08:34:25,L12,0.2535,44.05,0.1915,19.417,38.09,75.8,DANGER,fire_heat
2026-01-01 08:34:30,L12,0.2634,46.0,0.1982,19.405,38.18,76.38,DANGER,fire_heat
2026-01-01 08:34:35,L12,0.2722,46.7,0.1876,19.357,38.58,75.19,DANGER,fire_heat
2026-01-01 08:34:40,L12,0.3067,48.5,0.1805,19.426,38.74,76.31,DANGER,fire_heat
2026-01-01 08:34:45,L12,0.3075,50.76,0.1834,19.307,38.95,76.91,CRITICAL,fire_heat
2026-01-01 08:34:50,L12,0.3049,50.91,0.191,19.318,39.27,76.73,CRITICAL,fire_heat
2026-01-01 08:34:55,L12,0.2963,51.92,0.1917,19.238,39.35,75.63,CRITICAL,fire_heat
2026-01-01 08:35:00,L12,0.3026,53.29,0.1884,19.293,39.75,75.84,CRITICAL,fire_heat
2026-01-01 08:35:05,L12,0.3228,57.04,0.2193,19.205,39.86,76.87,CRITICAL,fire_heat
2026-01-01 08:35:10,L12,0.3183,59.11,0.2114,19.188,40.55,77.95,CRITICAL,fire_heat
2026-01-01 08:35:15,L12,0.312,56.26,0.2056,19.114,40.23,76.79,CRITICAL,fire_heat
2026-01-01 08:35:20,L12,0.3381,58.51,0.2122,19.129,40.59,76.77,CRITICAL,fire_heat
2026-01-01 08:35:25,L12,0.332,57.82,0.2008,19.079,40.83,75.94,CRITICAL,fire_heat
2026-01-01 08:35:30,L12,0.3274,61.3,0.227,19.026,40.92,76.87,CRITICAL,fire_heat
2026-01-01 08:35:35,L12,0.3208,60.51,0.2048,18.973,41.47,76.72,CRITICAL,fire_heat
2026-01-01 08:35:40,L12,0.3235,61.23,0.2271,18.967,41.53,77.44,CRITICAL,fire_heat
2026-01-01 08:35:45,L12,0.3306,66.37,0.211,18.933,41.48,76.34,CRITICAL,fire_heat
2026-01-01 08:35:50,L12,0.3465,62.4,0.225,18.938,42.18,77.42,CRITICAL,fire_heat
2026-01-01 08:35:55,L12,0.3562,61.83,0.2409,18.873,42.21,77.0,CRITICAL,fire_heat
2026-01-01 08:36:00,L12,0.326,67.68,0.2206,18.791,42.53,78.69,CRITICAL,fire_heat
2026-01-01 08:36:05,L12,0.3224,67.1,0.2351,18.836,42.89,77.38,CRITICAL,fire_heat
2026-01-01 08:36:10,L12,0.1605,2.5,0.1049,20.777,27.5,70.57,SAFE,combined_hazard
2026-01-01 08:36:15,L12,0.1322,1.31,0.1044,20.75,27.71,71.48,SAFE,combined_hazard
2026-01-01 08:36:20,L12,0.1985,8.85,0.1111,20.743,27.96,71.11,SAFE,combined_hazard
2026-01-01 08:36:25,L12,0.2003,5.0,0.099,20.663,28.04,71.51,SAFE,combined_hazard
2026-01-01 08:36:30,L12,0.2041,7.39,0.1273,20.657,28.39,72.96,SAFE,combined_hazard
2026-01-01 08:36:35,L12,0.2262,10.96,0.1195,20.662,28.25,73.18,SAFE,combined_hazard
2026-01-01 08:36:40,L12,0.2406,11.76,0.1332,20.592,28.47,73.81,SAFE,combined_hazard
2026-01-01 08:36:45,L12,0.2366,15.32,0.1357,20.577,28.65,74.15,SAFE,combined_hazard
2026-01-01 08:36:50,L12,0.2611,15.41,0.1425,20.49,29.08,73.9,SAFE,combined_hazard
2026-01-01 08:36:55,L12,0.2837,15.68,0.1307,20.454,29.29,74.26,SAFE,combined_hazard
2026-01-01 08:37:00,L12,0.2873,18.83,0.1365,20.438,29.33,74.04,SAFE,combined_hazard
2026-01-01 08:37:05,L12,0.2893,20.48,0.1665,20.408,29.56,74.61,WARNING,combined_hazard
2026-01-01 08:37:10,L12,0.3101,19.22,0.1411,20.409,29.98,75.49,SAFE,combined_hazard
2026-01-01 08:37:15,L12,0.3389,23.12,0.1492,20.322,29.88,76.05,SAFE,combined_hazard
2026-01-01 08:37:20,L12,0.3425,22.81,0.163,20.308,30.22,76.82,WARNING,combined_hazard
2026-01-01 08:37:25,L12,0.3259,24.46,0.1677,20.31,30.27,77.1,WARNING,combined_hazard
2026-01-01 08:37:30,L12,0.3647,26.3,0.1677,20.252,30.73,78.22,WARNING,combined_hazard
2026-01-01 08:37:35,L12,0.3752,26.98,0.1817,20.212,30.86,76.56,WARNING,combined_hazard
2026-01-01 08:37:40,L12,0.3984,28.37,0.1887,20.187,30.75,77.51,WARNING,combined_hazard
2026-01-01 08:37:45,L12,0.394,31.97,0.186,20.113,31.11,77.35,WARNING,combined_hazard
2026-01-01 08:37:50,L12,0.4006,29.67,0.1888,20.079,31.03,79.44,WARNING,combined_hazard
2026-01-01 08:37:55,L12,0.3981,31.84,0.1954,20.033,31.67,78.38,WARNING,combined_hazard
2026-01-01 08:38:00,L12,0.4208,35.92,0.1963,20.054,32.04,80.06,WARNING,combined_hazard
2026-01-01 08:38:05,L12,0.4619,36.26,0.1914,20.042,31.6,80.66,WARNING,combined_hazard
2026-01-01 08:38:10,L12,0.4593,39.33,0.2121,20.005,31.91,80.19,WARNING,combined_hazard
2026-01-01 08:38:15,L12,0.4674,39.85,0.2206,19.983,32.34,80.45,DANGER,combined_hazard
2026-01-01 08:38:20,L12,0.5009,38.78,0.2179,19.959,32.51,80.61,DANGER,combined_hazard
2026-01-01 08:38:25,L12,0.5103,42.35,0.2057,19.887,32.64,80.69,DANGER,combined_hazard
2026-01-01 08:38:30,L12,0.4955,44.52,0.224,19.848,32.64,80.95,DANGER,combined_hazard
2026-01-01 08:38:35,L12,0.5371,45.54,0.2405,19.861,33.14,81.54,DANGER,combined_hazard
2026-01-01 08:38:40,L12,0.5068,45.96,0.2265,19.763,33.42,83.48,DANGER,combined_hazard
2026-01-01 08:38:45,L12,0.5511,47.72,0.2483,19.716,33.91,81.55,DANGER,combined_hazard
2026-01-01 08:38:50,L12,0.5619,48.76,0.2438,19.708,33.87,82.91,DANGER,combined_hazard
2026-01-01 08:38:55,L12,0.5866,49.08,0.252,19.672,33.67,83.67,DANGER,combined_hazard
2026-01-01 08:39:00,L12,0.5876,50.35,0.2513,19.654,34.06,83.24,DANGER,combined_hazard
2026-01-01 08:39:05,L12,0.5908,54.59,0.2524,19.594,34.34,84.16,DANGER,combined_hazard
2026-01-01 08:39:10,L12,0.6045,54.17,0.2777,19.597,34.34,82.98,DANGER,combined_hazard
2026-01-01 08:39:15,L12,0.66,57.81,0.2775,19.536,34.76,85.6,DANGER,combined_hazard
2026-01-01 08:39:20,L12,0.6334,57.53,0.2808,19.557,34.94,85.81,DANGER,combined_hazard
2026-01-01 08:39:25,L12,0.6536,57.92,0.2876,19.452,35.22,85.19,CRITICAL,combined_hazard
2026-01-01 08:39:30,L12,0.6269,60.75,0.2891,19.45,35.34,84.92,CRITICAL,combined_hazard
2026-01-01 08:39:35,L12,0.6574,65.97,0.2973,19.412,35.46,86.62,CRITICAL,combined_hazard
2026-01-01 08:39:40,L12,0.6901,64.15,0.2892,19.396,35.52,85.43,CRITICAL,combined_hazard
2026-01-01 08:39:45,L12,0.6707,66.74,0.3102,19.384,35.61,85.9,CRITICAL,combined_hazard
2026-01-01 08:39:50,L12,0.7157,67.49,0.3142,19.331,36.03,87.02,CRITICAL,combined_hazard
2026-01-01 08:39:55,L12,0.7091,66.6,0.3116,19.286,36.13,88.64,CRITICAL,combined_hazard
2026-01-01 08:40:00,L12,0.7171,72.35,0.311,19.278,36.34,88.3,CRITICAL,combined_hazard
2026-01-01 08:40:05,L12,0.7342,71.27,0.3082,19.249,36.75,87.63,CRITICAL,combined_hazard
2026-01-01 08:40:10,L12,0.7806,71.15,0.3245,19.199,36.98,87.16,CRITICAL,combined_hazard
2026-01-01 08:40:15,L12,0.7753,73.82,0.3409,19.17,36.78,88.9,CRITICAL,combined_hazard
2026-01-01 08:40:20,L12,0.7692,75.75,0.3228,19.145,37.13,89.43,CRITICAL,combined_hazard
2026-01-01 08:40:25,L12,0.807,78.65,0.345,19.043,37.29,89.53,CRITICAL,combined_hazard
2026-01-01 08:40:30,L12,0.8204,77.97,0.3378,19.049,37.6,91.4,CRITICAL,combined_hazard
2026-01-01 08:40:35,L12,0.8148,84.39,0.3432,19.038,37.41,90.21,CRITICAL,combined_hazard
2026-01-01 08:40:40,L12,0.8474,80.53,0.3416,18.985,37.72,88.85,CRITICAL,combined_hazard
2026-01-01 08:40:45,L12,0.8607,84.32,0.3497,18.952,38.12,90.71,CRITICAL,combined_hazard
2026-01-01 08:40:50,L12,0.8709,81.91,0.3656,18.939,38.45,91.76,CRITICAL,combined_hazard
2026-01-01 08:40:55,L12,0.8606,86.16,0.3713,18.906,38.53,92.06,CRITICAL,combined_hazard
2026-01-01 08:41:00,L12,0.8656,88.36,0.3717,18.876,38.82,91.97,CRITICAL,combined_hazard
2026-01-01 08:41:05,L12,0.8704,87.6,0.3705,18.805,38.94,92.2,CRITICAL,combined_hazard
2026-01-01 08:41:10,L12,0.8986,93.0,0.3704,18.753,39.3,91.23,CRITICAL,combined_hazard
2026-01-01 08:41:15,L12,0.9154,92.87,0.3844,18.787,39.52,93.26,CRITICAL,combined_hazard
2026-01-01 08:41:20,L12,0.9292,93.22,0.3857,18.708,39.38,93.28,CRITICAL,combined_hazard
2026-01-01 08:41:25,L12,0.9453,95.8,0.395,18.673,39.82,94.11,CRITICAL,combined_hazard
2026-01-01 08:41:30,L12,0.9846,95.74,0.3955,18.637,39.96,94.67,CRITICAL,combined_hazard
2026-01-01 08:41:35,L12,0.9661,99.98,0.4004,18.666,40.45,95.63,CRITICAL,combined_hazard
2026-01-01 08:00:00,L13,0.0764,2.28,0.0462,20.515,27.98,71.66,SAFE,normal
2026-01-01 08:00:05,L13,0.105,1.98,0.0526,20.529,27.91,70.28,SAFE,normal
2026-01-01 08:00:10,L13,0.0944,4.51,0.0408,20.529,27.64,69.5,SAFE,normal
2026-01-01 08:00:15,L13,0.089,2.93,0.0292,20.466,27.94,70.08,SAFE,normal
2026-01-01 08:00:20,L13,0.1269,6.16,0.041,20.512,27.75,68.88,SAFE,normal
2026-01-01 08:00:25,L13,0.1005,5.5,0.0461,20.513,27.88,69.15,SAFE,normal
2026-01-01 08:00:30,L13,0.1001,4.76,0.053,20.519,27.96,68.5,SAFE,normal
2026-01-01 08:00:35,L13,0.1145,4.99,0.0411,20.507,27.78,69.34,SAFE,normal
2026-01-01 08:00:40,L13,0.1112,3.45,0.0594,20.543,28.01,68.85,SAFE,normal
2026-01-01 08:00:45,L13,0.1553,3.52,0.0356,20.498,28.05,70.32,SAFE,normal
2026-01-01 08:00:50,L13,0.1411,5.8,0.0477,20.549,28.17,69.22,SAFE,normal
2026-01-01 08:00:55,L13,0.1195,6.17,0.0448,20.54,28.01,70.03,SAFE,normal
2026-01-01 08:01:00,L13,0.1245,5.92,0.0579,20.562,28.14,70.4,SAFE,normal
2026-01-01 08:01:05,L13,0.1045,4.22,0.0356,20.573,28.1,70.73,SAFE,normal
2026-01-01 08:01:10,L13,0.14,4.41,0.0512,20.572,28.07,69.51,SAFE,normal
2026-01-01 08:01:15,L13,0.1299,3.66,0.0462,20.484,27.9,70.03,SAFE,normal
2026-01-01 08:01:20,L13,0.1456,6.28,0.0607,20.53,28.16,70.05,SAFE,normal
2026-01-01 08:01:25,L13,0.118,2.25,0.0422,20.497,28.3,70.79,SAFE,normal
2026-01-01 08:01:30,L13,0.1503,1.95,0.0525,20.617,28.07,70.39,SAFE,normal
2026-01-01 08:01:35,L13,0.1793,2.32,0.0429,20.536,28.2,70.8,SAFE,normal
2026-01-01 08:01:40,L13,0.1579,2.18,0.0514,20.56,28.24,68.42,SAFE,normal
2026-01-01 08:01:45,L13,0.1486,7.5,0.0473,20.53,28.43,69.21,SAFE,normal
2026-01-01 08:01:50,L13,0.1631,6.71,0.0476,20.438,28.29,70.56,SAFE,normal
2026-01-01 08:01:55,L13,0.1656,3.79,0.0351,20.493,28.35,70.19,SAFE,normal
2026-01-01 08:02:00,L13,0.2026,5.5,0.0547,20.495,28.32,69.62,SAFE,normal
2026-01-01 08:02:05,L13,0.168,7.92,0.043,20.504,28.27,69.33,SAFE,normal
2026-01-01 08:02:10,L13,0.1581,6.54,0.0431,20.526,28.19,70.34,SAFE,normal
2026-01-01 08:02:15,L13,0.1796,9.03,0.04,20.529,28.34,68.12,SAFE,normal
2026-01-01 08:02:20,L13,0.1854,5.75,0.0443,20.435,28.46,70.33,SAFE,normal
2026-01-01 08:02:25,L13,0.1941,5.01,0.0571,20.506,28.44,69.76,SAFE,normal
2026-01-01 08:02:30,L13,0.2002,4.43,0.0571,20.499,28.66,69.29,SAFE,normal
2026-01-01 08:02:35,L13,0.2214,6.16,0.0592,20.554,28.6,70.07,SAFE,normal
2026-01-01 08:02:40,L13,0.1863,7.59,0.046,20.53,28.66,69.36,SAFE,normal
2026-01-01 08:02:45,L13,0.1881,6.4,0.0563,20.506,28.19,69.68,SAFE,normal
2026-01-01 08:02:50,L13,0.1738,5.78,0.05,20.518,28.75,69.61,SAFE,normal
2026-01-01 08:02:55,L13,0.2147,8.27,0.0629,20.46,28.57,70.24,SAFE,normal
2026-01-01 08:03:00,L13,0.1946,7.25,0.059,20.53,28.61,69.77,SAFE,normal
2026-01-01 08:03:05,L13,0.2245,6.35,0.0507,20.498,28.71,68.1,SAFE,normal
2026-01-01 08:03:10,L13,0.2069,5.44,0.0647,20.485,28.59,68.51,SAFE,normal
2026-01-01 08:03:15,L13,0.2434,6.27,0.0608,20.549,28.45,68.75,SAFE,normal
2026-01-01 08:03:20,L13,0.1992,7.43,0.046,20.517,28.84,69.98,SAFE,normal
2026-01-01 08:03:25,L13,0.2392,5.62,0.044,20.488,28.53,70.05,SAFE,normal
2026-01-01 08:03:30,L13,0.2406,5.0,0.047,20.49,28.52,70.93,SAFE,normal
2026-01-01 08:03:35,L13,0.2381,6.2,0.0713,20.518,28.65,68.78,SAFE,normal
2026-01-01 08:03:40,L13,0.2166,6.91,0.0504,20.516,28.65,70.63,SAFE,normal
2026-01-01 08:03:45,L13,0.2446,9.1,0.0738,20.507,28.72,68.03,SAFE,normal
2026-01-01 08:03:50,L13,0.2417,5.38,0.0506,20.47,28.73,69.58,SAFE,normal
2026-01-01 08:03:55,L13,0.2155,7.52,0.0502,20.474,28.96,69.76,SAFE,normal
2026-01-01 08:04:00,L13,0.2695,6.83,0.0669,20.483,28.85,69.75,SAFE,normal
2026-01-01 08:04:05,L13,0.2441,6.97,0.0677,20.499,28.67,69.3,SAFE,normal
2026-01-01 08:04:10,L13,0.2747,9.69,0.0651,20.503,28.71,69.64,SAFE,normal
2026-01-01 08:04:15,L13,0.2547,7.57,0.0664,20.499,28.78,68.55,SAFE,normal
2026-01-01 08:04:20,L13,0.2736,6.15,0.0549,20.5,28.8,70.22,SAFE,normal
2026-01-01 08:04:25,L13,0.2491,8.92,0.0683,20.559,28.8,69.72,SAFE,normal
2026-01-01 08:04:30,L13,0.2684,8.87,0.064,20.528,28.73,69.8,SAFE,normal
2026-01-01 08:04:35,L13,0.2706,6.21,0.0595,20.538,28.96,69.28,SAFE,normal
2026-01-01 08:04:40,L13,0.2667,5.99,0.0635,20.516,28.86,69.24,SAFE,normal
2026-01-01 08:04:45,L13,0.2617,8.46,0.0716,20.503,28.81,69.91,SAFE,normal
2026-01-01 08:04:50,L13,0.2319,7.86,0.0666,20.513,29.04,70.76,SAFE,normal
2026-01-01 08:04:55,L13,0.2684,7.27,0.0466,20.507,29.12,68.36,SAFE,normal
2026-01-01 08:05:00,L13,0.2948,9.63,0.0713,20.524,28.97,68.32,SAFE,normal
2026-01-01 08:05:05,L13,0.2666,7.22,0.071,20.47,29.29,69.68,SAFE,normal
2026-01-01 08:05:10,L13,0.1386,1.58,0.0519,20.846,28.81,70.75,SAFE,methane_buildup
2026-01-01 08:05:15,L13,0.1575,2.95,0.0528,20.851,28.84,72.04,SAFE,methane_buildup
2026-01-01 08:05:20,L13,0.1505,3.28,0.0369,20.826,28.74,70.21,SAFE,methane_buildup
2026-01-01 08:05:25,L13,0.1782,6.09,0.0479,20.801,28.54,73.28,SAFE,methane_buildup
2026-01-01 08:05:30,L13,0.1891,2.27,0.051,20.809,28.76,72.87,SAFE,methane_buildup
2026-01-01 08:05:35,L13,0.1923,5.67,0.0578,20.799,28.74,71.73,SAFE,methane_buildup
2026-01-01 08:05:40,L13,0.2102,2.05,0.0539,20.779,28.63,73.13,SAFE,methane_buildup
2026-01-01 08:05:45,L13,0.1923,4.25,0.0693,20.751,28.64,73.72,SAFE,methane_buildup
2026-01-01 08:05:50,L13,0.2116,3.96,0.0632,20.75,28.17,71.84,SAFE,methane_buildup
2026-01-01 08:05:55,L13,0.2182,3.68,0.0766,20.728,28.8,72.59,SAFE,methane_buildup
2026-01-01 08:06:00,L13,0.258,4.04,0.0749,20.706,28.74,74.34,SAFE,methane_buildup
2026-01-01 08:06:05,L13,0.2888,3.29,0.0702,20.692,28.38,73.52,SAFE,methane_buildup
2026-01-01 08:06:10,L13,0.2505,5.75,0.0922,20.705,28.46,74.02,SAFE,methane_buildup
2026-01-01 08:06:15,L13,0.2696,3.31,0.0955,20.617,28.75,73.92,SAFE,methane_buildup
2026-01-01 08:06:20,L13,0.2721,5.23,0.0895,20.626,28.34,74.78,SAFE,methane_buildup
2026-01-01 08:06:25,L13,0.2953,6.06,0.0884,20.629,28.57,74.68,SAFE,methane_buildup
2026-01-01 08:06:30,L13,0.2923,7.18,0.0849,20.555,28.4,74.55,SAFE,methane_buildup
2026-01-01 08:06:35,L13,0.3151,6.74,0.105,20.627,28.51,72.98,SAFE,methane_buildup
2026-01-01 08:06:40,L13,0.3303,6.32,0.1061,20.576,28.44,75.37,SAFE,methane_buildup
2026-01-01 08:06:45,L13,0.3114,4.68,0.0961,20.58,28.37,75.65,SAFE,methane_buildup
2026-01-01 08:06:50,L13,0.3432,4.63,0.1001,20.568,28.45,74.27,SAFE,methane_buildup
2026-01-01 08:06:55,L13,0.3217,4.28,0.1124,20.53,28.29,74.52,SAFE,methane_buildup
2026-01-01 08:07:00,L13,0.3542,4.31,0.1024,20.434,28.08,76.07,SAFE,methane_buildup
2026-01-01 08:07:05,L13,0.3626,6.34,0.1098,20.488,28.18,76.01,SAFE,methane_buildup
2026-01-01 08:07:10,L13,0.3735,5.43,0.1096,20.473,28.14,74.48,SAFE,methane_buildup
2026-01-01 08:07:15,L13,0.3817,8.49,0.1129,20.418,28.04,75.6,SAFE,methane_buildup
2026-01-01 08:07:20,L13,0.3884,6.0,0.1183,20.38,28.31,76.71,SAFE,methane_buildup
2026-01-01 08:07:25,L13,0.4012,7.19,0.1344,20.43,28.21,77.2,SAFE,methane_buildup
2026-01-01 08:07:30,L13,0.4182,6.83,0.1162,20.362,28.27,76.39,SAFE,methane_buildup
2026-01-01 08:07:35,L13,0.4281,5.3,0.1367,20.444,28.27,76.94,SAFE,methane_buildup
2026-01-01 08:07:40,L13,0.4353,9.21,0.1384,20.374,28.29,76.55,SAFE,methane_buildup
2026-01-01 08:07:45,L13,0.4344,8.8,0.1472,20.389,28.21,78.51,SAFE,methane_buildup
2026-01-01 08:07:50,L13,0.4686,9.15,0.1446,20.333,27.98,77.79,SAFE,methane_buildup
2026-01-01 08:07:55,L13,0.4847,9.0,0.1425,20.338,28.2,77.32,SAFE,methane_buildup
2026-01-01 08:08:00,L13,0.452,7.15,0.1421,20.3,28.12,77.13,SAFE,methane_buildup
2026-01-01 08:08:05,L13,0.4832,7.35,0.1596,20.311,28.4,77.24,SAFE,methane_buildup
2026-01-01 08:08:10,L13,0.4831,9.32,0.1588,20.203,28.05,79.9,SAFE,methane_buildup
2026-01-01 08:08:15,L13,0.5135,11.13,0.1539,20.274,28.08,78.51,WARNING,methane_buildup
2026-01-01 08:08:20,L13,0.5088,9.57,0.1682,20.251,27.99,78.53,WARNING,methane_buildup
2026-01-01 08:08:25,L13,0.5193,10.64,0.1604,20.209,27.99,78.88,WARNING,methane_buildup
2026-01-01 08:08:30,L13,0.5353,8.56,0.1671,20.185,27.96,78.74,WARNING,methane_buildup
2026-01-01 08:08:35,L13,0.5329,11.17,0.1653,20.171,27.87,79.36,WARNING,methane_buildup
2026-01-01 08:08:40,L13,0.5719,9.07,0.1775,20.172,27.94,79.68,WARNING,methane_buildup
2026-01-01 08:08:45,L13,0.5639,10.24,0.1683,20.183,27.99,79.86,WARNING,methane_buildup
2026-01-01 08:08:50,L13,0.5796,9.51,0.177,20.113,27.81,79.04,WARNING,methane_buildup
2026-01-01 08:08:55,L13,0.5718,11.56,0.1772,20.061,27.98,80.96,WARNING,methane_buildup
2026-01-01 08:09:00,L13,0.5827,11.76,0.1876,20.17,27.94,80.0,WARNING,methane_buildup
2026-01-01 08:09:05,L13,0.6061,8.37,0.1917,20.099,27.68,80.12,WARNING,methane_buildup
2026-01-01 08:09:10,L13,0.6141,12.75,0.1828,20.05,27.64,80.28,WARNING,methane_buildup
2026-01-01 08:09:15,L13,0.5941,14.5,0.198,20.08,27.83,80.2,WARNING,methane_buildup
2026-01-01 08:09:20,L13,0.6242,10.58,0.186,20.056,27.66,81.46,WARNING,methane_buildup
2026-01-01 08:09:25,L13,0.6388,11.1,0.2184,20.026,27.57,82.16,WARNING,methane_buildup
2026-01-01 08:09:30,L13,0.6392,13.33,0.1998,19.98,27.96,81.06,WARNING,methane_buildup
2026-01-01 08:09:35,L13,0.6563,11.75,0.2154,19.997,27.54,80.37,WARNING,methane_buildup
2026-01-01 08:09:40,L13,0.6587,11.82,0.2117,19.993,27.43,81.22,WARNING,methane_buildup
2026-01-01 08:09:45,L13,0.6358,14.84,0.2151,19.892,27.52,81.88,WARNING,methane_buildup
2026-01-01 08:09:50,L13,0.6592,10.14,0.2069,19.933,27.65,81.45,WARNING,methane_buildup
2026-01-01 08:09:55,L13,0.703,11.17,0.226,19.919,27.61,82.16,WARNING,methane_buildup
2026-01-01 08:10:00,L13,0.6941,13.16,0.2227,19.901,27.86,82.4,WARNING,methane_buildup
2026-01-01 08:10:05,L13,0.7101,10.28,0.2292,19.877,27.44,83.02,WARNING,methane_buildup
2026-01-01 08:10:10,L13,0.7166,12.32,0.2278,19.895,27.57,82.07,WARNING,methane_buildup
2026-01-01 08:10:15,L13,0.7137,12.49,0.2326,19.836,27.68,83.9,WARNING,methane_buildup
2026-01-01 08:10:20,L13,0.1509,6.89,0.0966,20.503,26.88,77.03,SAFE,co_buildup
2026-01-01 08:10:25,L13,0.1707,6.7,0.0955,20.508,26.56,78.56,SAFE,co_buildup
2026-01-01 08:10:30,L13,0.1649,8.86,0.0968,20.524,26.69,76.34,SAFE,co_buildup
2026-01-01 08:10:35,L13,0.1807,7.48,0.0995,20.565,27.09,76.83,SAFE,co_buildup
2026-01-01 08:10:40,L13,0.1249,10.81,0.0852,20.513,27.16,77.54,SAFE,co_buildup
2026-01-01 08:10:45,L13,0.1786,10.61,0.0945,20.509,26.88,77.23,SAFE,co_buildup
2026-01-01 08:10:50,L13,0.1796,11.22,0.1044,20.459,27.29,78.07,SAFE,co_buildup
2026-01-01 08:10:55,L13,0.197,12.4,0.1105,20.473,27.14,79.34,SAFE,co_buildup
2026-01-01 08:11:00,L13,0.1707,14.73,0.1117,20.459,27.06,77.34,SAFE,co_buildup
2026-01-01 08:11:05,L13,0.186,16.19,0.1182,20.498,27.17,78.29,SAFE,co_buildup
2026-01-01 08:11:10,L13,0.213,15.52,0.1024,20.444,27.12,78.5,SAFE,co_buildup
2026-01-01 08:11:15,L13,0.1896,17.62,0.1265,20.482,27.25,78.34,SAFE,co_buildup
2026-01-01 08:11:20,L13,0.2151,18.65,0.1263,20.396,27.11,77.45,SAFE,co_buildup
2026-01-01 08:11:25,L13,0.2172,20.29,0.1275,20.471,27.42,78.3,SAFE,co_buildup
2026-01-01 08:11:30,L13,0.2205,21.7,0.1397,20.396,27.57,78.4,SAFE,co_buildup
2026-01-01 08:11:35,L13,0.238,23.97,0.1272,20.441,27.32,79.52,SAFE,co_buildup
2026-01-01 08:11:40,L13,0.2187,21.6,0.1369,20.383,27.57,79.45,SAFE,co_buildup
2026-01-01 08:11:45,L13,0.2297,25.52,0.1443,20.421,27.49,77.97,WARNING,co_buildup
2026-01-01 08:11:50,L13,0.2453,24.55,0.1385,20.367,27.76,79.0,SAFE,co_buildup
2026-01-01 08:11:55,L13,0.2353,23.77,0.1325,20.42,27.36,79.01,SAFE,co_buildup
2026-01-01 08:12:00,L13,0.2778,25.47,0.1426,20.408,27.86,81.07,WARNING,co_buildup
2026-01-01 08:12:05,L13,0.2533,28.19,0.1546,20.358,27.52,79.85,WARNING,co_buildup
2026-01-01 08:12:10,L13,0.2831,29.61,0.1564,20.387,27.81,78.85,WARNING,co_buildup
2026-01-01 08:12:15,L13,0.2641,28.04,0.1615,20.391,27.78,79.19,WARNING,co_buildup
2026-01-01 08:12:20,L13,0.2938,29.46,0.1596,20.328,27.87,79.61,WARNING,co_buildup
2026-01-01 08:12:25,L13,0.2651,30.84,0.1576,20.318,27.74,80.3,WARNING,co_buildup
2026-01-01 08:12:30,L13,0.3163,31.38,0.1725,20.311,28.27,80.5,WARNING,co_buildup
2026-01-01 08:12:35,L13,0.3182,30.9,0.1733,20.3,27.87,80.37,WARNING,co_buildup
2026-01-01 08:12:40,L13,0.2989,31.42,0.183,20.297,27.93,80.15,WARNING,co_buildup
2026-01-01 08:12:45,L13,0.3008,35.22,0.1752,20.351,28.42,80.31,WARNING,co_buildup
2026-01-01 08:12:50,L13,0.326,37.21,0.1683,20.333,28.24,80.41,WARNING,co_buildup
2026-01-01 08:12:55,L13,0.3022,38.85,0.1669,20.259,28.05,79.19,WARNING,co_buildup
2026-01-01 08:13:00,L13,0.3316,36.86,0.1877,20.288,28.27,80.67,WARNING,co_buildup
2026-01-01 08:13:05,L13,0.3249,37.93,0.1952,20.262,28.3,80.35,WARNING,co_buildup
2026-01-01 08:13:10,L13,0.3392,40.19,0.1956,20.316,28.12,79.59,WARNING,co_buildup
2026-01-01 08:13:15,L13,0.3394,42.03,0.1962,20.27,28.31,82.95,WARNING,co_buildup
2026-01-01 08:13:20,L13,0.343,44.57,0.1913,20.23,28.46,81.37,WARNING,co_buildup
2026-01-01 08:13:25,L13,0.3866,45.17,0.1921,20.275,28.7,81.23,WARNING,co_buildup
2026-01-01 08:13:30,L13,0.3787,44.58,0.2134,20.281,28.53,81.02,WARNING,co_buildup
2026-01-01 08:13:35,L13,0.3507,46.71,0.2119,20.228,28.58,82.0,WARNING,co_buildup
2026-01-01 08:13:40,L13,0.3658,45.95,0.2141,20.242,28.52,80.59,WARNING,co_buildup
2026-01-01 08:13:45,L13,0.3978,48.36,0.2079,20.216,28.85,81.37,WARNING,co_buildup
2026-01-01 08:13:50,L13,0.4054,49.19,0.2158,20.274,28.87,80.96,WARNING,co_buildup
2026-01-01 08:13:55,L13,0.3761,52.43,0.2272,20.217,28.9,82.4,WARNING,co_buildup
2026-01-01 08:14:00,L13,0.4133,52.11,0.2323,20.202,28.84,81.26,WARNING,co_buildup
2026-01-01 08:14:05,L13,0.4128,51.25,0.232,20.215,28.63,82.9,WARNING,co_buildup
2026-01-01 08:14:10,L13,0.3857,52.3,0.2476,20.204,29.08,82.04,WARNING,co_buildup
2026-01-01 08:14:15,L13,0.4147,53.98,0.2352,20.224,28.97,82.84,WARNING,co_buildup
2026-01-01 08:14:20,L13,0.4247,53.17,0.2534,20.233,28.96,82.64,WARNING,co_buildup
2026-01-01 08:14:25,L13,0.4335,56.21,0.2481,20.227,29.11,83.27,WARNING,co_buildup
2026-01-01 08:14:30,L13,0.4189,57.38,0.2505,20.172,29.12,81.77,WARNING,co_buildup
2026-01-01 08:14:35,L13,0.4333,59.33,0.2603,20.186,28.98,83.35,WARNING,co_buildup
2026-01-01 08:14:40,L13,0.4413,60.59,0.2511,20.215,29.13,81.23,WARNING,co_buildup
2026-01-01 08:14:45,L13,0.4486,60.86,0.2568,20.21,28.94,82.86,WARNING,co_buildup
2026-01-01 08:14:50,L13,0.4549,59.3,0.2529,20.131,29.28,82.49,WARNING,co_buildup
2026-01-01 08:14:55,L13,0.4666,60.95,0.2734,20.168,29.51,81.9,WARNING,co_buildup
2026-01-01 08:15:00,L13,0.4792,62.92,0.2719,20.157,29.09,82.41,WARNING,co_buildup
2026-01-01 08:15:05,L13,0.5072,65.84,0.2812,20.165,29.42,82.71,DANGER,co_buildup
2026-01-01 08:15:10,L13,0.4996,66.83,0.2773,20.168,29.55,83.17,WARNING,co_buildup
2026-01-01 08:15:15,L13,0.5123,66.56,0.2878,20.093,29.62,83.0,DANGER,co_buildup
2026-01-01 08:15:20,L13,0.4913,71.52,0.2762,20.097,29.43,83.59,WARNING,co_buildup
2026-01-01 08:15:25,L13,0.4894,71.36,0.2934,20.138,29.42,82.96,WARNING,co_buildup
2026-01-01 08:15:30,L13,0.0594,8.37,0.0962,20.558,25.89,65.7,SAFE,low_oxygen
2026-01-01 08:15:35,L13,0.0676,10.1,0.1006,20.543,26.08,65.82,SAFE,low_oxygen
2026-01-01 08:15:40,L13,0.0682,9.4,0.1077,20.48,26.28,67.27,SAFE,low_oxygen
2026-01-01 08:15:45,L13,0.0964,8.92,0.114,20.514,26.36,67.31,SAFE,low_oxygen
2026-01-01 08:15:50,L13,0.0792,8.1,0.1071,20.433,26.57,65.92,SAFE,low_oxygen
2026-01-01 08:15:55,L13,0.0721,9.37,0.1181,20.461,26.69,69.68,SAFE,low_oxygen
2026-01-01 08:16:00,L13,0.0972,11.2,0.1355,20.437,26.81,68.57,SAFE,low_oxygen
2026-01-01 08:16:05,L13,0.1439,10.5,0.1353,20.378,26.59,68.78,SAFE,low_oxygen
2026-01-01 08:16:10,L13,0.1284,9.74,0.1374,20.353,27.25,70.17,SAFE,low_oxygen
2026-01-01 08:16:15,L13,0.1469,9.46,0.1337,20.375,27.0,70.26,SAFE,low_oxygen
2026-01-01 08:16:20,L13,0.1487,10.7,0.1565,20.326,27.29,69.57,WARNING,low_oxygen
2026-01-01 08:16:25,L13,0.1712,9.38,0.1519,20.316,26.84,68.59,SAFE,low_oxygen
2026-01-01 08:16:30,L13,0.1738,11.16,0.1481,20.322,27.28,70.95,SAFE,low_oxygen
2026-01-01 08:16:35,L13,0.1817,9.6,0.1537,20.294,27.21,70.08,SAFE,low_oxygen
2026-01-01 08:16:40,L13,0.2019,10.34,0.1525,20.232,27.41,72.18,WARNING,low_oxygen
2026-01-01 08:16:45,L13,0.1957,9.57,0.1635,20.237,27.65,70.92,SAFE,low_oxygen
2026-01-01 08:16:50,L13,0.2183,10.68,0.1693,20.189,27.7,71.52,WARNING,low_oxygen
2026-01-01 08:16:55,L13,0.2201,10.54,0.1743,20.222,28.05,71.15,WARNING,low_oxygen
2026-01-01 08:17:00,L13,0.231,14.34,0.1714,20.222,28.23,71.56,WARNING,low_oxygen
2026-01-01 08:17:05,L13,0.2304,10.69,0.1653,20.129,27.92,72.83,WARNING,low_oxygen
2026-01-01 08:17:10,L13,0.2494,12.84,0.1832,20.133,28.1,73.1,WARNING,low_oxygen
2026-01-01 08:17:15,L13,0.2545,11.07,0.1911,20.14,28.13,73.23,WARNING,low_oxygen
2026-01-01 08:17:20,L13,0.2895,12.79,0.1817,20.092,28.56,75.6,WARNING,low_oxygen
2026-01-01 08:17:25,L13,0.2573,13.39,0.193,20.088,28.52,74.78,WARNING,low_oxygen
2026-01-01 08:17:30,L13,0.3059,10.41,0.2087,20.051,28.61,74.65,WARNING,low_oxygen
2026-01-01 08:17:35,L13,0.2764,11.32,0.1925,19.997,28.76,72.79,WARNING,low_oxygen
2026-01-01 08:17:40,L13,0.3206,12.22,0.204,20.011,28.77,76.0,WARNING,low_oxygen
2026-01-01 08:17:45,L13,0.3099,11.92,0.2224,20.021,28.8,78.08,WARNING,low_oxygen
2026-01-01 08:17:50,L13,0.341,14.24,0.2159,19.975,29.04,75.88,WARNING,low_oxygen
2026-01-01 08:17:55,L13,0.3407,14.71,0.2146,19.994,29.1,75.72,WARNING,low_oxygen
2026-01-01 08:18:00,L13,0.331,12.98,0.2229,19.871,29.3,76.85,WARNING,low_oxygen
2026-01-01 08:18:05,L13,0.3828,14.99,0.2338,19.915,29.11,75.92,WARNING,low_oxygen
2026-01-01 08:18:10,L13,0.3841,14.4,0.2297,19.863,29.49,77.78,WARNING,low_oxygen
2026-01-01 08:18:15,L13,0.39,15.12,0.2403,19.835,29.46,78.95,WARNING,low_oxygen
2026-01-01 08:18:20,L13,0.3828,14.55,0.2416,19.88,29.69,77.56,WARNING,low_oxygen
2026-01-01 08:18:25,L13,0.4145,16.46,0.2464,19.812,29.91,77.93,WARNING,low_oxygen
2026-01-01 08:18:30,L13,0.3931,18.41,0.2534,19.788,29.8,78.73,WARNING,low_oxygen
2026-01-01 08:18:35,L13,0.3889,17.35,0.2499,19.788,30.17,78.74,WARNING,low_oxygen
2026-01-01 08:18:40,L13,0.4089,18.51,0.2489,19.692,29.84,78.27,WARNING,low_oxygen
2026-01-01 08:18:45,L13,0.4285,14.55,0.2644,19.776,30.44,79.52,WARNING,low_oxygen
2026-01-01 08:18:50,L13,0.441,15.87,0.2637,19.772,30.5,79.7,WARNING,low_oxygen
2026-01-01 08:18:55,L13,0.4558,17.96,0.2654,19.721,30.29,81.61,WARNING,low_oxygen
2026-01-01 08:19:00,L13,0.4664,19.61,0.2774,19.685,30.39,81.79,WARNING,low_oxygen
2026-01-01 08:19:05,L13,0.4725,18.55,0.2875,19.645,30.41,82.33,WARNING,low_oxygen
2026-01-01 08:19:10,L13,0.4605,16.27,0.2803,19.599,30.88,82.2,WARNING,low_oxygen
2026-01-01 08:19:15,L13,0.5051,17.39,0.2857,19.646,30.8,82.06,WARNING,low_oxygen
2026-01-01 08:19:20,L13,0.5082,18.77,0.2804,19.617,30.89,81.54,WARNING,low_oxygen
2026-01-01 08:19:25,L13,0.5117,18.25,0.2923,19.582,30.89,83.65,WARNING,low_oxygen
2026-01-01 08:19:30,L13,0.5531,17.53,0.3,19.557,31.44,83.21,WARNING,low_oxygen
2026-01-01 08:19:35,L13,0.5385,18.53,0.3022,19.535,31.13,82.28,DANGER,low_oxygen
2026-01-01 08:19:40,L13,0.553,19.17,0.3037,19.49,31.38,82.89,DANGER,low_oxygen
2026-01-01 08:19:45,L13,0.5741,17.8,0.3166,19.559,31.52,82.96,DANGER,low_oxygen
2026-01-01 08:19:50,L13,0.5498,21.13,0.3154,19.455,31.53,82.68,DANGER,low_oxygen
2026-01-01 08:19:55,L13,0.5818,19.23,0.3398,19.43,31.61,84.97,DANGER,low_oxygen
2026-01-01 08:20:00,L13,0.604,20.01,0.3249,19.455,31.75,84.02,DANGER,low_oxygen
2026-01-01 08:20:05,L13,0.6007,21.9,0.3055,19.4,32.0,84.75,DANGER,low_oxygen
2026-01-01 08:20:10,L13,0.5925,20.39,0.3227,19.379,31.97,85.73,DANGER,low_oxygen
2026-01-01 08:20:15,L13,0.6148,22.28,0.3401,19.401,32.37,85.89,DANGER,low_oxygen
2026-01-01 08:20:20,L13,0.6349,19.5,0.3348,19.358,32.12,85.82,DANGER,low_oxygen
2026-01-01 08:20:25,L13,0.6104,21.92,0.3395,19.339,32.45,87.95,DANGER,low_oxygen
2026-01-01 08:20:30,L13,0.6317,22.77,0.3384,19.253,32.18,85.86,DANGER,low_oxygen
2026-01-01 08:20:35,L13,0.6916,20.49,0.3487,19.287,32.44,86.24,DANGER,low_oxygen
2026-01-01 08:20:40,L13,0.0874,7.81,0.0368,20.579,27.57,64.39,SAFE,co2_buildup
2026-01-01 08:20:45,L13,0.1035,7.24,0.0512,20.586,27.76,64.95,SAFE,co2_buildup
2026-01-01 08:20:50,L13,0.1038,7.82,0.0517,20.566,27.81,66.05,SAFE,co2_buildup
2026-01-01 08:20:55,L13,0.1018,6.57,0.0679,20.52,27.84,66.08,SAFE,co2_buildup
2026-01-01 08:21:00,L13,0.1161,9.32,0.0585,20.485,28.09,65.27,SAFE,co2_buildup
2026-01-01 08:21:05,L13,0.0907,9.59,0.0806,20.507,27.8,65.6,SAFE,co2_buildup
2026-01-01 08:21:10,L13,0.1049,7.9,0.0692,20.458,27.8,64.94,SAFE,co2_buildup
2026-01-01 08:21:15,L13,0.1305,9.52,0.0675,20.519,28.07,66.39,SAFE,co2_buildup
2026-01-01 08:21:20,L13,0.128,10.37,0.0722,20.476,27.84,67.49,SAFE,co2_buildup
2026-01-01 08:21:25,L13,0.1419,8.3,0.08,20.443,28.02,66.18,SAFE,co2_buildup
2026-01-01 08:21:30,L13,0.1587,9.15,0.0924,20.438,27.94,67.34,SAFE,co2_buildup
2026-01-01 08:21:35,L13,0.1635,9.67,0.0889,20.414,28.07,66.55,SAFE,co2_buildup
2026-01-01 08:21:40,L13,0.1418,8.17,0.0917,20.383,28.06,66.32,SAFE,co2_buildup
2026-01-01 08:21:45,L13,0.1655,10.76,0.1098,20.396,27.91,67.93,SAFE,co2_buildup
2026-01-01 08:21:50,L13,0.1586,11.9,0.0814,20.359,27.72,69.44,SAFE,co2_buildup
2026-01-01 08:21:55,L13,0.1679,10.43,0.1081,20.411,27.77,68.18,SAFE,co2_buildup
2026-01-01 08:22:00,L13,0.161,11.43,0.1053,20.318,27.76,67.6,SAFE,co2_buildup
2026-01-01 08:22:05,L13,0.1958,13.29,0.1135,20.34,28.05,67.84,SAFE,co2_buildup
2026-01-01 08:22:10,L13,0.1741,10.86,0.1268,20.287,27.73,69.83,SAFE,co2_buildup
2026-01-01 08:22:15,L13,0.2139,12.28,0.1277,20.273,28.08,68.73,SAFE,co2_buildup
2026-01-01 08:22:20,L13,0.2355,11.16,0.1314,20.229,28.15,68.05,SAFE,co2_buildup
2026-01-01 08:22:25,L13,0.2301,11.4,0.1477,20.281,28.28,68.8,SAFE,co2_buildup
2026-01-01 08:22:30,L13,0.2301,13.08,0.1425,20.239,28.25,69.2,SAFE,co2_buildup
2026-01-01 08:22:35,L13,0.2594,13.21,0.1615,20.273,28.33,69.59,WARNING,co2_buildup
2026-01-01 08:22:40,L13,0.2484,13.95,0.1572,20.239,28.28,70.61,WARNING,co2_buildup
2026-01-01 08:22:45,L13,0.2377,13.51,0.1482,20.217,28.19,70.6,SAFE,co2_buildup
2026-01-01 08:22:50,L13,0.2596,14.37,0.1758,20.157,28.25,69.92,WARNING,co2_buildup
2026-01-01 08:22:55,L13,0.2942,16.44,0.167,20.203,28.16,69.91,WARNING,co2_buildup
2026-01-01 08:23:00,L13,0.2555,15.81,0.1842,20.151,28.34,70.45,WARNING,co2_buildup
2026-01-01 08:23:05,L13,0.2583,15.0,0.1715,20.114,28.09,69.83,WARNING,co2_buildup
2026-01-01 08:23:10,L13,0.2954,15.52,0.1802,20.156,28.51,71.28,WARNING,co2_buildup
2026-01-01 08:23:15,L13,0.2899,14.59,0.1859,20.091,28.23,70.52,WARNING,co2_buildup
2026-01-01 08:23:20,L13,0.2924,15.08,0.1856,20.052,28.42,71.26,WARNING,co2_buildup
2026-01-01 08:23:25,L13,0.2886,16.33,0.2015,20.14,28.47,72.42,WARNING,co2_buildup
2026-01-01 08:23:30,L13,0.2853,16.0,0.2113,20.07,28.62,71.67,WARNING,co2_buildup
2026-01-01 08:23:35,L13,0.2998,17.33,0.1819,20.021,28.21,71.6,WARNING,co2_buildup
2026-01-01 08:23:40,L13,0.353,18.32,0.2112,20.03,28.44,71.18,WARNING,co2_buildup
2026-01-01 08:23:45,L13,0.3358,16.54,0.2019,20.024,28.59,71.72,WARNING,co2_buildup
2026-01-01 08:23:50,L13,0.3136,13.95,0.1928,20.066,28.79,71.05,WARNING,co2_buildup
2026-01-01 08:23:55,L13,0.3679,20.29,0.2221,19.967,28.55,72.57,WARNING,co2_buildup
2026-01-01 08:24:00,L13,0.3758,16.54,0.2265,19.963,28.49,70.62,WARNING,co2_buildup
2026-01-01 08:24:05,L13,0.3828,18.08,0.2323,20.019,28.9,73.29,WARNING,co2_buildup
2026-01-01 08:24:10,L13,0.3651,19.16,0.2342,19.962,28.74,73.28,WARNING,co2_buildup
2026-01-01 08:24:15,L13,0.3745,20.45,0.2427,19.968,28.85,72.96,WARNING,co2_buildup
2026-01-01 08:24:20,L13,0.3877,21.32,0.2353,19.933,28.48,72.64,WARNING,co2_buildup
2026-01-01 08:24:25,L13,0.4138,18.34,0.2467,19.994,28.76,73.23,WARNING,co2_buildup
2026-01-01 08:24:30,L13,0.3916,20.95,0.2546,19.881,28.55,72.01,WARNING,co2_buildup
2026-01-01 08:24:35,L13,0.3957,19.73,0.2642,19.914,28.54,74.27,WARNING,co2_buildup
2026-01-01 08:24:40,L13,0.4245,23.83,0.2582,19.937,28.84,73.66,WARNING,co2_buildup
2026-01-01 08:24:45,L13,0.4393,21.64,0.2606,19.866,28.87,75.19,WARNING,co2_buildup
2026-01-01 08:24:50,L13,0.4275,20.0,0.2663,19.841,28.73,74.48,WARNING,co2_buildup
2026-01-01 08:24:55,L13,0.4455,19.35,0.2616,19.873,29.03,74.53,WARNING,co2_buildup
2026-01-01 08:25:00,L13,0.4442,16.87,0.2817,19.866,28.79,74.85,WARNING,co2_buildup
2026-01-01 08:25:05,L13,0.4459,22.1,0.2684,19.798,28.82,73.93,WARNING,co2_buildup
2026-01-01 08:25:10,L13,0.4443,22.87,0.2876,19.852,28.88,74.53,WARNING,co2_buildup
2026-01-01 08:25:15,L13,0.4465,22.75,0.2896,19.795,28.87,75.18,WARNING,co2_buildup
2026-01-01 08:25:20,L13,0.4617,18.38,0.2809,19.795,29.12,75.02,WARNING,co2_buildup
2026-01-01 08:25:25,L13,0.4634,20.3,0.2858,19.81,28.8,74.98,WARNING,co2_buildup
2026-01-01 08:25:30,L13,0.4894,23.18,0.2954,19.775,28.86,75.4,WARNING,co2_buildup
2026-01-01 08:25:35,L13,0.5106,25.41,0.3039,19.738,28.82,75.85,DANGER,co2_buildup
2026-01-01 08:25:40,L13,0.5025,22.93,0.3229,19.704,29.3,77.85,DANGER,co2_buildup
2026-01-01 08:25:45,L13,0.4927,24.92,0.3146,19.791,28.99,75.92,WARNING,co2_buildup
2026-01-01 08:25:50,L13,0.1175,2.59,0.0663,20.68,26.91,73.95,SAFE,ventilation_failure
2026-01-01 08:25:55,L13,0.1223,2.4,0.0857,20.665,26.89,75.05,SAFE,ventilation_failure
2026-01-01 08:26:00,L13,0.1365,1.83,0.0921,20.62,27.1,77.07,SAFE,ventilation_failure
2026-01-01 08:26:05,L13,0.1318,5.14,0.0735,20.644,26.83,75.25,SAFE,ventilation_failure
2026-01-01 08:26:10,L13,0.1686,6.58,0.0844,20.599,27.32,74.26,SAFE,ventilation_failure
2026-01-01 08:26:15,L13,0.1311,9.23,0.0947,20.621,27.21,76.63,SAFE,ventilation_failure
2026-01-01 08:26:20,L13,0.1748,6.37,0.0964,20.513,27.29,75.88,SAFE,ventilation_failure
2026-01-01 08:26:25,L13,0.1884,8.13,0.1095,20.487,27.49,77.7,SAFE,ventilation_failure
2026-01-01 08:26:30,L13,0.171,10.16,0.1247,20.501,27.51,75.9,SAFE,ventilation_failure
2026-01-01 08:26:35,L13,0.2185,10.96,0.1116,20.448,27.42,77.61,SAFE,ventilation_failure
2026-01-01 08:26:40,L13,0.2215,9.07,0.1319,20.378,27.64,76.87,SAFE,ventilation_failure
2026-01-01 08:26:45,L13,0.2439,10.34,0.1122,20.393,27.85,79.28,SAFE,ventilation_failure
2026-01-01 08:26:50,L13,0.2768,10.73,0.1322,20.359,27.52,77.22,SAFE,ventilation_failure
2026-01-01 08:26:55,L13,0.263,10.93,0.1285,20.263,27.84,80.13,SAFE,ventilation_failure
2026-01-01 08:27:00,L13,0.2841,15.25,0.1417,20.268,27.62,78.37,SAFE,ventilation_failure
2026-01-01 08:27:05,L13,0.3016,13.9,0.1285,20.263,28.02,78.98,SAFE,ventilation_failure
2026-01-01 08:27:10,L13,0.2997,14.45,0.1369,20.271,27.79,79.95,SAFE,ventilation_failure
2026-01-01 08:27:15,L13,0.2907,15.69,0.1556,20.219,27.84,78.25,WARNING,ventilation_failure
2026-01-01 08:27:20,L13,0.2904,16.16,0.1515,20.152,28.17,79.94,WARNING,ventilation_failure
2026-01-01 08:27:25,L13,0.332,16.51,0.1586,20.118,28.16,79.21,WARNING,ventilation_failure
2026-01-01 08:27:30,L13,0.3318,16.46,0.1805,20.133,28.01,79.86,WARNING,ventilation_failure
2026-01-01 08:27:35,L13,0.3684,20.71,0.1715,20.007,28.18,80.09,WARNING,ventilation_failure
2026-01-01 08:27:40,L13,0.3534,18.26,0.1823,20.026,28.11,80.76,WARNING,ventilation_failure
2026-01-01 08:27:45,L13,0.3717,18.48,0.1737,20.063,28.03,81.02,WARNING,ventilation_failure
2026-01-01 08:27:50,L13,0.3659,20.52,0.1737,20.0,28.36,80.42,WARNING,ventilation_failure
2026-01-01 08:27:55,L13,0.3895,24.64,0.1884,19.938,28.33,81.27,WARNING,ventilation_failure
2026-01-01 08:28:00,L13,0.3918,20.93,0.1818,19.895,28.29,79.58,WARNING,ventilation_failure
2026-01-01 08:28:05,L13,0.4046,23.98,0.1928,19.927,28.69,82.53,WARNING,ventilation_failure
2026-01-01 08:28:10,L13,0.4279,23.31,0.2049,19.874,28.41,83.38,WARNING,ventilation_failure
2026-01-01 08:28:15,L13,0.431,24.81,0.2068,19.836,28.62,82.46,WARNING,ventilation_failure
2026-01-01 08:28:20,L13,0.4909,26.58,0.215,19.824,28.82,81.31,WARNING,ventilation_failure
2026-01-01 08:28:25,L13,0.4754,23.38,0.2218,19.788,28.67,83.48,WARNING,ventilation_failure
2026-01-01 08:28:30,L13,0.4905,25.37,0.212,19.756,28.65,82.56,WARNING,ventilation_failure
2026-01-01 08:28:35,L13,0.4839,28.84,0.2187,19.684,28.86,83.6,WARNING,ventilation_failure
2026-01-01 08:28:40,L13,0.4985,28.38,0.2135,19.663,28.94,84.29,WARNING,ventilation_failure
2026-01-01 08:28:45,L13,0.5019,29.31,0.2326,19.687,29.06,84.46,DANGER,ventilation_failure
2026-01-01 08:28:50,L13,0.559,30.82,0.2461,19.651,29.26,85.18,DANGER,ventilation_failure
2026-01-01 08:28:55,L13,0.5294,29.18,0.2568,19.616,28.97,84.72,DANGER,ventilation_failure
2026-01-01 08:29:00,L13,0.5334,32.86,0.251,19.558,29.12,85.02,DANGER,ventilation_failure
2026-01-01 08:29:05,L13,0.5425,33.26,0.2652,19.569,28.95,85.76,DANGER,ventilation_failure
2026-01-01 08:29:10,L13,0.5702,33.15,0.2619,19.505,29.3,85.4,DANGER,ventilation_failure
2026-01-01 08:29:15,L13,0.5978,34.26,0.2643,19.525,29.28,85.19,DANGER,ventilation_failure
2026-01-01 08:29:20,L13,0.6042,36.06,0.2632,19.434,29.28,86.39,DANGER,ventilation_failure
2026-01-01 08:29:25,L13,0.5879,34.18,0.2537,19.411,29.27,85.41,DANGER,ventilation_failure
2026-01-01 08:29:30,L13,0.5989,36.83,0.2872,19.393,29.36,86.54,DANGER,ventilation_failure
2026-01-01 08:29:35,L13,0.6407,39.21,0.2817,19.393,29.5,85.79,DANGER,ventilation_failure
2026-01-01 08:29:40,L13,0.6649,38.31,0.2978,19.337,29.38,86.73,DANGER,ventilation_failure
2026-01-01 08:29:45,L13,0.6426,37.78,0.2838,19.309,29.53,87.05,DANGER,ventilation_failure
2026-01-01 08:29:50,L13,0.6742,42.35,0.3155,19.267,29.63,86.96,DANGER,ventilation_failure
2026-01-01 08:29:55,L13,0.6455,39.98,0.2987,19.257,29.46,88.91,DANGER,ventilation_failure
2026-01-01 08:30:00,L13,0.6662,42.49,0.2998,19.217,29.58,89.13,DANGER,ventilation_failure
2026-01-01 08:30:05,L13,0.6751,40.52,0.3083,19.166,29.7,89.66,DANGER,ventilation_failure
2026-01-01 08:30:10,L13,0.7078,43.51,0.316,19.164,30.08,88.74,DANGER,ventilation_failure
2026-01-01 08:30:15,L13,0.7103,41.85,0.3187,19.135,29.78,88.83,DANGER,ventilation_failure
2026-01-01 08:30:20,L13,0.7279,43.92,0.3198,19.171,29.95,90.11,DANGER,ventilation_failure
2026-01-01 08:30:25,L13,0.754,43.28,0.3142,19.052,29.86,89.85,CRITICAL,ventilation_failure
2026-01-01 08:30:30,L13,0.7373,47.8,0.3268,19.016,29.95,90.14,DANGER,ventilation_failure
2026-01-01 08:30:35,L13,0.7598,45.38,0.3465,19.02,29.9,88.29,CRITICAL,ventilation_failure
2026-01-01 08:30:40,L13,0.7497,44.81,0.3355,18.952,30.28,91.21,CRITICAL,ventilation_failure
2026-01-01 08:30:45,L13,0.7986,47.37,0.3335,18.92,30.03,91.39,CRITICAL,ventilation_failure
2026-01-01 08:30:50,L13,0.809,48.79,0.3434,18.879,30.42,91.18,CRITICAL,ventilation_failure
2026-01-01 08:30:55,L13,0.8093,48.71,0.3558,18.869,30.41,92.12,CRITICAL,ventilation_failure
2026-01-01 08:31:00,L13,0.0809,5.12,0.0264,20.563,27.26,73.37,SAFE,fire_heat
2026-01-01 08:31:05,L13,0.1028,6.87,0.0491,20.579,27.83,74.02,SAFE,fire_heat
2026-01-01 08:31:10,L13,0.1148,4.74,0.0692,20.497,27.87,74.7,SAFE,fire_heat
2026-01-01 08:31:15,L13,0.1466,8.65,0.0521,20.494,27.72,74.15,SAFE,fire_heat
2026-01-01 08:31:20,L13,0.1238,8.42,0.0746,20.469,28.05,75.28,SAFE,fire_heat
2026-01-01 08:31:25,L13,0.1297,10.6,0.0697,20.456,28.2,74.41,SAFE,fire_heat
2026-01-01 08:31:30,L13,0.1525,10.43,0.0927,20.441,28.01,74.81,SAFE,fire_heat
2026-01-01 08:31:35,L13,0.1522,10.01,0.0916,20.427,28.51,74.03,SAFE,fire_heat
2026-01-01 08:31:40,L13,0.157,14.2,0.0984,20.399,28.44,75.66,SAFE,fire_heat
2026-01-01 08:31:45,L13,0.1627,13.07,0.1157,20.368,28.87,75.15,SAFE,fire_heat
2026-01-01 08:31:50,L13,0.136,14.94,0.1185,20.352,28.73,76.78,SAFE,fire_heat
2026-01-01 08:31:55,L13,0.2092,14.63,0.1145,20.278,29.07,76.23,SAFE,fire_heat
2026-01-01 08:32:00,L13,0.1845,15.76,0.1427,20.291,29.37,75.89,SAFE,fire_heat
2026-01-01 08:32:05,L13,0.2067,13.73,0.1236,20.305,29.46,76.95,SAFE,fire_heat
2026-01-01 08:32:10,L13,0.2351,18.39,0.1456,20.23,29.53,76.45,SAFE,fire_heat
2026-01-01 08:32:15,L13,0.2367,18.5,0.1443,20.223,29.58,77.08,SAFE,fire_heat
2026-01-01 08:32:20,L13,0.2846,17.86,0.1464,20.193,29.5,75.74,SAFE,fire_heat
2026-01-01 08:32:25,L13,0.2406,19.03,0.1567,20.181,29.8,76.95,WARNING,fire_heat
2026-01-01 08:32:30,L13,0.3076,20.81,0.1729,20.137,29.97,77.14,WARNING,fire_heat
2026-01-01 08:32:35,L13,0.3056,19.45,0.1835,20.127,30.1,75.65,WARNING,fire_heat
2026-01-01 08:32:40,L13,0.3093,18.34,0.1967,20.09,30.05,78.24,WARNING,fire_heat
2026-01-01 08:32:45,L13,0.3281,20.89,0.2075,20.067,30.49,76.26,WARNING,fire_heat
2026-01-01 08:32:50,L13,0.3234,22.36,0.2054,20.034,30.38,76.3,WARNING,fire_heat
2026-01-01 08:32:55,L13,0.3027,22.78,0.2071,19.964,30.93,75.22,WARNING,fire_heat
2026-01-01 08:33:00,L13,0.3468,25.52,0.2264,19.932,30.86,78.03,WARNING,fire_heat
2026-01-01 08:33:05,L13,0.3277,22.81,0.2206,19.93,31.12,76.49,WARNING,fire_heat
2026-01-01 08:33:10,L13,0.3528,23.7,0.2203,19.961,31.26,77.54,WARNING,fire_heat
2026-01-01 08:33:15,L13,0.3704,24.07,0.248,19.882,31.56,78.78,WARNING,fire_heat
2026-01-01 08:33:20,L13,0.3687,27.01,0.2586,19.87,31.42,78.41,WARNING,fire_heat
2026-01-01 08:33:25,L13,0.4074,24.78,0.2489,19.775,31.47,77.91,WARNING,fire_heat
2026-01-01 08:33:30,L13,0.4008,28.89,0.2786,19.813,31.61,77.29,WARNING,fire_heat
2026-01-01 08:33:35,L13,0.421,27.09,0.275,19.783,32.03,78.63,DANGER,fire_heat
2026-01-01 08:33:40,L13,0.4256,28.03,0.2813,19.673,31.75,79.55,WARNING,fire_heat
2026-01-01 08:33:45,L13,0.4384,32.55,0.2812,19.736,31.95,79.58,WARNING,fire_heat
2026-01-01 08:33:50,L13,0.4341,32.45,0.3009,19.651,32.26,80.6,DANGER,fire_heat
2026-01-01 08:33:55,L13,0.4406,31.49,0.2881,19.652,32.34,78.8,DANGER,fire_heat
2026-01-01 08:34:00,L13,0.4667,30.05,0.305,19.677,32.64,78.42,DANGER,fire_heat
2026-01-01 08:34:05,L13,0.4654,35.74,0.3093,19.625,32.44,79.88,DANGER,fire_heat
2026-01-01 08:34:10,L13,0.5116,33.14,0.3122,19.58,32.77,79.95,DANGER,fire_heat
2026-01-01 08:34:15,L13,0.4809,34.51,0.337,19.551,32.89,79.93,DANGER,fire_heat
2026-01-01 08:34:20,L13,0.5474,36.21,0.3403,19.527,32.89,79.49,DANGER,fire_heat
2026-01-01 08:34:25,L13,0.5277,32.6,0.3515,19.518,33.32,78.11,DANGER,fire_heat
2026-01-01 08:34:30,L13,0.5351,35.3,0.3503,19.45,33.32,79.58,CRITICAL,fire_heat
2026-01-01 08:34:35,L13,0.5367,36.86,0.3679,19.493,33.45,80.99,CRITICAL,fire_heat
2026-01-01 08:34:40,L13,0.5655,37.86,0.3681,19.398,33.48,80.92,CRITICAL,fire_heat
2026-01-01 08:34:45,L13,0.5634,36.42,0.3712,19.354,33.69,81.62,CRITICAL,fire_heat
2026-01-01 08:34:50,L13,0.5818,39.57,0.3773,19.409,33.73,81.27,CRITICAL,fire_heat
2026-01-01 08:34:55,L13,0.6008,39.84,0.374,19.34,34.15,81.74,CRITICAL,fire_heat
2026-01-01 08:35:00,L13,0.609,42.99,0.4067,19.328,34.32,81.91,CRITICAL,fire_heat
2026-01-01 08:35:05,L13,0.6284,42.7,0.4133,19.319,34.55,81.47,CRITICAL,fire_heat
2026-01-01 08:35:10,L13,0.6287,41.5,0.4357,19.251,34.5,81.63,CRITICAL,fire_heat
2026-01-01 08:35:15,L13,0.6172,42.32,0.4171,19.25,34.52,79.43,CRITICAL,fire_heat
2026-01-01 08:35:20,L13,0.6111,44.84,0.4219,19.238,34.64,81.39,CRITICAL,fire_heat
2026-01-01 08:35:25,L13,0.6563,44.45,0.4211,19.242,34.93,81.57,CRITICAL,fire_heat
2026-01-01 08:35:30,L13,0.6674,42.68,0.4499,19.15,35.02,82.13,CRITICAL,fire_heat
2026-01-01 08:35:35,L13,0.7037,48.58,0.4555,19.125,35.1,81.62,CRITICAL,fire_heat
2026-01-01 08:35:40,L13,0.6839,44.66,0.4696,19.129,35.23,83.27,CRITICAL,fire_heat
2026-01-01 08:35:45,L13,0.7021,50.57,0.4573,19.092,35.58,81.97,CRITICAL,fire_heat
2026-01-01 08:35:50,L13,0.719,48.2,0.4778,19.055,35.48,83.71,CRITICAL,fire_heat
2026-01-01 08:35:55,L13,0.7259,47.31,0.4754,19.08,35.89,82.21,CRITICAL,fire_heat
2026-01-01 08:36:00,L13,0.7416,45.42,0.4978,18.955,35.85,82.65,CRITICAL,fire_heat
2026-01-01 08:36:05,L13,0.7275,50.84,0.4988,18.936,35.91,82.74,CRITICAL,fire_heat
2026-01-01 08:36:10,L13,0.1687,6.7,0.0368,20.88,25.61,67.84,SAFE,combined_hazard
2026-01-01 08:36:15,L13,0.1996,6.96,0.0538,20.809,25.96,67.63,SAFE,combined_hazard
2026-01-01 08:36:20,L13,0.2019,6.03,0.0573,20.843,25.9,68.45,SAFE,combined_hazard
2026-01-01 08:36:25,L13,0.1939,5.63,0.0431,20.791,26.21,67.52,SAFE,combined_hazard
2026-01-01 08:36:30,L13,0.2233,2.17,0.074,20.811,26.59,67.94,SAFE,combined_hazard
2026-01-01 08:36:35,L13,0.23,5.97,0.0851,20.731,26.57,67.43,SAFE,combined_hazard
2026-01-01 08:36:40,L13,0.2593,6.11,0.0846,20.707,26.9,70.07,SAFE,combined_hazard
2026-01-01 08:36:45,L13,0.2664,7.5,0.0913,20.633,26.89,68.59,SAFE,combined_hazard
2026-01-01 08:36:50,L13,0.2953,13.27,0.0871,20.591,26.99,68.76,SAFE,combined_hazard
2026-01-01 08:36:55,L13,0.2806,9.28,0.0917,20.613,27.26,69.74,SAFE,combined_hazard
2026-01-01 08:37:00,L13,0.3023,10.41,0.1036,20.53,27.5,70.39,SAFE,combined_hazard
2026-01-01 08:37:05,L13,0.3026,11.4,0.1157,20.551,27.29,69.21,SAFE,combined_hazard
2026-01-01 08:37:10,L13,0.3314,17.46,0.1219,20.551,27.82,70.97,SAFE,combined_hazard
2026-01-01 08:37:15,L13,0.3224,14.24,0.1177,20.496,27.77,70.03,SAFE,combined_hazard
2026-01-01 08:37:20,L13,0.3637,16.61,0.1232,20.453,27.9,71.67,SAFE,combined_hazard
2026-01-01 08:37:25,L13,0.3714,16.16,0.1221,20.412,28.33,70.35,SAFE,combined_hazard
2026-01-01 08:37:30,L13,0.388,13.69,0.1456,20.361,28.62,71.63,SAFE,combined_hazard
2026-01-01 08:37:35,L13,0.4109,19.75,0.1437,20.337,28.62,71.33,SAFE,combined_hazard
2026-01-01 08:37:40,L13,0.4159,18.83,0.1508,20.292,28.55,70.65,WARNING,combined_hazard
2026-01-01 08:37:45,L13,0.4068,18.82,0.1734,20.238,28.83,70.67,WARNING,combined_hazard
2026-01-01 08:37:50,L13,0.431,22.42,0.1708,20.246,29.03,71.47,WARNING,combined_hazard
2026-01-01 08:37:55,L13,0.4516,20.04,0.175,20.247,29.29,73.11,WARNING,combined_hazard
2026-01-01 08:38:00,L13,0.4613,21.12,0.1855,20.143,29.42,71.02,WARNING,combined_hazard
2026-01-01 08:38:05,L13,0.4765,21.6,0.1966,20.192,29.68,73.1,WARNING,combined_hazard
2026-01-01 08:38:10,L13,0.5174,24.51,0.1787,20.155,29.92,73.28,WARNING,combined_hazard
2026-01-01 08:38:15,L13,0.508,24.89,0.1935,20.098,29.99,71.99,WARNING,combined_hazard
2026-01-01 08:38:20,L13,0.5256,24.87,0.2026,20.067,30.25,72.96,WARNING,combined_hazard
2026-01-01 08:38:25,L13,0.5032,23.65,0.2031,20.017,30.24,73.21,WARNING,combined_hazard
2026-01-01 08:38:30,L13,0.5579,25.45,0.2152,19.992,30.94,74.15,DANGER,combined_hazard
2026-01-01 08:38:35,L13,0.6029,25.2,0.2113,19.946,30.7,75.54,DANGER,combined_hazard
2026-01-01 08:38:40,L13,0.5938,29.3,0.2375,19.929,30.89,75.48,DANGER,combined_hazard
2026-01-01 08:38:45,L13,0.5804,25.98,0.2324,19.9,31.22,74.58,DANGER,combined_hazard
2026-01-01 08:38:50,L13,0.6346,31.51,0.2445,19.921,31.14,74.46,DANGER,combined_hazard
2026-01-01 08:38:55,L13,0.6143,31.82,0.2498,19.849,31.2,74.14,DANGER,combined_hazard
2026-01-01 08:39:00,L13,0.6319,29.29,0.2602,19.794,31.66,75.34,DANGER,combined_hazard
2026-01-01 08:39:05,L13,0.6367,30.82,0.2425,19.766,31.84,75.18,DANGER,combined_hazard
2026-01-01 08:39:10,L13,0.6497,31.16,0.2722,19.716,31.83,76.12,DANGER,combined_hazard
2026-01-01 08:39:15,L13,0.6338,33.65,0.2728,19.689,32.24,76.41,DANGER,combined_hazard
2026-01-01 08:39:20,L13,0.6928,35.9,0.2847,19.701,32.13,76.28,DANGER,combined_hazard
2026-01-01 08:39:25,L13,0.6899,36.34,0.2784,19.627,32.45,76.55,DANGER,combined_hazard
2026-01-01 08:39:30,L13,0.705,34.69,0.2975,19.591,32.71,76.62,DANGER,combined_hazard
2026-01-01 08:39:35,L13,0.7253,38.0,0.311,19.56,32.67,77.02,DANGER,combined_hazard
2026-01-01 08:39:40,L13,0.7284,38.65,0.3086,19.525,32.89,78.83,DANGER,combined_hazard
2026-01-01 08:39:45,L13,0.752,37.39,0.3077,19.548,33.14,78.35,CRITICAL,combined_hazard
2026-01-01 08:39:50,L13,0.7795,38.43,0.3145,19.487,33.1,78.62,CRITICAL,combined_hazard
2026-01-01 08:39:55,L13,0.781,41.54,0.3309,19.443,33.21,79.26,CRITICAL,combined_hazard
2026-01-01 08:40:00,L13,0.786,41.59,0.3372,19.42,33.7,79.44,CRITICAL,combined_hazard
2026-01-01 08:40:05,L13,0.7999,42.62,0.3419,19.394,33.71,80.1,CRITICAL,combined_hazard
2026-01-01 08:40:10,L13,0.8182,45.44,0.3452,19.333,33.76,79.69,CRITICAL,combined_hazard
2026-01-01 08:40:15,L13,0.8161,43.16,0.3535,19.282,34.02,79.64,CRITICAL,combined_hazard
2026-01-01 08:40:20,L13,0.8451,43.6,0.3578,19.332,34.25,79.25,CRITICAL,combined_hazard
2026-01-01 08:40:25,L13,0.8657,45.93,0.3617,19.29,34.11,79.32,CRITICAL,combined_hazard
2026-01-01 08:40:30,L13,0.8702,47.65,0.3772,19.24,34.62,80.94,CRITICAL,combined_hazard
2026-01-01 08:40:35,L13,0.8759,44.53,0.38,19.225,34.74,80.41,CRITICAL,combined_hazard
2026-01-01 08:40:40,L13,0.8914,45.92,0.3943,19.223,35.1,79.66,CRITICAL,combined_hazard
2026-01-01 08:40:45,L13,0.9189,45.48,0.3993,19.117,34.99,79.33,CRITICAL,combined_hazard
2026-01-01 08:40:50,L13,0.9061,48.3,0.399,19.068,35.4,82.98,CRITICAL,combined_hazard
2026-01-01 08:40:55,L13,0.9237,49.89,0.4079,19.09,35.35,80.73,CRITICAL,combined_hazard
2026-01-01 08:41:00,L13,0.9253,47.91,0.4019,18.994,35.55,81.22,CRITICAL,combined_hazard
2026-01-01 08:41:05,L13,0.9633,51.82,0.4154,19.007,35.74,83.01,CRITICAL,combined_hazard
2026-01-01 08:41:10,L13,0.9892,50.21,0.4252,18.966,36.18,81.32,CRITICAL,combined_hazard
2026-01-01 08:41:15,L13,1.0096,50.87,0.4162,18.963,35.85,82.96,CRITICAL,combined_hazard
2026-01-01 08:41:20,L13,1.0263,54.14,0.4387,18.897,36.28,84.25,CRITICAL,combined_hazard
2026-01-01 08:41:25,L13,1.0062,52.29,0.434,18.915,36.38,84.74,CRITICAL,combined_hazard
2026-01-01 08:41:30,L13,1.0337,51.9,0.4413,18.825,36.54,82.95,CRITICAL,combined_hazard
2026-01-01 08:41:35,L13,1.0373,55.9,0.4502,18.837,36.8,83.55,CRITICAL,combined_hazard
2026-01-01 08:00:00,L14,0.1901,1.36,0.0681,20.41,26.45,74.23,SAFE,normal
2026-01-01 08:00:05,L14,0.1922,0.61,0.0855,20.442,26.55,74.28,SAFE,normal
2026-01-01 08:00:10,L14,0.1412,2.02,0.0748,20.424,26.32,73.23,SAFE,normal
2026-01-01 08:00:15,L14,0.1924,3.93,0.067,20.419,26.65,73.33,SAFE,normal
2026-01-01 08:00:20,L14,0.2045,2.6,0.071,20.456,26.48,73.18,SAFE,normal
2026-01-01 08:00:25,L14,0.1844,3.69,0.0524,20.44,26.63,72.11,SAFE,normal
2026-01-01 08:00:30,L14,0.1956,5.58,0.0601,20.391,26.56,72.71,SAFE,normal
2026-01-01 08:00:35,L14,0.2013,2.21,0.0745,20.449,26.55,71.36,SAFE,normal
2026-01-01 08:00:40,L14,0.1863,3.69,0.0714,20.462,26.59,71.5,SAFE,normal
2026-01-01 08:00:45,L14,0.1959,4.9,0.0733,20.399,26.67,72.07,SAFE,normal
2026-01-01 08:00:50,L14,0.1847,2.15,0.072,20.371,26.88,71.17,SAFE,normal
2026-01-01 08:00:55,L14,0.1845,3.97,0.0726,20.411,26.3,70.87,SAFE,normal
2026-01-01 08:01:00,L14,0.1761,6.66,0.0743,20.442,26.71,71.19,SAFE,normal
2026-01-01 08:01:05,L14,0.1894,3.5,0.0658,20.478,26.65,72.55,SAFE,normal
2026-01-01 08:01:10,L14,0.2159,5.77,0.0733,20.424,26.63,72.76,SAFE,normal
2026-01-01 08:01:15,L14,0.1748,4.11,0.066,20.47,26.32,71.36,SAFE,normal
2026-01-01 08:01:20,L14,0.1984,7.17,0.0718,20.37,26.78,71.72,SAFE,normal
2026-01-01 08:01:25,L14,0.1948,2.16,0.0871,20.465,26.69,70.68,SAFE,normal
2026-01-01 08:01:30,L14,0.2128,4.88,0.077,20.45,26.61,69.35,SAFE,normal
2026-01-01 08:01:35,L14,0.2164,2.72,0.084,20.528,26.76,70.16,SAFE,normal
2026-01-01 08:01:40,L14,0.1784,4.04,0.081,20.411,26.72,70.51,SAFE,normal
2026-01-01 08:01:45,L14,0.1844,4.18,0.0778,20.471,26.52,70.74,SAFE,normal
2026-01-01 08:01:50,L14,0.186,5.0,0.0737,20.417,26.82,70.42,SAFE,normal
2026-01-01 08:01:55,L14,0.1874,3.77,0.0794,20.461,26.91,70.15,SAFE,normal
2026-01-01 08:02:00,L14,0.1894,5.6,0.0849,20.429,26.76,69.79,SAFE,normal
2026-01-01 08:02:05,L14,0.2014,6.55,0.0889,20.552,26.9,70.4,SAFE,normal
2026-01-01 08:02:10,L14,0.1842,3.72,0.086,20.475,26.89,68.9,SAFE,normal
2026-01-01 08:02:15,L14,0.1871,5.22,0.0911,20.482,27.05,70.51,SAFE,normal
2026-01-01 08:02:20,L14,0.1867,10.14,0.0745,20.49,26.89,69.27,SAFE,normal
2026-01-01 08:02:25,L14,0.2067,6.97,0.0945,20.461,27.05,71.27,SAFE,normal
2026-01-01 08:02:30,L14,0.1991,3.91,0.0793,20.529,26.9,69.24,SAFE,normal
2026-01-01 08:02:35,L14,0.1972,4.69,0.0971,20.52,27.26,68.98,SAFE,normal
2026-01-01 08:02:40,L14,0.189,7.28,0.094,20.531,26.92,68.79,SAFE,normal
2026-01-01 08:02:45,L14,0.1784,7.25,0.0759,20.47,26.9,68.74,SAFE,normal
2026-01-01 08:02:50,L14,0.2277,6.37,0.0976,20.543,27.0,69.47,SAFE,normal
2026-01-01 08:02:55,L14,0.1996,10.69,0.1005,20.543,26.93,68.83,SAFE,normal
2026-01-01 08:03:00,L14,0.2454,11.49,0.1034,20.508,26.86,69.52,SAFE,normal
2026-01-01 08:03:05,L14,0.2171,7.32,0.088,20.545,27.18,68.98,SAFE,normal
2026-01-01 08:03:10,L14,0.2338,9.18,0.0964,20.529,26.63,68.51,SAFE,normal
2026-01-01 08:03:15,L14,0.222,9.41,0.1014,20.476,27.0,68.65,SAFE,normal
2026-01-01 08:03:20,L14,0.2102,9.76,0.1025,20.521,26.92,69.19,SAFE,normal
2026-01-01 08:03:25,L14,0.1997,7.37,0.1008,20.515,27.16,68.63,SAFE,normal
2026-01-01 08:03:30,L14,0.1948,11.39,0.0949,20.535,26.83,68.2,SAFE,normal
2026-01-01 08:03:35,L14,0.227,8.54,0.107,20.566,27.26,68.19,SAFE,normal
2026-01-01 08:03:40,L14,0.215,9.43,0.1079,20.489,27.29,66.8,SAFE,normal
2026-01-01 08:03:45,L14,0.221,8.95,0.0996,20.528,26.97,69.66,SAFE,normal
2026-01-01 08:03:50,L14,0.2248,8.89,0.0954,20.519,27.26,67.89,SAFE,normal
2026-01-01 08:03:55,L14,0.2187,9.67,0.0966,20.524,27.33,67.85,SAFE,normal
2026-01-01 08:04:00,L14,0.207,7.63,0.1142,20.525,27.41,67.2,SAFE,normal
2026-01-01 08:04:05,L14,0.2301,6.61,0.1117,20.555,27.06,65.25,SAFE,normal
2026-01-01 08:04:10,L14,0.2127,9.4,0.1048,20.571,27.06,66.75,SAFE,normal
2026-01-01 08:04:15,L14,0.2178,8.55,0.1042,20.569,27.54,66.9,SAFE,normal
2026-01-01 08:04:20,L14,0.228,10.85,0.0925,20.567,27.21,66.06,SAFE,normal
2026-01-01 08:04:25,L14,0.2171,10.83,0.1068,20.583,27.28,65.92,SAFE,normal
2026-01-01 08:04:30,L14,0.1915,10.36,0.0987,20.639,27.47,66.19,SAFE,normal
2026-01-01 08:04:35,L14,0.2352,12.71,0.1104,20.574,27.22,66.95,SAFE,normal
2026-01-01 08:04:40,L14,0.2392,10.63,0.1194,20.604,27.37,67.21,SAFE,normal
2026-01-01 08:04:45,L14,0.1937,8.61,0.1029,20.605,27.56,66.22,SAFE,normal
2026-01-01 08:04:50,L14,0.2063,10.62,0.1135,20.632,27.23,65.5,SAFE,normal
2026-01-01 08:04:55,L14,0.253,12.86,0.1204,20.599,27.39,65.54,SAFE,normal
2026-01-01 08:05:00,L14,0.2269,8.43,0.115,20.56,27.31,65.78,SAFE,normal
2026-01-01 08:05:05,L14,0.2243,11.27,0.1099,20.597,27.38,65.75,SAFE,normal
2026-01-01 08:05:10,L14,0.0506,5.57,0.0878,20.827,26.26,71.73,SAFE,methane_buildup
2026-01-01 08:05:15,L14,0.0795,7.65,0.0934,20.786,26.21,69.22,SAFE,methane_buildup
2026-01-01 08:05:20,L14,0.1,8.34,0.103,20.757,26.44,72.71,SAFE,methane_buildup
2026-01-01 08:05:25,L14,0.1468,5.69,0.08,20.737,26.17,71.56,SAFE,methane_buildup
2026-01-01 08:05:30,L14,0.135,5.35,0.0943,20.769,26.49,70.06,SAFE,methane_buildup
2026-01-01 08:05:35,L14,0.1459,9.04,0.0926,20.757,26.48,72.3,SAFE,methane_buildup
2026-01-01 08:05:40,L14,0.1496,10.4,0.1034,20.759,26.34,70.7,SAFE,methane_buildup
2026-01-01 08:05:45,L14,0.186,8.32,0.0937,20.728,26.52,70.82,SAFE,methane_buildup
2026-01-01 08:05:50,L14,0.185,8.53,0.0932,20.727,26.58,70.02,SAFE,methane_buildup
2026-01-01 08:05:55,L14,0.2038,7.27,0.0957,20.677,26.57,70.85,SAFE,methane_buildup
2026-01-01 08:06:00,L14,0.2164,8.13,0.0966,20.688,26.62,71.02,SAFE,methane_buildup
2026-01-01 08:06:05,L14,0.2471,8.48,0.1013,20.62,26.47,72.35,SAFE,methane_buildup
2026-01-01 08:06:10,L14,0.2622,7.78,0.0835,20.633,26.65,72.71,SAFE,methane_buildup
2026-01-01 08:06:15,L14,0.2519,10.17,0.0874,20.564,26.77,70.86,SAFE,methane_buildup
2026-01-01 08:06:20,L14,0.2704,8.51,0.1048,20.605,26.77,72.15,SAFE,methane_buildup
2026-01-01 08:06:25,L14,0.2834,8.8,0.0757,20.625,26.78,70.54,SAFE,methane_buildup
2026-01-01 08:06:30,L14,0.3116,8.19,0.0911,20.575,27.13,72.31,SAFE,methane_buildup
2026-01-01 08:06:35,L14,0.337,8.44,0.0934,20.579,27.0,73.9,SAFE,methane_buildup
2026-01-01 08:06:40,L14,0.3408,10.45,0.0912,20.551,27.4,70.82,SAFE,methane_buildup
2026-01-01 08:06:45,L14,0.3195,8.93,0.1057,20.51,27.16,71.51,SAFE,methane_buildup
2026-01-01 08:06:50,L14,0.3783,9.06,0.0972,20.506,27.34,72.99,SAFE,methane_buildup
2026-01-01 08:06:55,L14,0.3612,9.18,0.0907,20.532,27.2,73.16,SAFE,methane_buildup
2026-01-01 08:07:00,L14,0.3852,8.45,0.0892,20.502,27.19,71.81,SAFE,methane_buildup
2026-01-01 08:07:05,L14,0.4134,6.98,0.0969,20.447,27.38,73.82,SAFE,methane_buildup
2026-01-01 08:07:10,L14,0.4237,11.55,0.1044,20.409,27.59,72.07,SAFE,methane_buildup
2026-01-01 08:07:15,L14,0.4526,10.89,0.0966,20.441,27.44,74.14,SAFE,methane_buildup
2026-01-01 08:07:20,L14,0.4449,11.25,0.0948,20.402,27.57,73.25,SAFE,methane_buildup
2026-01-01 08:07:25,L14,0.454,7.86,0.0908,20.399,27.6,73.97,SAFE,methane_buildup
2026-01-01 08:07:30,L14,0.4784,11.73,0.0997,20.345,27.6,73.33,SAFE,methane_buildup
2026-01-01 08:07:35,L14,0.5122,12.61,0.0997,20.405,27.66,73.64,WARNING,methane_buildup
2026-01-01 08:07:40,L14,0.5215,11.32,0.0918,20.355,27.57,73.76,WARNING,methane_buildup
2026-01-01 08:07:45,L14,0.5279,12.32,0.1062,20.344,27.77,74.18,WARNING,methane_buildup
2026-01-01 08:07:50,L14,0.561,11.14,0.1121,20.302,27.93,73.32,WARNING,methane_buildup
2026-01-01 08:07:55,L14,0.5728,8.77,0.0992,20.304,27.93,72.71,SAFE,methane_buildup
2026-01-01 08:08:00,L14,0.582,10.9,0.1017,20.3,27.96,73.44,WARNING,methane_buildup
2026-01-01 08:08:05,L14,0.567,8.7,0.0908,20.263,28.1,73.05,SAFE,methane_buildup
2026-01-01 08:08:10,L14,0.611,9.43,0.106,20.259,28.07,73.18,SAFE,methane_buildup
2026-01-01 08:08:15,L14,0.6107,10.89,0.1042,20.292,28.1,75.06,WARNING,methane_buildup
2026-01-01 08:08:20,L14,0.6223,10.79,0.0983,20.183,28.26,74.32,WARNING,methane_buildup
2026-01-01 08:08:25,L14,0.6325,11.3,0.0954,20.225,28.22,74.36,WARNING,methane_buildup
2026-01-01 08:08:30,L14,0.6547,8.01,0.1165,20.181,28.22,74.83,SAFE,methane_buildup
2026-01-01 08:08:35,L14,0.6624,10.56,0.1052,20.229,28.38,74.55,WARNING,methane_buildup
2026-01-01 08:08:40,L14,0.6889,11.71,0.0952,20.168,28.36,75.63,WARNING,methane_buildup
2026-01-01 08:08:45,L14,0.6982,12.11,0.1098,20.127,28.38,72.54,WARNING,methane_buildup
2026-01-01 08:08:50,L14,0.7187,12.3,0.1053,20.137,28.5,73.49,WARNING,methane_buildup
2026-01-01 08:08:55,L14,0.7382,11.55,0.1043,20.138,28.55,73.81,WARNING,methane_buildup
2026-01-01 08:09:00,L14,0.74,10.7,0.1121,20.196,28.42,73.35,WARNING,methane_buildup
2026-01-01 08:09:05,L14,0.7478,12.12,0.0838,20.034,28.68,74.62,WARNING,methane_buildup
2026-01-01 08:09:10,L14,0.7433,11.01,0.0906,20.046,28.97,74.73,WARNING,methane_buildup
2026-01-01 08:09:15,L14,0.7995,12.9,0.1165,20.105,28.6,76.26,WARNING,methane_buildup
2026-01-01 08:09:20,L14,0.8036,12.29,0.1049,20.006,28.72,75.49,WARNING,methane_buildup
2026-01-01 08:09:25,L14,0.8143,11.65,0.1029,20.036,29.27,74.44,WARNING,methane_buildup
2026-01-01 08:09:30,L14,0.8491,10.68,0.096,20.006,28.78,75.32,WARNING,methane_buildup
2026-01-01 08:09:35,L14,0.8267,13.61,0.1087,19.986,29.15,73.54,WARNING,methane_buildup
2026-01-01 08:09:40,L14,0.8614,12.86,0.1101,19.984,28.98,75.19,WARNING,methane_buildup
2026-01-01 08:09:45,L14,0.8606,15.27,0.1195,19.964,29.07,75.23,WARNING,methane_buildup
2026-01-01 08:09:50,L14,0.8994,13.0,0.1114,19.99,29.1,74.51,WARNING,methane_buildup
2026-01-01 08:09:55,L14,0.8707,13.22,0.1064,19.983,29.24,75.15,WARNING,methane_buildup
2026-01-01 08:10:00,L14,0.9307,10.21,0.1125,19.941,28.99,74.84,WARNING,methane_buildup
2026-01-01 08:10:05,L14,0.9446,12.96,0.1185,19.906,29.31,74.72,WARNING,methane_buildup
2026-01-01 08:10:10,L14,0.9338,12.12,0.1172,19.905,29.27,76.09,WARNING,methane_buildup
2026-01-01 08:10:15,L14,0.9631,13.93,0.1155,19.906,29.11,76.45,WARNING,methane_buildup
2026-01-01 08:10:20,L14,0.071,3.64,0.0786,20.817,26.09,66.64,SAFE,co_buildup
2026-01-01 08:10:25,L14,0.0976,8.77,0.0933,20.852,26.33,65.3,SAFE,co_buildup
2026-01-01 08:10:30,L14,0.1012,8.28,0.0865,20.85,26.15,66.39,SAFE,co_buildup
2026-01-01 08:10:35,L14,0.0734,11.05,0.097,20.859,26.11,66.56,SAFE,co_buildup
2026-01-01 08:10:40,L14,0.0993,9.34,0.1108,20.824,26.42,66.43,SAFE,co_buildup
2026-01-01 08:10:45,L14,0.1031,10.59,0.0967,20.813,26.44,67.35,SAFE,co_buildup
2026-01-01 08:10:50,L14,0.0909,10.46,0.1126,20.826,26.33,68.58,SAFE,co_buildup
2026-01-01 08:10:55,L14,0.1102,10.19,0.1037,20.746,26.47,67.9,SAFE,co_buildup
2026-01-01 08:11:00,L14,0.0845,11.53,0.1103,20.753,26.53,69.56,SAFE,co_buildup
2026-01-01 08:11:05,L14,0.0977,10.98,0.0854,20.733,26.62,68.59,SAFE,co_buildup
2026-01-01 08:11:10,L14,0.1239,14.0,0.1109,20.683,26.77,69.38,SAFE,co_buildup
2026-01-01 08:11:15,L14,0.1188,13.6,0.1113,20.781,26.67,69.76,SAFE,co_buildup
2026-01-01 08:11:20,L14,0.1229,14.55,0.1061,20.791,26.89,70.83,SAFE,co_buildup
2026-01-01 08:11:25,L14,0.1224,19.57,0.1257,20.757,26.77,69.27,SAFE,co_buildup
2026-01-01 08:11:30,L14,0.1365,15.37,0.1082,20.744,27.15,70.43,SAFE,co_buildup
2026-01-01 08:11:35,L14,0.1405,17.09,0.1008,20.727,27.22,69.56,SAFE,co_buildup
2026-01-01 08:11:40,L14,0.147,17.17,0.1215,20.719,26.89,71.93,SAFE,co_buildup
2026-01-01 08:11:45,L14,0.1404,19.63,0.1054,20.76,26.89,69.96,SAFE,co_buildup
2026-01-01 08:11:50,L14,0.136,18.89,0.119,20.748,27.28,71.34,SAFE,co_buildup
2026-01-01 08:11:55,L14,0.1369,18.76,0.1307,20.676,27.23,72.52,SAFE,co_buildup
2026-01-01 08:12:00,L14,0.1327,23.25,0.1255,20.719,27.33,70.55,SAFE,co_buildup
2026-01-01 08:12:05,L14,0.1459,19.16,0.1211,20.715,27.21,72.22,SAFE,co_buildup
2026-01-01 08:12:10,L14,0.1462,20.8,0.1219,20.69,27.34,71.19,SAFE,co_buildup
2026-01-01 08:12:15,L14,0.1827,23.1,0.1364,20.674,27.37,74.09,SAFE,co_buildup
2026-01-01 08:12:20,L14,0.1463,21.14,0.118,20.666,27.53,70.95,SAFE,co_buildup
2026-01-01 08:12:25,L14,0.1809,24.15,0.1356,20.603,27.35,71.49,SAFE,co_buildup
2026-01-01 08:12:30,L14,0.1647,22.92,0.1485,20.592,27.58,72.04,SAFE,co_buildup
2026-01-01 08:12:35,L14,0.169,25.79,0.1369,20.655,27.46,72.31,WARNING,co_buildup
2026-01-01 08:12:40,L14,0.1815,26.39,0.1322,20.591,27.63,73.83,WARNING,co_buildup
2026-01-01 08:12:45,L14,0.1575,25.42,0.1344,20.575,27.75,75.09,WARNING,co_buildup
2026-01-01 08:12:50,L14,0.1702,24.7,0.1334,20.546,27.9,74.82,SAFE,co_buildup
2026-01-01 08:12:55,L14,0.1669,26.25,0.1336,20.587,27.97,74.32,WARNING,co_buildup
2026-01-01 08:13:00,L14,0.1832,27.45,0.1413,20.604,28.05,74.38,WARNING,co_buildup
2026-01-01 08:13:05,L14,0.1786,29.45,0.1474,20.599,27.77,74.12,WARNING,co_buildup
2026-01-01 08:13:10,L14,0.2154,29.23,0.1564,20.603,28.24,75.16,WARNING,co_buildup
2026-01-01 08:13:15,L14,0.1902,30.2,0.1294,20.558,28.02,74.92,WARNING,co_buildup
2026-01-01 08:13:20,L14,0.1667,30.56,0.1271,20.565,28.08,75.47,WARNING,co_buildup
2026-01-01 08:13:25,L14,0.2007,31.94,0.1612,20.58,28.27,74.97,WARNING,co_buildup
2026-01-01 08:13:30,L14,0.2212,31.01,0.1502,20.56,28.23,74.84,WARNING,co_buildup
2026-01-01 08:13:35,L14,0.2369,32.2,0.1522,20.521,28.4,76.06,WARNING,co_buildup
2026-01-01 08:13:40,L14,0.2124,32.63,0.1569,20.54,28.48,76.28,WARNING,co_buildup
2026-01-01 08:13:45,L14,0.2114,32.57,0.153,20.464,28.34,76.04,WARNING,co_buildup
2026-01-01 08:13:50,L14,0.2223,35.38,0.1719,20.516,28.49,76.14,WARNING,co_buildup
2026-01-01 08:13:55,L14,0.2321,35.99,0.1616,20.489,28.55,77.44,WARNING,co_buildup
2026-01-01 08:14:00,L14,0.2123,36.95,0.1556,20.546,28.77,77.59,WARNING,co_buildup
2026-01-01 08:14:05,L14,0.2289,34.64,0.1579,20.463,28.62,78.97,WARNING,co_buildup
2026-01-01 08:14:10,L14,0.2352,36.95,0.1612,20.488,28.67,78.81,WARNING,co_buildup
2026-01-01 08:14:15,L14,0.24,38.7,0.1577,20.464,28.65,76.99,WARNING,co_buildup
2026-01-01 08:14:20,L14,0.2405,39.95,0.179,20.452,28.72,78.03,WARNING,co_buildup
2026-01-01 08:14:25,L14,0.232,36.07,0.168,20.473,28.71,77.33,WARNING,co_buildup
2026-01-01 08:14:30,L14,0.2545,38.97,0.1592,20.441,28.87,77.19,WARNING,co_buildup
2026-01-01 08:14:35,L14,0.2521,39.33,0.1734,20.501,29.27,80.66,WARNING,co_buildup
2026-01-01 08:14:40,L14,0.2554,42.64,0.1833,20.379,29.19,80.32,WARNING,co_buildup
2026-01-01 08:14:45,L14,0.2433,37.58,0.1818,20.449,29.34,78.87,WARNING,co_buildup
2026-01-01 08:14:50,L14,0.2725,39.96,0.1688,20.42,29.06,80.61,WARNING,co_buildup
2026-01-01 08:14:55,L14,0.252,44.32,0.1676,20.413,28.97,80.97,WARNING,co_buildup
2026-01-01 08:15:00,L14,0.2938,42.1,0.1894,20.416,29.37,78.56,WARNING,co_buildup
2026-01-01 08:15:05,L14,0.2553,41.5,0.1666,20.429,29.65,81.01,WARNING,co_buildup
2026-01-01 08:15:10,L14,0.2877,46.35,0.1841,20.399,29.36,80.18,WARNING,co_buildup
2026-01-01 08:15:15,L14,0.251,42.58,0.1782,20.414,29.51,81.11,WARNING,co_buildup
2026-01-01 08:15:20,L14,0.2491,46.9,0.1948,20.377,29.31,83.45,WARNING,co_buildup
2026-01-01 08:15:25,L14,0.2781,43.66,0.1774,20.337,29.61,82.55,WARNING,co_buildup
2026-01-01 08:15:30,L14,0.1928,7.47,0.1036,20.631,27.03,68.71,SAFE,low_oxygen
2026-01-01 08:15:35,L14,0.1911,6.04,0.1013,20.598,27.26,67.56,SAFE,low_oxygen
2026-01-01 08:15:40,L14,0.2217,7.87,0.0977,20.592,27.33,70.09,SAFE,low_oxygen
2026-01-01 08:15:45,L14,0.2396,8.13,0.0901,20.574,27.29,68.6,SAFE,low_oxygen
2026-01-01 08:15:50,L14,0.2168,9.92,0.0952,20.45,27.21,69.51,SAFE,low_oxygen
2026-01-01 08:15:55,L14,0.2168,9.32,0.1204,20.526,27.58,70.95,SAFE,low_oxygen
2026-01-01 08:16:00,L14,0.242,11.24,0.1129,20.374,27.41,71.19,SAFE,low_oxygen
2026-01-01 08:16:05,L14,0.2301,10.32,0.1198,20.362,27.59,71.69,SAFE,low_oxygen
2026-01-01 08:16:10,L14,0.2511,9.42,0.117,20.341,27.29,69.36,SAFE,low_oxygen
2026-01-01 08:16:15,L14,0.2566,9.23,0.1348,20.307,27.78,71.44,SAFE,low_oxygen
2026-01-01 08:16:20,L14,0.2774,9.83,0.1454,20.323,27.55,71.23,SAFE,low_oxygen
2026-01-01 08:16:25,L14,0.2806,11.25,0.1535,20.258,27.9,72.45,WARNING,low_oxygen
2026-01-01 08:16:30,L14,0.2854,10.73,0.1427,20.202,27.83,73.07,SAFE,low_oxygen
2026-01-01 08:16:35,L14,0.3147,9.95,0.1565,20.184,27.57,71.07,SAFE,low_oxygen
2026-01-01 08:16:40,L14,0.3013,13.35,0.1556,20.126,27.87,72.36,WARNING,low_oxygen
2026-01-01 08:16:45,L14,0.2981,12.35,0.1685,20.058,28.13,73.24,WARNING,low_oxygen
2026-01-01 08:16:50,L14,0.307,12.81,0.1664,20.056,27.83,72.53,WARNING,low_oxygen
2026-01-01 08:16:55,L14,0.3071,11.45,0.1649,20.006,28.22,74.43,WARNING,low_oxygen
2026-01-01 08:17:00,L14,0.3104,11.4,0.1871,19.941,28.07,72.94,WARNING,low_oxygen
2026-01-01 08:17:05,L14,0.312,12.99,0.1823,19.967,28.26,73.25,WARNING,low_oxygen
2026-01-01 08:17:10,L14,0.357,10.47,0.1838,19.891,28.13,72.86,WARNING,low_oxygen
2026-01-01 08:17:15,L14,0.3363,14.96,0.193,19.821,28.14,74.07,WARNING,low_oxygen
2026-01-01 08:17:20,L14,0.3589,13.02,0.1907,19.789,28.48,71.76,WARNING,low_oxygen
2026-01-01 08:17:25,L14,0.3568,13.95,0.205,19.797,28.35,74.2,WARNING,low_oxygen
2026-01-01 08:17:30,L14,0.368,15.27,0.2051,19.775,28.26,75.64,WARNING,low_oxygen
2026-01-01 08:17:35,L14,0.3929,14.57,0.2054,19.721,28.4,73.74,WARNING,low_oxygen
2026-01-01 08:17:40,L14,0.3853,13.43,0.2358,19.684,28.3,73.79,WARNING,low_oxygen
2026-01-01 08:17:45,L14,0.376,17.72,0.2137,19.607,28.45,76.2,WARNING,low_oxygen
2026-01-01 08:17:50,L14,0.3885,13.44,0.2296,19.597,28.66,76.54,WARNING,low_oxygen
2026-01-01 08:17:55,L14,0.4169,12.67,0.2323,19.547,28.5,74.68,WARNING,low_oxygen
2026-01-01 08:18:00,L14,0.4184,17.61,0.2287,19.514,28.44,77.38,WARNING,low_oxygen
2026-01-01 08:18:05,L14,0.4321,14.39,0.2392,19.479,28.47,76.57,WARNING,low_oxygen
2026-01-01 08:18:10,L14,0.4218,18.74,0.2362,19.426,28.67,77.29,WARNING,low_oxygen
2026-01-01 08:18:15,L14,0.4116,17.7,0.2685,19.431,28.58,76.04,WARNING,low_oxygen
2026-01-01 08:18:20,L14,0.4473,17.84,0.2549,19.341,28.54,78.1,WARNING,low_oxygen
2026-01-01 08:18:25,L14,0.4506,16.84,0.2606,19.295,28.62,76.92,WARNING,low_oxygen
2026-01-01 08:18:30,L14,0.4581,16.73,0.2826,19.273,29.02,77.11,WARNING,low_oxygen
2026-01-01 08:18:35,L14,0.4403,17.68,0.2655,19.286,28.87,77.98,WARNING,low_oxygen
2026-01-01 08:18:40,L14,0.4585,17.21,0.2875,19.233,28.94,77.5,WARNING,low_oxygen
2026-01-01 08:18:45,L14,0.4612,20.62,0.2869,19.132,28.84,76.83,WARNING,low_oxygen
2026-01-01 08:18:50,L14,0.4884,17.97,0.2714,19.166,28.94,78.38,WARNING,low_oxygen
2026-01-01 08:18:55,L14,0.496,20.12,0.2893,19.109,28.98,78.25,WARNING,low_oxygen
2026-01-01 08:19:00,L14,0.496,21.15,0.3008,19.061,29.08,78.12,DANGER,low_oxygen
2026-01-01 08:19:05,L14,0.5183,18.6,0.3026,19.029,28.92,79.95,DANGER,low_oxygen
2026-01-01 08:19:10,L14,0.5332,20.76,0.3076,18.959,29.38,81.1,DANGER,low_oxygen
2026-01-01 08:19:15,L14,0.5233,19.14,0.3075,18.967,29.26,78.68,DANGER,low_oxygen
2026-01-01 08:19:20,L14,0.5352,20.49,0.3117,18.887,29.33,79.8,DANGER,low_oxygen
2026-01-01 08:19:25,L14,0.5241,20.34,0.32,18.877,29.49,79.55,DANGER,low_oxygen
2026-01-01 08:19:30,L14,0.5285,20.27,0.3431,18.84,29.52,81.93,DANGER,low_oxygen
2026-01-01 08:19:35,L14,0.5616,21.83,0.3252,18.836,29.36,80.72,DANGER,low_oxygen
2026-01-01 08:19:40,L14,0.5405,20.05,0.3337,18.777,29.58,81.29,DANGER,low_oxygen
2026-01-01 08:19:45,L14,0.5712,23.54,0.3428,18.76,29.62,81.73,DANGER,low_oxygen
2026-01-01 08:19:50,L14,0.5936,20.8,0.3359,18.665,29.63,81.11,DANGER,low_oxygen
2026-01-01 08:19:55,L14,0.5848,20.8,0.3561,18.661,29.78,81.09,DANGER,low_oxygen
2026-01-01 08:20:00,L14,0.5809,22.6,0.3473,18.643,29.79,82.68,DANGER,low_oxygen
2026-01-01 08:20:05,L14,0.5691,22.7,0.354,18.627,29.83,82.32,DANGER,low_oxygen
2026-01-01 08:20:10,L14,0.5988,24.07,0.3586,18.518,29.97,81.24,DANGER,low_oxygen
2026-01-01 08:20:15,L14,0.6186,23.94,0.3596,18.49,29.81,81.57,DANGER,low_oxygen
2026-01-01 08:20:20,L14,0.6079,21.65,0.3879,18.493,29.86,82.06,DANGER,low_oxygen
2026-01-01 08:20:25,L14,0.633,25.85,0.387,18.489,30.02,83.53,CRITICAL,low_oxygen
2026-01-01 08:20:30,L14,0.6303,24.24,0.3952,18.412,29.92,84.01,DANGER,low_oxygen
2026-01-01 08:20:35,L14,0.6363,25.29,0.3995,18.333,30.07,84.78,CRITICAL,low_oxygen
2026-01-01 08:20:40,L14,0.1396,1.64,0.0684,20.457,27.14,75.98,SAFE,co2_buildup
2026-01-01 08:20:45,L14,0.1702,2.17,0.0515,20.427,27.13,76.79,SAFE,co2_buildup
2026-01-01 08:20:50,L14,0.138,3.8,0.0603,20.526,27.11,76.93,SAFE,co2_buildup
2026-01-01 08:20:55,L14,0.146,5.81,0.0616,20.501,27.15,77.84,SAFE,co2_buildup
2026-01-01 08:21:00,L14,0.1594,6.83,0.0684,20.448,27.08,76.19,SAFE,co2_buildup
2026-01-01 08:21:05,L14,0.1466,4.65,0.0754,20.373,27.29,77.22,SAFE,co2_buildup
2026-01-01 08:21:10,L14,0.152,4.14,0.0754,20.436,27.09,76.69,SAFE,co2_buildup
2026-01-01 08:21:15,L14,0.1639,6.56,0.0875,20.334,27.49,77.23,SAFE,co2_buildup
2026-01-01 08:21:20,L14,0.1598,6.64,0.0955,20.422,27.06,77.51,SAFE,co2_buildup
2026-01-01 08:21:25,L14,0.1432,6.53,0.0974,20.297,27.07,76.24,SAFE,co2_buildup
2026-01-01 08:21:30,L14,0.1637,3.14,0.0877,20.357,27.07,78.33,SAFE,co2_buildup
2026-01-01 08:21:35,L14,0.1863,7.63,0.1103,20.396,27.13,77.72,SAFE,co2_buildup
2026-01-01 08:21:40,L14,0.1903,6.67,0.1167,20.365,27.1,76.75,SAFE,co2_buildup
2026-01-01 08:21:45,L14,0.2043,5.1,0.1377,20.302,27.42,77.22,SAFE,co2_buildup
2026-01-01 08:21:50,L14,0.2066,5.74,0.1283,20.345,27.55,78.75,SAFE,co2_buildup
2026-01-01 08:21:55,L14,0.1779,7.93,0.141,20.345,27.46,77.95,SAFE,co2_buildup
2026-01-01 08:22:00,L14,0.1837,3.6,0.1356,20.333,27.28,76.9,SAFE,co2_buildup
2026-01-01 08:22:05,L14,0.188,7.49,0.1549,20.308,27.46,77.1,SAFE,co2_buildup
2026-01-01 08:22:10,L14,0.1998,7.01,0.1425,20.339,27.69,78.29,SAFE,co2_buildup
2026-01-01 08:22:15,L14,0.1963,7.16,0.1596,20.341,27.55,78.44,SAFE,co2_buildup
2026-01-01 08:22:20,L14,0.2066,7.92,0.1677,20.296,27.51,78.2,SAFE,co2_buildup
2026-01-01 08:22:25,L14,0.1997,6.7,0.1721,20.339,27.44,77.73,SAFE,co2_buildup
2026-01-01 08:22:30,L14,0.2281,10.81,0.1893,20.282,27.64,78.67,WARNING,co2_buildup
2026-01-01 08:22:35,L14,0.2057,6.35,0.1728,20.266,27.64,77.84,SAFE,co2_buildup
2026-01-01 08:22:40,L14,0.2085,10.1,0.1943,20.314,27.76,77.46,WARNING,co2_buildup
2026-01-01 08:22:45,L14,0.2349,8.89,0.1977,20.307,27.88,79.47,SAFE,co2_buildup
2026-01-01 08:22:50,L14,0.2415,13.44,0.1944,20.242,27.81,78.65,WARNING,co2_buildup
2026-01-01 08:22:55,L14,0.2308,10.81,0.2142,20.231,27.91,77.69,WARNING,co2_buildup
2026-01-01 08:23:00,L14,0.2508,7.9,0.2038,20.3,27.99,78.49,SAFE,co2_buildup
2026-01-01 08:23:05,L14,0.2533,12.22,0.2106,20.237,27.77,78.46,WARNING,co2_buildup
2026-01-01 08:23:10,L14,0.2734,10.07,0.2159,20.234,28.27,78.22,WARNING,co2_buildup
2026-01-01 08:23:15,L14,0.2595,13.49,0.2112,20.219,27.92,78.74,WARNING,co2_buildup
2026-01-01 08:23:20,L14,0.2777,13.25,0.233,20.26,28.14,77.87,WARNING,co2_buildup
2026-01-01 08:23:25,L14,0.2566,14.84,0.2372,20.278,27.93,79.37,WARNING,co2_buildup
2026-01-01 08:23:30,L14,0.2802,13.22,0.2371,20.209,28.15,78.73,WARNING,co2_buildup
2026-01-01 08:23:35,L14,0.2841,14.48,0.2575,20.273,28.19,77.51,WARNING,co2_buildup
2026-01-01 08:23:40,L14,0.2642,13.63,0.2454,20.177,28.45,78.67,WARNING,co2_buildup
2026-01-01 08:23:45,L14,0.2596,12.99,0.2405,20.179,28.21,78.42,WARNING,co2_buildup
2026-01-01 08:23:50,L14,0.2658,15.78,0.2751,20.201,28.47,76.58,WARNING,co2_buildup
2026-01-01 08:23:55,L14,0.2833,12.65,0.2734,20.149,28.36,78.9,WARNING,co2_buildup
2026-01-01 08:24:00,L14,0.2634,14.75,0.2759,20.187,28.63,79.92,WARNING,co2_buildup
2026-01-01 08:24:05,L14,0.2774,14.26,0.2736,20.145,28.12,79.06,WARNING,co2_buildup
2026-01-01 08:24:10,L14,0.3058,16.68,0.2846,20.108,28.49,79.77,WARNING,co2_buildup
2026-01-01 08:24:15,L14,0.3014,14.31,0.2772,20.095,28.05,79.27,WARNING,co2_buildup
2026-01-01 08:24:20,L14,0.2597,15.43,0.291,20.131,28.48,78.96,WARNING,co2_buildup
2026-01-01 08:24:25,L14,0.2785,16.41,0.2911,20.146,28.68,78.8,WARNING,co2_buildup
2026-01-01 08:24:30,L14,0.3345,18.89,0.3059,20.086,28.78,78.42,WARNING,co2_buildup
2026-01-01 08:24:35,L14,0.3234,16.17,0.3167,20.126,28.71,80.24,WARNING,co2_buildup
2026-01-01 08:24:40,L14,0.3005,16.68,0.3064,20.119,28.59,80.15,WARNING,co2_buildup
2026-01-01 08:24:45,L14,0.2905,15.56,0.3261,20.102,28.75,79.4,WARNING,co2_buildup
2026-01-01 08:24:50,L14,0.2976,16.42,0.3274,20.073,29.08,78.06,WARNING,co2_buildup
2026-01-01 08:24:55,L14,0.3276,18.83,0.3367,20.101,28.75,80.12,WARNING,co2_buildup
2026-01-01 08:25:00,L14,0.3532,18.56,0.3348,20.083,28.92,79.07,WARNING,co2_buildup
2026-01-01 08:25:05,L14,0.3558,18.9,0.3479,20.11,28.75,79.97,WARNING,co2_buildup
2026-01-01 08:25:10,L14,0.307,21.75,0.3422,20.035,29.01,78.68,WARNING,co2_buildup
2026-01-01 08:25:15,L14,0.3298,16.94,0.3398,20.071,29.02,80.05,WARNING,co2_buildup
2026-01-01 08:25:20,L14,0.325,23.23,0.3471,20.023,28.83,79.93,WARNING,co2_buildup
2026-01-01 08:25:25,L14,0.3434,21.83,0.3602,20.047,29.07,78.16,WARNING,co2_buildup
2026-01-01 08:25:30,L14,0.325,19.88,0.3568,20.015,29.11,81.45,WARNING,co2_buildup
2026-01-01 08:25:35,L14,0.3403,21.27,0.3876,20.013,29.14,79.95,WARNING,co2_buildup
2026-01-01 08:25:40,L14,0.3391,19.97,0.38,20.034,29.06,80.06,WARNING,co2_buildup
2026-01-01 08:25:45,L14,0.3635,21.78,0.3935,20.011,29.28,80.76,WARNING,co2_buildup
2026-01-01 08:25:50,L14,0.0484,8.83,0.0937,20.63,26.78,67.05,SAFE,ventilation_failure
2026-01-01 08:25:55,L14,0.0363,6.52,0.1066,20.609,26.85,65.63,SAFE,ventilation_failure
2026-01-01 08:26:00,L14,0.0828,10.97,0.1158,20.553,27.24,67.56,SAFE,ventilation_failure
2026-01-01 08:26:05,L14,0.1042,10.81,0.1275,20.485,26.82,67.28,SAFE,ventilation_failure
2026-01-01 08:26:10,L14,0.1174,10.02,0.1407,20.499,27.03,68.48,SAFE,ventilation_failure
2026-01-01 08:26:15,L14,0.1171,7.37,0.1566,20.488,27.18,69.06,SAFE,ventilation_failure
2026-01-01 08:26:20,L14,0.1085,9.2,0.1673,20.444,27.33,69.33,SAFE,ventilation_failure
2026-01-01 08:26:25,L14,0.1365,9.26,0.1749,20.397,27.51,70.49,SAFE,ventilation_failure
2026-01-01 08:26:30,L14,0.1885,9.91,0.1759,20.38,27.62,71.48,SAFE,ventilation_failure
2026-01-01 08:26:35,L14,0.1973,13.9,0.1769,20.325,27.73,69.18,WARNING,ventilation_failure
2026-01-01 08:26:40,L14,0.1972,11.77,0.1904,20.331,27.73,70.14,WARNING,ventilation_failure
2026-01-01 08:26:45,L14,0.2155,11.47,0.2029,20.309,27.48,71.39,WARNING,ventilation_failure
2026-01-01 08:26:50,L14,0.2122,11.8,0.2077,20.198,27.57,71.05,WARNING,ventilation_failure
2026-01-01 08:26:55,L14,0.2615,12.59,0.2083,20.238,28.08,69.33,WARNING,ventilation_failure
2026-01-01 08:27:00,L14,0.2458,14.65,0.2209,20.24,28.15,71.71,WARNING,ventilation_failure
2026-01-01 08:27:05,L14,0.2776,11.87,0.2406,20.157,28.17,73.21,WARNING,ventilation_failure
2026-01-01 08:27:10,L14,0.2657,14.92,0.2407,20.139,28.03,71.46,WARNING,ventilation_failure
2026-01-01 08:27:15,L14,0.2974,15.87,0.2519,20.059,28.19,73.11,WARNING,ventilation_failure
2026-01-01 08:27:20,L14,0.3333,13.1,0.26,20.032,28.26,71.77,WARNING,ventilation_failure
2026-01-01 08:27:25,L14,0.3148,14.04,0.2625,20.009,28.25,74.35,WARNING,ventilation_failure
2026-01-01 08:27:30,L14,0.3548,16.56,0.2773,19.971,28.52,74.2,WARNING,ventilation_failure
2026-01-01 08:27:35,L14,0.3418,19.25,0.284,19.912,28.89,73.91,WARNING,ventilation_failure
2026-01-01 08:27:40,L14,0.359,19.36,0.2912,19.915,28.58,74.39,WARNING,ventilation_failure
2026-01-01 08:27:45,L14,0.3869,17.1,0.2972,19.913,28.93,73.88,WARNING,ventilation_failure
2026-01-01 08:27:50,L14,0.4161,20.59,0.3139,19.818,28.69,76.24,WARNING,ventilation_failure
2026-01-01 08:27:55,L14,0.4115,18.46,0.3287,19.83,28.67,75.15,WARNING,ventilation_failure
2026-01-01 08:28:00,L14,0.4398,18.91,0.3417,19.798,29.13,76.55,WARNING,ventilation_failure
2026-01-01 08:28:05,L14,0.4622,20.01,0.3306,19.753,29.03,75.73,WARNING,ventilation_failure
2026-01-01 08:28:10,L14,0.4479,21.59,0.3636,19.745,29.34,78.62,WARNING,ventilation_failure
2026-01-01 08:28:15,L14,0.4511,19.88,0.3621,19.71,29.45,78.47,WARNING,ventilation_failure
2026-01-01 08:28:20,L14,0.4831,20.66,0.3598,19.655,29.27,79.23,WARNING,ventilation_failure
2026-01-01 08:28:25,L14,0.5221,19.85,0.3745,19.667,29.6,79.68,DANGER,ventilation_failure
2026-01-01 08:28:30,L14,0.5053,22.71,0.3718,19.62,29.35,77.78,DANGER,ventilation_failure
2026-01-01 08:28:35,L14,0.5472,24.05,0.3828,19.619,29.43,77.94,DANGER,ventilation_failure
2026-01-01 08:28:40,L14,0.5425,24.6,0.4186,19.538,29.81,80.62,DANGER,ventilation_failure
2026-01-01 08:28:45,L14,0.5873,21.52,0.4082,19.499,29.5,79.24,DANGER,ventilation_failure
2026-01-01 08:28:50,L14,0.6091,23.46,0.4271,19.47,29.81,80.38,DANGER,ventilation_failure
2026-01-01 08:28:55,L14,0.6054,26.37,0.4309,19.48,30.09,79.57,DANGER,ventilation_failure
2026-01-01 08:29:00,L14,0.5797,25.31,0.441,19.409,30.18,79.94,DANGER,ventilation_failure
2026-01-01 08:29:05,L14,0.5829,25.48,0.4528,19.379,30.0,81.45,DANGER,ventilation_failure
2026-01-01 08:29:10,L14,0.6343,25.91,0.4422,19.409,30.3,79.57,DANGER,ventilation_failure
2026-01-01 08:29:15,L14,0.6615,27.17,0.4784,19.278,30.06,82.12,DANGER,ventilation_failure
2026-01-01 08:29:20,L14,0.6699,27.25,0.4761,19.297,30.21,82.27,DANGER,ventilation_failure
2026-01-01 08:29:25,L14,0.666,26.42,0.4818,19.253,30.43,81.79,DANGER,ventilation_failure
2026-01-01 08:29:30,L14,0.6691,29.06,0.4986,19.216,30.54,82.59,DANGER,ventilation_failure
2026-01-01 08:29:35,L14,0.7198,26.4,0.4981,19.163,30.41,83.07,DANGER,ventilation_failure
2026-01-01 08:29:40,L14,0.7482,30.65,0.5146,19.14,30.93,83.47,CRITICAL,ventilation_failure
2026-01-01 08:29:45,L14,0.7248,27.79,0.5206,19.116,30.45,84.19,CRITICAL,ventilation_failure
2026-01-01 08:29:50,L14,0.7617,30.42,0.5366,19.111,30.82,83.34,CRITICAL,ventilation_failure
2026-01-01 08:29:55,L14,0.8029,29.81,0.5382,19.09,30.92,86.51,CRITICAL,ventilation_failure
2026-01-01 08:30:00,L14,0.7755,29.81,0.5407,18.98,30.72,84.54,CRITICAL,ventilation_failure
2026-01-01 08:30:05,L14,0.7903,33.02,0.5608,18.965,31.26,84.96,CRITICAL,ventilation_failure
2026-01-01 08:30:10,L14,0.8157,32.56,0.5648,18.986,31.03,86.98,CRITICAL,ventilation_failure
2026-01-01 08:30:15,L14,0.8176,31.82,0.5614,18.957,31.24,84.31,CRITICAL,ventilation_failure
2026-01-01 08:30:20,L14,0.8564,34.99,0.5866,18.863,31.36,87.68,CRITICAL,ventilation_failure
2026-01-01 08:30:25,L14,0.8447,34.31,0.5897,18.901,31.18,86.57,CRITICAL,ventilation_failure
2026-01-01 08:30:30,L14,0.8648,32.09,0.6058,18.843,31.32,86.42,CRITICAL,ventilation_failure
2026-01-01 08:30:35,L14,0.8582,30.37,0.6052,18.834,31.79,86.31,CRITICAL,ventilation_failure
2026-01-01 08:30:40,L14,0.8907,34.39,0.6114,18.754,31.63,86.55,CRITICAL,ventilation_failure
2026-01-01 08:30:45,L14,0.8937,36.77,0.6395,18.706,31.32,87.64,CRITICAL,ventilation_failure
2026-01-01 08:30:50,L14,0.9285,36.07,0.6458,18.707,31.76,88.5,CRITICAL,ventilation_failure
2026-01-01 08:30:55,L14,0.9128,37.98,0.648,18.677,31.89,89.13,CRITICAL,ventilation_failure
2026-01-01 08:31:00,L14,0.0713,4.79,0.0679,20.636,29.01,75.15,SAFE,fire_heat
2026-01-01 08:31:05,L14,0.085,6.03,0.0748,20.593,29.1,72.41,SAFE,fire_heat
2026-01-01 08:31:10,L14,0.1132,10.58,0.0673,20.617,29.34,72.8,SAFE,fire_heat
2026-01-01 08:31:15,L14,0.0968,8.09,0.0774,20.578,29.21,73.25,SAFE,fire_heat
2026-01-01 08:31:20,L14,0.1001,11.6,0.0818,20.536,29.7,73.43,SAFE,fire_heat
2026-01-01 08:31:25,L14,0.1443,15.33,0.074,20.511,30.03,74.15,SAFE,fire_heat
2026-01-01 08:31:30,L14,0.146,15.9,0.0883,20.515,30.03,73.86,SAFE,fire_heat
2026-01-01 08:31:35,L14,0.136,16.03,0.0898,20.418,30.18,73.5,SAFE,fire_heat
2026-01-01 08:31:40,L14,0.1759,16.67,0.0832,20.361,30.27,73.96,SAFE,fire_heat
2026-01-01 08:31:45,L14,0.2056,19.1,0.0828,20.41,30.66,74.62,SAFE,fire_heat
2026-01-01 08:31:50,L14,0.1803,19.85,0.0884,20.346,30.85,75.98,SAFE,fire_heat
2026-01-01 08:31:55,L14,0.19,22.73,0.0987,20.297,30.77,74.8,SAFE,fire_heat
2026-01-01 08:32:00,L14,0.2165,21.7,0.0996,20.314,31.06,76.11,SAFE,fire_heat
2026-01-01 08:32:05,L14,0.239,24.7,0.114,20.208,31.21,74.61,SAFE,fire_heat
2026-01-01 08:32:10,L14,0.2404,24.01,0.1026,20.211,31.4,73.31,SAFE,fire_heat
2026-01-01 08:32:15,L14,0.2712,28.64,0.1011,20.135,31.4,75.97,WARNING,fire_heat
2026-01-01 08:32:20,L14,0.2708,26.86,0.1161,20.184,31.86,75.79,WARNING,fire_heat
2026-01-01 08:32:25,L14,0.2947,25.98,0.1057,20.193,31.94,75.77,WARNING,fire_heat
2026-01-01 08:32:30,L14,0.2814,29.82,0.1098,20.098,32.21,75.88,WARNING,fire_heat
2026-01-01 08:32:35,L14,0.2865,32.16,0.1126,20.061,32.03,76.32,WARNING,fire_heat
2026-01-01 08:32:40,L14,0.3125,34.75,0.0975,20.108,32.21,76.3,WARNING,fire_heat
2026-01-01 08:32:45,L14,0.3101,32.12,0.1287,20.043,32.85,76.57,WARNING,fire_heat
2026-01-01 08:32:50,L14,0.3492,32.3,0.1343,20.065,32.88,76.4,WARNING,fire_heat
2026-01-01 08:32:55,L14,0.3255,36.96,0.1368,19.968,32.76,75.99,WARNING,fire_heat
2026-01-01 08:33:00,L14,0.3616,38.22,0.1472,19.939,33.18,76.13,WARNING,fire_heat
2026-01-01 08:33:05,L14,0.3768,36.7,0.1468,19.946,33.15,80.07,WARNING,fire_heat
2026-01-01 08:33:10,L14,0.3781,39.63,0.1348,19.867,33.13,78.25,WARNING,fire_heat
2026-01-01 08:33:15,L14,0.4019,40.99,0.149,19.849,33.24,79.72,WARNING,fire_heat
2026-01-01 08:33:20,L14,0.4192,43.96,0.142,19.738,33.73,78.56,WARNING,fire_heat
2026-01-01 08:33:25,L14,0.4509,43.4,0.142,19.833,34.13,78.79,WARNING,fire_heat
2026-01-01 08:33:30,L14,0.429,44.67,0.142,19.762,34.3,79.36,WARNING,fire_heat
2026-01-01 08:33:35,L14,0.4626,46.8,0.1486,19.717,34.43,79.82,WARNING,fire_heat
2026-01-01 08:33:40,L14,0.4783,45.86,0.156,19.717,34.54,78.52,DANGER,fire_heat
2026-01-01 08:33:45,L14,0.4823,52.08,0.1687,19.624,34.63,79.41,DANGER,fire_heat
2026-01-01 08:33:50,L14,0.4879,51.93,0.1645,19.612,34.93,80.16,DANGER,fire_heat
2026-01-01 08:33:55,L14,0.4909,50.78,0.1552,19.615,34.62,78.58,DANGER,fire_heat
2026-01-01 08:34:00,L14,0.5492,51.46,0.1556,19.569,35.24,81.36,CRITICAL,fire_heat
2026-01-01 08:34:05,L14,0.5345,52.88,0.1712,19.551,35.1,81.38,CRITICAL,fire_heat
2026-01-01 08:34:10,L14,0.5414,56.62,0.1765,19.515,35.3,79.05,CRITICAL,fire_heat
2026-01-01 08:34:15,L14,0.5906,55.53,0.1818,19.496,35.71,80.23,CRITICAL,fire_heat
2026-01-01 08:34:20,L14,0.5748,57.97,0.1725,19.407,35.91,81.22,CRITICAL,fire_heat
2026-01-01 08:34:25,L14,0.6223,57.11,0.181,19.454,35.85,82.01,CRITICAL,fire_heat
2026-01-01 08:34:30,L14,0.5756,61.76,0.1868,19.371,36.21,82.76,CRITICAL,fire_heat
2026-01-01 08:34:35,L14,0.606,63.12,0.1718,19.357,36.37,81.23,CRITICAL,fire_heat
2026-01-01 08:34:40,L14,0.6017,63.27,0.1875,19.307,36.41,83.81,CRITICAL,fire_heat
2026-01-01 08:34:45,L14,0.6331,65.14,0.1951,19.286,36.65,82.11,CRITICAL,fire_heat
2026-01-01 08:34:50,L14,0.6457,67.35,0.1947,19.271,37.11,82.17,CRITICAL,fire_heat
2026-01-01 08:34:55,L14,0.6535,67.7,0.1926,19.256,36.93,83.0,CRITICAL,fire_heat
2026-01-01 08:35:00,L14,0.6738,69.93,0.2168,19.23,37.1,83.0,CRITICAL,fire_heat
2026-01-01 08:35:05,L14,0.6796,68.31,0.214,19.186,37.33,83.16,CRITICAL,fire_heat
2026-01-01 08:35:10,L14,0.6968,71.93,0.2013,19.125,37.45,84.76,CRITICAL,fire_heat
2026-01-01 08:35:15,L14,0.6998,72.95,0.2023,19.123,37.77,83.56,CRITICAL,fire_heat
2026-01-01 08:35:20,L14,0.7454,75.77,0.2121,19.089,38.04,82.78,CRITICAL,fire_heat
2026-01-01 08:35:25,L14,0.7199,75.31,0.2087,19.053,37.95,83.09,CRITICAL,fire_heat
2026-01-01 08:35:30,L14,0.7524,76.42,0.222,19.037,38.03,85.15,CRITICAL,fire_heat
2026-01-01 08:35:35,L14,0.744,77.03,0.2043,18.952,38.63,84.72,CRITICAL,fire_heat
2026-01-01 08:35:40,L14,0.762,81.41,0.2152,18.899,38.52,83.13,CRITICAL,fire_heat
2026-01-01 08:35:45,L14,0.7763,76.94,0.2253,18.966,38.42,83.29,CRITICAL,fire_heat
2026-01-01 08:35:50,L14,0.798,82.54,0.2305,18.896,39.12,84.8,CRITICAL,fire_heat
2026-01-01 08:35:55,L14,0.8153,83.04,0.2133,18.882,39.18,85.47,CRITICAL,fire_heat
2026-01-01 08:36:00,L14,0.8087,84.1,0.2201,18.813,39.42,84.64,CRITICAL,fire_heat
2026-01-01 08:36:05,L14,0.8318,85.18,0.217,18.846,39.57,84.04,CRITICAL,fire_heat
2026-01-01 08:36:10,L14,0.176,1.56,0.0975,20.741,26.43,75.9,SAFE,combined_hazard
2026-01-01 08:36:15,L14,0.1736,5.55,0.0936,20.654,26.67,75.67,SAFE,combined_hazard
2026-01-01 08:36:20,L14,0.1871,7.12,0.1066,20.665,26.79,74.7,SAFE,combined_hazard
2026-01-01 08:36:25,L14,0.2171,5.12,0.1067,20.568,27.0,76.05,SAFE,combined_hazard
2026-01-01 08:36:30,L14,0.1986,8.98,0.1088,20.535,27.45,76.78,SAFE,combined_hazard
2026-01-01 08:36:35,L14,0.2329,5.65,0.1232,20.51,27.55,76.3,SAFE,combined_hazard
2026-01-01 08:36:40,L14,0.2372,8.04,0.1376,20.444,28.07,76.22,SAFE,combined_hazard
2026-01-01 08:36:45,L14,0.2512,12.18,0.1236,20.392,28.19,77.32,SAFE,combined_hazard
2026-01-01 08:36:50,L14,0.2522,10.91,0.1331,20.37,28.57,76.32,SAFE,combined_hazard
2026-01-01 08:36:55,L14,0.2479,10.67,0.1316,20.356,28.59,78.05,SAFE,combined_hazard
2026-01-01 08:37:00,L14,0.2875,12.25,0.1465,20.308,28.82,77.25,SAFE,combined_hazard
2026-01-01 08:37:05,L14,0.301,14.42,0.1497,20.257,29.51,76.14,SAFE,combined_hazard
2026-01-01 08:37:10,L14,0.3005,11.21,0.166,20.205,29.49,77.71,WARNING,combined_hazard
2026-01-01 08:37:15,L14,0.3211,16.1,0.1738,20.132,29.91,78.27,WARNING,combined_hazard
2026-01-01 08:37:20,L14,0.3228,14.14,0.1745,20.134,29.82,79.0,WARNING,combined_hazard
2026-01-01 08:37:25,L14,0.3364,16.69,0.1823,20.004,30.25,79.14,WARNING,combined_hazard
2026-01-01 08:37:30,L14,0.3557,15.46,0.174,20.024,30.75,78.0,WARNING,combined_hazard
2026-01-01 08:37:35,L14,0.3564,19.65,0.1777,19.991,30.58,79.37,WARNING,combined_hazard
2026-01-01 08:37:40,L14,0.381,17.83,0.1946,19.918,31.42,79.09,WARNING,combined_hazard
2026-01-01 08:37:45,L14,0.4139,16.63,0.197,19.854,31.37,79.46,WARNING,combined_hazard
2026-01-01 08:37:50,L14,0.4385,20.08,0.2185,19.829,31.48,79.19,WARNING,combined_hazard
2026-01-01 08:37:55,L14,0.4612,22.08,0.1929,19.763,31.91,80.19,WARNING,combined_hazard
2026-01-01 08:38:00,L14,0.4375,22.66,0.219,19.756,32.29,82.98,WARNING,combined_hazard
2026-01-01 08:38:05,L14,0.4749,21.77,0.2246,19.724,32.26,82.2,WARNING,combined_hazard
2026-01-01 08:38:10,L14,0.4754,23.6,0.2194,19.664,32.54,80.15,WARNING,combined_hazard
2026-01-01 08:38:15,L14,0.4803,22.5,0.2235,19.617,32.94,81.24,WARNING,combined_hazard
2026-01-01 08:38:20,L14,0.5033,24.77,0.2342,19.583,33.23,81.18,DANGER,combined_hazard
2026-01-01 08:38:25,L14,0.5272,25.17,0.2295,19.541,33.39,81.78,DANGER,combined_hazard
2026-01-01 08:38:30,L14,0.5166,21.04,0.26,19.447,33.74,82.64,DANGER,combined_hazard
2026-01-01 08:38:35,L14,0.5297,24.63,0.2757,19.379,34.07,82.05,DANGER,combined_hazard
2026-01-01 08:38:40,L14,0.5448,27.19,0.2571,19.388,34.23,81.82,DANGER,combined_hazard
2026-01-01 08:38:45,L14,0.555,27.88,0.2605,19.363,34.36,83.55,DANGER,combined_hazard
2026-01-01 08:38:50,L14,0.5958,28.34,0.2608,19.242,34.72,81.88,DANGER,combined_hazard
2026-01-01 08:38:55,L14,0.5798,29.27,0.2683,19.247,35.25,83.26,CRITICAL,combined_hazard
2026-01-01 08:39:00,L14,0.5959,31.69,0.2781,19.234,35.3,82.16,CRITICAL,combined_hazard
2026-01-01 08:39:05,L14,0.6228,31.16,0.2982,19.151,35.69,82.77,CRITICAL,combined_hazard
2026-01-01 08:39:10,L14,0.6351,27.88,0.3198,19.155,35.69,84.42,CRITICAL,combined_hazard
2026-01-01 08:39:15,L14,0.6389,35.05,0.2942,19.105,36.07,83.52,CRITICAL,combined_hazard
2026-01-01 08:39:20,L14,0.6837,30.02,0.2985,19.014,36.41,82.81,CRITICAL,combined_hazard
2026-01-01 08:39:25,L14,0.6625,35.07,0.3021,18.964,36.77,83.97,CRITICAL,combined_hazard
2026-01-01 08:39:30,L14,0.6828,32.04,0.3208,18.919,36.99,84.12,CRITICAL,combined_hazard
2026-01-01 08:39:35,L14,0.6699,37.27,0.3256,18.889,36.9,84.02,CRITICAL,combined_hazard
2026-01-01 08:39:40,L14,0.7076,35.47,0.3294,18.804,37.5,85.71,CRITICAL,combined_hazard
2026-01-01 08:39:45,L14,0.7058,37.21,0.3308,18.754,37.84,84.27,CRITICAL,combined_hazard
2026-01-01 08:39:50,L14,0.7253,34.4,0.3509,18.681,37.77,85.28,CRITICAL,combined_hazard
2026-01-01 08:39:55,L14,0.7232,39.23,0.3519,18.704,37.98,86.09,CRITICAL,combined_hazard
2026-01-01 08:40:00,L14,0.7526,39.51,0.3573,18.72,38.37,85.95,CRITICAL,combined_hazard
2026-01-01 08:40:05,L14,0.7783,40.56,0.3602,18.554,38.66,86.14,CRITICAL,combined_hazard
2026-01-01 08:40:10,L14,0.7892,41.81,0.3615,18.564,38.84,86.13,CRITICAL,combined_hazard
2026-01-01 08:40:15,L14,0.8,41.4,0.363,18.518,38.98,85.97,CRITICAL,combined_hazard
2026-01-01 08:40:20,L14,0.8148,41.57,0.3786,18.474,39.64,86.67,CRITICAL,combined_hazard
2026-01-01 08:40:25,L14,0.8256,41.42,0.3836,18.472,39.55,87.95,CRITICAL,combined_hazard
2026-01-01 08:40:30,L14,0.8461,42.72,0.3904,18.362,39.86,87.32,CRITICAL,combined_hazard
2026-01-01 08:40:35,L14,0.8584,45.95,0.3791,18.285,40.21,88.04,CRITICAL,combined_hazard
2026-01-01 08:40:40,L14,0.8776,43.63,0.4001,18.283,40.24,89.04,CRITICAL,combined_hazard
2026-01-01 08:40:45,L14,0.8839,42.87,0.4006,18.234,40.49,88.86,CRITICAL,combined_hazard
2026-01-01 08:40:50,L14,0.8938,44.91,0.4018,18.142,40.91,87.6,CRITICAL,combined_hazard
2026-01-01 08:40:55,L14,0.9254,48.05,0.4204,18.171,41.36,89.22,CRITICAL,combined_hazard
2026-01-01 08:41:00,L14,0.9362,47.43,0.4217,18.083,41.53,89.94,CRITICAL,combined_hazard
2026-01-01 08:41:05,L14,0.9401,49.54,0.4448,18.071,41.45,88.88,CRITICAL,combined_hazard
2026-01-01 08:41:10,L14,0.972,46.39,0.4356,18.018,42.23,88.31,CRITICAL,combined_hazard
2026-01-01 08:41:15,L14,0.9687,45.66,0.4351,17.951,42.4,89.47,CRITICAL,combined_hazard
2026-01-01 08:41:20,L14,0.9785,51.28,0.4423,17.965,42.57,90.21,CRITICAL,combined_hazard
2026-01-01 08:41:25,L14,0.9933,53.15,0.4396,17.885,42.83,90.77,CRITICAL,combined_hazard
2026-01-01 08:41:30,L14,1.0103,49.82,0.4645,17.85,43.16,90.12,CRITICAL,combined_hazard
2026-01-01 08:41:35,L14,1.0075,53.93,0.4629,17.821,43.67,89.15,CRITICAL,combined_hazard
2026-01-01 08:00:00,L15,0.1684,1.74,0.0576,20.736,26.49,74.08,SAFE,normal
2026-01-01 08:00:05,L15,0.1665,3.33,0.0863,20.711,26.28,74.6,SAFE,normal
2026-01-01 08:00:10,L15,0.1065,4.73,0.0625,20.759,26.45,74.05,SAFE,normal
2026-01-01 08:00:15,L15,0.1514,2.05,0.0674,20.724,26.46,74.2,SAFE,normal
2026-01-01 08:00:20,L15,0.1329,4.4,0.0683,20.814,26.31,73.58,SAFE,normal
2026-01-01 08:00:25,L15,0.1552,3.6,0.0605,20.738,26.58,76.62,SAFE,normal
2026-01-01 08:00:30,L15,0.1268,3.66,0.0613,20.749,26.15,73.95,SAFE,normal
2026-01-01 08:00:35,L15,0.17,3.14,0.0766,20.707,26.47,74.97,SAFE,normal
2026-01-01 08:00:40,L15,0.1654,4.91,0.0588,20.761,26.26,75.97,SAFE,normal
2026-01-01 08:00:45,L15,0.1302,4.83,0.0679,20.72,26.31,73.42,SAFE,normal
2026-01-01 08:00:50,L15,0.1501,3.7,0.0718,20.714,26.62,75.04,SAFE,normal
2026-01-01 08:00:55,L15,0.1567,4.28,0.0629,20.712,26.31,74.63,SAFE,normal
2026-01-01 08:01:00,L15,0.1666,5.16,0.0638,20.674,26.31,76.1,SAFE,normal
2026-01-01 08:01:05,L15,0.1571,4.94,0.0722,20.703,26.58,74.0,SAFE,normal
2026-01-01 08:01:10,L15,0.1705,3.74,0.0634,20.724,26.33,74.18,SAFE,normal
2026-01-01 08:01:15,L15,0.1591,6.02,0.0479,20.659,26.66,74.8,SAFE,normal
2026-01-01 08:01:20,L15,0.1708,5.65,0.0765,20.734,26.61,74.5,SAFE,normal
2026-01-01 08:01:25,L15,0.1426,7.59,0.0567,20.692,26.41,74.58,SAFE,normal
2026-01-01 08:01:30,L15,0.1642,2.15,0.0662,20.705,26.68,76.63,SAFE,normal
2026-01-01 08:01:35,L15,0.1833,5.63,0.0539,20.628,26.25,75.16,SAFE,normal
2026-01-01 08:01:40,L15,0.1887,6.38,0.0603,20.7,26.62,74.49,SAFE,normal
2026-01-01 08:01:45,L15,0.1716,6.24,0.0609,20.659,26.37,74.86,SAFE,normal
2026-01-01 08:01:50,L15,0.169,4.43,0.0657,20.677,26.49,75.55,SAFE,normal
2026-01-01 08:01:55,L15,0.1925,2.84,0.0573,20.638,26.51,75.56,SAFE,normal
2026-01-01 08:02:00,L15,0.1719,7.27,0.0802,20.657,26.78,74.88,SAFE,normal
2026-01-01 08:02:05,L15,0.1921,4.31,0.0645,20.676,26.52,74.1,SAFE,normal
2026-01-01 08:02:10,L15,0.1748,4.66,0.0713,20.67,26.59,75.42,SAFE,normal
2026-01-01 08:02:15,L15,0.1785,8.28,0.0642,20.702,26.55,75.45,SAFE,normal
2026-01-01 08:02:20,L15,0.1628,3.35,0.0722,20.617,26.47,75.05,SAFE,normal
2026-01-01 08:02:25,L15,0.1621,6.56,0.0474,20.669,26.47,76.65,SAFE,normal
2026-01-01 08:02:30,L15,0.197,4.28,0.0585,20.665,26.68,76.14,SAFE,normal
2026-01-01 08:02:35,L15,0.2096,4.32,0.06,20.652,26.64,75.85,SAFE,normal
2026-01-01 08:02:40,L15,0.1868,5.81,0.0599,20.636,26.77,75.51,SAFE,normal
2026-01-01 08:02:45,L15,0.1842,6.65,0.0682,20.694,26.63,77.24,SAFE,normal
2026-01-01 08:02:50,L15,0.2035,7.14,0.0688,20.719,26.64,74.98,SAFE,normal
2026-01-01 08:02:55,L15,0.1947,7.41,0.0634,20.604,26.79,75.57,SAFE,normal
2026-01-01 08:03:00,L15,0.1551,4.8,0.0636,20.625,26.63,75.66,SAFE,normal
2026-01-01 08:03:05,L15,0.2075,4.22,0.0835,20.62,26.48,76.32,SAFE,normal
2026-01-01 08:03:10,L15,0.174,5.5,0.0666,20.64,26.83,76.66,SAFE,normal
2026-01-01 08:03:15,L15,0.1954,6.61,0.0461,20.683,26.61,75.12,SAFE,normal
2026-01-01 08:03:20,L15,0.1904,5.86,0.0701,20.659,26.73,75.7,SAFE,normal
2026-01-01 08:03:25,L15,0.1889,0.79,0.0684,20.636,26.63,76.66,SAFE,normal
2026-01-01 08:03:30,L15,0.2007,3.58,0.0731,20.639,26.59,75.83,SAFE,normal
2026-01-01 08:03:35,L15,0.2148,6.03,0.0686,20.626,26.46,76.1,SAFE,normal
2026-01-01 08:03:40,L15,0.2034,7.75,0.0566,20.655,26.8,76.61,SAFE,normal
2026-01-01 08:03:45,L15,0.2255,5.19,0.0709,20.656,26.25,75.75,SAFE,normal
2026-01-01 08:03:50,L15,0.2289,7.72,0.0646,20.646,26.97,76.81,SAFE,normal
2026-01-01 08:03:55,L15,0.2302,4.45,0.0721,20.56,26.93,77.13,SAFE,normal
2026-01-01 08:04:00,L15,0.208,7.16,0.0761,20.624,26.65,76.73,SAFE,normal
2026-01-01 08:04:05,L15,0.2031,7.24,0.0627,20.615,27.03,77.9,SAFE,normal
2026-01-01 08:04:10,L15,0.2112,7.63,0.0707,20.648,27.11,77.39,SAFE,normal
2026-01-01 08:04:15,L15,0.2301,5.49,0.0719,20.623,26.77,76.84,SAFE,normal
2026-01-01 08:04:20,L15,0.2307,4.75,0.0649,20.63,26.88,76.67,SAFE,normal
2026-01-01 08:04:25,L15,0.1772,8.24,0.0793,20.596,26.85,78.38,SAFE,normal
2026-01-01 08:04:30,L15,0.2222,4.94,0.072,20.636,27.07,76.51,SAFE,normal
2026-01-01 08:04:35,L15,0.1836,6.15,0.0589,20.643,26.64,76.88,SAFE,normal
2026-01-01 08:04:40,L15,0.2203,9.46,0.0656,20.554,26.82,76.82,SAFE,normal
2026-01-01 08:04:45,L15,0.2141,7.71,0.0704,20.562,27.0,77.53,SAFE,normal
2026-01-01 08:04:50,L15,0.211,8.08,0.0789,20.621,26.99,79.07,SAFE,normal
2026-01-01 08:04:55,L15,0.2377,8.54,0.0684,20.591,26.87,77.52,SAFE,normal
2026-01-01 08:05:00,L15,0.2167,8.56,0.0658,20.624,27.1,77.12,SAFE,normal
2026-01-01 08:05:05,L15,0.2278,7.72,0.0735,20.598,26.93,77.58,SAFE,normal
2026-01-01 08:05:10,L15,0.0701,4.87,0.0545,20.474,28.82,74.99,SAFE,methane_buildup
2026-01-01 08:05:15,L15,0.0809,5.64,0.0694,20.485,28.97,76.52,SAFE,methane_buildup
2026-01-01 08:05:20,L15,0.0691,7.1,0.0515,20.509,28.99,75.06,SAFE,methane_buildup
2026-01-01 08:05:25,L15,0.1225,5.12,0.0524,20.472,29.05,75.61,SAFE,methane_buildup
2026-01-01 08:05:30,L15,0.0813,7.07,0.0731,20.5,29.01,74.97,SAFE,methane_buildup
2026-01-01 08:05:35,L15,0.127,6.25,0.0685,20.516,29.22,75.86,SAFE,methane_buildup
2026-01-01 08:05:40,L15,0.1052,8.0,0.0682,20.464,29.3,76.19,SAFE,methane_buildup
2026-01-01 08:05:45,L15,0.1244,9.47,0.0705,20.574,29.02,77.14,SAFE,methane_buildup
2026-01-01 08:05:50,L15,0.1783,6.76,0.0859,20.518,29.02,75.12,SAFE,methane_buildup
2026-01-01 08:05:55,L15,0.1679,8.88,0.0713,20.482,29.11,74.78,SAFE,methane_buildup
2026-01-01 08:06:00,L15,0.2111,8.21,0.0742,20.467,29.27,75.8,SAFE,methane_buildup
2026-01-01 08:06:05,L15,0.1738,7.5,0.0894,20.453,29.35,75.59,SAFE,methane_buildup
2026-01-01 08:06:10,L15,0.2192,8.25,0.0734,20.518,29.45,76.15,SAFE,methane_buildup
2026-01-01 08:06:15,L15,0.2164,10.35,0.0887,20.473,29.51,76.65,SAFE,methane_buildup
2026-01-01 08:06:20,L15,0.2438,8.32,0.0591,20.421,29.45,78.12,SAFE,methane_buildup
2026-01-01 08:06:25,L15,0.286,10.71,0.0676,20.411,29.47,76.02,SAFE,methane_buildup
2026-01-01 08:06:30,L15,0.3037,8.73,0.0726,20.464,29.72,74.68,SAFE,methane_buildup
2026-01-01 08:06:35,L15,0.2986,6.96,0.0836,20.463,29.5,76.33,SAFE,methane_buildup
2026-01-01 08:06:40,L15,0.2811,9.02,0.0941,20.43,29.62,76.88,SAFE,methane_buildup
2026-01-01 08:06:45,L15,0.301,7.17,0.0762,20.41,29.62,75.89,SAFE,methane_buildup
2026-01-01 08:06:50,L15,0.3356,9.1,0.0898,20.395,29.58,76.93,SAFE,methane_buildup
2026-01-01 08:06:55,L15,0.3351,9.21,0.1009,20.429,29.61,76.93,SAFE,methane_buildup
2026-01-01 08:07:00,L15,0.3712,12.64,0.0965,20.439,29.87,77.1,SAFE,methane_buildup
2026-01-01 08:07:05,L15,0.4005,12.49,0.0817,20.469,29.69,77.59,SAFE,methane_buildup
2026-01-01 08:07:10,L15,0.3747,10.37,0.0929,20.442,29.68,76.97,SAFE,methane_buildup
2026-01-01 08:07:15,L15,0.3901,12.23,0.0897,20.476,29.66,77.54,SAFE,methane_buildup
2026-01-01 08:07:20,L15,0.3999,9.98,0.0827,20.46,29.87,75.74,SAFE,methane_buildup
2026-01-01 08:07:25,L15,0.4279,8.61,0.0924,20.456,29.76,76.48,SAFE,methane_buildup
2026-01-01 08:07:30,L15,0.4466,11.7,0.0862,20.468,29.92,77.05,SAFE,methane_buildup
2026-01-01 08:07:35,L15,0.4602,11.62,0.092,20.395,29.93,76.59,SAFE,methane_buildup
2026-01-01 08:07:40,L15,0.4874,9.84,0.081,20.419,29.88,77.48,SAFE,methane_buildup
2026-01-01 08:07:45,L15,0.4939,10.07,0.0789,20.505,29.76,77.27,SAFE,methane_buildup
2026-01-01 08:07:50,L15,0.5012,12.99,0.0917,20.374,29.85,77.25,WARNING,methane_buildup
2026-01-01 08:07:55,L15,0.5168,9.22,0.0976,20.42,29.91,78.4,SAFE,methane_buildup
2026-01-01 08:08:00,L15,0.5315,12.75,0.087,20.442,29.92,77.83,WARNING,methane_buildup
2026-01-01 08:08:05,L15,0.5434,11.61,0.1013,20.369,30.18,76.97,WARNING,methane_buildup
2026-01-01 08:08:10,L15,0.5482,13.09,0.0984,20.401,30.46,77.42,WARNING,methane_buildup
2026-01-01 08:08:15,L15,0.5544,13.9,0.1043,20.482,30.1,78.58,WARNING,methane_buildup
2026-01-01 08:08:20,L15,0.5887,11.27,0.1077,20.425,30.15,78.21,WARNING,methane_buildup
2026-01-01 08:08:25,L15,0.5931,11.04,0.1118,20.401,30.16,79.08,WARNING,methane_buildup
2026-01-01 08:08:30,L15,0.6226,15.12,0.1069,20.423,30.41,78.88,WARNING,methane_buildup
2026-01-01 08:08:35,L15,0.6299,13.0,0.1007,20.397,30.37,77.96,WARNING,methane_buildup
2026-01-01 08:08:40,L15,0.6431,13.74,0.1056,20.464,30.34,79.49,WARNING,methane_buildup
2026-01-01 08:08:45,L15,0.6717,14.78,0.1238,20.381,30.2,79.63,WARNING,methane_buildup
2026-01-01 08:08:50,L15,0.6499,12.14,0.114,20.393,30.27,77.06,WARNING,methane_buildup
2026-01-01 08:08:55,L15,0.7116,15.11,0.1077,20.362,30.47,78.59,WARNING,methane_buildup
2026-01-01 08:09:00,L15,0.6664,14.88,0.1069,20.396,30.51,78.2,WARNING,methane_buildup
2026-01-01 08:09:05,L15,0.735,16.29,0.1044,20.398,30.51,78.5,WARNING,methane_buildup
2026-01-01 08:09:10,L15,0.7303,16.43,0.1007,20.437,30.65,78.13,WARNING,methane_buildup
2026-01-01 08:09:15,L15,0.7335,14.52,0.1248,20.369,30.4,78.1,WARNING,methane_buildup
2026-01-01 08:09:20,L15,0.7334,15.72,0.116,20.412,30.66,79.65,WARNING,methane_buildup
2026-01-01 08:09:25,L15,0.7606,14.82,0.103,20.398,30.69,78.06,WARNING,methane_buildup
2026-01-01 08:09:30,L15,0.7812,15.14,0.1132,20.337,30.54,79.15,WARNING,methane_buildup
2026-01-01 08:09:35,L15,0.8006,13.4,0.1254,20.37,30.62,78.07,WARNING,methane_buildup
2026-01-01 08:09:40,L15,0.8335,14.92,0.1126,20.367,30.85,80.23,WARNING,methane_buildup
2026-01-01 08:09:45,L15,0.827,12.73,0.1107,20.439,30.61,79.31,WARNING,methane_buildup
2026-01-01 08:09:50,L15,0.8447,15.38,0.1211,20.403,31.19,79.96,WARNING,methane_buildup
2026-01-01 08:09:55,L15,0.8593,17.74,0.1245,20.389,30.93,79.59,WARNING,methane_buildup
2026-01-01 08:10:00,L15,0.8632,17.09,0.1167,20.254,30.88,79.31,WARNING,methane_buildup
2026-01-01 08:10:05,L15,0.8793,16.26,0.1164,20.324,30.88,79.64,WARNING,methane_buildup
2026-01-01 08:10:10,L15,0.8946,15.96,0.1259,20.401,31.07,80.86,WARNING,methane_buildup
2026-01-01 08:10:15,L15,0.9197,15.61,0.1143,20.401,30.92,79.01,WARNING,methane_buildup
2026-01-01 08:10:20,L15,0.1369,4.2,0.0763,20.577,28.8,69.73,SAFE,co_buildup
2026-01-01 08:10:25,L15,0.1246,5.04,0.0731,20.512,28.73,70.23,SAFE,co_buildup
2026-01-01 08:10:30,L15,0.1316,7.14,0.0875,20.479,28.84,71.02,SAFE,co_buildup
2026-01-01 08:10:35,L15,0.1328,5.58,0.1003,20.454,28.93,71.68,SAFE,co_buildup
2026-01-01 08:10:40,L15,0.1634,7.96,0.0983,20.529,29.14,70.7,SAFE,co_buildup
2026-01-01 08:10:45,L15,0.1358,10.43,0.0863,20.523,28.94,70.69,SAFE,co_buildup
2026-01-01 08:10:50,L15,0.1448,9.83,0.0956,20.482,29.32,72.11,SAFE,co_buildup
2026-01-01 08:10:55,L15,0.1572,10.58,0.1099,20.446,28.99,71.98,SAFE,co_buildup
2026-01-01 08:11:00,L15,0.1499,11.82,0.1048,20.471,28.96,71.76,SAFE,co_buildup
2026-01-01 08:11:05,L15,0.164,13.67,0.1117,20.503,29.39,72.75,SAFE,co_buildup
2026-01-01 08:11:10,L15,0.1956,11.56,0.1117,20.421,29.57,73.52,SAFE,co_buildup
2026-01-01 08:11:15,L15,0.1941,15.08,0.1101,20.482,29.42,72.42,SAFE,co_buildup
2026-01-01 08:11:20,L15,0.1837,18.69,0.1119,20.391,29.19,71.81,SAFE,co_buildup
2026-01-01 08:11:25,L15,0.2078,18.81,0.1057,20.4,29.38,72.84,SAFE,co_buildup
2026-01-01 08:11:30,L15,0.2327,20.01,0.1122,20.429,29.74,71.95,SAFE,co_buildup
2026-01-01 08:11:35,L15,0.2119,17.7,0.1141,20.446,29.75,73.75,SAFE,co_buildup
2026-01-01 08:11:40,L15,0.2343,20.89,0.1214,20.453,30.01,72.36,SAFE,co_buildup
2026-01-01 08:11:45,L15,0.2315,22.4,0.128,20.43,29.91,72.92,SAFE,co_buildup
2026-01-01 08:11:50,L15,0.22,24.33,0.1293,20.439,29.86,72.57,SAFE,co_buildup
2026-01-01 08:11:55,L15,0.2331,26.36,0.1348,20.389,30.09,73.54,WARNING,co_buildup
2026-01-01 08:12:00,L15,0.2438,27.19,0.1414,20.357,30.27,73.73,WARNING,co_buildup
2026-01-01 08:12:05,L15,0.2305,25.94,0.1357,20.402,30.39,74.31,WARNING,co_buildup
2026-01-01 08:12:10,L15,0.2082,27.03,0.1479,20.399,30.25,73.97,WARNING,co_buildup
2026-01-01 08:12:15,L15,0.2406,31.06,0.154,20.378,30.35,74.07,WARNING,co_buildup
2026-01-01 08:12:20,L15,0.2265,29.46,0.1512,20.36,30.53,73.73,WARNING,co_buildup
2026-01-01 08:12:25,L15,0.2533,29.44,0.1465,20.375,30.38,74.12,WARNING,co_buildup
2026-01-01 08:12:30,L15,0.2447,31.82,0.1613,20.335,30.67,73.4,WARNING,co_buildup
2026-01-01 08:12:35,L15,0.2892,35.21,0.1606,20.316,30.6,75.79,WARNING,co_buildup
2026-01-01 08:12:40,L15,0.264,32.89,0.1646,20.33,30.7,74.76,WARNING,co_buildup
2026-01-01 08:12:45,L15,0.2957,34.67,0.1749,20.314,30.79,76.3,WARNING,co_buildup
2026-01-01 08:12:50,L15,0.3047,35.08,0.1713,20.318,30.88,75.05,WARNING,co_buildup
2026-01-01 08:12:55,L15,0.3095,38.87,0.1811,20.279,31.22,73.79,WARNING,co_buildup
2026-01-01 08:13:00,L15,0.2767,38.93,0.1703,20.302,30.94,75.11,WARNING,co_buildup
2026-01-01 08:13:05,L15,0.3273,40.95,0.171,20.292,31.02,75.63,WARNING,co_buildup
2026-01-01 08:13:10,L15,0.3225,42.97,0.1866,20.264,31.37,75.84,WARNING,co_buildup
2026-01-01 08:13:15,L15,0.334,39.42,0.1725,20.227,31.3,76.49,WARNING,co_buildup
2026-01-01 08:13:20,L15,0.3551,41.61,0.1984,20.278,31.42,76.24,WARNING,co_buildup
2026-01-01 08:13:25,L15,0.3453,43.16,0.1967,20.196,31.22,76.0,WARNING,co_buildup
2026-01-01 08:13:30,L15,0.3213,44.97,0.1899,20.196,31.49,75.69,WARNING,co_buildup
2026-01-01 08:13:35,L15,0.3546,46.69,0.2018,20.221,31.65,76.26,WARNING,co_buildup
2026-01-01 08:13:40,L15,0.328,46.26,0.2004,20.132,31.5,77.23,WARNING,co_buildup
2026-01-01 08:13:45,L15,0.3553,47.02,0.1877,20.246,31.77,77.59,WARNING,co_buildup
2026-01-01 08:13:50,L15,0.3545,50.55,0.1945,20.191,31.72,76.52,WARNING,co_buildup
2026-01-01 08:13:55,L15,0.3679,51.0,0.2062,20.229,31.73,78.03,WARNING,co_buildup
2026-01-01 08:14:00,L15,0.3508,51.71,0.2082,20.228,32.05,77.84,DANGER,co_buildup
2026-01-01 08:14:05,L15,0.3583,49.08,0.2203,20.161,32.14,76.83,WARNING,co_buildup
2026-01-01 08:14:10,L15,0.3782,55.17,0.2152,20.198,32.06,77.9,DANGER,co_buildup
2026-01-01 08:14:15,L15,0.3873,54.7,0.2056,20.117,32.19,78.15,DANGER,co_buildup
2026-01-01 08:14:20,L15,0.39,55.25,0.2144,20.154,32.39,77.17,DANGER,co_buildup
2026-01-01 08:14:25,L15,0.4239,55.32,0.2276,20.118,32.21,77.09,DANGER,co_buildup
2026-01-01 08:14:30,L15,0.4142,56.66,0.21,20.145,32.39,78.71,DANGER,co_buildup
2026-01-01 08:14:35,L15,0.4195,57.34,0.2163,20.142,32.36,78.13,DANGER,co_buildup
2026-01-01 08:14:40,L15,0.4136,56.74,0.2275,20.102,32.34,79.86,DANGER,co_buildup
2026-01-01 08:14:45,L15,0.4042,59.57,0.2409,20.115,32.5,80.19,DANGER,co_buildup
2026-01-01 08:14:50,L15,0.4307,59.46,0.2347,20.119,32.47,79.35,DANGER,co_buildup
2026-01-01 08:14:55,L15,0.4636,62.83,0.2431,20.088,32.78,79.89,DANGER,co_buildup
2026-01-01 08:15:00,L15,0.4456,62.26,0.2424,20.15,32.67,78.47,DANGER,co_buildup
2026-01-01 08:15:05,L15,0.4647,66.14,0.2442,20.061,32.65,78.39,DANGER,co_buildup
2026-01-01 08:15:10,L15,0.4723,63.61,0.243,20.106,33.05,79.5,DANGER,co_buildup
2026-01-01 08:15:15,L15,0.4679,68.96,0.2579,20.083,33.11,78.74,DANGER,co_buildup
2026-01-01 08:15:20,L15,0.4685,69.49,0.2441,19.984,33.03,80.17,DANGER,co_buildup
2026-01-01 08:15:25,L15,0.4561,67.69,0.2552,20.076,33.26,79.46,DANGER,co_buildup
2026-01-01 08:15:30,L15,0.0778,7.82,0.066,20.839,25.49,75.16,SAFE,low_oxygen
2026-01-01 08:15:35,L15,0.0587,7.97,0.0845,20.826,25.27,75.05,SAFE,low_oxygen
2026-01-01 08:15:40,L15,0.113,7.68,0.0976,20.776,25.27,76.97,SAFE,low_oxygen
2026-01-01 08:15:45,L15,0.1117,7.3,0.1012,20.737,25.75,76.55,SAFE,low_oxygen
2026-01-01 08:15:50,L15,0.1259,6.66,0.1179,20.713,25.77,74.96,SAFE,low_oxygen
2026-01-01 08:15:55,L15,0.1081,8.99,0.1074,20.698,25.91,76.64,SAFE,low_oxygen
2026-01-01 08:16:00,L15,0.1375,6.91,0.1142,20.644,25.7,75.3,SAFE,low_oxygen
2026-01-01 08:16:05,L15,0.1316,9.97,0.1197,20.576,25.96,76.31,SAFE,low_oxygen
2026-01-01 08:16:10,L15,0.1533,7.9,0.1214,20.544,25.45,76.81,SAFE,low_oxygen
2026-01-01 08:16:15,L15,0.1455,7.81,0.1299,20.492,25.98,77.41,SAFE,low_oxygen
2026-01-01 08:16:20,L15,0.1687,8.93,0.1315,20.493,26.11,76.53,SAFE,low_oxygen
2026-01-01 08:16:25,L15,0.1587,6.87,0.1275,20.451,25.91,76.33,SAFE,low_oxygen
2026-01-01 08:16:30,L15,0.1865,8.77,0.1473,20.386,26.24,76.57,SAFE,low_oxygen
2026-01-01 08:16:35,L15,0.1737,8.15,0.1582,20.399,26.11,77.48,SAFE,low_oxygen
2026-01-01 08:16:40,L15,0.234,8.65,0.1692,20.354,26.19,77.35,SAFE,low_oxygen
2026-01-01 08:16:45,L15,0.2197,7.07,0.1656,20.339,26.22,76.8,SAFE,low_oxygen
2026-01-01 08:16:50,L15,0.2268,7.12,0.1718,20.223,26.56,75.42,SAFE,low_oxygen
2026-01-01 08:16:55,L15,0.2463,5.47,0.1906,20.206,26.31,75.06,SAFE,low_oxygen
2026-01-01 08:17:00,L15,0.2261,7.59,0.1778,20.166,26.36,77.29,SAFE,low_oxygen
2026-01-01 08:17:05,L15,0.2434,7.57,0.1932,20.212,26.38,76.26,SAFE,low_oxygen
2026-01-01 08:17:10,L15,0.2725,7.4,0.2082,20.097,26.51,76.87,SAFE,low_oxygen
2026-01-01 08:17:15,L15,0.2764,8.29,0.201,20.097,26.65,77.21,SAFE,low_oxygen
2026-01-01 08:17:20,L15,0.2727,8.62,0.2005,20.053,26.78,79.15,SAFE,low_oxygen
2026-01-01 08:17:25,L15,0.3026,9.33,0.2325,19.982,26.63,77.68,WARNING,low_oxygen
2026-01-01 08:17:30,L15,0.3069,9.49,0.2313,19.948,26.86,78.26,WARNING,low_oxygen
2026-01-01 08:17:35,L15,0.3194,9.68,0.2376,19.925,26.96,78.18,WARNING,low_oxygen
2026-01-01 08:17:40,L15,0.3271,9.8,0.2363,19.91,26.79,75.93,WARNING,low_oxygen
2026-01-01 08:17:45,L15,0.3205,9.24,0.2483,19.829,27.0,77.65,WARNING,low_oxygen
2026-01-01 08:17:50,L15,0.3391,8.97,0.2293,19.782,27.04,77.09,WARNING,low_oxygen
2026-01-01 08:17:55,L15,0.3218,10.34,0.2518,19.787,27.12,79.54,WARNING,low_oxygen
2026-01-01 08:18:00,L15,0.3515,10.05,0.2689,19.688,27.09,76.8,WARNING,low_oxygen
2026-01-01 08:18:05,L15,0.3649,6.84,0.2563,19.692,27.21,78.01,WARNING,low_oxygen
2026-01-01 08:18:10,L15,0.3874,8.87,0.2708,19.679,27.3,78.24,WARNING,low_oxygen
2026-01-01 08:18:15,L15,0.3952,6.48,0.2822,19.623,27.64,77.75,WARNING,low_oxygen
2026-01-01 08:18:20,L15,0.3857,6.52,0.2794,19.555,27.42,78.72,WARNING,low_oxygen
2026-01-01 08:18:25,L15,0.3948,8.55,0.2918,19.505,27.68,78.7,WARNING,low_oxygen
2026-01-01 08:18:30,L15,0.4355,9.18,0.3009,19.533,27.75,78.96,WARNING,low_oxygen
2026-01-01 08:18:35,L15,0.4209,8.8,0.3063,19.455,27.4,79.33,WARNING,low_oxygen
2026-01-01 08:18:40,L15,0.4365,6.83,0.3068,19.395,27.62,79.21,WARNING,low_oxygen
2026-01-01 08:18:45,L15,0.456,10.72,0.3094,19.419,27.93,79.42,DANGER,low_oxygen
2026-01-01 08:18:50,L15,0.4525,8.55,0.3253,19.371,27.81,80.1,WARNING,low_oxygen
2026-01-01 08:18:55,L15,0.4609,10.41,0.3309,19.278,27.82,77.99,DANGER,low_oxygen
2026-01-01 08:19:00,L15,0.4679,8.72,0.3366,19.348,28.02,79.96,WARNING,low_oxygen
2026-01-01 08:19:05,L15,0.4744,9.05,0.3413,19.219,28.12,78.66,WARNING,low_oxygen
2026-01-01 08:19:10,L15,0.4937,10.51,0.3492,19.221,28.02,79.08,DANGER,low_oxygen
2026-01-01 08:19:15,L15,0.4737,9.4,0.3595,19.22,28.04,79.79,WARNING,low_oxygen
2026-01-01 08:19:20,L15,0.505,10.24,0.3611,19.149,27.79,80.12,DANGER,low_oxygen
2026-01-01 08:19:25,L15,0.528,10.46,0.3655,19.093,28.21,80.31,DANGER,low_oxygen
2026-01-01 08:19:30,L15,0.5357,7.96,0.3665,19.005,28.21,79.22,DANGER,low_oxygen
2026-01-01 08:19:35,L15,0.56,10.88,0.3879,19.072,28.18,81.38,DANGER,low_oxygen
2026-01-01 08:19:40,L15,0.5608,8.82,0.3739,18.999,28.36,79.84,DANGER,low_oxygen
2026-01-01 08:19:45,L15,0.5639,8.62,0.3874,18.893,28.39,79.69,DANGER,low_oxygen
2026-01-01 08:19:50,L15,0.5676,9.25,0.391,18.944,28.54,79.34,DANGER,low_oxygen
2026-01-01 08:19:55,L15,0.5698,11.63,0.3865,18.862,28.53,79.36,DANGER,low_oxygen
2026-01-01 08:20:00,L15,0.5937,8.07,0.4101,18.815,28.7,79.43,DANGER,low_oxygen
2026-01-01 08:20:05,L15,0.6004,11.5,0.4117,18.768,28.72,80.9,DANGER,low_oxygen
2026-01-01 08:20:10,L15,0.5994,11.1,0.4196,18.753,28.95,81.23,DANGER,low_oxygen
2026-01-01 08:20:15,L15,0.6015,10.76,0.424,18.735,28.74,80.15,DANGER,low_oxygen
2026-01-01 08:20:20,L15,0.6232,11.08,0.4376,18.658,29.14,80.02,DANGER,low_oxygen
2026-01-01 08:20:25,L15,0.6507,10.33,0.4447,18.64,29.1,80.86,DANGER,low_oxygen
2026-01-01 08:20:30,L15,0.6445,11.85,0.4349,18.7,29.22,81.21,DANGER,low_oxygen
2026-01-01 08:20:35,L15,0.6527,10.25,0.4639,18.575,29.1,81.43,DANGER,low_oxygen
2026-01-01 08:20:40,L15,0.1252,0.7,0.0554,20.687,29.06,70.96,SAFE,co2_buildup
2026-01-01 08:20:45,L15,0.1074,1.73,0.0676,20.705,28.86,71.72,SAFE,co2_buildup
2026-01-01 08:20:50,L15,0.1245,2.7,0.0731,20.639,28.75,72.23,SAFE,co2_buildup
2026-01-01 08:20:55,L15,0.1422,4.81,0.0742,20.69,28.97,73.03,SAFE,co2_buildup
2026-01-01 08:21:00,L15,0.1242,4.03,0.0813,20.668,28.87,72.49,SAFE,co2_buildup
2026-01-01 08:21:05,L15,0.1367,3.44,0.1046,20.599,28.94,71.38,SAFE,co2_buildup
2026-01-01 08:21:10,L15,0.1674,4.2,0.1066,20.616,28.77,72.11,SAFE,co2_buildup
2026-01-01 08:21:15,L15,0.1254,4.45,0.101,20.538,28.58,70.73,SAFE,co2_buildup
2026-01-01 08:21:20,L15,0.1837,4.36,0.1242,20.532,29.1,72.4,SAFE,co2_buildup
2026-01-01 08:21:25,L15,0.1464,3.09,0.1265,20.496,28.65,72.36,SAFE,co2_buildup
2026-01-01 08:21:30,L15,0.1638,2.66,0.1314,20.489,28.56,71.18,SAFE,co2_buildup
2026-01-01 08:21:35,L15,0.1844,3.9,0.1387,20.468,28.82,74.9,SAFE,co2_buildup
2026-01-01 08:21:40,L15,0.1952,3.18,0.1324,20.442,28.56,73.1,SAFE,co2_buildup
2026-01-01 08:21:45,L15,0.1965,5.45,0.1607,20.416,28.63,71.91,SAFE,co2_buildup
2026-01-01 08:21:50,L15,0.1987,6.95,0.1633,20.399,28.69,73.56,SAFE,co2_buildup
2026-01-01 08:21:55,L15,0.1974,5.65,0.1647,20.409,28.64,75.29,SAFE,co2_buildup
2026-01-01 08:22:00,L15,0.2333,2.23,0.1717,20.288,28.59,75.69,SAFE,co2_buildup
2026-01-01 08:22:05,L15,0.2274,4.13,0.1761,20.382,28.87,74.39,SAFE,co2_buildup
2026-01-01 08:22:10,L15,0.2394,5.25,0.1793,20.29,28.6,74.61,SAFE,co2_buildup
2026-01-01 08:22:15,L15,0.2214,3.21,0.1952,20.275,28.46,75.71,SAFE,co2_buildup
2026-01-01 08:22:20,L15,0.1987,5.56,0.1916,20.294,28.73,74.79,SAFE,co2_buildup
2026-01-01 08:22:25,L15,0.2549,6.35,0.2062,20.248,28.46,75.47,SAFE,co2_buildup
2026-01-01 08:22:30,L15,0.2508,7.91,0.2129,20.223,28.54,75.96,SAFE,co2_buildup
2026-01-01 08:22:35,L15,0.2542,8.66,0.2222,20.22,28.41,74.62,SAFE,co2_buildup
2026-01-01 08:22:40,L15,0.2489,4.29,0.2337,20.154,28.56,76.9,SAFE,co2_buildup
2026-01-01 08:22:45,L15,0.2581,6.04,0.2365,20.163,28.52,75.15,SAFE,co2_buildup
2026-01-01 08:22:50,L15,0.2602,6.2,0.2458,20.074,28.49,75.54,SAFE,co2_buildup
2026-01-01 08:22:55,L15,0.2758,5.43,0.2318,20.101,28.51,76.31,SAFE,co2_buildup
2026-01-01 08:23:00,L15,0.2641,6.79,0.2581,20.082,28.59,77.17,SAFE,co2_buildup
2026-01-01 08:23:05,L15,0.2985,6.66,0.2621,20.076,28.56,77.15,SAFE,co2_buildup
2026-01-01 08:23:10,L15,0.3235,7.85,0.2715,20.039,28.28,76.76,SAFE,co2_buildup
2026-01-01 08:23:15,L15,0.2899,9.1,0.2713,20.0,28.32,77.21,SAFE,co2_buildup
2026-01-01 08:23:20,L15,0.281,7.41,0.2918,19.961,28.55,78.03,WARNING,co2_buildup
2026-01-01 08:23:25,L15,0.3092,6.62,0.2917,19.937,28.28,77.37,WARNING,co2_buildup
2026-01-01 08:23:30,L15,0.3214,5.96,0.2907,19.914,28.46,76.9,WARNING,co2_buildup
2026-01-01 08:23:35,L15,0.3294,10.7,0.2992,19.861,28.49,77.26,WARNING,co2_buildup
2026-01-01 08:23:40,L15,0.3526,9.14,0.318,19.929,28.11,78.66,WARNING,co2_buildup
2026-01-01 08:23:45,L15,0.3468,8.52,0.3172,19.883,28.28,77.47,WARNING,co2_buildup
2026-01-01 08:23:50,L15,0.3133,7.81,0.3249,19.837,28.45,77.05,WARNING,co2_buildup
2026-01-01 08:23:55,L15,0.3279,10.62,0.3304,19.83,28.29,78.25,WARNING,co2_buildup
2026-01-01 08:24:00,L15,0.3584,8.1,0.3471,19.805,28.23,78.62,WARNING,co2_buildup
2026-01-01 08:24:05,L15,0.3514,5.92,0.3499,19.729,28.41,79.56,WARNING,co2_buildup
2026-01-01 08:24:10,L15,0.3869,9.03,0.3436,19.754,28.43,77.89,WARNING,co2_buildup
2026-01-01 08:24:15,L15,0.3561,6.93,0.3524,19.749,28.15,79.52,WARNING,co2_buildup
2026-01-01 08:24:20,L15,0.3905,9.31,0.3673,19.667,28.5,80.36,WARNING,co2_buildup
2026-01-01 08:24:25,L15,0.3723,11.07,0.3691,19.618,27.96,78.97,WARNING,co2_buildup
2026-01-01 08:24:30,L15,0.3919,6.69,0.364,19.606,27.98,79.88,WARNING,co2_buildup
2026-01-01 08:24:35,L15,0.3815,7.99,0.3824,19.614,28.13,78.28,WARNING,co2_buildup
2026-01-01 08:24:40,L15,0.4082,10.78,0.3932,19.557,28.13,80.89,WARNING,co2_buildup
2026-01-01 08:24:45,L15,0.4218,8.87,0.3993,19.565,28.12,81.01,WARNING,co2_buildup
2026-01-01 08:24:50,L15,0.4155,10.38,0.4153,19.527,28.07,80.55,WARNING,co2_buildup
2026-01-01 08:24:55,L15,0.4462,10.53,0.3987,19.523,28.03,79.69,WARNING,co2_buildup
2026-01-01 08:25:00,L15,0.4127,11.38,0.4174,19.484,28.09,81.48,DANGER,co2_buildup
2026-01-01 08:25:05,L15,0.431,9.22,0.437,19.474,28.02,80.93,WARNING,co2_buildup
2026-01-01 08:25:10,L15,0.4481,6.5,0.4324,19.47,28.19,79.1,WARNING,co2_buildup
2026-01-01 08:25:15,L15,0.4271,11.07,0.4351,19.4,28.08,82.13,DANGER,co2_buildup
2026-01-01 08:25:20,L15,0.4482,8.26,0.4464,19.413,28.03,82.63,WARNING,co2_buildup
2026-01-01 08:25:25,L15,0.4632,12.16,0.4625,19.356,28.04,82.96,DANGER,co2_buildup
2026-01-01 08:25:30,L15,0.4731,10.83,0.4639,19.357,28.2,81.05,DANGER,co2_buildup
2026-01-01 08:25:35,L15,0.4822,10.59,0.4672,19.332,27.95,80.73,DANGER,co2_buildup
2026-01-01 08:25:40,L15,0.458,12.22,0.4839,19.321,27.81,82.12,DANGER,co2_buildup
2026-01-01 08:25:45,L15,0.4813,8.71,0.4901,19.292,27.84,83.05,WARNING,co2_buildup
2026-01-01 08:25:50,L15,0.1163,4.24,0.0557,20.815,26.97,76.7,SAFE,ventilation_failure
2026-01-01 08:25:55,L15,0.1026,3.13,0.0785,20.801,27.29,77.61,SAFE,ventilation_failure
2026-01-01 08:26:00,L15,0.1506,6.64,0.065,20.748,27.47,76.51,SAFE,ventilation_failure
2026-01-01 08:26:05,L15,0.1407,4.26,0.0716,20.771,27.44,77.1,SAFE,ventilation_failure
2026-01-01 08:26:10,L15,0.1515,7.59,0.0696,20.741,27.66,77.76,SAFE,ventilation_failure
2026-01-01 08:26:15,L15,0.1699,6.06,0.0675,20.727,27.72,76.47,SAFE,ventilation_failure
2026-01-01 08:26:20,L15,0.1872,7.79,0.0895,20.644,27.61,76.98,SAFE,ventilation_failure
2026-01-01 08:26:25,L15,0.1783,5.72,0.0813,20.654,27.88,77.19,SAFE,ventilation_failure
2026-01-01 08:26:30,L15,0.206,4.28,0.0892,20.543,27.66,78.13,SAFE,ventilation_failure
2026-01-01 08:26:35,L15,0.2258,5.12,0.1102,20.535,27.98,78.51,SAFE,ventilation_failure
2026-01-01 08:26:40,L15,0.217,11.7,0.098,20.462,27.88,77.53,SAFE,ventilation_failure
2026-01-01 08:26:45,L15,0.2352,7.41,0.1153,20.476,28.14,77.56,SAFE,ventilation_failure
2026-01-01 08:26:50,L15,0.2362,10.31,0.1135,20.433,28.04,78.52,SAFE,ventilation_failure
2026-01-01 08:26:55,L15,0.2528,7.08,0.1109,20.316,28.52,78.58,SAFE,ventilation_failure
2026-01-01 08:27:00,L15,0.2675,9.66,0.1229,20.388,28.4,78.02,SAFE,ventilation_failure
2026-01-01 08:27:05,L15,0.2716,10.27,0.1193,20.345,28.7,80.12,SAFE,ventilation_failure
2026-01-01 08:27:10,L15,0.2968,14.36,0.1371,20.268,28.65,78.89,SAFE,ventilation_failure
2026-01-01 08:27:15,L15,0.3152,9.99,0.1447,20.258,28.48,78.69,SAFE,ventilation_failure
2026-01-01 08:27:20,L15,0.3292,9.76,0.14,20.17,28.79,78.6,SAFE,ventilation_failure
2026-01-01 08:27:25,L15,0.3231,11.71,0.1552,20.157,28.88,79.8,WARNING,ventilation_failure
2026-01-01 08:27:30,L15,0.3387,10.16,0.1506,20.195,29.06,79.52,WARNING,ventilation_failure
2026-01-01 08:27:35,L15,0.373,12.52,0.1614,20.076,29.39,77.78,WARNING,ventilation_failure
2026-01-01 08:27:40,L15,0.3636,12.19,0.1826,20.076,29.52,78.69,WARNING,ventilation_failure
2026-01-01 08:27:45,L15,0.3977,11.5,0.1836,19.999,29.33,78.98,WARNING,ventilation_failure
2026-01-01 08:27:50,L15,0.3868,13.73,0.1672,20.016,29.28,79.41,WARNING,ventilation_failure
2026-01-01 08:27:55,L15,0.416,13.51,0.1759,19.988,29.46,80.0,WARNING,ventilation_failure
2026-01-01 08:28:00,L15,0.4341,14.85,0.17,19.958,29.74,78.73,WARNING,ventilation_failure
2026-01-01 08:28:05,L15,0.3956,16.55,0.1897,19.916,29.75,79.61,WARNING,ventilation_failure
2026-01-01 08:28:10,L15,0.4609,13.67,0.1912,19.909,29.63,81.12,WARNING,ventilation_failure
2026-01-01 08:28:15,L15,0.4799,14.17,0.1868,19.815,29.9,79.86,WARNING,ventilation_failure
2026-01-01 08:28:20,L15,0.4682,13.13,0.2073,19.765,30.27,79.37,WARNING,ventilation_failure
2026-01-01 08:28:25,L15,0.4906,16.29,0.2006,19.745,30.22,78.94,WARNING,ventilation_failure
2026-01-01 08:28:30,L15,0.4853,14.9,0.2034,19.687,30.28,79.7,WARNING,ventilation_failure
2026-01-01 08:28:35,L15,0.5158,16.74,0.2156,19.695,30.32,79.31,WARNING,ventilation_failure
2026-01-01 08:28:40,L15,0.5598,18.33,0.2135,19.653,30.41,79.95,WARNING,ventilation_failure
2026-01-01 08:28:45,L15,0.5025,15.92,0.2218,19.637,30.66,80.78,WARNING,ventilation_failure
2026-01-01 08:28:50,L15,0.5404,16.59,0.2409,19.54,30.7,80.46,WARNING,ventilation_failure
2026-01-01 08:28:55,L15,0.5724,19.19,0.2269,19.553,30.89,80.13,WARNING,ventilation_failure
2026-01-01 08:29:00,L15,0.5919,19.09,0.2421,19.555,30.96,79.17,WARNING,ventilation_failure
2026-01-01 08:29:05,L15,0.5647,19.29,0.2369,19.501,30.98,81.35,WARNING,ventilation_failure
2026-01-01 08:29:10,L15,0.5884,18.16,0.2386,19.392,31.14,80.48,DANGER,ventilation_failure
2026-01-01 08:29:15,L15,0.6018,16.95,0.2506,19.413,31.09,80.94,DANGER,ventilation_failure
2026-01-01 08:29:20,L15,0.6132,18.4,0.2776,19.357,31.28,80.21,DANGER,ventilation_failure
2026-01-01 08:29:25,L15,0.6337,18.31,0.2672,19.345,31.59,80.69,DANGER,ventilation_failure
2026-01-01 08:29:30,L15,0.6266,21.06,0.2695,19.298,31.49,80.64,DANGER,ventilation_failure
2026-01-01 08:29:35,L15,0.6567,20.97,0.2665,19.327,31.55,80.12,DANGER,ventilation_failure
2026-01-01 08:29:40,L15,0.659,20.01,0.2724,19.242,31.72,80.55,DANGER,ventilation_failure
2026-01-01 08:29:45,L15,0.6845,20.62,0.2685,19.214,31.61,81.34,DANGER,ventilation_failure
2026-01-01 08:29:50,L15,0.6875,22.34,0.2996,19.169,31.92,81.68,DANGER,ventilation_failure
2026-01-01 08:29:55,L15,0.708,21.51,0.2922,19.149,32.24,80.98,DANGER,ventilation_failure
2026-01-01 08:30:00,L15,0.7075,21.47,0.2964,19.094,31.97,80.65,DANGER,ventilation_failure
2026-01-01 08:30:05,L15,0.7499,25.67,0.3014,19.089,32.23,81.41,CRITICAL,ventilation_failure
2026-01-01 08:30:10,L15,0.7432,22.24,0.3214,19.019,32.29,82.4,DANGER,ventilation_failure
2026-01-01 08:30:15,L15,0.7608,24.43,0.3119,19.037,32.39,81.11,CRITICAL,ventilation_failure
2026-01-01 08:30:20,L15,0.7709,24.37,0.3128,18.976,32.48,81.96,CRITICAL,ventilation_failure
2026-01-01 08:30:25,L15,0.7857,21.86,0.3336,18.922,32.7,81.5,CRITICAL,ventilation_failure
2026-01-01 08:30:30,L15,0.7981,23.49,0.323,18.917,32.53,83.02,CRITICAL,ventilation_failure
2026-01-01 08:30:35,L15,0.8227,26.09,0.3154,18.871,32.9,81.79,CRITICAL,ventilation_failure
2026-01-01 08:30:40,L15,0.8188,25.03,0.3215,18.846,32.91,82.81,CRITICAL,ventilation_failure
2026-01-01 08:30:45,L15,0.8248,23.39,0.3371,18.789,32.73,83.18,CRITICAL,ventilation_failure
2026-01-01 08:30:50,L15,0.8488,26.54,0.3458,18.745,33.16,83.68,CRITICAL,ventilation_failure
2026-01-01 08:30:55,L15,0.8515,25.43,0.3549,18.721,33.22,81.45,CRITICAL,ventilation_failure
2026-01-01 08:31:00,L15,0.1697,2.71,0.0935,20.86,26.48,75.27,SAFE,fire_heat
2026-01-01 08:31:05,L15,0.1478,5.06,0.098,20.87,26.33,76.03,SAFE,fire_heat
2026-01-01 08:31:10,L15,0.1462,4.47,0.1062,20.804,27.03,74.81,SAFE,fire_heat
2026-01-01 08:31:15,L15,0.1821,9.85,0.1092,20.846,26.99,74.84,SAFE,fire_heat
2026-01-01 08:31:20,L15,0.1814,8.02,0.1061,20.706,27.49,76.18,SAFE,fire_heat
2026-01-01 08:31:25,L15,0.1778,6.83,0.1085,20.753,27.56,74.58,SAFE,fire_heat
2026-01-01 08:31:30,L15,0.1912,9.17,0.1138,20.723,28.05,74.99,SAFE,fire_heat
2026-01-01 08:31:35,L15,0.1925,12.88,0.114,20.652,27.94,77.94,SAFE,fire_heat
2026-01-01 08:31:40,L15,0.216,10.29,0.1353,20.648,28.51,77.89,SAFE,fire_heat
2026-01-01 08:31:45,L15,0.2384,12.18,0.1145,20.638,28.92,76.35,SAFE,fire_heat
2026-01-01 08:31:50,L15,0.2096,15.48,0.1344,20.544,29.46,77.76,SAFE,fire_heat
2026-01-01 08:31:55,L15,0.2343,15.18,0.138,20.529,29.17,77.94,SAFE,fire_heat
2026-01-01 08:32:00,L15,0.2125,13.81,0.1315,20.534,29.79,77.64,SAFE,fire_heat
2026-01-01 08:32:05,L15,0.2268,16.94,0.1418,20.484,30.0,77.36,SAFE,fire_heat
2026-01-01 08:32:10,L15,0.2587,17.35,0.1532,20.465,30.09,78.07,WARNING,fire_heat
2026-01-01 08:32:15,L15,0.2567,18.63,0.1441,20.449,30.5,78.37,SAFE,fire_heat
2026-01-01 08:32:20,L15,0.2486,20.94,0.1609,20.393,30.89,78.4,WARNING,fire_heat
2026-01-01 08:32:25,L15,0.2728,20.85,0.1631,20.39,31.33,76.8,WARNING,fire_heat
2026-01-01 08:32:30,L15,0.2933,21.32,0.1521,20.37,31.56,79.82,WARNING,fire_heat
2026-01-01 08:32:35,L15,0.2659,22.22,0.1526,20.355,31.65,80.27,WARNING,fire_heat
2026-01-01 08:32:40,L15,0.3212,25.01,0.1665,20.265,31.86,76.97,WARNING,fire_heat
2026-01-01 08:32:45,L15,0.3111,23.29,0.1589,20.254,32.5,79.06,WARNING,fire_heat
2026-01-01 08:32:50,L15,0.3188,22.09,0.1493,20.261,32.7,80.44,WARNING,fire_heat
2026-01-01 08:32:55,L15,0.3174,25.97,0.1723,20.169,33.26,79.76,WARNING,fire_heat
2026-01-01 08:33:00,L15,0.351,27.85,0.1973,20.187,33.26,79.92,WARNING,fire_heat
2026-01-01 08:33:05,L15,0.3467,27.63,0.18,20.155,33.78,78.12,WARNING,fire_heat
2026-01-01 08:33:10,L15,0.3342,28.43,0.1903,20.047,33.98,80.06,WARNING,fire_heat
2026-01-01 08:33:15,L15,0.3585,29.65,0.1965,20.081,34.32,79.77,WARNING,fire_heat
2026-01-01 08:33:20,L15,0.3436,31.13,0.1943,20.076,34.56,80.35,WARNING,fire_heat
2026-01-01 08:33:25,L15,0.3579,30.18,0.1956,20.03,34.85,79.06,WARNING,fire_heat
2026-01-01 08:33:30,L15,0.3915,34.09,0.2118,19.993,34.74,79.18,DANGER,fire_heat
2026-01-01 08:33:35,L15,0.3828,30.08,0.2059,19.982,35.34,80.08,DANGER,fire_heat
2026-01-01 08:33:40,L15,0.3944,35.85,0.2086,19.978,35.57,80.04,DANGER,fire_heat
2026-01-01 08:33:45,L15,0.4094,36.48,0.2194,19.935,36.15,80.38,DANGER,fire_heat
2026-01-01 08:33:50,L15,0.4076,37.73,0.2084,19.866,36.11,80.27,DANGER,fire_heat
2026-01-01 08:33:55,L15,0.3946,35.06,0.2102,19.816,36.51,80.65,DANGER,fire_heat
2026-01-01 08:34:00,L15,0.4392,39.36,0.211,19.845,36.96,80.43,DANGER,fire_heat
2026-01-01 08:34:05,L15,0.4294,39.08,0.2322,19.765,37.18,81.08,DANGER,fire_heat
2026-01-01 08:34:10,L15,0.438,43.27,0.2301,19.755,37.46,80.13,DANGER,fire_heat
2026-01-01 08:34:15,L15,0.4374,42.38,0.2417,19.747,37.89,81.84,DANGER,fire_heat
2026-01-01 08:34:20,L15,0.4607,41.04,0.2391,19.746,38.06,81.79,DANGER,fire_heat
2026-01-01 08:34:25,L15,0.4802,41.24,0.2314,19.721,38.23,80.72,DANGER,fire_heat
2026-01-01 08:34:30,L15,0.4533,43.82,0.2432,19.655,38.41,82.95,DANGER,fire_heat
2026-01-01 08:34:35,L15,0.4824,46.93,0.2569,19.608,38.98,81.38,DANGER,fire_heat
2026-01-01 08:34:40,L15,0.4744,48.42,0.2513,19.558,39.08,83.15,DANGER,fire_heat
2026-01-01 08:34:45,L15,0.4513,47.93,0.2666,19.623,39.45,82.61,DANGER,fire_heat
2026-01-01 08:34:50,L15,0.4677,48.75,0.2572,19.526,39.95,83.31,DANGER,fire_heat
2026-01-01 08:34:55,L15,0.5026,49.1,0.2702,19.526,40.05,82.8,CRITICAL,fire_heat
2026-01-01 08:35:00,L15,0.5188,50.54,0.2539,19.482,40.31,83.27,CRITICAL,fire_heat
2026-01-01 08:35:05,L15,0.5203,53.36,0.27,19.431,40.62,83.76,CRITICAL,fire_heat
2026-01-01 08:35:10,L15,0.5301,51.99,0.2724,19.401,40.92,84.65,CRITICAL,fire_heat
2026-01-01 08:35:15,L15,0.5649,54.47,0.268,19.346,41.11,84.13,CRITICAL,fire_heat
2026-01-01 08:35:20,L15,0.5414,53.66,0.2918,19.391,41.8,83.79,CRITICAL,fire_heat
2026-01-01 08:35:25,L15,0.537,56.94,0.2814,19.325,41.76,82.5,CRITICAL,fire_heat
2026-01-01 08:35:30,L15,0.5465,57.26,0.2843,19.342,42.25,81.8,CRITICAL,fire_heat
2026-01-01 08:35:35,L15,0.5804,58.82,0.3043,19.256,42.28,83.79,CRITICAL,fire_heat
2026-01-01 08:35:40,L15,0.5442,61.15,0.2989,19.231,42.81,83.47,CRITICAL,fire_heat
2026-01-01 08:35:45,L15,0.5893,55.43,0.3075,19.176,43.04,83.66,CRITICAL,fire_heat
2026-01-01 08:35:50,L15,0.5784,61.4,0.2913,19.171,43.32,84.29,CRITICAL,fire_heat
2026-01-01 08:35:55,L15,0.5732,61.95,0.3022,19.114,43.63,85.04,CRITICAL,fire_heat
2026-01-01 08:36:00,L15,0.5713,62.88,0.329,19.134,43.96,84.17,CRITICAL,fire_heat
2026-01-01 08:36:05,L15,0.6228,63.54,0.3228,19.095,44.16,85.53,CRITICAL,fire_heat
2026-01-01 08:36:10,L15,0.1726,5.8,0.067,20.769,28.95,70.17,SAFE,combined_hazard
2026-01-01 08:36:15,L15,0.2205,8.66,0.0806,20.757,29.33,70.48,SAFE,combined_hazard
2026-01-01 08:36:20,L15,0.2009,7.96,0.0856,20.651,29.31,72.16,SAFE,combined_hazard
2026-01-01 08:36:25,L15,0.2002,11.12,0.0795,20.666,29.38,70.55,SAFE,combined_hazard
2026-01-01 08:36:30,L15,0.2393,11.69,0.1002,20.676,29.38,71.08,SAFE,combined_hazard
2026-01-01 08:36:35,L15,0.2668,14.03,0.1082,20.567,29.23,73.19,SAFE,combined_hazard
2026-01-01 08:36:40,L15,0.2842,15.39,0.1136,20.573,29.5,72.11,SAFE,combined_hazard
2026-01-01 08:36:45,L15,0.2618,15.04,0.1367,20.559,29.9,73.78,SAFE,combined_hazard
2026-01-01 08:36:50,L15,0.3105,17.28,0.1299,20.563,29.74,72.01,SAFE,combined_hazard
2026-01-01 08:36:55,L15,0.3388,17.28,0.139,20.52,29.64,73.26,SAFE,combined_hazard
2026-01-01 08:37:00,L15,0.3117,21.14,0.1535,20.498,29.91,74.07,WARNING,combined_hazard
2026-01-01 08:37:05,L15,0.3335,19.85,0.1525,20.466,29.82,72.99,WARNING,combined_hazard
2026-01-01 08:37:10,L15,0.3317,21.3,0.1485,20.409,29.94,75.31,SAFE,combined_hazard
2026-01-01 08:37:15,L15,0.3921,22.12,0.1701,20.442,30.23,73.92,WARNING,combined_hazard
2026-01-01 08:37:20,L15,0.356,22.94,0.1641,20.345,30.38,74.9,WARNING,combined_hazard
2026-01-01 08:37:25,L15,0.3865,28.31,0.1667,20.254,30.25,74.2,WARNING,combined_hazard
2026-01-01 08:37:30,L15,0.4184,27.21,0.1746,20.256,30.38,76.2,WARNING,combined_hazard
2026-01-01 08:37:35,L15,0.4105,27.8,0.1988,20.278,30.35,75.51,WARNING,combined_hazard
2026-01-01 08:37:40,L15,0.42,28.2,0.2012,20.244,30.65,77.2,WARNING,combined_hazard
2026-01-01 08:37:45,L15,0.4482,31.8,0.2119,20.211,30.48,76.72,WARNING,combined_hazard
2026-01-01 08:37:50,L15,0.4989,30.53,0.2156,20.203,30.83,76.71,WARNING,combined_hazard
2026-01-01 08:37:55,L15,0.4733,32.75,0.2194,20.207,30.98,75.53,WARNING,combined_hazard
2026-01-01 08:38:00,L15,0.4881,37.09,0.2276,20.157,30.81,76.62,WARNING,combined_hazard
2026-01-01 08:38:05,L15,0.4886,33.56,0.237,20.135,31.02,76.56,WARNING,combined_hazard
2026-01-01 08:38:10,L15,0.5252,37.03,0.2347,20.056,31.26,77.09,WARNING,combined_hazard
2026-01-01 08:38:15,L15,0.5468,37.87,0.2364,20.045,31.35,77.45,WARNING,combined_hazard
2026-01-01 08:38:20,L15,0.5386,39.44,0.25,20.054,31.45,76.86,WARNING,combined_hazard
2026-01-01 08:38:25,L15,0.5698,39.44,0.2655,20.008,31.62,77.72,WARNING,combined_hazard
2026-01-01 08:38:30,L15,0.5669,40.2,0.2632,19.992,31.43,78.02,DANGER,combined_hazard
2026-01-01 08:38:35,L15,0.5616,42.65,0.2926,19.968,31.88,77.55,DANGER,combined_hazard
2026-01-01 08:38:40,L15,0.6109,42.84,0.2863,19.927,31.83,79.26,DANGER,combined_hazard
2026-01-01 08:38:45,L15,0.6493,41.24,0.2909,19.942,31.89,79.05,DANGER,combined_hazard
2026-01-01 08:38:50,L15,0.6143,44.72,0.2923,19.851,31.8,79.78,DANGER,combined_hazard
2026-01-01 08:38:55,L15,0.6491,46.7,0.3117,19.815,32.14,79.78,DANGER,combined_hazard
2026-01-01 08:39:00,L15,0.6801,46.78,0.3019,19.759,32.36,78.28,DANGER,combined_hazard
2026-01-01 08:39:05,L15,0.6731,49.84,0.3214,19.806,32.4,79.24,DANGER,combined_hazard
2026-01-01 08:39:10,L15,0.6673,49.69,0.3226,19.739,32.51,81.49,DANGER,combined_hazard
2026-01-01 08:39:15,L15,0.7035,51.98,0.3342,19.766,32.53,81.05,CRITICAL,combined_hazard
2026-01-01 08:39:20,L15,0.7393,56.52,0.3444,19.708,32.68,79.38,CRITICAL,combined_hazard
2026-01-01 08:39:25,L15,0.7234,56.32,0.3385,19.663,32.62,81.32,CRITICAL,combined_hazard
2026-01-01 08:39:30,L15,0.7486,56.59,0.3415,19.614,32.89,80.53,CRITICAL,combined_hazard
2026-01-01 08:39:35,L15,0.7434,59.63,0.3547,19.643,32.91,79.78,CRITICAL,combined_hazard
2026-01-01 08:39:40,L15,0.7718,58.03,0.3764,19.588,32.92,83.04,CRITICAL,combined_hazard
2026-01-01 08:39:45,L15,0.7932,59.26,0.3795,19.57,33.3,82.03,CRITICAL,combined_hazard
2026-01-01 08:39:50,L15,0.8034,58.99,0.3805,19.553,33.05,82.4,CRITICAL,combined_hazard
2026-01-01 08:39:55,L15,0.8091,63.7,0.4067,19.515,33.47,81.48,CRITICAL,combined_hazard
2026-01-01 08:40:00,L15,0.8364,65.94,0.4085,19.454,33.58,81.82,CRITICAL,combined_hazard
2026-01-01 08:40:05,L15,0.8539,65.58,0.4138,19.467,33.51,81.73,CRITICAL,combined_hazard
2026-01-01 08:40:10,L15,0.869,67.58,0.4068,19.449,33.85,84.39,CRITICAL,combined_hazard
2026-01-01 08:40:15,L15,0.8676,62.55,0.4281,19.407,33.71,82.2,CRITICAL,combined_hazard
2026-01-01 08:40:20,L15,0.8768,71.39,0.4298,19.388,33.8,85.07,CRITICAL,combined_hazard
2026-01-01 08:40:25,L15,0.9297,68.94,0.4285,19.363,33.81,83.25,CRITICAL,combined_hazard
2026-01-01 08:40:30,L15,0.9164,73.84,0.4406,19.301,34.09,83.31,CRITICAL,combined_hazard
2026-01-01 08:40:35,L15,0.9246,74.13,0.4404,19.273,34.05,84.51,CRITICAL,combined_hazard
2026-01-01 08:40:40,L15,0.9204,73.9,0.4502,19.325,34.18,84.26,CRITICAL,combined_hazard
2026-01-01 08:40:45,L15,0.9427,73.45,0.454,19.27,34.39,85.15,CRITICAL,combined_hazard
2026-01-01 08:40:50,L15,0.9611,75.42,0.478,19.201,34.49,84.62,CRITICAL,combined_hazard
2026-01-01 08:40:55,L15,0.9914,73.53,0.477,19.195,34.79,85.33,CRITICAL,combined_hazard
2026-01-01 08:41:00,L15,0.9936,79.01,0.4772,19.119,34.84,85.23,CRITICAL,combined_hazard
2026-01-01 08:41:05,L15,1.0133,75.0,0.4961,19.102,34.88,86.79,CRITICAL,combined_hazard
2026-01-01 08:41:10,L15,1.0057,79.6,0.4992,19.054,34.88,86.77,CRITICAL,combined_hazard
2026-01-01 08:41:15,L15,1.0623,83.58,0.5148,19.073,34.94,86.81,CRITICAL,combined_hazard
2026-01-01 08:41:20,L15,1.0443,83.57,0.5147,19.045,35.1,87.72,CRITICAL,combined_hazard
2026-01-01 08:41:25,L15,1.073,81.41,0.5093,19.041,35.12,87.34,CRITICAL,combined_hazard
2026-01-01 08:41:30,L15,1.0756,82.91,0.5241,18.975,35.2,87.53,CRITICAL,combined_hazard
2026-01-01 08:41:35,L15,1.0929,85.24,0.526,18.985,35.39,87.55,CRITICAL,combined_hazard
2026-01-01 08:00:00,L16,0.0864,5.09,0.103,20.74,28.3,76.42,SAFE,normal
2026-01-01 08:00:05,L16,0.0907,3.0,0.0851,20.648,28.4,75.45,SAFE,normal
2026-01-01 08:00:10,L16,0.1054,0.0,0.0846,20.733,28.27,75.98,SAFE,normal
2026-01-01 08:00:15,L16,0.0859,5.86,0.1018,20.678,27.92,75.73,SAFE,normal
2026-01-01 08:00:20,L16,0.0959,2.16,0.0848,20.662,27.95,74.85,SAFE,normal
2026-01-01 08:00:25,L16,0.1026,2.83,0.0845,20.661,27.96,74.63,SAFE,normal
2026-01-01 08:00:30,L16,0.0955,5.16,0.096,20.609,28.18,76.2,SAFE,normal
2026-01-01 08:00:35,L16,0.0984,2.49,0.0944,20.578,28.13,73.2,SAFE,normal
2026-01-01 08:00:40,L16,0.101,0.68,0.0965,20.584,28.2,74.79,SAFE,normal
2026-01-01 08:00:45,L16,0.1109,4.0,0.1,20.645,28.08,74.2,SAFE,normal
2026-01-01 08:00:50,L16,0.1422,4.9,0.1005,20.577,27.87,76.15,SAFE,normal
2026-01-01 08:00:55,L16,0.1179,3.04,0.0959,20.549,27.92,76.38,SAFE,normal
2026-01-01 08:01:00,L16,0.1297,3.6,0.0974,20.589,27.7,74.7,SAFE,normal
2026-01-01 08:01:05,L16,0.1261,2.04,0.0969,20.601,27.99,77.48,SAFE,normal
2026-01-01 08:01:10,L16,0.1242,2.36,0.0982,20.578,27.78,76.35,SAFE,normal
2026-01-01 08:01:15,L16,0.1317,3.4,0.0873,20.588,28.04,75.4,SAFE,normal
2026-01-01 08:01:20,L16,0.1468,4.89,0.1049,20.597,27.92,76.43,SAFE,normal
2026-01-01 08:01:25,L16,0.1376,4.1,0.1077,20.572,28.1,74.7,SAFE,normal
2026-01-01 08:01:30,L16,0.1392,5.52,0.1048,20.543,27.85,74.98,SAFE,normal
2026-01-01 08:01:35,L16,0.1413,6.51,0.1047,20.524,27.82,75.56,SAFE,normal
2026-01-01 08:01:40,L16,0.1332,5.39,0.0927,20.557,27.71,74.62,SAFE,normal
2026-01-01 08:01:45,L16,0.1669,1.71,0.0898,20.534,27.66,74.13,SAFE,normal
2026-01-01 08:01:50,L16,0.1478,3.71,0.1082,20.493,27.66,74.4,SAFE,normal
2026-01-01 08:01:55,L16,0.1797,5.48,0.1022,20.551,27.82,74.98,SAFE,normal
2026-01-01 08:02:00,L16,0.1645,4.02,0.1038,20.512,27.45,75.5,SAFE,normal
2026-01-01 08:02:05,L16,0.1852,1.81,0.1046,20.517,27.64,74.84,SAFE,normal
2026-01-01 08:02:10,L16,0.1643,3.45,0.1054,20.478,27.35,73.78,SAFE,normal
2026-01-01 08:02:15,L16,0.1595,0.9,0.109,20.517,27.64,75.46,SAFE,normal
2026-01-01 08:02:20,L16,0.1893,3.93,0.1035,20.428,27.49,76.09,SAFE,normal
2026-01-01 08:02:25,L16,0.1685,3.35,0.0895,20.519,27.61,74.53,SAFE,normal
2026-01-01 08:02:30,L16,0.1994,3.88,0.1107,20.403,27.4,76.37,SAFE,normal
2026-01-01 08:02:35,L16,0.192,6.22,0.1102,20.413,27.45,75.73,SAFE,normal
2026-01-01 08:02:40,L16,0.2085,2.49,0.0957,20.455,27.56,74.18,SAFE,normal
2026-01-01 08:02:45,L16,0.1751,3.44,0.0972,20.424,27.46,74.49,SAFE,normal
2026-01-01 08:02:50,L16,0.2073,2.84,0.114,20.423,27.65,74.74,SAFE,normal
2026-01-01 08:02:55,L16,0.185,6.2,0.1164,20.409,27.33,74.83,SAFE,normal
2026-01-01 08:03:00,L16,0.1634,6.33,0.0866,20.395,27.29,73.02,SAFE,normal
2026-01-01 08:03:05,L16,0.216,5.2,0.1119,20.421,27.54,74.35,SAFE,normal
2026-01-01 08:03:10,L16,0.2056,5.16,0.107,20.402,27.27,74.5,SAFE,normal
2026-01-01 08:03:15,L16,0.2234,2.93,0.1098,20.423,27.24,76.44,SAFE,normal
2026-01-01 08:03:20,L16,0.2135,5.07,0.1108,20.392,27.34,75.1,SAFE,normal
2026-01-01 08:03:25,L16,0.2157,3.12,0.1041,20.37,27.24,74.26,SAFE,normal
2026-01-01 08:03:30,L16,0.241,4.9,0.1158,20.398,27.19,74.54,SAFE,normal
2026-01-01 08:03:35,L16,0.2235,4.36,0.1056,20.313,27.11,75.22,SAFE,normal
2026-01-01 08:03:40,L16,0.2178,4.02,0.1175,20.283,27.4,74.56,SAFE,normal
2026-01-01 08:03:45,L16,0.2268,4.99,0.1197,20.306,27.15,74.38,SAFE,normal
2026-01-01 08:03:50,L16,0.2337,6.0,0.1054,20.336,27.06,74.4,SAFE,normal
2026-01-01 08:03:55,L16,0.1919,7.68,0.1061,20.351,27.08,75.21,SAFE,normal
2026-01-01 08:04:00,L16,0.2451,5.88,0.1142,20.252,27.15,73.71,SAFE,normal
2026-01-01 08:04:05,L16,0.2613,8.51,0.1258,20.324,27.3,73.93,SAFE,normal
2026-01-01 08:04:10,L16,0.2434,5.42,0.1095,20.307,27.03,74.04,SAFE,normal
2026-01-01 08:04:15,L16,0.241,7.83,0.1115,20.314,26.9,73.89,SAFE,normal
2026-01-01 08:04:20,L16,0.2564,5.85,0.1177,20.246,27.3,74.1,SAFE,normal
2026-01-01 08:04:25,L16,0.2799,5.59,0.1208,20.374,27.01,75.46,SAFE,normal
2026-01-01 08:04:30,L16,0.264,5.01,0.1203,20.29,26.95,75.56,SAFE,normal
2026-01-01 08:04:35,L16,0.2634,5.75,0.1168,20.245,26.95,74.94,SAFE,normal
2026-01-01 08:04:40,L16,0.2575,5.98,0.1145,20.278,26.73,74.88,SAFE,normal
2026-01-01 08:04:45,L16,0.2505,3.24,0.1201,20.312,26.89,74.16,SAFE,normal
2026-01-01 08:04:50,L16,0.2701,6.46,0.0922,20.221,26.99,73.02,SAFE,normal
2026-01-01 08:04:55,L16,0.2736,3.22,0.1333,20.208,27.03,74.78,SAFE,normal
2026-01-01 08:05:00,L16,0.2472,6.53,0.1173,20.242,26.77,74.89,SAFE,normal
2026-01-01 08:05:05,L16,0.2685,6.41,0.1207,20.237,26.83,74.1,SAFE,normal
2026-01-01 08:05:10,L16,0.115,3.62,0.0809,20.873,26.41,75.06,SAFE,methane_buildup
2026-01-01 08:05:15,L16,0.096,4.81,0.0757,20.82,26.2,74.68,SAFE,methane_buildup
2026-01-01 08:05:20,L16,0.1218,4.05,0.0861,20.836,26.24,74.96,SAFE,methane_buildup
2026-01-01 08:05:25,L16,0.1647,1.77,0.0984,20.805,26.2,73.63,SAFE,methane_buildup
2026-01-01 08:05:30,L16,0.1658,3.29,0.0979,20.799,26.55,73.42,SAFE,methane_buildup
2026-01-01 08:05:35,L16,0.1788,7.37,0.0913,20.797,26.59,73.73,SAFE,methane_buildup
2026-01-01 08:05:40,L16,0.1983,5.39,0.0832,20.755,26.8,75.92,SAFE,methane_buildup
2026-01-01 08:05:45,L16,0.2192,1.48,0.1057,20.727,26.69,73.65,SAFE,methane_buildup
2026-01-01 08:05:50,L16,0.2313,6.52,0.1017,20.713,27.0,74.02,SAFE,methane_buildup
2026-01-01 08:05:55,L16,0.2448,3.06,0.083,20.746,27.02,74.73,SAFE,methane_buildup
2026-01-01 08:06:00,L16,0.2579,6.22,0.0824,20.736,26.88,73.37,SAFE,methane_buildup
2026-01-01 08:06:05,L16,0.2941,6.9,0.0867,20.665,27.11,73.94,SAFE,methane_buildup
2026-01-01 08:06:10,L16,0.286,5.2,0.0958,20.658,27.31,75.17,SAFE,methane_buildup
2026-01-01 08:06:15,L16,0.3061,3.63,0.1086,20.594,27.04,74.27,SAFE,methane_buildup
2026-01-01 08:06:20,L16,0.3455,4.14,0.11,20.623,27.21,75.96,SAFE,methane_buildup
2026-01-01 08:06:25,L16,0.3433,6.24,0.1073,20.567,27.27,73.25,SAFE,methane_buildup
2026-01-01 08:06:30,L16,0.3535,3.68,0.1051,20.578,27.32,74.33,SAFE,methane_buildup
2026-01-01 08:06:35,L16,0.3801,4.59,0.1268,20.608,27.56,74.24,SAFE,methane_buildup
2026-01-01 08:06:40,L16,0.3902,6.32,0.1098,20.513,27.64,74.58,SAFE,methane_buildup
2026-01-01 08:06:45,L16,0.3918,4.66,0.1104,20.514,27.63,73.6,SAFE,methane_buildup
2026-01-01 08:06:50,L16,0.4227,7.85,0.1087,20.496,27.69,74.11,SAFE,methane_buildup
2026-01-01 08:06:55,L16,0.4231,4.25,0.1321,20.456,27.62,75.2,SAFE,methane_buildup
2026-01-01 08:07:00,L16,0.4787,0.96,0.1218,20.514,27.81,74.35,SAFE,methane_buildup
2026-01-01 08:07:05,L16,0.471,4.8,0.1093,20.479,27.64,73.7,SAFE,methane_buildup
2026-01-01 08:07:10,L16,0.4695,6.52,0.11,20.508,28.27,76.21,SAFE,methane_buildup
2026-01-01 08:07:15,L16,0.4938,7.44,0.1074,20.406,28.16,74.58,SAFE,methane_buildup
2026-01-01 08:07:20,L16,0.5272,5.61,0.1217,20.365,28.17,75.03,SAFE,methane_buildup
2026-01-01 08:07:25,L16,0.5156,5.89,0.1121,20.429,28.15,75.14,SAFE,methane_buildup
2026-01-01 08:07:30,L16,0.5889,6.35,0.1164,20.373,28.22,74.47,SAFE,methane_buildup
2026-01-01 08:07:35,L16,0.5424,9.09,0.1359,20.352,27.97,73.88,SAFE,methane_buildup
2026-01-01 08:07:40,L16,0.5943,7.13,0.1361,20.393,28.1,74.67,SAFE,methane_buildup
2026-01-01 08:07:45,L16,0.5892,5.91,0.1425,20.336,28.18,73.94,SAFE,methane_buildup
2026-01-01 08:07:50,L16,0.6005,9.81,0.1205,20.341,28.42,74.79,SAFE,methane_buildup
2026-01-01 08:07:55,L16,0.6368,6.83,0.1259,20.277,28.44,74.36,SAFE,methane_buildup
2026-01-01 08:08:00,L16,0.6381,3.79,0.1305,20.257,28.67,75.31,SAFE,methane_buildup
2026-01-01 08:08:05,L16,0.6849,4.9,0.1502,20.25,28.47,73.56,WARNING,methane_buildup
2026-01-01 08:08:10,L16,0.6561,7.9,0.1392,20.264,28.83,75.04,SAFE,methane_buildup
2026-01-01 08:08:15,L16,0.7017,4.49,0.1549,20.228,28.62,74.95,WARNING,methane_buildup
2026-01-01 08:08:20,L16,0.7053,7.98,0.147,20.223,28.74,74.26,SAFE,methane_buildup
2026-01-01 08:08:25,L16,0.73,6.15,0.1427,20.113,29.0,75.03,SAFE,methane_buildup
2026-01-01 08:08:30,L16,0.7494,9.17,0.1498,20.117,29.01,74.78,SAFE,methane_buildup
2026-01-01 08:08:35,L16,0.7319,7.74,0.133,20.092,28.81,74.97,SAFE,methane_buildup
2026-01-01 08:08:40,L16,0.7775,5.12,0.1321,20.127,29.22,74.91,WARNING,methane_buildup
2026-01-01 08:08:45,L16,0.8064,9.03,0.1522,20.079,29.14,74.46,WARNING,methane_buildup
2026-01-01 08:08:50,L16,0.8132,9.79,0.1519,20.154,28.87,73.94,WARNING,methane_buildup
2026-01-01 08:08:55,L16,0.8168,5.91,0.1688,20.086,29.13,73.92,WARNING,methane_buildup
2026-01-01 08:09:00,L16,0.8173,6.71,0.144,20.075,29.26,74.23,WARNING,methane_buildup
2026-01-01 08:09:05,L16,0.8622,8.75,0.1596,20.019,29.22,75.07,WARNING,methane_buildup
2026-01-01 08:09:10,L16,0.8989,9.1,0.1638,20.0,29.66,74.9,WARNING,methane_buildup
2026-01-01 08:09:15,L16,0.8968,11.69,0.1626,20.063,29.46,75.19,WARNING,methane_buildup
2026-01-01 08:09:20,L16,0.9204,9.58,0.1703,20.052,29.65,75.26,WARNING,methane_buildup
2026-01-01 08:09:25,L16,0.9331,11.93,0.1581,19.994,29.68,74.2,DANGER,methane_buildup
2026-01-01 08:09:30,L16,0.9294,8.44,0.1714,19.903,29.82,75.93,WARNING,methane_buildup
2026-01-01 08:09:35,L16,0.9528,9.08,0.1709,19.934,30.03,74.27,WARNING,methane_buildup
2026-01-01 08:09:40,L16,0.9806,7.73,0.1773,19.938,29.95,73.95,WARNING,methane_buildup
2026-01-01 08:09:45,L16,0.96,7.88,0.1655,19.905,30.17,74.61,WARNING,methane_buildup
2026-01-01 08:09:50,L16,1.0096,8.97,0.1618,19.83,30.08,74.72,WARNING,methane_buildup
2026-01-01 08:09:55,L16,1.0348,7.96,0.1679,19.932,30.06,73.74,WARNING,methane_buildup
2026-01-01 08:10:00,L16,1.0313,5.07,0.166,19.834,30.15,74.2,WARNING,methane_buildup
2026-01-01 08:10:05,L16,1.0604,8.01,0.1716,19.801,29.78,73.96,WARNING,methane_buildup
2026-01-01 08:10:10,L16,1.056,10.7,0.1751,19.823,30.17,74.42,DANGER,methane_buildup
2026-01-01 08:10:15,L16,1.081,9.28,0.1721,19.842,30.28,74.94,WARNING,methane_buildup
2026-01-01 08:10:20,L16,0.1849,6.43,0.079,20.506,25.23,78.05,SAFE,co_buildup
2026-01-01 08:10:25,L16,0.1753,3.09,0.0789,20.541,25.74,77.66,SAFE,co_buildup
2026-01-01 08:10:30,L16,0.1835,5.09,0.0713,20.533,25.76,78.64,SAFE,co_buildup
2026-01-01 08:10:35,L16,0.1942,2.66,0.0671,20.524,25.81,76.99,SAFE,co_buildup
2026-01-01 08:10:40,L16,0.2021,5.77,0.0788,20.49,25.9,78.15,SAFE,co_buildup
2026-01-01 08:10:45,L16,0.1845,6.45,0.0966,20.512,26.21,76.55,SAFE,co_buildup
2026-01-01 08:10:50,L16,0.1893,9.37,0.0996,20.5,26.39,77.15,SAFE,co_buildup
2026-01-01 08:10:55,L16,0.2049,6.66,0.1047,20.518,26.3,76.42,SAFE,co_buildup
2026-01-01 08:11:00,L16,0.2017,9.3,0.1067,20.495,26.63,75.44,SAFE,co_buildup
2026-01-01 08:11:05,L16,0.2072,7.67,0.1119,20.507,26.72,76.18,SAFE,co_buildup
2026-01-01 08:11:10,L16,0.1679,9.51,0.1096,20.465,26.7,76.59,SAFE,co_buildup
2026-01-01 08:11:15,L16,0.2047,13.05,0.1239,20.458,26.96,77.83,SAFE,co_buildup
2026-01-01 08:11:20,L16,0.224,13.17,0.115,20.513,27.02,75.71,SAFE,co_buildup
2026-01-01 08:11:25,L16,0.204,13.98,0.1319,20.515,27.43,75.99,SAFE,co_buildup
2026-01-01 08:11:30,L16,0.2226,12.18,0.114,20.476,27.28,75.21,SAFE,co_buildup
2026-01-01 08:11:35,L16,0.1992,11.82,0.117,20.485,27.74,77.18,SAFE,co_buildup
2026-01-01 08:11:40,L16,0.1959,13.12,0.1239,20.467,27.67,75.78,SAFE,co_buildup
2026-01-01 08:11:45,L16,0.2277,13.94,0.1283,20.509,27.53,75.77,SAFE,co_buildup
2026-01-01 08:11:50,L16,0.2227,14.38,0.1292,20.466,27.6,75.66,SAFE,co_buildup
2026-01-01 08:11:55,L16,0.2205,13.28,0.1393,20.453,28.04,74.27,SAFE,co_buildup
2026-01-01 08:12:00,L16,0.2403,13.77,0.1373,20.493,28.41,74.55,SAFE,co_buildup
2026-01-01 08:12:05,L16,0.225,14.56,0.1364,20.437,28.53,74.85,SAFE,co_buildup
2026-01-01 08:12:10,L16,0.2222,17.61,0.1413,20.461,28.51,76.0,SAFE,co_buildup
2026-01-01 08:12:15,L16,0.2226,18.33,0.1574,20.421,28.51,73.4,WARNING,co_buildup
2026-01-01 08:12:20,L16,0.2215,21.88,0.1534,20.468,28.7,75.72,WARNING,co_buildup
2026-01-01 08:12:25,L16,0.2448,18.3,0.1406,20.469,28.93,75.45,SAFE,co_buildup
2026-01-01 08:12:30,L16,0.2352,17.03,0.1693,20.402,29.2,73.62,WARNING,co_buildup
2026-01-01 08:12:35,L16,0.2591,18.05,0.1638,20.393,29.26,74.71,WARNING,co_buildup
2026-01-01 08:12:40,L16,0.1997,19.08,0.1686,20.441,29.46,75.79,WARNING,co_buildup
2026-01-01 08:12:45,L16,0.2599,22.13,0.1741,20.487,29.55,73.89,WARNING,co_buildup
2026-01-01 08:12:50,L16,0.2535,21.52,0.1777,20.451,29.73,74.2,WARNING,co_buildup
2026-01-01 08:12:55,L16,0.2488,18.95,0.1657,20.414,29.39,76.74,WARNING,co_buildup
2026-01-01 08:13:00,L16,0.2328,21.44,0.1677,20.391,29.73,74.68,WARNING,co_buildup
2026-01-01 08:13:05,L16,0.2294,19.87,0.1986,20.376,29.84,74.11,WARNING,co_buildup
2026-01-01 08:13:10,L16,0.2676,23.52,0.177,20.43,29.96,73.83,WARNING,co_buildup
2026-01-01 08:13:15,L16,0.262,22.12,0.1888,20.433,30.28,74.4,WARNING,co_buildup
2026-01-01 08:13:20,L16,0.2638,22.82,0.202,20.382,30.2,74.54,WARNING,co_buildup
2026-01-01 08:13:25,L16,0.2609,21.47,0.1886,20.39,30.41,72.16,WARNING,co_buildup
2026-01-01 08:13:30,L16,0.2773,25.97,0.1924,20.395,30.68,71.99,WARNING,co_buildup
2026-01-01 08:13:35,L16,0.2578,27.2,0.2059,20.444,30.59,72.87,WARNING,co_buildup
2026-01-01 08:13:40,L16,0.2636,24.9,0.2034,20.387,30.89,73.44,WARNING,co_buildup
2026-01-01 08:13:45,L16,0.268,26.25,0.2088,20.352,31.2,73.51,WARNING,co_buildup
2026-01-01 08:13:50,L16,0.2695,26.33,0.2074,20.343,31.06,71.98,WARNING,co_buildup
2026-01-01 08:13:55,L16,0.2948,27.27,0.207,20.346,31.5,73.07,WARNING,co_buildup
2026-01-01 08:14:00,L16,0.258,26.92,0.2117,20.407,31.4,73.07,WARNING,co_buildup
2026-01-01 08:14:05,L16,0.2495,27.05,0.2271,20.381,31.7,72.34,WARNING,co_buildup
2026-01-01 08:14:10,L16,0.2591,31.31,0.2184,20.351,31.63,72.48,WARNING,co_buildup
2026-01-01 08:14:15,L16,0.2932,25.85,0.2273,20.27,32.0,72.22,WARNING,co_buildup
2026-01-01 08:14:20,L16,0.2835,31.12,0.2193,20.328,32.03,73.07,WARNING,co_buildup
2026-01-01 08:14:25,L16,0.2631,31.34,0.2466,20.36,32.28,72.59,WARNING,co_buildup
2026-01-01 08:14:30,L16,0.2906,33.95,0.236,20.356,32.27,71.57,WARNING,co_buildup
2026-01-01 08:14:35,L16,0.2863,31.66,0.2393,20.352,32.57,73.14,WARNING,co_buildup
2026-01-01 08:14:40,L16,0.3016,32.01,0.2472,20.297,32.75,71.17,WARNING,co_buildup
2026-01-01 08:14:45,L16,0.3072,31.91,0.2391,20.339,32.78,70.79,WARNING,co_buildup
2026-01-01 08:14:50,L16,0.3351,34.21,0.2557,20.301,32.83,71.85,WARNING,co_buildup
2026-01-01 08:14:55,L16,0.2816,33.16,0.2372,20.326,33.0,71.74,WARNING,co_buildup
2026-01-01 08:15:00,L16,0.2735,33.09,0.2476,20.299,32.99,71.89,WARNING,co_buildup
2026-01-01 08:15:05,L16,0.3123,34.22,0.2493,20.35,33.35,70.78,WARNING,co_buildup
2026-01-01 08:15:10,L16,0.3203,34.46,0.2438,20.324,33.55,72.33,WARNING,co_buildup
2026-01-01 08:15:15,L16,0.2884,34.93,0.2578,20.306,33.83,72.88,WARNING,co_buildup
2026-01-01 08:15:20,L16,0.2905,37.12,0.2648,20.348,33.93,71.38,WARNING,co_buildup
2026-01-01 08:15:25,L16,0.3168,37.25,0.2597,20.291,33.72,71.54,WARNING,co_buildup
2026-01-01 08:15:30,L16,0.061,7.19,0.0577,20.606,25.94,70.25,SAFE,low_oxygen
2026-01-01 08:15:35,L16,0.0855,7.87,0.0679,20.521,25.84,68.73,SAFE,low_oxygen
2026-01-01 08:15:40,L16,0.0871,5.47,0.0724,20.575,26.14,68.89,SAFE,low_oxygen
2026-01-01 08:15:45,L16,0.1246,9.43,0.0898,20.445,25.95,68.06,SAFE,low_oxygen
2026-01-01 08:15:50,L16,0.1277,8.73,0.0671,20.437,25.88,67.43,SAFE,low_oxygen
2026-01-01 08:15:55,L16,0.1377,10.09,0.0927,20.376,26.12,68.95,SAFE,low_oxygen
2026-01-01 08:16:00,L16,0.1573,7.53,0.0974,20.392,26.34,70.58,SAFE,low_oxygen
2026-01-01 08:16:05,L16,0.1403,9.14,0.1065,20.431,26.25,70.62,SAFE,low_oxygen
2026-01-01 08:16:10,L16,0.1667,5.83,0.1085,20.37,26.11,69.65,SAFE,low_oxygen
2026-01-01 08:16:15,L16,0.1887,7.52,0.1273,20.307,26.28,70.19,SAFE,low_oxygen
2026-01-01 08:16:20,L16,0.1692,6.85,0.1233,20.231,26.58,69.03,SAFE,low_oxygen
2026-01-01 08:16:25,L16,0.1622,9.44,0.1327,20.212,26.49,70.24,SAFE,low_oxygen
2026-01-01 08:16:30,L16,0.1922,7.53,0.145,20.218,26.5,69.89,SAFE,low_oxygen
2026-01-01 08:16:35,L16,0.2269,8.67,0.1446,20.175,26.54,70.5,SAFE,low_oxygen
2026-01-01 08:16:40,L16,0.2082,9.46,0.1402,20.122,26.78,70.39,SAFE,low_oxygen
2026-01-01 08:16:45,L16,0.2255,8.99,0.1532,20.092,26.82,70.53,SAFE,low_oxygen
2026-01-01 08:16:50,L16,0.2308,7.77,0.1619,20.087,26.51,71.71,SAFE,low_oxygen
2026-01-01 08:16:55,L16,0.2496,12.35,0.156,20.062,26.92,72.64,WARNING,low_oxygen
2026-01-01 08:17:00,L16,0.2467,10.19,0.1697,19.945,26.91,71.08,WARNING,low_oxygen
2026-01-01 08:17:05,L16,0.2502,12.64,0.1811,19.965,27.12,72.5,WARNING,low_oxygen
2026-01-01 08:17:10,L16,0.2758,8.75,0.204,19.943,26.93,70.53,WARNING,low_oxygen
2026-01-01 08:17:15,L16,0.2884,9.87,0.1972,19.877,27.16,71.6,WARNING,low_oxygen
2026-01-01 08:17:20,L16,0.3191,10.7,0.2017,19.899,27.12,70.79,WARNING,low_oxygen
2026-01-01 08:17:25,L16,0.3134,13.01,0.2202,19.819,26.93,71.73,WARNING,low_oxygen
2026-01-01 08:17:30,L16,0.3048,13.32,0.2177,19.835,27.31,72.7,WARNING,low_oxygen
2026-01-01 08:17:35,L16,0.3214,10.33,0.225,19.752,27.33,73.18,WARNING,low_oxygen
2026-01-01 08:17:40,L16,0.353,10.03,0.2222,19.739,27.17,71.81,WARNING,low_oxygen
2026-01-01 08:17:45,L16,0.3459,11.25,0.2216,19.706,27.36,72.95,WARNING,low_oxygen
2026-01-01 08:17:50,L16,0.3459,13.2,0.2401,19.716,27.69,73.72,WARNING,low_oxygen
2026-01-01 08:17:55,L16,0.3735,11.74,0.2588,19.656,27.35,73.76,WARNING,low_oxygen
2026-01-01 08:18:00,L16,0.3704,12.15,0.2626,19.587,27.59,73.25,WARNING,low_oxygen
2026-01-01 08:18:05,L16,0.3994,13.6,0.262,19.561,27.37,72.72,WARNING,low_oxygen
2026-01-01 08:18:10,L16,0.4077,13.49,0.2575,19.528,27.5,72.79,WARNING,low_oxygen
2026-01-01 08:18:15,L16,0.395,13.69,0.2569,19.504,27.76,72.82,WARNING,low_oxygen
2026-01-01 08:18:20,L16,0.449,13.29,0.2689,19.443,27.73,73.62,WARNING,low_oxygen
2026-01-01 08:18:25,L16,0.4303,14.52,0.2835,19.437,27.72,73.14,WARNING,low_oxygen
2026-01-01 08:18:30,L16,0.4022,10.81,0.2843,19.448,28.06,74.49,WARNING,low_oxygen
2026-01-01 08:18:35,L16,0.4578,16.14,0.3023,19.414,27.72,74.29,DANGER,low_oxygen
2026-01-01 08:18:40,L16,0.4231,14.5,0.2886,19.295,27.89,74.4,WARNING,low_oxygen
2026-01-01 08:18:45,L16,0.4877,12.8,0.3058,19.258,28.04,72.94,DANGER,low_oxygen
2026-01-01 08:18:50,L16,0.4829,14.85,0.3069,19.259,27.89,74.58,DANGER,low_oxygen
2026-01-01 08:18:55,L16,0.4899,12.8,0.3273,19.191,28.15,74.34,DANGER,low_oxygen
2026-01-01 08:19:00,L16,0.5008,14.17,0.3299,19.174,28.29,76.6,DANGER,low_oxygen
2026-01-01 08:19:05,L16,0.5195,14.48,0.3252,19.19,28.17,73.99,DANGER,low_oxygen
2026-01-01 08:19:10,L16,0.5135,15.03,0.3449,19.146,28.13,75.0,DANGER,low_oxygen
2026-01-01 08:19:15,L16,0.5306,13.18,0.3314,19.063,28.24,75.63,DANGER,low_oxygen
2026-01-01 08:19:20,L16,0.5425,15.33,0.3363,19.118,27.94,74.69,DANGER,low_oxygen
2026-01-01 08:19:25,L16,0.5075,13.48,0.3498,19.037,28.55,77.17,DANGER,low_oxygen
2026-01-01 08:19:30,L16,0.5696,15.38,0.3473,19.002,28.49,77.33,DANGER,low_oxygen
2026-01-01 08:19:35,L16,0.5821,14.4,0.3685,19.016,28.48,75.24,DANGER,low_oxygen
2026-01-01 08:19:40,L16,0.5874,11.83,0.375,18.965,28.31,75.61,DANGER,low_oxygen
2026-01-01 08:19:45,L16,0.5963,13.59,0.3786,18.919,28.78,77.95,DANGER,low_oxygen
2026-01-01 08:19:50,L16,0.6245,16.11,0.3925,18.873,28.6,77.5,DANGER,low_oxygen
2026-01-01 08:19:55,L16,0.6099,14.52,0.3886,18.873,28.81,76.24,DANGER,low_oxygen
2026-01-01 08:20:00,L16,0.6204,16.93,0.3903,18.81,28.78,77.03,DANGER,low_oxygen
2026-01-01 08:20:05,L16,0.6207,13.43,0.4005,18.784,28.59,75.73,DANGER,low_oxygen
2026-01-01 08:20:10,L16,0.6118,16.43,0.4034,18.723,29.08,78.75,DANGER,low_oxygen
2026-01-01 08:20:15,L16,0.6574,15.46,0.4145,18.76,29.1,77.2,DANGER,low_oxygen
2026-01-01 08:20:20,L16,0.6523,15.3,0.4305,18.74,29.11,77.76,DANGER,low_oxygen
2026-01-01 08:20:25,L16,0.6416,14.04,0.4179,18.667,29.1,76.7,DANGER,low_oxygen
2026-01-01 08:20:30,L16,0.6793,16.26,0.4355,18.614,28.92,76.69,DANGER,low_oxygen
2026-01-01 08:20:35,L16,0.6889,14.57,0.4521,18.624,29.29,78.11,DANGER,low_oxygen
2026-01-01 08:20:40,L16,0.1137,4.89,0.0952,20.443,25.25,67.68,SAFE,co2_buildup
2026-01-01 08:20:45,L16,0.1378,5.59,0.0977,20.428,25.06,67.88,SAFE,co2_buildup
2026-01-01 08:20:50,L16,0.1473,6.19,0.1175,20.456,25.28,66.93,SAFE,co2_buildup
2026-01-01 08:20:55,L16,0.1367,6.4,0.1124,20.435,25.43,66.84,SAFE,co2_buildup
2026-01-01 08:21:00,L16,0.1653,9.3,0.1219,20.37,25.11,66.55,SAFE,co2_buildup
2026-01-01 08:21:05,L16,0.1646,7.14,0.1307,20.369,25.31,70.1,SAFE,co2_buildup
2026-01-01 08:21:10,L16,0.1647,7.78,0.1275,20.361,25.61,68.62,SAFE,co2_buildup
2026-01-01 08:21:15,L16,0.1859,9.16,0.1339,20.298,25.48,69.75,SAFE,co2_buildup
2026-01-01 08:21:20,L16,0.1916,10.42,0.1447,20.251,25.26,69.75,SAFE,co2_buildup
2026-01-01 08:21:25,L16,0.1723,8.23,0.1401,20.29,25.56,70.62,SAFE,co2_buildup
2026-01-01 08:21:30,L16,0.2181,10.42,0.1715,20.275,25.82,70.14,WARNING,co2_buildup
2026-01-01 08:21:35,L16,0.2089,11.52,0.1649,20.249,25.96,69.44,WARNING,co2_buildup
2026-01-01 08:21:40,L16,0.2322,8.86,0.1685,20.194,25.84,69.97,SAFE,co2_buildup
2026-01-01 08:21:45,L16,0.2201,8.42,0.1932,20.229,25.97,70.83,SAFE,co2_buildup
2026-01-01 08:21:50,L16,0.2309,12.79,0.1741,20.171,25.91,70.14,WARNING,co2_buildup
2026-01-01 08:21:55,L16,0.241,11.44,0.2016,20.107,26.17,71.03,WARNING,co2_buildup
2026-01-01 08:22:00,L16,0.2511,10.02,0.2022,20.072,26.31,71.06,WARNING,co2_buildup
2026-01-01 08:22:05,L16,0.2737,11.22,0.2111,20.089,26.28,72.06,WARNING,co2_buildup
2026-01-01 08:22:10,L16,0.2656,8.93,0.2071,20.084,26.21,72.23,SAFE,co2_buildup
2026-01-01 08:22:15,L16,0.266,12.41,0.2154,20.047,26.36,73.03,WARNING,co2_buildup
2026-01-01 08:22:20,L16,0.2894,8.29,0.2186,20.094,26.5,73.92,SAFE,co2_buildup
2026-01-01 08:22:25,L16,0.2885,12.84,0.2358,20.025,26.43,73.35,WARNING,co2_buildup
2026-01-01 08:22:30,L16,0.3343,10.4,0.2373,19.962,26.61,72.65,WARNING,co2_buildup
2026-01-01 08:22:35,L16,0.3021,9.24,0.2361,19.902,26.62,72.51,WARNING,co2_buildup
2026-01-01 08:22:40,L16,0.3242,8.97,0.2429,19.956,26.84,74.59,WARNING,co2_buildup
2026-01-01 08:22:45,L16,0.3267,11.5,0.2533,19.957,26.8,74.23,WARNING,co2_buildup
2026-01-01 08:22:50,L16,0.2905,13.53,0.2572,19.962,26.68,74.94,WARNING,co2_buildup
2026-01-01 08:22:55,L16,0.3181,10.62,0.2778,19.879,27.04,75.64,WARNING,co2_buildup
2026-01-01 08:23:00,L16,0.3304,11.1,0.2791,19.915,26.96,76.83,WARNING,co2_buildup
2026-01-01 08:23:05,L16,0.3223,12.46,0.2855,19.802,26.94,74.58,WARNING,co2_buildup
2026-01-01 08:23:10,L16,0.3467,14.66,0.2874,19.811,26.82,75.48,WARNING,co2_buildup
2026-01-01 08:23:15,L16,0.3399,15.09,0.2853,19.769,27.13,76.52,WARNING,co2_buildup
2026-01-01 08:23:20,L16,0.3517,14.15,0.3039,19.802,27.43,75.98,WARNING,co2_buildup
2026-01-01 08:23:25,L16,0.3798,15.66,0.288,19.718,26.81,76.01,WARNING,co2_buildup
2026-01-01 08:23:30,L16,0.4128,15.46,0.3125,19.748,26.89,78.55,WARNING,co2_buildup
2026-01-01 08:23:35,L16,0.3714,14.05,0.3111,19.677,27.47,76.97,WARNING,co2_buildup
2026-01-01 08:23:40,L16,0.3815,16.28,0.3169,19.746,27.46,77.07,WARNING,co2_buildup
2026-01-01 08:23:45,L16,0.3995,13.24,0.3267,19.66,27.59,77.5,WARNING,co2_buildup
2026-01-01 08:23:50,L16,0.4132,16.14,0.3361,19.662,27.48,79.59,WARNING,co2_buildup
2026-01-01 08:23:55,L16,0.4001,13.91,0.343,19.575,27.3,78.47,WARNING,co2_buildup
2026-01-01 08:24:00,L16,0.4206,16.12,0.356,19.563,27.56,78.22,WARNING,co2_buildup
2026-01-01 08:24:05,L16,0.427,17.98,0.3547,19.563,27.99,78.96,WARNING,co2_buildup
2026-01-01 08:24:10,L16,0.4515,16.71,0.3616,19.59,27.75,79.9,WARNING,co2_buildup
2026-01-01 08:24:15,L16,0.461,16.62,0.3577,19.563,27.82,80.96,WARNING,co2_buildup
2026-01-01 08:24:20,L16,0.4601,17.22,0.3652,19.555,27.56,81.2,WARNING,co2_buildup
2026-01-01 08:24:25,L16,0.4646,18.13,0.384,19.456,27.75,80.23,DANGER,co2_buildup
2026-01-01 08:24:30,L16,0.4675,20.58,0.3932,19.495,28.25,80.73,DANGER,co2_buildup
2026-01-01 08:24:35,L16,0.4867,18.6,0.3924,19.442,28.11,83.15,DANGER,co2_buildup
2026-01-01 08:24:40,L16,0.4791,17.11,0.4084,19.413,28.37,82.57,DANGER,co2_buildup
2026-01-01 08:24:45,L16,0.5248,17.8,0.3961,19.4,28.17,81.87,DANGER,co2_buildup
2026-01-01 08:24:50,L16,0.487,17.01,0.417,19.391,28.13,80.54,DANGER,co2_buildup
2026-01-01 08:24:55,L16,0.5075,16.75,0.4134,19.393,28.38,82.32,DANGER,co2_buildup
2026-01-01 08:25:00,L16,0.5382,15.2,0.4191,19.385,28.4,81.93,DANGER,co2_buildup
2026-01-01 08:25:05,L16,0.527,18.4,0.4269,19.346,28.42,82.6,DANGER,co2_buildup
2026-01-01 08:25:10,L16,0.5509,17.24,0.4388,19.328,28.49,82.82,DANGER,co2_buildup
2026-01-01 08:25:15,L16,0.5744,19.73,0.4493,19.342,28.66,83.72,DANGER,co2_buildup
2026-01-01 08:25:20,L16,0.569,19.07,0.4551,19.287,28.67,84.26,DANGER,co2_buildup
2026-01-01 08:25:25,L16,0.5463,18.45,0.4563,19.239,28.68,83.92,DANGER,co2_buildup
2026-01-01 08:25:30,L16,0.5549,17.17,0.4701,19.241,29.15,83.79,DANGER,co2_buildup
2026-01-01 08:25:35,L16,0.5772,20.05,0.485,19.254,29.02,84.98,DANGER,co2_buildup
2026-01-01 08:25:40,L16,0.5945,18.19,0.4769,19.155,29.04,85.03,DANGER,co2_buildup
2026-01-01 08:25:45,L16,0.6138,22.12,0.4851,19.147,29.07,84.21,DANGER,co2_buildup
2026-01-01 08:25:50,L16,0.0594,5.22,0.0569,20.487,28.83,70.86,SAFE,ventilation_failure
2026-01-01 08:25:55,L16,0.0953,5.87,0.0528,20.447,29.23,72.04,SAFE,ventilation_failure
2026-01-01 08:26:00,L16,0.097,8.88,0.0567,20.397,28.91,72.67,SAFE,ventilation_failure
2026-01-01 08:26:05,L16,0.13,7.35,0.058,20.483,28.97,70.85,SAFE,ventilation_failure
2026-01-01 08:26:10,L16,0.1375,9.24,0.0795,20.444,28.8,71.91,SAFE,ventilation_failure
2026-01-01 08:26:15,L16,0.1567,10.19,0.0779,20.45,29.25,72.27,SAFE,ventilation_failure
2026-01-01 08:26:20,L16,0.1344,13.76,0.0846,20.35,29.23,72.38,SAFE,ventilation_failure
2026-01-01 08:26:25,L16,0.1793,14.04,0.0845,20.318,29.17,73.95,SAFE,ventilation_failure
2026-01-01 08:26:30,L16,0.173,10.76,0.0958,20.35,29.3,75.87,SAFE,ventilation_failure
2026-01-01 08:26:35,L16,0.1935,16.25,0.0965,20.342,29.31,73.02,SAFE,ventilation_failure
2026-01-01 08:26:40,L16,0.2049,12.87,0.0959,20.298,29.19,74.6,SAFE,ventilation_failure
2026-01-01 08:26:45,L16,0.2132,15.75,0.1073,20.212,29.15,74.84,SAFE,ventilation_failure
2026-01-01 08:26:50,L16,0.2016,15.07,0.1267,20.229,29.04,75.2,SAFE,ventilation_failure
2026-01-01 08:26:55,L16,0.2438,16.56,0.1171,20.254,29.3,76.35,SAFE,ventilation_failure
2026-01-01 08:27:00,L16,0.2463,16.49,0.1311,20.204,29.15,75.93,SAFE,ventilation_failure
2026-01-01 08:27:05,L16,0.2305,21.29,0.136,20.166,29.4,74.27,SAFE,ventilation_failure
2026-01-01 08:27:10,L16,0.2569,19.38,0.1365,20.182,29.38,75.17,SAFE,ventilation_failure
2026-01-01 08:27:15,L16,0.2576,20.74,0.1508,20.076,29.37,75.81,WARNING,ventilation_failure
2026-01-01 08:27:20,L16,0.2659,19.61,0.1257,20.138,29.61,76.41,SAFE,ventilation_failure
2026-01-01 08:27:25,L16,0.3117,19.92,0.1339,20.126,29.33,77.24,SAFE,ventilation_failure
2026-01-01 08:27:30,L16,0.2883,22.19,0.168,20.132,29.23,77.52,WARNING,ventilation_failure
2026-01-01 08:27:35,L16,0.3022,24.45,0.1545,20.122,29.5,76.58,WARNING,ventilation_failure
2026-01-01 08:27:40,L16,0.3633,24.3,0.1661,20.1,29.45,77.09,WARNING,ventilation_failure
2026-01-01 08:27:45,L16,0.3385,26.76,0.1847,20.098,29.61,77.03,WARNING,ventilation_failure
2026-01-01 08:27:50,L16,0.3666,26.3,0.1779,20.049,29.48,77.83,WARNING,ventilation_failure
2026-01-01 08:27:55,L16,0.3852,26.94,0.1953,19.994,29.7,80.21,WARNING,ventilation_failure
2026-01-01 08:28:00,L16,0.3915,28.55,0.1842,20.022,29.52,79.54,WARNING,ventilation_failure
2026-01-01 08:28:05,L16,0.3937,28.72,0.1978,19.977,29.55,79.34,WARNING,ventilation_failure
2026-01-01 08:28:10,L16,0.4025,30.8,0.1988,19.946,29.81,78.91,WARNING,ventilation_failure
2026-01-01 08:28:15,L16,0.4227,31.03,0.2158,19.987,29.74,79.98,WARNING,ventilation_failure
2026-01-01 08:28:20,L16,0.4228,32.38,0.2073,19.91,29.6,81.62,WARNING,ventilation_failure
2026-01-01 08:28:25,L16,0.4482,32.9,0.2073,19.956,29.66,81.86,WARNING,ventilation_failure
2026-01-01 08:28:30,L16,0.4455,34.69,0.2168,19.88,29.77,81.62,WARNING,ventilation_failure
2026-01-01 08:28:35,L16,0.4588,34.71,0.2226,19.893,29.68,81.95,WARNING,ventilation_failure
2026-01-01 08:28:40,L16,0.5007,36.9,0.2264,19.867,29.84,81.09,DANGER,ventilation_failure
2026-01-01 08:28:45,L16,0.4769,34.28,0.2316,19.901,29.87,82.23,WARNING,ventilation_failure
2026-01-01 08:28:50,L16,0.4959,37.16,0.2516,19.868,29.79,83.64,WARNING,ventilation_failure
2026-01-01 08:28:55,L16,0.5137,34.65,0.2594,19.809,30.06,83.0,DANGER,ventilation_failure
2026-01-01 08:29:00,L16,0.5262,38.96,0.2568,19.812,29.83,85.18,DANGER,ventilation_failure
2026-01-01 08:29:05,L16,0.5348,38.44,0.254,19.839,30.2,85.19,DANGER,ventilation_failure
2026-01-01 08:29:10,L16,0.5232,40.58,0.2601,19.827,30.01,84.2,DANGER,ventilation_failure
2026-01-01 08:29:15,L16,0.556,42.51,0.2537,19.724,29.97,84.7,DANGER,ventilation_failure
2026-01-01 08:29:20,L16,0.5687,42.01,0.2788,19.788,30.17,87.03,DANGER,ventilation_failure
2026-01-01 08:29:25,L16,0.5938,41.0,0.2759,19.769,30.12,86.28,DANGER,ventilation_failure
2026-01-01 08:29:30,L16,0.5993,40.81,0.2986,19.72,30.26,86.0,DANGER,ventilation_failure
2026-01-01 08:29:35,L16,0.6179,44.06,0.2814,19.695,29.87,86.43,DANGER,ventilation_failure
2026-01-01 08:29:40,L16,0.5963,43.64,0.2932,19.664,30.27,86.75,DANGER,ventilation_failure
2026-01-01 08:29:45,L16,0.608,45.88,0.3027,19.626,30.15,86.96,DANGER,ventilation_failure
2026-01-01 08:29:50,L16,0.6395,44.94,0.3127,19.657,30.26,86.46,DANGER,ventilation_failure
2026-01-01 08:29:55,L16,0.6631,45.12,0.3289,19.624,30.26,87.34,DANGER,ventilation_failure
2026-01-01 08:30:00,L16,0.6547,46.97,0.3091,19.626,30.51,86.86,DANGER,ventilation_failure
2026-01-01 08:30:05,L16,0.6582,48.9,0.3232,19.609,30.05,88.93,DANGER,ventilation_failure
2026-01-01 08:30:10,L16,0.6568,49.15,0.3197,19.654,30.6,88.59,DANGER,ventilation_failure
2026-01-01 08:30:15,L16,0.6979,48.56,0.343,19.597,30.49,89.66,DANGER,ventilation_failure
2026-01-01 08:30:20,L16,0.7023,53.3,0.337,19.561,30.43,88.36,DANGER,ventilation_failure
2026-01-01 08:30:25,L16,0.7091,51.21,0.3469,19.463,30.22,90.86,CRITICAL,ventilation_failure
2026-01-01 08:30:30,L16,0.7407,48.84,0.3519,19.522,30.21,91.11,DANGER,ventilation_failure
2026-01-01 08:30:35,L16,0.7374,54.44,0.3597,19.541,30.4,89.15,DANGER,ventilation_failure
2026-01-01 08:30:40,L16,0.7503,53.84,0.363,19.464,30.61,90.35,CRITICAL,ventilation_failure
2026-01-01 08:30:45,L16,0.7754,54.42,0.362,19.525,30.54,90.78,CRITICAL,ventilation_failure
2026-01-01 08:30:50,L16,0.8063,55.21,0.376,19.459,30.66,90.29,CRITICAL,ventilation_failure
2026-01-01 08:30:55,L16,0.7783,56.03,0.3745,19.434,30.38,91.58,CRITICAL,ventilation_failure
2026-01-01 08:31:00,L16,0.0751,6.95,0.0748,20.579,25.88,67.68,SAFE,fire_heat
2026-01-01 08:31:05,L16,0.0729,9.94,0.0679,20.508,26.24,68.24,SAFE,fire_heat
2026-01-01 08:31:10,L16,0.1065,10.98,0.0747,20.524,26.61,69.04,SAFE,fire_heat
2026-01-01 08:31:15,L16,0.1187,12.06,0.0901,20.497,27.13,67.77,SAFE,fire_heat
2026-01-01 08:31:20,L16,0.1132,10.76,0.0741,20.438,27.06,68.96,SAFE,fire_heat
2026-01-01 08:31:25,L16,0.1113,13.15,0.0842,20.427,27.46,70.65,SAFE,fire_heat
2026-01-01 08:31:30,L16,0.1372,12.4,0.0825,20.403,27.42,69.01,SAFE,fire_heat
2026-01-01 08:31:35,L16,0.1528,13.1,0.085,20.395,28.12,69.69,SAFE,fire_heat
2026-01-01 08:31:40,L16,0.1475,17.9,0.0941,20.361,28.01,72.08,SAFE,fire_heat
2026-01-01 08:31:45,L16,0.1678,15.49,0.0944,20.354,28.37,70.08,SAFE,fire_heat
2026-01-01 08:31:50,L16,0.1783,16.47,0.1024,20.335,28.74,69.32,SAFE,fire_heat
2026-01-01 08:31:55,L16,0.1991,19.71,0.113,20.337,28.81,70.78,SAFE,fire_heat
2026-01-01 08:32:00,L16,0.1846,20.28,0.1053,20.292,29.35,72.45,SAFE,fire_heat
2026-01-01 08:32:05,L16,0.1828,21.55,0.1029,20.231,29.36,72.23,SAFE,fire_heat
2026-01-01 08:32:10,L16,0.2079,26.43,0.1232,20.292,29.85,70.88,WARNING,fire_heat
2026-01-01 08:32:15,L16,0.2433,22.62,0.1153,20.185,30.15,72.27,SAFE,fire_heat
2026-01-01 08:32:20,L16,0.2005,25.99,0.1394,20.171,30.34,72.08,WARNING,fire_heat
2026-01-01 08:32:25,L16,0.2013,26.52,0.1248,20.177,30.63,73.15,WARNING,fire_heat
2026-01-01 08:32:30,L16,0.2434,29.04,0.1304,20.223,31.16,72.28,WARNING,fire_heat
2026-01-01 08:32:35,L16,0.2483,27.49,0.1164,20.124,31.11,73.45,WARNING,fire_heat
2026-01-01 08:32:40,L16,0.2599,29.47,0.1289,20.07,31.33,74.86,WARNING,fire_heat
2026-01-01 08:32:45,L16,0.2684,31.12,0.1233,20.017,31.63,71.52,WARNING,fire_heat
2026-01-01 08:32:50,L16,0.2962,29.94,0.1473,19.991,32.04,74.36,WARNING,fire_heat
2026-01-01 08:32:55,L16,0.2894,30.52,0.1476,20.019,32.46,75.22,WARNING,fire_heat
2026-01-01 08:33:00,L16,0.3114,34.33,0.1567,20.012,32.35,73.2,WARNING,fire_heat
2026-01-01 08:33:05,L16,0.271,37.51,0.1615,19.93,32.51,74.15,DANGER,fire_heat
2026-01-01 08:33:10,L16,0.3092,36.12,0.1661,19.956,33.08,74.69,DANGER,fire_heat
2026-01-01 08:33:15,L16,0.3139,37.46,0.1599,19.886,32.97,74.7,DANGER,fire_heat
2026-01-01 08:33:20,L16,0.3009,40.65,0.1658,19.875,33.48,74.92,DANGER,fire_heat
2026-01-01 08:33:25,L16,0.3457,39.84,0.1731,19.898,33.75,75.54,DANGER,fire_heat
2026-01-01 08:33:30,L16,0.3517,42.37,0.1655,19.833,33.96,76.8,DANGER,fire_heat
2026-01-01 08:33:35,L16,0.3552,46.34,0.1677,19.872,34.23,77.59,DANGER,fire_heat
2026-01-01 08:33:40,L16,0.3693,42.62,0.1909,19.791,34.25,77.72,DANGER,fire_heat
2026-01-01 08:33:45,L16,0.3818,44.36,0.1675,19.819,34.64,77.75,DANGER,fire_heat
2026-01-01 08:33:50,L16,0.4045,46.36,0.1893,19.83,35.17,78.7,DANGER,fire_heat
2026-01-01 08:33:55,L16,0.4079,49.14,0.1914,19.717,34.99,79.13,DANGER,fire_heat
2026-01-01 08:34:00,L16,0.4122,47.87,0.183,19.79,35.55,77.92,DANGER,fire_heat
2026-01-01 08:34:05,L16,0.4509,50.28,0.19,19.693,35.78,79.21,DANGER,fire_heat
2026-01-01 08:34:10,L16,0.4147,50.85,0.1959,19.65,35.8,78.68,DANGER,fire_heat
2026-01-01 08:34:15,L16,0.4139,51.35,0.2038,19.637,36.62,78.45,DANGER,fire_heat
2026-01-01 08:34:20,L16,0.461,51.97,0.2083,19.61,36.47,78.86,DANGER,fire_heat
2026-01-01 08:34:25,L16,0.4804,52.83,0.2086,19.641,36.97,79.99,DANGER,fire_heat
2026-01-01 08:34:30,L16,0.4518,59.48,0.2137,19.615,37.09,80.63,DANGER,fire_heat
2026-01-01 08:34:35,L16,0.4911,53.71,0.2208,19.592,37.3,80.2,DANGER,fire_heat
2026-01-01 08:34:40,L16,0.4714,54.99,0.2238,19.49,37.65,79.7,CRITICAL,fire_heat
2026-01-01 08:34:45,L16,0.4972,58.67,0.2345,19.511,37.9,79.9,DANGER,fire_heat
2026-01-01 08:34:50,L16,0.507,59.75,0.234,19.436,38.19,79.09,CRITICAL,fire_heat
2026-01-01 08:34:55,L16,0.497,61.22,0.2291,19.489,38.37,81.14,CRITICAL,fire_heat
2026-01-01 08:35:00,L16,0.5432,60.41,0.2375,19.421,38.6,81.36,CRITICAL,fire_heat
2026-01-01 08:35:05,L16,0.5539,61.32,0.2391,19.427,39.17,80.57,CRITICAL,fire_heat
2026-01-01 08:35:10,L16,0.5182,63.57,0.2404,19.374,39.28,82.06,CRITICAL,fire_heat
2026-01-01 08:35:15,L16,0.5455,66.5,0.2355,19.313,39.54,82.33,CRITICAL,fire_heat
2026-01-01 08:35:20,L16,0.5652,64.75,0.2471,19.369,39.68,81.05,CRITICAL,fire_heat
2026-01-01 08:35:25,L16,0.5323,67.65,0.2326,19.348,40.32,82.26,CRITICAL,fire_heat
2026-01-01 08:35:30,L16,0.57,67.79,0.2611,19.3,40.33,83.92,CRITICAL,fire_heat
2026-01-01 08:35:35,L16,0.5538,67.41,0.2587,19.209,40.33,82.57,CRITICAL,fire_heat
2026-01-01 08:35:40,L16,0.5976,68.92,0.258,19.271,40.92,83.37,CRITICAL,fire_heat
2026-01-01 08:35:45,L16,0.5979,73.35,0.2592,19.204,41.03,83.76,CRITICAL,fire_heat
2026-01-01 08:35:50,L16,0.6,72.21,0.2712,19.218,41.54,83.89,CRITICAL,fire_heat
2026-01-01 08:35:55,L16,0.5911,76.13,0.284,19.164,41.83,84.74,CRITICAL,fire_heat
2026-01-01 08:36:00,L16,0.6147,75.34,0.2757,19.144,42.08,85.22,CRITICAL,fire_heat
2026-01-01 08:36:05,L16,0.6405,74.49,0.2913,19.147,42.13,85.76,CRITICAL,fire_heat
2026-01-01 08:36:10,L16,0.1869,5.14,0.063,20.906,27.24,66.26,SAFE,combined_hazard
2026-01-01 08:36:15,L16,0.193,3.21,0.0794,20.809,27.72,66.27,SAFE,combined_hazard
2026-01-01 08:36:20,L16,0.2107,4.92,0.0761,20.747,27.75,66.13,SAFE,combined_hazard
2026-01-01 08:36:25,L16,0.197,6.99,0.0889,20.734,28.2,67.45,SAFE,combined_hazard
2026-01-01 08:36:30,L16,0.2299,7.49,0.0955,20.745,28.35,67.05,SAFE,combined_hazard
2026-01-01 08:36:35,L16,0.2108,9.21,0.1138,20.706,28.6,67.31,SAFE,combined_hazard
2026-01-01 08:36:40,L16,0.2413,9.94,0.1234,20.57,29.0,65.52,SAFE,combined_hazard
2026-01-01 08:36:45,L16,0.2678,10.24,0.1417,20.592,29.19,68.43,SAFE,combined_hazard
2026-01-01 08:36:50,L16,0.2996,6.86,0.1486,20.524,29.4,67.9,SAFE,combined_hazard
2026-01-01 08:36:55,L16,0.3016,13.42,0.1615,20.5,29.53,68.91,WARNING,combined_hazard
2026-01-01 08:37:00,L16,0.3072,13.82,0.165,20.436,30.1,69.88,WARNING,combined_hazard
2026-01-01 08:37:05,L16,0.3124,16.56,0.1804,20.403,30.16,69.49,WARNING,combined_hazard
2026-01-01 08:37:10,L16,0.3265,13.64,0.2022,20.382,30.47,69.14,WARNING,combined_hazard
2026-01-01 08:37:15,L16,0.362,12.49,0.1875,20.247,30.63,69.13,WARNING,combined_hazard
2026-01-01 08:37:20,L16,0.3381,15.88,0.1942,20.267,30.76,71.65,WARNING,combined_hazard
2026-01-01 08:37:25,L16,0.356,17.73,0.2245,20.178,31.17,70.28,WARNING,combined_hazard
2026-01-01 08:37:30,L16,0.3951,17.28,0.2232,20.157,31.28,70.32,WARNING,combined_hazard
2026-01-01 08:37:35,L16,0.3862,20.89,0.2295,20.128,31.69,70.27,WARNING,combined_hazard
2026-01-01 08:37:40,L16,0.4326,18.74,0.2554,20.055,31.38,69.96,WARNING,combined_hazard
2026-01-01 08:37:45,L16,0.4261,20.48,0.2537,20.024,32.06,69.38,WARNING,combined_hazard
2026-01-01 08:37:50,L16,0.4453,21.16,0.2846,19.957,32.37,72.43,WARNING,combined_hazard
2026-01-01 08:37:55,L16,0.4158,26.58,0.2841,19.938,32.48,70.85,DANGER,combined_hazard
2026-01-01 08:38:00,L16,0.4683,21.96,0.2918,19.929,32.93,71.59,WARNING,combined_hazard
2026-01-01 08:38:05,L16,0.4519,25.09,0.2974,19.896,33.07,71.92,DANGER,combined_hazard
2026-01-01 08:38:10,L16,0.4876,23.31,0.3163,19.804,33.38,73.41,DANGER,combined_hazard
2026-01-01 08:38:15,L16,0.4836,26.52,0.3124,19.824,33.55,71.92,DANGER,combined_hazard
2026-01-01 08:38:20,L16,0.5046,25.47,0.3159,19.759,34.03,73.0,DANGER,combined_hazard
2026-01-01 08:38:25,L16,0.4969,29.45,0.3338,19.742,34.22,73.47,DANGER,combined_hazard
2026-01-01 08:38:30,L16,0.4999,30.06,0.3659,19.603,34.43,72.21,DANGER,combined_hazard
2026-01-01 08:38:35,L16,0.5402,30.0,0.36,19.622,34.65,72.4,DANGER,combined_hazard
2026-01-01 08:38:40,L16,0.5458,28.4,0.3665,19.588,35.27,73.28,CRITICAL,combined_hazard
2026-01-01 08:38:45,L16,0.549,31.3,0.3878,19.476,35.12,74.31,CRITICAL,combined_hazard
2026-01-01 08:38:50,L16,0.5494,31.82,0.4169,19.557,35.29,74.47,CRITICAL,combined_hazard
2026-01-01 08:38:55,L16,0.5467,34.42,0.4184,19.422,35.47,74.55,CRITICAL,combined_hazard
2026-01-01 08:39:00,L16,0.6069,32.72,0.4138,19.415,36.03,75.43,CRITICAL,combined_hazard
2026-01-01 08:39:05,L16,0.6074,36.7,0.4242,19.383,36.39,74.49,CRITICAL,combined_hazard
2026-01-01 08:39:10,L16,0.6144,37.32,0.435,19.316,36.27,75.3,CRITICAL,combined_hazard
2026-01-01 08:39:15,L16,0.6389,34.7,0.4446,19.311,36.61,75.61,CRITICAL,combined_hazard
2026-01-01 08:39:20,L16,0.6631,37.33,0.4668,19.287,36.85,75.3,CRITICAL,combined_hazard
2026-01-01 08:39:25,L16,0.6642,38.48,0.4704,19.151,37.14,78.07,CRITICAL,combined_hazard
2026-01-01 08:39:30,L16,0.6657,40.96,0.4747,19.145,37.14,74.76,CRITICAL,combined_hazard
2026-01-01 08:39:35,L16,0.7166,39.32,0.4835,19.126,37.78,77.75,CRITICAL,combined_hazard
2026-01-01 08:39:40,L16,0.6872,41.56,0.5232,19.006,38.09,77.66,CRITICAL,combined_hazard
2026-01-01 08:39:45,L16,0.6879,43.79,0.5212,19.044,37.88,77.93,CRITICAL,combined_hazard
2026-01-01 08:39:50,L16,0.7227,43.41,0.5191,19.021,38.68,77.62,CRITICAL,combined_hazard
2026-01-01 08:39:55,L16,0.7296,41.15,0.5462,18.965,38.91,78.88,CRITICAL,combined_hazard
2026-01-01 08:40:00,L16,0.7599,44.09,0.5378,18.897,38.46,77.72,CRITICAL,combined_hazard
2026-01-01 08:40:05,L16,0.75,47.08,0.5565,18.887,38.84,78.65,CRITICAL,combined_hazard
2026-01-01 08:40:10,L16,0.7676,47.79,0.5662,18.809,39.4,78.66,CRITICAL,combined_hazard
2026-01-01 08:40:15,L16,0.7693,44.14,0.5802,18.716,39.87,78.68,CRITICAL,combined_hazard
2026-01-01 08:40:20,L16,0.8066,48.72,0.5818,18.697,39.97,79.23,CRITICAL,combined_hazard
2026-01-01 08:40:25,L16,0.8089,50.73,0.6009,18.662,40.18,78.64,CRITICAL,combined_hazard
2026-01-01 08:40:30,L16,0.8148,51.02,0.5965,18.625,40.51,79.13,CRITICAL,combined_hazard
2026-01-01 08:40:35,L16,0.8289,52.08,0.618,18.581,40.56,81.19,CRITICAL,combined_hazard
2026-01-01 08:40:40,L16,0.8431,55.09,0.6423,18.531,41.12,82.49,CRITICAL,combined_hazard
2026-01-01 08:40:45,L16,0.8341,52.83,0.6504,18.504,41.17,80.87,CRITICAL,combined_hazard
2026-01-01 08:40:50,L16,0.8853,54.25,0.6471,18.5,41.19,81.38,CRITICAL,combined_hazard
2026-01-01 08:40:55,L16,0.8966,53.28,0.6511,18.419,41.56,81.18,CRITICAL,combined_hazard
2026-01-01 08:41:00,L16,0.8929,54.63,0.6564,18.388,41.99,81.61,CRITICAL,combined_hazard
2026-01-01 08:41:05,L16,0.9035,55.98,0.6894,18.26,42.14,81.94,CRITICAL,combined_hazard
2026-01-01 08:41:10,L16,0.9018,58.65,0.6972,18.287,42.38,82.6,CRITICAL,combined_hazard
2026-01-01 08:41:15,L16,0.9548,57.15,0.7086,18.273,42.72,83.27,CRITICAL,combined_hazard
2026-01-01 08:41:20,L16,0.9634,61.02,0.7296,18.235,43.0,81.59,CRITICAL,combined_hazard
2026-01-01 08:41:25,L16,0.9593,58.43,0.7279,18.189,43.01,84.83,CRITICAL,combined_hazard
2026-01-01 08:41:30,L16,0.9779,61.92,0.7391,18.121,43.63,82.94,CRITICAL,combined_hazard
2026-01-01 08:41:35,L16,0.9963,62.69,0.7366,18.081,43.68,83.2,CRITICAL,combined_hazard
2026-01-01 08:00:00,L17,0.0809,1.96,0.0875,20.795,25.99,75.74,SAFE,normal
2026-01-01 08:00:05,L17,0.0777,1.64,0.0923,20.769,26.13,75.69,SAFE,normal
2026-01-01 08:00:10,L17,0.0749,1.82,0.0791,20.836,26.37,75.13,SAFE,normal
2026-01-01 08:00:15,L17,0.0606,2.19,0.0912,20.795,25.91,75.97,SAFE,normal
2026-01-01 08:00:20,L17,0.0749,5.08,0.0781,20.774,26.17,74.76,SAFE,normal
2026-01-01 08:00:25,L17,0.1044,3.26,0.0993,20.737,26.1,76.01,SAFE,normal
2026-01-01 08:00:30,L17,0.0787,6.7,0.0873,20.724,26.0,75.29,SAFE,normal
2026-01-01 08:00:35,L17,0.1059,3.52,0.0916,20.775,25.64,75.35,SAFE,normal
2026-01-01 08:00:40,L17,0.1195,2.8,0.1008,20.81,25.93,76.44,SAFE,normal
2026-01-01 08:00:45,L17,0.0896,5.13,0.1011,20.764,25.95,73.79,SAFE,normal
2026-01-01 08:00:50,L17,0.0976,1.31,0.0998,20.752,26.06,74.85,SAFE,normal
2026-01-01 08:00:55,L17,0.1219,4.17,0.1052,20.748,25.99,75.24,SAFE,normal
2026-01-01 08:01:00,L17,0.1283,2.15,0.1013,20.741,25.94,74.12,SAFE,normal
2026-01-01 08:01:05,L17,0.1029,0.77,0.1107,20.739,26.34,75.26,SAFE,normal
2026-01-01 08:01:10,L17,0.0911,3.95,0.0864,20.708,26.25,73.96,SAFE,normal
2026-01-01 08:01:15,L17,0.137,5.45,0.1007,20.694,25.76,74.52,SAFE,normal
2026-01-01 08:01:20,L17,0.1297,4.6,0.1014,20.722,26.03,74.07,SAFE,normal
2026-01-01 08:01:25,L17,0.1297,4.5,0.1014,20.759,26.18,74.19,SAFE,normal
2026-01-01 08:01:30,L17,0.1402,0.54,0.1082,20.733,26.29,74.01,SAFE,normal
2026-01-01 08:01:35,L17,0.1115,4.28,0.107,20.668,26.04,73.82,SAFE,normal
2026-01-01 08:01:40,L17,0.1379,4.37,0.1129,20.693,26.08,73.35,SAFE,normal
2026-01-01 08:01:45,L17,0.1306,5.6,0.0979,20.718,26.14,73.09,SAFE,normal
2026-01-01 08:01:50,L17,0.1467,3.16,0.1267,20.737,26.23,73.76,SAFE,normal
2026-01-01 08:01:55,L17,0.1524,6.07,0.1063,20.74,25.91,73.44,SAFE,normal
2026-01-01 08:02:00,L17,0.1578,4.13,0.1127,20.676,25.85,72.74,SAFE,normal
2026-01-01 08:02:05,L17,0.1549,4.53,0.1098,20.702,26.35,73.45,SAFE,normal
2026-01-01 08:02:10,L17,0.1525,5.84,0.1131,20.68,26.03,72.7,SAFE,normal
2026-01-01 08:02:15,L17,0.1558,3.35,0.1092,20.665,26.51,74.2,SAFE,normal
2026-01-01 08:02:20,L17,0.1598,6.44,0.1162,20.666,26.07,74.84,SAFE,normal
2026-01-01 08:02:25,L17,0.1477,3.25,0.1202,20.661,26.18,73.85,SAFE,normal
2026-01-01 08:02:30,L17,0.1543,6.34,0.0974,20.69,26.27,73.69,SAFE,normal
2026-01-01 08:02:35,L17,0.1687,5.09,0.115,20.608,25.91,73.17,SAFE,normal
2026-01-01 08:02:40,L17,0.1752,5.29,0.1157,20.659,26.67,72.24,SAFE,normal
2026-01-01 08:02:45,L17,0.1584,1.0,0.1383,20.687,26.19,70.78,SAFE,normal
2026-01-01 08:02:50,L17,0.1548,4.79,0.1276,20.679,26.14,71.36,SAFE,normal
2026-01-01 08:02:55,L17,0.1486,5.43,0.1338,20.648,26.1,71.53,SAFE,normal
2026-01-01 08:03:00,L17,0.1576,8.15,0.1273,20.604,26.34,72.93,SAFE,normal
2026-01-01 08:03:05,L17,0.1712,5.85,0.1245,20.646,26.34,72.06,SAFE,normal
2026-01-01 08:03:10,L17,0.1754,5.0,0.1278,20.657,26.13,71.22,SAFE,normal
2026-01-01 08:03:15,L17,0.1806,7.31,0.1349,20.598,26.11,70.16,SAFE,normal
2026-01-01 08:03:20,L17,0.1696,5.38,0.1409,20.619,26.48,73.38,SAFE,normal
2026-01-01 08:03:25,L17,0.1632,7.76,0.1304,20.598,26.24,71.84,SAFE,normal
2026-01-01 08:03:30,L17,0.1951,6.68,0.124,20.581,26.09,72.03,SAFE,normal
2026-01-01 08:03:35,L17,0.1979,5.02,0.1374,20.585,26.33,70.76,SAFE,normal
2026-01-01 08:03:40,L17,0.2081,7.85,0.1242,20.594,26.31,70.97,SAFE,normal
2026-01-01 08:03:45,L17,0.2138,7.42,0.1352,20.558,26.67,70.69,SAFE,normal
2026-01-01 08:03:50,L17,0.2102,7.94,0.1386,20.548,26.31,70.91,SAFE,normal
2026-01-01 08:03:55,L17,0.2088,6.4,0.1333,20.549,26.35,72.23,SAFE,normal
2026-01-01 08:04:00,L17,0.223,7.66,0.1279,20.581,26.44,69.67,SAFE,normal
2026-01-01 08:04:05,L17,0.234,9.71,0.1326,20.523,26.34,70.49,SAFE,normal
2026-01-01 08:04:10,L17,0.2053,7.17,0.1347,20.496,26.5,70.71,SAFE,normal
2026-01-01 08:04:15,L17,0.2298,6.39,0.1298,20.599,26.29,70.21,SAFE,normal
2026-01-01 08:04:20,L17,0.2116,9.38,0.1362,20.523,26.42,70.99,SAFE,normal
2026-01-01 08:04:25,L17,0.2271,8.14,0.1287,20.543,26.52,68.7,SAFE,normal
2026-01-01 08:04:30,L17,0.2426,6.54,0.1461,20.571,26.64,71.48,SAFE,normal
2026-01-01 08:04:35,L17,0.2252,9.9,0.145,20.496,26.4,68.77,SAFE,normal
2026-01-01 08:04:40,L17,0.2178,5.57,0.1455,20.491,26.41,68.85,SAFE,normal
2026-01-01 08:04:45,L17,0.228,8.24,0.1414,20.511,26.74,69.28,SAFE,normal
2026-01-01 08:04:50,L17,0.2234,9.25,0.1435,20.554,26.43,69.02,SAFE,normal
2026-01-01 08:04:55,L17,0.2243,9.21,0.1399,20.52,26.52,69.76,SAFE,normal
2026-01-01 08:05:00,L17,0.2613,6.33,0.1516,20.516,26.79,69.56,SAFE,normal
2026-01-01 08:05:05,L17,0.254,5.9,0.1377,20.503,26.56,69.29,SAFE,normal
2026-01-01 08:05:10,L17,0.1435,5.11,0.0831,20.649,28.6,74.31,SAFE,methane_buildup
2026-01-01 08:05:15,L17,0.1406,2.8,0.0954,20.601,28.64,72.52,SAFE,methane_buildup
2026-01-01 08:05:20,L17,0.15,3.03,0.0922,20.653,28.68,74.54,SAFE,methane_buildup
2026-01-01 08:05:25,L17,0.1493,1.62,0.074,20.651,28.86,74.48,SAFE,methane_buildup
2026-01-01 08:05:30,L17,0.1795,5.84,0.095,20.616,28.92,74.94,SAFE,methane_buildup
2026-01-01 08:05:35,L17,0.1606,4.57,0.0886,20.63,28.68,73.13,SAFE,methane_buildup
2026-01-01 08:05:40,L17,0.1724,5.64,0.0883,20.671,28.76,75.22,SAFE,methane_buildup
2026-01-01 08:05:45,L17,0.1973,1.4,0.0865,20.525,28.74,74.9,SAFE,methane_buildup
2026-01-01 08:05:50,L17,0.2437,5.97,0.0857,20.573,28.9,75.35,SAFE,methane_buildup
2026-01-01 08:05:55,L17,0.2196,4.24,0.096,20.521,28.86,73.73,SAFE,methane_buildup
2026-01-01 08:06:00,L17,0.2335,6.08,0.0993,20.598,28.79,74.11,SAFE,methane_buildup
2026-01-01 08:06:05,L17,0.2553,6.19,0.0968,20.548,28.97,73.68,SAFE,methane_buildup
2026-01-01 08:06:10,L17,0.2763,5.57,0.1037,20.51,28.9,75.37,SAFE,methane_buildup
2026-01-01 08:06:15,L17,0.2935,4.76,0.1014,20.513,28.72,75.05,SAFE,methane_buildup
2026-01-01 08:06:20,L17,0.2698,6.6,0.0813,20.55,28.85,75.28,SAFE,methane_buildup
2026-01-01 08:06:25,L17,0.297,4.95,0.0906,20.514,28.83,74.36,SAFE,methane_buildup
2026-01-01 08:06:30,L17,0.3136,7.98,0.108,20.507,28.72,74.58,SAFE,methane_buildup
2026-01-01 08:06:35,L17,0.327,5.52,0.089,20.524,28.85,73.62,SAFE,methane_buildup
2026-01-01 08:06:40,L17,0.347,6.84,0.0778,20.498,29.07,74.61,SAFE,methane_buildup
2026-01-01 08:06:45,L17,0.3581,5.89,0.115,20.493,29.07,75.24,SAFE,methane_buildup
2026-01-01 08:06:50,L17,0.3581,7.44,0.1033,20.446,29.05,75.36,SAFE,methane_buildup
2026-01-01 08:06:55,L17,0.3868,5.86,0.0961,20.372,29.04,75.86,SAFE,methane_buildup
2026-01-01 08:07:00,L17,0.3959,6.39,0.0953,20.432,28.97,76.59,SAFE,methane_buildup
2026-01-01 08:07:05,L17,0.4066,11.25,0.1078,20.399,28.86,75.51,SAFE,methane_buildup
2026-01-01 08:07:10,L17,0.3972,9.27,0.1071,20.432,29.05,76.52,SAFE,methane_buildup
2026-01-01 08:07:15,L17,0.4277,8.76,0.1065,20.345,28.73,76.83,SAFE,methane_buildup
2026-01-01 08:07:20,L17,0.4469,9.18,0.103,20.413,28.88,77.2,SAFE,methane_buildup
2026-01-01 08:07:25,L17,0.433,9.06,0.0949,20.384,29.16,76.74,SAFE,methane_buildup
2026-01-01 08:07:30,L17,0.4545,8.67,0.1054,20.379,28.93,76.48,SAFE,methane_buildup
2026-01-01 08:07:35,L17,0.4879,10.14,0.1148,20.376,29.11,75.63,SAFE,methane_buildup
2026-01-01 08:07:40,L17,0.4822,7.97,0.1026,20.347,28.97,76.79,SAFE,methane_buildup
2026-01-01 08:07:45,L17,0.4868,11.8,0.1123,20.327,29.12,76.34,SAFE,methane_buildup
2026-01-01 08:07:50,L17,0.5219,9.79,0.1049,20.361,28.82,77.82,SAFE,methane_buildup
2026-01-01 08:07:55,L17,0.5048,11.01,0.1151,20.335,29.25,76.87,WARNING,methane_buildup
2026-01-01 08:08:00,L17,0.4982,12.37,0.1015,20.328,28.91,76.74,SAFE,methane_buildup
2026-01-01 08:08:05,L17,0.5238,10.94,0.11,20.294,28.88,78.07,WARNING,methane_buildup
2026-01-01 08:08:10,L17,0.5644,9.19,0.1142,20.29,29.28,76.63,SAFE,methane_buildup
2026-01-01 08:08:15,L17,0.567,12.44,0.1057,20.276,29.11,77.08,WARNING,methane_buildup
2026-01-01 08:08:20,L17,0.5721,13.35,0.1146,20.214,29.07,78.77,WARNING,methane_buildup
2026-01-01 08:08:25,L17,0.5989,8.09,0.1121,20.215,29.36,77.45,SAFE,methane_buildup
2026-01-01 08:08:30,L17,0.5973,11.05,0.1126,20.242,29.25,78.21,WARNING,methane_buildup
2026-01-01 08:08:35,L17,0.6033,11.84,0.1081,20.179,29.08,78.58,WARNING,methane_buildup
2026-01-01 08:08:40,L17,0.631,11.21,0.1221,20.222,29.14,77.01,WARNING,methane_buildup
2026-01-01 08:08:45,L17,0.6246,9.94,0.1071,20.189,29.34,78.25,SAFE,methane_buildup
2026-01-01 08:08:50,L17,0.6496,10.68,0.1175,20.203,29.04,77.34,WARNING,methane_buildup
2026-01-01 08:08:55,L17,0.6422,9.43,0.1091,20.2,29.41,79.31,SAFE,methane_buildup
2026-01-01 08:09:00,L17,0.6501,13.84,0.116,20.129,29.14,78.9,WARNING,methane_buildup
2026-01-01 08:09:05,L17,0.6648,14.67,0.1222,20.184,29.09,78.42,WARNING,methane_buildup
2026-01-01 08:09:10,L17,0.6893,14.85,0.1154,20.151,29.39,78.73,WARNING,methane_buildup
2026-01-01 08:09:15,L17,0.6918,12.96,0.0937,20.085,29.35,77.41,WARNING,methane_buildup
2026-01-01 08:09:20,L17,0.7041,13.62,0.1081,20.13,28.99,79.42,WARNING,methane_buildup
2026-01-01 08:09:25,L17,0.7229,15.01,0.1022,20.145,29.25,77.39,WARNING,methane_buildup
2026-01-01 08:09:30,L17,0.736,13.26,0.1206,20.112,29.11,78.51,WARNING,methane_buildup
2026-01-01 08:09:35,L17,0.7257,12.38,0.1207,20.1,29.41,77.69,WARNING,methane_buildup
2026-01-01 08:09:40,L17,0.7229,13.15,0.1185,20.108,29.56,79.02,WARNING,methane_buildup
2026-01-01 08:09:45,L17,0.7786,14.47,0.1169,20.079,29.39,79.81,WARNING,methane_buildup
2026-01-01 08:09:50,L17,0.7866,13.34,0.1243,20.075,29.21,78.84,WARNING,methane_buildup
2026-01-01 08:09:55,L17,0.7758,15.32,0.1115,20.033,29.46,78.81,WARNING,methane_buildup
2026-01-01 08:10:00,L17,0.8148,12.78,0.1313,20.047,29.33,78.54,WARNING,methane_buildup
2026-01-01 08:10:05,L17,0.8266,14.64,0.1249,20.109,29.34,78.78,WARNING,methane_buildup
2026-01-01 08:10:10,L17,0.8274,15.82,0.1173,20.048,29.29,78.51,WARNING,methane_buildup
2026-01-01 08:10:15,L17,0.8732,15.61,0.1221,20.04,29.39,80.16,WARNING,methane_buildup
2026-01-01 08:10:20,L17,0.112,6.95,0.0594,20.64,28.05,72.6,SAFE,co_buildup
2026-01-01 08:10:25,L17,0.094,7.91,0.0813,20.645,28.21,72.53,SAFE,co_buildup
2026-01-01 08:10:30,L17,0.097,10.39,0.0819,20.581,28.13,71.8,SAFE,co_buildup
2026-01-01 08:10:35,L17,0.1325,9.39,0.0763,20.551,28.22,71.52,SAFE,co_buildup
2026-01-01 08:10:40,L17,0.1223,8.67,0.0882,20.555,28.73,71.0,SAFE,co_buildup
2026-01-01 08:10:45,L17,0.1328,9.53,0.0748,20.549,28.29,72.88,SAFE,co_buildup
2026-01-01 08:10:50,L17,0.1173,11.47,0.0775,20.585,28.31,72.12,SAFE,co_buildup
2026-01-01 08:10:55,L17,0.1327,12.05,0.0776,20.572,28.4,71.24,SAFE,co_buildup
2026-01-01 08:11:00,L17,0.1624,9.53,0.0965,20.463,28.32,73.11,SAFE,co_buildup
2026-01-01 08:11:05,L17,0.163,11.78,0.0984,20.489,28.15,71.88,SAFE,co_buildup
2026-01-01 08:11:10,L17,0.1875,11.67,0.0955,20.51,28.09,71.68,SAFE,co_buildup
2026-01-01 08:11:15,L17,0.1678,12.02,0.0965,20.47,28.35,71.98,SAFE,co_buildup
2026-01-01 08:11:20,L17,0.1862,14.55,0.1251,20.502,28.34,72.24,SAFE,co_buildup
2026-01-01 08:11:25,L17,0.1967,12.64,0.1068,20.461,28.1,72.78,SAFE,co_buildup
2026-01-01 08:11:30,L17,0.2003,12.57,0.123,20.416,28.66,71.73,SAFE,co_buildup
2026-01-01 08:11:35,L17,0.2198,12.65,0.1138,20.403,28.45,73.26,SAFE,co_buildup
2026-01-01 08:11:40,L17,0.2019,14.06,0.114,20.39,28.67,72.85,SAFE,co_buildup
2026-01-01 08:11:45,L17,0.2332,13.65,0.1324,20.35,28.14,72.07,SAFE,co_buildup
2026-01-01 08:11:50,L17,0.25,13.9,0.1304,20.388,28.72,72.37,SAFE,co_buildup
2026-01-01 08:11:55,L17,0.228,14.3,0.1269,20.366,28.44,72.18,SAFE,co_buildup
2026-01-01 08:12:00,L17,0.2537,14.83,0.1392,20.341,28.72,72.59,SAFE,co_buildup
2026-01-01 08:12:05,L17,0.2604,15.38,0.1534,20.318,28.59,73.77,WARNING,co_buildup
2026-01-01 08:12:10,L17,0.2713,17.56,0.1304,20.264,28.64,72.22,SAFE,co_buildup
2026-01-01 08:12:15,L17,0.2699,14.46,0.1431,20.294,28.66,72.74,SAFE,co_buildup
2026-01-01 08:12:20,L17,0.2985,16.78,0.1391,20.266,28.55,72.04,SAFE,co_buildup
2026-01-01 08:12:25,L17,0.3163,18.13,0.1379,20.306,28.54,73.04,SAFE,co_buildup
2026-01-01 08:12:30,L17,0.3014,20.44,0.1408,20.191,28.6,72.86,SAFE,co_buildup
2026-01-01 08:12:35,L17,0.3041,18.79,0.1643,20.192,28.45,73.72,WARNING,co_buildup
2026-01-01 08:12:40,L17,0.3069,19.37,0.14,20.15,28.62,72.01,SAFE,co_buildup
2026-01-01 08:12:45,L17,0.2944,19.91,0.1617,20.175,28.61,73.24,WARNING,co_buildup
2026-01-01 08:12:50,L17,0.3001,17.74,0.1541,20.113,28.51,73.71,WARNING,co_buildup
2026-01-01 08:12:55,L17,0.3116,21.91,0.1779,20.185,28.82,72.37,WARNING,co_buildup
2026-01-01 08:13:00,L17,0.3402,22.28,0.1646,20.166,28.78,72.64,WARNING,co_buildup
2026-01-01 08:13:05,L17,0.3408,23.02,0.1669,20.112,28.83,72.91,WARNING,co_buildup
2026-01-01 08:13:10,L17,0.3739,26.0,0.1854,20.07,28.92,72.58,WARNING,co_buildup
2026-01-01 08:13:15,L17,0.3208,20.73,0.1829,20.039,28.8,72.93,WARNING,co_buildup
2026-01-01 08:13:20,L17,0.3664,20.88,0.1834,20.047,28.71,73.34,WARNING,co_buildup
2026-01-01 08:13:25,L17,0.3797,24.62,0.1885,20.071,28.92,72.73,WARNING,co_buildup
2026-01-01 08:13:30,L17,0.394,23.49,0.1764,20.012,28.46,72.74,WARNING,co_buildup
2026-01-01 08:13:35,L17,0.3901,22.96,0.1941,20.077,28.9,73.07,WARNING,co_buildup
2026-01-01 08:13:40,L17,0.4008,24.45,0.1896,20.048,29.05,72.55,WARNING,co_buildup
2026-01-01 08:13:45,L17,0.4053,24.39,0.1971,19.987,29.11,72.61,WARNING,co_buildup
2026-01-01 08:13:50,L17,0.4167,28.34,0.2012,19.957,28.89,72.19,WARNING,co_buildup
2026-01-01 08:13:55,L17,0.4172,29.59,0.1914,19.938,28.66,72.89,WARNING,co_buildup
2026-01-01 08:14:00,L17,0.4566,24.18,0.2081,19.987,28.62,73.3,WARNING,co_buildup
2026-01-01 08:14:05,L17,0.4409,24.86,0.2049,19.903,29.13,72.74,WARNING,co_buildup
2026-01-01 08:14:10,L17,0.4426,26.38,0.1996,19.935,29.0,72.36,WARNING,co_buildup
2026-01-01 08:14:15,L17,0.4359,26.92,0.2114,19.891,29.38,72.92,WARNING,co_buildup
2026-01-01 08:14:20,L17,0.4492,27.23,0.2157,19.896,28.88,73.33,WARNING,co_buildup
2026-01-01 08:14:25,L17,0.4844,28.55,0.2234,19.833,29.16,73.13,WARNING,co_buildup
2026-01-01 08:14:30,L17,0.4318,28.61,0.2026,19.832,29.38,74.83,WARNING,co_buildup
2026-01-01 08:14:35,L17,0.4773,27.69,0.2278,19.825,29.18,72.53,WARNING,co_buildup
2026-01-01 08:14:40,L17,0.4835,28.62,0.2237,19.79,28.93,72.96,WARNING,co_buildup
2026-01-01 08:14:45,L17,0.4988,32.92,0.2373,19.831,29.61,73.72,WARNING,co_buildup
2026-01-01 08:14:50,L17,0.5026,30.5,0.2339,19.754,29.45,72.56,DANGER,co_buildup
2026-01-01 08:14:55,L17,0.5288,30.86,0.2343,19.744,29.2,74.67,DANGER,co_buildup
2026-01-01 08:15:00,L17,0.5149,29.64,0.2386,19.785,29.37,73.15,DANGER,co_buildup
2026-01-01 08:15:05,L17,0.5198,31.66,0.2457,19.763,29.4,73.61,DANGER,co_buildup
2026-01-01 08:15:10,L17,0.5424,34.24,0.2533,19.76,29.39,73.19,DANGER,co_buildup
2026-01-01 08:15:15,L17,0.5585,34.13,0.242,19.639,29.1,74.01,DANGER,co_buildup
2026-01-01 08:15:20,L17,0.5532,34.89,0.2494,19.686,29.38,72.36,DANGER,co_buildup
2026-01-01 08:15:25,L17,0.5655,32.31,0.267,19.667,29.57,74.49,DANGER,co_buildup
2026-01-01 08:15:30,L17,0.1736,7.97,0.0273,20.438,27.86,66.12,SAFE,low_oxygen
2026-01-01 08:15:35,L17,0.2009,5.52,0.0305,20.391,27.86,68.26,SAFE,low_oxygen
2026-01-01 08:15:40,L17,0.1873,6.51,0.0387,20.396,27.86,67.3,SAFE,low_oxygen
2026-01-01 08:15:45,L17,0.1972,5.04,0.0464,20.371,27.75,68.53,SAFE,low_oxygen
2026-01-01 08:15:50,L17,0.2194,4.13,0.054,20.268,27.69,67.44,SAFE,low_oxygen
2026-01-01 08:15:55,L17,0.234,8.0,0.0598,20.209,27.78,65.31,SAFE,low_oxygen
2026-01-01 08:16:00,L17,0.2368,8.36,0.061,20.203,27.86,66.72,SAFE,low_oxygen
2026-01-01 08:16:05,L17,0.2327,4.12,0.0608,20.182,27.98,69.08,SAFE,low_oxygen
2026-01-01 08:16:10,L17,0.2432,6.19,0.0665,20.212,27.89,67.99,SAFE,low_oxygen
2026-01-01 08:16:15,L17,0.2483,7.52,0.0803,20.102,27.98,68.91,SAFE,low_oxygen
2026-01-01 08:16:20,L17,0.2375,7.84,0.0759,20.089,27.89,69.86,SAFE,low_oxygen
2026-01-01 08:16:25,L17,0.2637,10.85,0.0906,20.027,28.02,69.35,SAFE,low_oxygen
2026-01-01 08:16:30,L17,0.2504,7.02,0.0958,20.004,27.97,68.76,SAFE,low_oxygen
2026-01-01 08:16:35,L17,0.2818,7.87,0.1083,19.945,28.07,69.69,SAFE,low_oxygen
2026-01-01 08:16:40,L17,0.2812,9.28,0.0972,19.905,27.79,70.03,SAFE,low_oxygen
2026-01-01 08:16:45,L17,0.2532,7.95,0.1034,19.957,28.15,69.86,SAFE,low_oxygen
2026-01-01 08:16:50,L17,0.3069,7.89,0.0925,19.916,28.19,69.33,SAFE,low_oxygen
2026-01-01 08:16:55,L17,0.291,7.94,0.1084,19.84,28.21,70.4,SAFE,low_oxygen
2026-01-01 08:17:00,L17,0.2962,9.35,0.1133,19.85,28.01,70.86,SAFE,low_oxygen
2026-01-01 08:17:05,L17,0.3262,8.91,0.1299,19.746,28.07,70.02,SAFE,low_oxygen
2026-01-01 08:17:10,L17,0.3159,10.37,0.1453,19.747,28.07,70.69,WARNING,low_oxygen
2026-01-01 08:17:15,L17,0.3339,10.05,0.1405,19.725,28.28,71.1,WARNING,low_oxygen
2026-01-01 08:17:20,L17,0.3217,5.32,0.1487,19.725,28.35,70.43,SAFE,low_oxygen
2026-01-01 08:17:25,L17,0.3501,7.24,0.1401,19.66,28.18,72.27,SAFE,low_oxygen
2026-01-01 08:17:30,L17,0.3475,9.28,0.1412,19.638,28.5,72.6,SAFE,low_oxygen
2026-01-01 08:17:35,L17,0.3572,11.68,0.1538,19.575,28.53,72.23,WARNING,low_oxygen
2026-01-01 08:17:40,L17,0.3549,9.4,0.1557,19.564,28.38,71.81,WARNING,low_oxygen
2026-01-01 08:17:45,L17,0.3886,11.12,0.1588,19.561,28.44,73.48,WARNING,low_oxygen
2026-01-01 08:17:50,L17,0.3988,11.63,0.1724,19.442,28.15,73.84,WARNING,low_oxygen
2026-01-01 08:17:55,L17,0.3442,11.71,0.1661,19.492,28.35,73.73,WARNING,low_oxygen
2026-01-01 08:18:00,L17,0.3977,10.25,0.1872,19.419,28.27,73.93,WARNING,low_oxygen
2026-01-01 08:18:05,L17,0.3741,9.53,0.1824,19.35,28.34,74.62,WARNING,low_oxygen
2026-01-01 08:18:10,L17,0.4045,9.45,0.1902,19.351,28.58,74.31,WARNING,low_oxygen
2026-01-01 08:18:15,L17,0.3767,16.05,0.1963,19.365,28.64,73.9,WARNING,low_oxygen
2026-01-01 08:18:20,L17,0.416,12.45,0.1967,19.279,28.68,74.83,WARNING,low_oxygen
2026-01-01 08:18:25,L17,0.4039,14.7,0.2156,19.27,28.62,74.82,WARNING,low_oxygen
2026-01-01 08:18:30,L17,0.4161,10.86,0.1976,19.18,28.68,75.32,WARNING,low_oxygen
2026-01-01 08:18:35,L17,0.4231,14.16,0.2257,19.141,28.39,76.33,WARNING,low_oxygen
2026-01-01 08:18:40,L17,0.4251,11.74,0.2176,19.131,28.46,74.91,WARNING,low_oxygen
2026-01-01 08:18:45,L17,0.432,12.59,0.2327,19.16,28.65,76.26,WARNING,low_oxygen
2026-01-01 08:18:50,L17,0.4432,12.38,0.2319,19.096,28.8,75.36,WARNING,low_oxygen
2026-01-01 08:18:55,L17,0.4534,11.66,0.2421,19.098,28.66,75.88,WARNING,low_oxygen
2026-01-01 08:19:00,L17,0.4671,11.86,0.2393,19.067,28.55,78.12,WARNING,low_oxygen
2026-01-01 08:19:05,L17,0.4967,13.27,0.2471,18.976,28.68,77.47,DANGER,low_oxygen
2026-01-01 08:19:10,L17,0.4611,12.62,0.259,19.013,28.67,77.48,WARNING,low_oxygen
2026-01-01 08:19:15,L17,0.4838,13.86,0.2559,18.917,28.57,76.27,DANGER,low_oxygen
2026-01-01 08:19:20,L17,0.5,12.59,0.2708,18.931,29.19,77.66,DANGER,low_oxygen
2026-01-01 08:19:25,L17,0.4843,15.08,0.2679,18.897,29.07,76.44,DANGER,low_oxygen
2026-01-01 08:19:30,L17,0.4676,13.5,0.2642,18.837,28.61,78.37,DANGER,low_oxygen
2026-01-01 08:19:35,L17,0.4794,16.82,0.2722,18.804,28.64,77.59,DANGER,low_oxygen
2026-01-01 08:19:40,L17,0.4812,14.46,0.2871,18.779,28.83,79.28,DANGER,low_oxygen
2026-01-01 08:19:45,L17,0.5442,14.56,0.2751,18.74,28.76,79.21,DANGER,low_oxygen
2026-01-01 08:19:50,L17,0.5368,17.29,0.2963,18.692,29.36,78.36,DANGER,low_oxygen
2026-01-01 08:19:55,L17,0.5455,14.31,0.292,18.657,28.91,79.88,DANGER,low_oxygen
2026-01-01 08:20:00,L17,0.5554,14.62,0.2896,18.627,29.11,81.5,DANGER,low_oxygen
2026-01-01 08:20:05,L17,0.5386,14.35,0.3066,18.642,29.01,79.91,DANGER,low_oxygen
2026-01-01 08:20:10,L17,0.5883,15.88,0.3043,18.525,28.93,81.02,DANGER,low_oxygen
2026-01-01 08:20:15,L17,0.5653,14.65,0.3103,18.525,29.29,78.88,DANGER,low_oxygen
2026-01-01 08:20:20,L17,0.5658,17.09,0.3148,18.498,29.25,81.19,DANGER,low_oxygen
2026-01-01 08:20:25,L17,0.59,16.02,0.3257,18.468,29.17,80.6,DANGER,low_oxygen
2026-01-01 08:20:30,L17,0.5899,17.53,0.3266,18.451,29.56,81.09,DANGER,low_oxygen
2026-01-01 08:20:35,L17,0.6065,17.53,0.3379,18.369,29.27,82.03,DANGER,low_oxygen
2026-01-01 08:20:40,L17,0.171,2.14,0.0504,20.639,26.42,73.68,SAFE,co2_buildup
2026-01-01 08:20:45,L17,0.1904,0.9,0.053,20.589,26.75,74.28,SAFE,co2_buildup
2026-01-01 08:20:50,L17,0.1848,1.03,0.0599,20.545,26.7,75.46,SAFE,co2_buildup
2026-01-01 08:20:55,L17,0.1638,3.24,0.0626,20.556,26.85,72.88,SAFE,co2_buildup
2026-01-01 08:21:00,L17,0.1468,4.06,0.0731,20.561,26.87,74.38,SAFE,co2_buildup
2026-01-01 08:21:05,L17,0.1923,0.89,0.0675,20.52,27.02,74.38,SAFE,co2_buildup
2026-01-01 08:21:10,L17,0.2162,4.48,0.0827,20.49,27.12,73.89,SAFE,co2_buildup
2026-01-01 08:21:15,L17,0.1796,5.41,0.0854,20.436,27.51,73.87,SAFE,co2_buildup
2026-01-01 08:21:20,L17,0.1868,4.41,0.0842,20.431,27.29,75.9,SAFE,co2_buildup
2026-01-01 08:21:25,L17,0.2121,6.05,0.1052,20.375,27.26,73.95,SAFE,co2_buildup
2026-01-01 08:21:30,L17,0.2182,4.22,0.0988,20.361,27.43,73.83,SAFE,co2_buildup
2026-01-01 08:21:35,L17,0.232,4.35,0.1015,20.359,27.34,74.7,SAFE,co2_buildup
2026-01-01 08:21:40,L17,0.244,4.43,0.1094,20.268,27.43,73.92,SAFE,co2_buildup
2026-01-01 08:21:45,L17,0.2271,6.07,0.1087,20.348,27.84,74.86,SAFE,co2_buildup
2026-01-01 08:21:50,L17,0.2139,4.95,0.1239,20.231,27.79,74.88,SAFE,co2_buildup
2026-01-01 08:21:55,L17,0.2186,3.46,0.119,20.302,28.0,75.98,SAFE,co2_buildup
2026-01-01 08:22:00,L17,0.228,5.01,0.1305,20.194,27.67,77.26,SAFE,co2_buildup
2026-01-01 08:22:05,L17,0.2559,5.13,0.1202,20.168,27.85,75.82,SAFE,co2_buildup
2026-01-01 08:22:10,L17,0.2371,4.28,0.1191,20.156,28.13,77.18,SAFE,co2_buildup
2026-01-01 08:22:15,L17,0.2632,6.24,0.1415,20.129,28.05,77.28,SAFE,co2_buildup
2026-01-01 08:22:20,L17,0.2301,4.96,0.14,20.098,28.04,75.09,SAFE,co2_buildup
2026-01-01 08:22:25,L17,0.2615,6.0,0.1463,20.08,28.18,76.62,SAFE,co2_buildup
2026-01-01 08:22:30,L17,0.2501,5.82,0.1339,20.068,28.38,76.95,SAFE,co2_buildup
2026-01-01 08:22:35,L17,0.2734,4.08,0.1711,20.012,28.57,77.74,SAFE,co2_buildup
2026-01-01 08:22:40,L17,0.266,3.81,0.1631,20.039,28.86,78.08,SAFE,co2_buildup
2026-01-01 08:22:45,L17,0.286,4.32,0.1777,20.03,28.53,78.08,SAFE,co2_buildup
2026-01-01 08:22:50,L17,0.2717,5.38,0.1607,19.904,28.62,77.29,WARNING,co2_buildup
2026-01-01 08:22:55,L17,0.282,8.01,0.1774,19.992,28.64,77.69,WARNING,co2_buildup
2026-01-01 08:23:00,L17,0.2987,5.66,0.1847,19.934,29.03,77.19,WARNING,co2_buildup
2026-01-01 08:23:05,L17,0.2893,6.41,0.1873,19.893,29.04,78.63,WARNING,co2_buildup
2026-01-01 08:23:10,L17,0.2959,7.27,0.1929,19.842,28.97,78.48,WARNING,co2_buildup
2026-01-01 08:23:15,L17,0.3106,5.54,0.1847,19.839,29.07,79.39,WARNING,co2_buildup
2026-01-01 08:23:20,L17,0.3022,5.57,0.2031,19.835,29.26,79.71,WARNING,co2_buildup
2026-01-01 08:23:25,L17,0.2838,7.88,0.1986,19.86,29.36,79.08,WARNING,co2_buildup
2026-01-01 08:23:30,L17,0.3032,7.27,0.2052,19.822,29.3,79.76,WARNING,co2_buildup
2026-01-01 08:23:35,L17,0.2871,5.68,0.2151,19.685,29.57,79.55,WARNING,co2_buildup
2026-01-01 08:23:40,L17,0.3164,6.02,0.2169,19.699,29.42,79.03,WARNING,co2_buildup
2026-01-01 08:23:45,L17,0.3315,6.88,0.2222,19.682,29.72,79.47,WARNING,co2_buildup
2026-01-01 08:23:50,L17,0.3305,7.36,0.2383,19.694,29.77,78.48,WARNING,co2_buildup
2026-01-01 08:23:55,L17,0.3537,8.85,0.2329,19.625,29.94,80.17,WARNING,co2_buildup
2026-01-01 08:24:00,L17,0.3562,7.9,0.2357,19.58,30.15,80.2,WARNING,co2_buildup
2026-01-01 08:24:05,L17,0.345,5.74,0.2427,19.578,30.0,79.99,WARNING,co2_buildup
2026-01-01 08:24:10,L17,0.3095,6.15,0.2396,19.539,30.14,81.71,WARNING,co2_buildup
2026-01-01 08:24:15,L17,0.3597,7.9,0.2546,19.555,29.93,81.67,WARNING,co2_buildup
2026-01-01 08:24:20,L17,0.3422,7.77,0.2638,19.571,30.6,81.88,WARNING,co2_buildup
2026-01-01 08:24:25,L17,0.3712,6.4,0.2654,19.501,30.12,82.18,WARNING,co2_buildup
2026-01-01 08:24:30,L17,0.3669,9.36,0.2679,19.476,30.47,81.82,WARNING,co2_buildup
2026-01-01 08:24:35,L17,0.3762,4.52,0.2772,19.459,30.18,82.0,WARNING,co2_buildup
2026-01-01 08:24:40,L17,0.3781,8.51,0.2728,19.41,30.53,82.87,WARNING,co2_buildup
2026-01-01 08:24:45,L17,0.4106,5.8,0.2823,19.359,31.0,82.93,WARNING,co2_buildup
2026-01-01 08:24:50,L17,0.3868,9.55,0.298,19.336,30.99,83.41,WARNING,co2_buildup
2026-01-01 08:24:55,L17,0.364,7.95,0.2892,19.352,31.06,82.74,WARNING,co2_buildup
2026-01-01 08:25:00,L17,0.4035,9.58,0.3013,19.302,30.96,82.18,WARNING,co2_buildup
2026-01-01 08:25:05,L17,0.3851,7.99,0.3062,19.238,31.33,83.35,WARNING,co2_buildup
2026-01-01 08:25:10,L17,0.416,10.68,0.2999,19.281,31.2,82.88,WARNING,co2_buildup
2026-01-01 08:25:15,L17,0.4231,6.0,0.3163,19.193,31.35,84.06,WARNING,co2_buildup
2026-01-01 08:25:20,L17,0.4135,10.23,0.3107,19.157,31.73,83.96,DANGER,co2_buildup
2026-01-01 08:25:25,L17,0.3892,8.12,0.3238,19.139,31.58,83.96,WARNING,co2_buildup
2026-01-01 08:25:30,L17,0.4057,9.71,0.3202,19.148,31.5,83.79,WARNING,co2_buildup
2026-01-01 08:25:35,L17,0.4369,9.88,0.3322,19.143,31.67,85.1,WARNING,co2_buildup
2026-01-01 08:25:40,L17,0.451,7.28,0.3358,19.095,31.89,85.23,WARNING,co2_buildup
2026-01-01 08:25:45,L17,0.4261,10.98,0.3404,19.045,31.86,84.23,DANGER,co2_buildup
2026-01-01 08:25:50,L17,0.1101,5.86,0.0546,20.74,25.54,74.97,SAFE,ventilation_failure
2026-01-01 08:25:55,L17,0.1488,1.84,0.062,20.721,25.76,74.09,SAFE,ventilation_failure
2026-01-01 08:26:00,L17,0.1838,5.89,0.0655,20.687,25.7,74.85,SAFE,ventilation_failure
2026-01-01 08:26:05,L17,0.1849,3.89,0.0674,20.684,25.99,74.44,SAFE,ventilation_failure
2026-01-01 08:26:10,L17,0.1536,5.66,0.073,20.634,26.21,76.57,SAFE,ventilation_failure
2026-01-01 08:26:15,L17,0.1919,3.61,0.0859,20.637,26.18,76.46,SAFE,ventilation_failure
2026-01-01 08:26:20,L17,0.2381,3.32,0.0905,20.602,26.52,75.8,SAFE,ventilation_failure
2026-01-01 08:26:25,L17,0.2299,8.81,0.0922,20.552,26.67,75.05,SAFE,ventilation_failure
2026-01-01 08:26:30,L17,0.2702,6.45,0.1013,20.537,26.5,76.9,SAFE,ventilation_failure
2026-01-01 08:26:35,L17,0.2992,9.11,0.1223,20.575,26.7,77.45,SAFE,ventilation_failure
2026-01-01 08:26:40,L17,0.28,7.16,0.132,20.566,26.74,76.12,SAFE,ventilation_failure
2026-01-01 08:26:45,L17,0.2895,10.14,0.1209,20.519,27.14,77.02,SAFE,ventilation_failure
2026-01-01 08:26:50,L17,0.2988,8.53,0.1231,20.459,27.23,77.48,SAFE,ventilation_failure
2026-01-01 08:26:55,L17,0.3404,7.88,0.1349,20.498,27.11,78.56,SAFE,ventilation_failure
2026-01-01 08:27:00,L17,0.3351,11.18,0.1507,20.452,27.38,77.85,WARNING,ventilation_failure
2026-01-01 08:27:05,L17,0.3532,12.14,0.1476,20.422,27.66,79.02,SAFE,ventilation_failure
2026-01-01 08:27:10,L17,0.3577,12.2,0.1571,20.446,27.76,77.91,WARNING,ventilation_failure
2026-01-01 08:27:15,L17,0.383,11.54,0.1554,20.344,28.06,77.96,WARNING,ventilation_failure
2026-01-01 08:27:20,L17,0.394,9.65,0.1576,20.372,27.84,80.55,SAFE,ventilation_failure
2026-01-01 08:27:25,L17,0.39,11.19,0.1794,20.303,28.14,78.31,WARNING,ventilation_failure
2026-01-01 08:27:30,L17,0.4223,12.25,0.1812,20.288,28.13,79.04,WARNING,ventilation_failure
2026-01-01 08:27:35,L17,0.4612,13.44,0.1912,20.363,28.43,80.55,WARNING,ventilation_failure
2026-01-01 08:27:40,L17,0.4853,16.04,0.1786,20.279,28.52,79.77,WARNING,ventilation_failure
2026-01-01 08:27:45,L17,0.4786,14.68,0.2133,20.298,28.72,80.03,WARNING,ventilation_failure
2026-01-01 08:27:50,L17,0.4959,12.21,0.207,20.238,28.75,80.59,WARNING,ventilation_failure
2026-01-01 08:27:55,L17,0.5148,12.0,0.1968,20.212,29.06,79.3,WARNING,ventilation_failure
2026-01-01 08:28:00,L17,0.555,15.36,0.2255,20.16,28.97,82.2,WARNING,ventilation_failure
2026-01-01 08:28:05,L17,0.5256,16.15,0.221,20.187,29.06,81.72,WARNING,ventilation_failure
2026-01-01 08:28:10,L17,0.5369,17.97,0.2305,20.137,29.38,81.21,WARNING,ventilation_failure
2026-01-01 08:28:15,L17,0.5702,15.78,0.2328,20.117,29.76,80.77,WARNING,ventilation_failure
2026-01-01 08:28:20,L17,0.592,16.4,0.2422,20.086,29.38,81.33,WARNING,ventilation_failure
2026-01-01 08:28:25,L17,0.6007,19.67,0.2489,20.07,29.57,81.42,WARNING,ventilation_failure
2026-01-01 08:28:30,L17,0.5959,21.5,0.2423,20.052,29.91,83.15,WARNING,ventilation_failure
2026-01-01 08:28:35,L17,0.6448,17.07,0.2689,20.034,30.18,83.44,WARNING,ventilation_failure
2026-01-01 08:28:40,L17,0.6445,19.38,0.2692,20.007,30.19,84.02,WARNING,ventilation_failure
2026-01-01 08:28:45,L17,0.67,22.72,0.2782,19.941,30.19,84.39,WARNING,ventilation_failure
2026-01-01 08:28:50,L17,0.7001,22.97,0.2875,19.983,30.48,84.59,WARNING,ventilation_failure
2026-01-01 08:28:55,L17,0.67,20.7,0.2883,19.941,30.62,85.59,WARNING,ventilation_failure
2026-01-01 08:29:00,L17,0.6813,24.34,0.2963,19.824,30.58,85.6,WARNING,ventilation_failure
2026-01-01 08:29:05,L17,0.7307,23.18,0.2882,19.855,30.94,85.68,WARNING,ventilation_failure
2026-01-01 08:29:10,L17,0.7068,24.62,0.2997,19.867,30.94,85.38,WARNING,ventilation_failure
2026-01-01 08:29:15,L17,0.7465,23.09,0.3133,19.899,30.82,86.05,DANGER,ventilation_failure
2026-01-01 08:29:20,L17,0.759,25.1,0.3205,19.857,31.19,85.42,DANGER,ventilation_failure
2026-01-01 08:29:25,L17,0.7881,23.43,0.3285,19.797,31.26,85.85,DANGER,ventilation_failure
2026-01-01 08:29:30,L17,0.7879,24.88,0.3429,19.791,31.67,87.68,DANGER,ventilation_failure
2026-01-01 08:29:35,L17,0.8204,25.77,0.3372,19.808,31.41,86.14,DANGER,ventilation_failure
2026-01-01 08:29:40,L17,0.8121,26.94,0.3472,19.736,31.67,86.36,DANGER,ventilation_failure
2026-01-01 08:29:45,L17,0.8246,30.86,0.3511,19.7,31.92,86.85,DANGER,ventilation_failure
2026-01-01 08:29:50,L17,0.8586,31.6,0.355,19.738,32.38,86.98,CRITICAL,ventilation_failure
2026-01-01 08:29:55,L17,0.8751,27.7,0.3616,19.724,32.44,87.32,CRITICAL,ventilation_failure
2026-01-01 08:30:00,L17,0.893,31.02,0.3634,19.651,32.27,88.17,CRITICAL,ventilation_failure
2026-01-01 08:30:05,L17,0.9259,27.65,0.375,19.662,32.46,88.47,CRITICAL,ventilation_failure
2026-01-01 08:30:10,L17,0.9381,30.43,0.3806,19.625,32.64,89.26,CRITICAL,ventilation_failure
2026-01-01 08:30:15,L17,0.9407,29.32,0.3874,19.588,32.53,90.56,CRITICAL,ventilation_failure
2026-01-01 08:30:20,L17,0.9612,30.19,0.381,19.619,32.81,88.79,CRITICAL,ventilation_failure
2026-01-01 08:30:25,L17,0.9681,35.37,0.4005,19.543,33.15,89.31,CRITICAL,ventilation_failure
2026-01-01 08:30:30,L17,0.997,31.31,0.4006,19.564,33.1,88.17,CRITICAL,ventilation_failure
2026-01-01 08:30:35,L17,0.9999,31.44,0.4135,19.522,33.51,88.88,CRITICAL,ventilation_failure
2026-01-01 08:30:40,L17,1.0013,31.43,0.4116,19.494,33.28,90.08,CRITICAL,ventilation_failure
2026-01-01 08:30:45,L17,1.0134,32.29,0.427,19.461,33.47,90.84,CRITICAL,ventilation_failure
2026-01-01 08:30:50,L17,1.0571,31.83,0.4306,19.427,33.6,91.14,CRITICAL,ventilation_failure
2026-01-01 08:30:55,L17,1.0522,34.81,0.4343,19.428,33.55,91.52,CRITICAL,ventilation_failure
2026-01-01 08:31:00,L17,0.0741,9.16,0.0714,20.671,24.9,75.29,SAFE,fire_heat
2026-01-01 08:31:05,L17,0.0737,8.69,0.0744,20.62,25.05,73.96,SAFE,fire_heat
2026-01-01 08:31:10,L17,0.0731,7.98,0.0838,20.631,25.7,74.13,SAFE,fire_heat
2026-01-01 08:31:15,L17,0.0843,10.44,0.0742,20.629,25.94,72.51,SAFE,fire_heat
2026-01-01 08:31:20,L17,0.0996,11.11,0.0797,20.561,26.11,73.7,SAFE,fire_heat
2026-01-01 08:31:25,L17,0.0835,11.91,0.0982,20.547,26.55,75.36,SAFE,fire_heat
2026-01-01 08:31:30,L17,0.0858,11.98,0.0856,20.53,26.69,76.42,SAFE,fire_heat
2026-01-01 08:31:35,L17,0.1111,13.03,0.0978,20.509,26.84,74.53,SAFE,fire_heat
2026-01-01 08:31:40,L17,0.0936,13.67,0.0947,20.508,27.34,75.57,SAFE,fire_heat
2026-01-01 08:31:45,L17,0.1129,15.94,0.0969,20.493,27.94,77.74,SAFE,fire_heat
2026-01-01 08:31:50,L17,0.1164,12.67,0.1056,20.435,28.13,76.19,SAFE,fire_heat
2026-01-01 08:31:55,L17,0.1192,13.76,0.0873,20.393,28.34,76.68,SAFE,fire_heat
2026-01-01 08:32:00,L17,0.1139,16.05,0.1083,20.403,28.61,75.46,SAFE,fire_heat
2026-01-01 08:32:05,L17,0.1538,15.48,0.1117,20.39,28.81,77.48,SAFE,fire_heat
2026-01-01 08:32:10,L17,0.138,17.62,0.1166,20.398,29.27,75.84,SAFE,fire_heat
2026-01-01 08:32:15,L17,0.1286,16.31,0.1094,20.359,29.54,75.87,SAFE,fire_heat
2026-01-01 08:32:20,L17,0.1456,17.23,0.1149,20.262,29.73,77.91,SAFE,fire_heat
2026-01-01 08:32:25,L17,0.1724,22.43,0.0979,20.27,30.07,76.38,SAFE,fire_heat
2026-01-01 08:32:30,L17,0.1505,19.68,0.1147,20.263,30.09,77.05,SAFE,fire_heat
2026-01-01 08:32:35,L17,0.1765,18.94,0.124,20.199,30.55,78.52,SAFE,fire_heat
2026-01-01 08:32:40,L17,0.1405,21.21,0.1369,20.189,30.74,76.66,SAFE,fire_heat
2026-01-01 08:32:45,L17,0.1493,23.62,0.1424,20.195,31.03,77.36,SAFE,fire_heat
2026-01-01 08:32:50,L17,0.1342,24.55,0.1275,20.158,31.58,77.23,SAFE,fire_heat
2026-01-01 08:32:55,L17,0.2002,21.23,0.1398,20.125,31.61,77.62,SAFE,fire_heat
2026-01-01 08:33:00,L17,0.1494,22.95,0.1341,20.081,32.21,78.08,WARNING,fire_heat
2026-01-01 08:33:05,L17,0.1818,25.12,0.1249,20.032,32.54,79.28,WARNING,fire_heat
2026-01-01 08:33:10,L17,0.2095,25.41,0.1453,20.041,32.67,79.69,WARNING,fire_heat
2026-01-01 08:33:15,L17,0.2023,23.74,0.1576,20.023,32.88,78.67,WARNING,fire_heat
2026-01-01 08:33:20,L17,0.1977,24.67,0.1425,19.956,33.42,78.13,WARNING,fire_heat
2026-01-01 08:33:25,L17,0.2156,25.9,0.1408,19.977,33.64,79.41,WARNING,fire_heat
2026-01-01 08:33:30,L17,0.1906,25.53,0.1511,19.962,34.03,79.04,DANGER,fire_heat
2026-01-01 08:33:35,L17,0.2126,28.18,0.1522,19.905,33.99,79.23,DANGER,fire_heat
2026-01-01 08:33:40,L17,0.2075,31.33,0.1766,19.913,34.4,78.54,DANGER,fire_heat
2026-01-01 08:33:45,L17,0.2114,29.22,0.1663,19.884,34.7,78.24,DANGER,fire_heat
2026-01-01 08:33:50,L17,0.2206,32.53,0.1618,19.842,35.06,79.68,DANGER,fire_heat
2026-01-01 08:33:55,L17,0.2396,31.63,0.1402,19.814,35.42,79.01,DANGER,fire_heat
2026-01-01 08:34:00,L17,0.2498,31.99,0.1647,19.791,35.64,79.6,DANGER,fire_heat
2026-01-01 08:34:05,L17,0.2266,30.45,0.1833,19.751,36.11,81.38,DANGER,fire_heat
2026-01-01 08:34:10,L17,0.2185,35.38,0.1716,19.762,36.15,80.3,DANGER,fire_heat
2026-01-01 08:34:15,L17,0.2268,34.48,0.1801,19.701,36.34,81.41,DANGER,fire_heat
2026-01-01 08:34:20,L17,0.2726,32.58,0.1792,19.678,36.69,80.92,DANGER,fire_heat
2026-01-01 08:34:25,L17,0.2699,36.24,0.1747,19.692,36.97,81.32,DANGER,fire_heat
2026-01-01 08:34:30,L17,0.2356,35.46,0.1947,19.644,37.31,80.57,DANGER,fire_heat
2026-01-01 08:34:35,L17,0.2812,37.12,0.1852,19.629,37.63,82.1,DANGER,fire_heat
2026-01-01 08:34:40,L17,0.2499,38.07,0.1806,19.55,37.93,81.59,DANGER,fire_heat
2026-01-01 08:34:45,L17,0.2748,40.21,0.189,19.561,38.29,81.3,DANGER,fire_heat
2026-01-01 08:34:50,L17,0.2584,37.37,0.2028,19.602,38.48,81.92,DANGER,fire_heat
2026-01-01 08:34:55,L17,0.3059,40.6,0.1821,19.474,39.0,81.27,DANGER,fire_heat
2026-01-01 08:35:00,L17,0.2691,42.42,0.1986,19.555,38.85,81.77,DANGER,fire_heat
2026-01-01 08:35:05,L17,0.2662,44.89,0.1996,19.485,39.1,82.12,DANGER,fire_heat
2026-01-01 08:35:10,L17,0.2794,43.36,0.1892,19.436,39.88,81.91,DANGER,fire_heat
2026-01-01 08:35:15,L17,0.3299,43.01,0.2102,19.421,40.16,83.75,CRITICAL,fire_heat
2026-01-01 08:35:20,L17,0.2987,43.56,0.2087,19.439,40.5,82.33,CRITICAL,fire_heat
2026-01-01 08:35:25,L17,0.2837,46.16,0.2162,19.309,40.7,84.49,CRITICAL,fire_heat
2026-01-01 08:35:30,L17,0.2916,44.08,0.2209,19.395,40.9,83.05,CRITICAL,fire_heat
2026-01-01 08:35:35,L17,0.2815,46.38,0.2139,19.336,41.16,82.97,CRITICAL,fire_heat
2026-01-01 08:35:40,L17,0.3201,49.16,0.2124,19.333,41.25,82.92,CRITICAL,fire_heat
2026-01-01 08:35:45,L17,0.2975,46.38,0.208,19.225,41.8,83.83,CRITICAL,fire_heat
2026-01-01 08:35:50,L17,0.3371,44.21,0.2168,19.246,41.86,84.37,CRITICAL,fire_heat
2026-01-01 08:35:55,L17,0.3367,46.62,0.2246,19.158,42.74,81.79,CRITICAL,fire_heat
2026-01-01 08:36:00,L17,0.3276,49.03,0.2193,19.239,42.51,83.99,CRITICAL,fire_heat
2026-01-01 08:36:05,L17,0.3519,48.01,0.2343,19.149,42.95,82.56,CRITICAL,fire_heat
2026-01-01 08:36:10,L17,0.1669,7.99,0.09,20.82,29.02,73.86,SAFE,combined_hazard
2026-01-01 08:36:15,L17,0.1668,6.88,0.094,20.794,29.01,74.02,SAFE,combined_hazard
2026-01-01 08:36:20,L17,0.1743,6.53,0.115,20.722,29.48,72.2,SAFE,combined_hazard
2026-01-01 08:36:25,L17,0.2008,9.53,0.1083,20.709,29.82,73.96,SAFE,combined_hazard
2026-01-01 08:36:30,L17,0.2177,10.87,0.1075,20.614,29.92,73.44,SAFE,combined_hazard
2026-01-01 08:36:35,L17,0.2239,10.57,0.1266,20.613,29.73,75.64,SAFE,combined_hazard
2026-01-01 08:36:40,L17,0.2312,9.58,0.1306,20.56,30.25,73.66,SAFE,combined_hazard
2026-01-01 08:36:45,L17,0.2642,8.47,0.1293,20.555,30.31,74.8,SAFE,combined_hazard
2026-01-01 08:36:50,L17,0.2795,11.79,0.1508,20.514,30.59,75.16,WARNING,combined_hazard
2026-01-01 08:36:55,L17,0.263,15.58,0.1529,20.431,30.73,75.25,WARNING,combined_hazard
2026-01-01 08:37:00,L17,0.2908,16.3,0.1589,20.334,31.1,77.29,WARNING,combined_hazard
2026-01-01 08:37:05,L17,0.3221,14.52,0.1646,20.305,31.14,77.21,WARNING,combined_hazard
2026-01-01 08:37:10,L17,0.3392,16.22,0.1754,20.339,31.61,74.83,WARNING,combined_hazard
2026-01-01 08:37:15,L17,0.3392,18.48,0.1715,20.257,31.61,76.81,WARNING,combined_hazard
2026-01-01 08:37:20,L17,0.3576,18.08,0.1688,20.27,31.78,76.7,WARNING,combined_hazard
2026-01-01 08:37:25,L17,0.3698,20.55,0.1831,20.2,32.1,77.66,WARNING,combined_hazard
2026-01-01 08:37:30,L17,0.3942,19.86,0.1775,20.137,32.27,77.44,WARNING,combined_hazard
2026-01-01 08:37:35,L17,0.3771,21.58,0.1883,20.09,32.52,76.91,WARNING,combined_hazard
2026-01-01 08:37:40,L17,0.4117,21.23,0.2157,20.007,32.61,77.01,WARNING,combined_hazard
2026-01-01 08:37:45,L17,0.4082,21.4,0.2,19.979,33.04,77.8,WARNING,combined_hazard
2026-01-01 08:37:50,L17,0.4518,25.18,0.2054,19.967,33.19,78.31,DANGER,combined_hazard
2026-01-01 08:37:55,L17,0.4334,22.04,0.2262,19.9,33.24,78.85,WARNING,combined_hazard
2026-01-01 08:38:00,L17,0.4693,24.25,0.2337,19.88,33.57,78.52,WARNING,combined_hazard
2026-01-01 08:38:05,L17,0.4638,25.86,0.2195,19.853,33.62,80.62,DANGER,combined_hazard
2026-01-01 08:38:10,L17,0.5023,28.15,0.2409,19.773,33.95,79.97,DANGER,combined_hazard
2026-01-01 08:38:15,L17,0.5114,26.4,0.2405,19.722,34.19,80.52,DANGER,combined_hazard
2026-01-01 08:38:20,L17,0.5223,28.76,0.2535,19.664,34.31,80.0,DANGER,combined_hazard
2026-01-01 08:38:25,L17,0.562,27.35,0.2545,19.672,34.35,79.56,DANGER,combined_hazard
2026-01-01 08:38:30,L17,0.536,30.95,0.252,19.626,34.5,81.38,DANGER,combined_hazard
2026-01-01 08:38:35,L17,0.5743,33.88,0.2651,19.625,34.93,80.16,DANGER,combined_hazard
2026-01-01 08:38:40,L17,0.5919,29.06,0.2799,19.521,34.98,79.62,DANGER,combined_hazard
2026-01-01 08:38:45,L17,0.602,31.77,0.2965,19.469,35.45,81.98,CRITICAL,combined_hazard
2026-01-01 08:38:50,L17,0.5919,34.97,0.2901,19.442,35.27,81.2,CRITICAL,combined_hazard
2026-01-01 08:38:55,L17,0.6124,38.99,0.2899,19.376,35.9,81.82,CRITICAL,combined_hazard
2026-01-01 08:39:00,L17,0.6207,36.31,0.2896,19.314,35.92,82.93,CRITICAL,combined_hazard
2026-01-01 08:39:05,L17,0.6392,35.19,0.3037,19.299,35.99,81.91,CRITICAL,combined_hazard
2026-01-01 08:39:10,L17,0.645,36.92,0.308,19.266,36.25,81.66,CRITICAL,combined_hazard
2026-01-01 08:39:15,L17,0.666,36.16,0.3195,19.224,36.5,84.2,CRITICAL,combined_hazard
2026-01-01 08:39:20,L17,0.7074,40.07,0.3226,19.178,36.8,83.46,CRITICAL,combined_hazard
2026-01-01 08:39:25,L17,0.6944,41.29,0.3329,19.153,36.75,84.8,CRITICAL,combined_hazard
2026-01-01 08:39:30,L17,0.7147,42.68,0.3322,19.093,37.0,84.58,CRITICAL,combined_hazard
2026-01-01 08:39:35,L17,0.7161,40.94,0.3548,19.042,37.3,84.88,CRITICAL,combined_hazard
2026-01-01 08:39:40,L17,0.7407,41.08,0.3518,18.952,37.55,84.77,CRITICAL,combined_hazard
2026-01-01 08:39:45,L17,0.7672,45.39,0.3475,18.953,37.86,85.06,CRITICAL,combined_hazard
2026-01-01 08:39:50,L17,0.776,46.07,0.3671,18.897,38.0,86.12,CRITICAL,combined_hazard
2026-01-01 08:39:55,L17,0.8038,43.38,0.3559,18.824,38.11,86.14,CRITICAL,combined_hazard
2026-01-01 08:40:00,L17,0.7783,45.15,0.3643,18.829,38.41,85.3,CRITICAL,combined_hazard
2026-01-01 08:40:05,L17,0.799,47.76,0.3708,18.786,38.6,86.45,CRITICAL,combined_hazard
2026-01-01 08:40:10,L17,0.818,47.05,0.3938,18.739,38.74,85.85,CRITICAL,combined_hazard
2026-01-01 08:40:15,L17,0.8609,48.34,0.3878,18.699,39.0,86.38,CRITICAL,combined_hazard
2026-01-01 08:40:20,L17,0.8564,46.94,0.3902,18.643,38.87,87.36,CRITICAL,combined_hazard
2026-01-01 08:40:25,L17,0.8446,48.32,0.4025,18.588,39.54,86.68,CRITICAL,combined_hazard
2026-01-01 08:40:30,L17,0.8961,50.72,0.4116,18.604,39.68,87.59,CRITICAL,combined_hazard
2026-01-01 08:40:35,L17,0.8952,50.67,0.4259,18.512,40.03,88.06,CRITICAL,combined_hazard
2026-01-01 08:40:40,L17,0.9208,50.85,0.4073,18.387,39.89,87.77,CRITICAL,combined_hazard
2026-01-01 08:40:45,L17,0.9451,52.96,0.4354,18.347,40.3,88.9,CRITICAL,combined_hazard
2026-01-01 08:40:50,L17,0.9206,52.97,0.4147,18.412,40.14,88.26,CRITICAL,combined_hazard
2026-01-01 08:40:55,L17,0.9729,55.19,0.4445,18.277,40.36,89.65,CRITICAL,combined_hazard
2026-01-01 08:41:00,L17,0.9619,57.49,0.4526,18.272,40.8,89.28,CRITICAL,combined_hazard
2026-01-01 08:41:05,L17,0.9707,56.41,0.459,18.208,40.95,89.6,CRITICAL,combined_hazard
2026-01-01 08:41:10,L17,0.9931,57.08,0.4599,18.191,41.4,89.02,CRITICAL,combined_hazard
2026-01-01 08:41:15,L17,0.9868,60.19,0.4528,18.168,41.62,89.84,CRITICAL,combined_hazard
2026-01-01 08:41:20,L17,1.0183,60.53,0.4733,18.093,41.84,90.47,CRITICAL,combined_hazard
2026-01-01 08:41:25,L17,1.0288,61.49,0.4648,18.044,41.95,91.41,CRITICAL,combined_hazard
2026-01-01 08:41:30,L17,1.0322,57.37,0.4719,18.047,42.16,90.62,CRITICAL,combined_hazard
2026-01-01 08:41:35,L17,1.0505,61.33,0.4817,18.06,42.07,91.98,CRITICAL,combined_hazard
2026-01-01 08:00:00,L18,0.0672,3.55,0.0826,20.547,28.11,69.69,SAFE,normal
2026-01-01 08:00:05,L18,0.0358,0.0,0.0751,20.466,28.29,72.57,SAFE,normal
2026-01-01 08:00:10,L18,0.0633,2.21,0.0657,20.473,27.94,71.79,SAFE,normal
2026-01-01 08:00:15,L18,0.071,3.34,0.0838,20.476,28.05,70.24,SAFE,normal
2026-01-01 08:00:20,L18,0.0545,5.35,0.0809,20.48,28.08,71.07,SAFE,normal
2026-01-01 08:00:25,L18,0.0732,1.32,0.0861,20.483,28.01,70.31,SAFE,normal
2026-01-01 08:00:30,L18,0.0639,3.75,0.0756,20.48,28.13,70.99,SAFE,normal
2026-01-01 08:00:35,L18,0.0659,2.64,0.0791,20.49,28.16,71.75,SAFE,normal
2026-01-01 08:00:40,L18,0.0737,1.58,0.0748,20.461,28.18,72.22,SAFE,normal
2026-01-01 08:00:45,L18,0.0811,5.53,0.0774,20.488,28.07,70.69,SAFE,normal
2026-01-01 08:00:50,L18,0.1071,2.2,0.0646,20.512,28.1,71.22,SAFE,normal
2026-01-01 08:00:55,L18,0.0871,5.23,0.0792,20.461,28.07,72.71,SAFE,normal
2026-01-01 08:01:00,L18,0.0826,1.52,0.0797,20.47,28.05,73.15,SAFE,normal
2026-01-01 08:01:05,L18,0.1109,3.3,0.0726,20.438,28.17,71.61,SAFE,normal
2026-01-01 08:01:10,L18,0.1176,5.03,0.0814,20.45,28.42,73.13,SAFE,normal
2026-01-01 08:01:15,L18,0.1179,5.38,0.0835,20.465,28.52,71.51,SAFE,normal
2026-01-01 08:01:20,L18,0.1295,5.09,0.0877,20.443,28.42,72.4,SAFE,normal
2026-01-01 08:01:25,L18,0.1153,6.05,0.0683,20.457,28.17,71.86,SAFE,normal
2026-01-01 08:01:30,L18,0.1181,4.27,0.0818,20.465,28.32,72.58,SAFE,normal
2026-01-01 08:01:35,L18,0.1087,6.92,0.0871,20.5,27.97,74.57,SAFE,normal
2026-01-01 08:01:40,L18,0.1436,5.5,0.0736,20.428,28.27,73.14,SAFE,normal
2026-01-01 08:01:45,L18,0.1247,6.2,0.0875,20.467,28.25,73.09,SAFE,normal
2026-01-01 08:01:50,L18,0.1249,5.78,0.0705,20.436,28.6,73.0,SAFE,normal
2026-01-01 08:01:55,L18,0.127,6.1,0.0769,20.477,28.37,73.35,SAFE,normal
2026-01-01 08:02:00,L18,0.1458,4.0,0.0625,20.479,28.36,73.08,SAFE,normal
2026-01-01 08:02:05,L18,0.141,4.22,0.0613,20.504,28.36,73.97,SAFE,normal
2026-01-01 08:02:10,L18,0.146,4.95,0.0638,20.44,28.34,73.97,SAFE,normal
2026-01-01 08:02:15,L18,0.1417,6.67,0.0876,20.457,28.48,73.77,SAFE,normal
2026-01-01 08:02:20,L18,0.147,5.15,0.07,20.477,28.31,73.84,SAFE,normal
2026-01-01 08:02:25,L18,0.1511,5.72,0.07,20.472,28.51,74.56,SAFE,normal
2026-01-01 08:02:30,L18,0.1781,6.19,0.0794,20.378,28.66,73.96,SAFE,normal
2026-01-01 08:02:35,L18,0.1332,8.56,0.0702,20.432,28.47,74.49,SAFE,normal
2026-01-01 08:02:40,L18,0.1703,7.47,0.0857,20.469,28.43,74.46,SAFE,normal
2026-01-01 08:02:45,L18,0.1833,4.5,0.091,20.446,28.48,73.19,SAFE,normal
2026-01-01 08:02:50,L18,0.1429,7.07,0.0583,20.476,28.68,75.78,SAFE,normal
2026-01-01 08:02:55,L18,0.1728,6.5,0.0802,20.483,28.54,73.76,SAFE,normal
2026-01-01 08:03:00,L18,0.192,6.75,0.0595,20.445,28.44,73.95,SAFE,normal
2026-01-01 08:03:05,L18,0.1694,7.23,0.0651,20.469,28.67,76.22,SAFE,normal
2026-01-01 08:03:10,L18,0.1881,9.05,0.0797,20.495,28.46,74.75,SAFE,normal
2026-01-01 08:03:15,L18,0.1735,6.27,0.0683,20.482,28.55,74.11,SAFE,normal
2026-01-01 08:03:20,L18,0.1914,7.93,0.078,20.428,28.63,76.98,SAFE,normal
2026-01-01 08:03:25,L18,0.2135,8.19,0.0761,20.445,28.49,75.54,SAFE,normal
2026-01-01 08:03:30,L18,0.2232,7.56,0.0626,20.452,28.36,77.16,SAFE,normal
2026-01-01 08:03:35,L18,0.205,7.06,0.081,20.422,28.71,75.59,SAFE,normal
2026-01-01 08:03:40,L18,0.1854,7.02,0.0782,20.482,28.33,75.14,SAFE,normal
2026-01-01 08:03:45,L18,0.2033,7.66,0.076,20.431,28.53,76.34,SAFE,normal
2026-01-01 08:03:50,L18,0.1842,9.53,0.0705,20.447,28.8,75.76,SAFE,normal
2026-01-01 08:03:55,L18,0.2104,8.01,0.0788,20.482,28.77,77.19,SAFE,normal
2026-01-01 08:04:00,L18,0.2327,8.54,0.0653,20.436,28.69,77.54,SAFE,normal
2026-01-01 08:04:05,L18,0.2012,7.08,0.0676,20.44,28.6,77.88,SAFE,normal
2026-01-01 08:04:10,L18,0.222,8.24,0.0782,20.46,28.68,77.03,SAFE,normal
2026-01-01 08:04:15,L18,0.2162,9.43,0.0838,20.437,28.85,78.52,SAFE,normal
2026-01-01 08:04:20,L18,0.2588,6.71,0.0717,20.495,28.76,76.81,SAFE,normal
2026-01-01 08:04:25,L18,0.2413,10.92,0.0792,20.422,28.61,77.79,SAFE,normal
2026-01-01 08:04:30,L18,0.2515,8.59,0.0771,20.38,28.68,77.71,SAFE,normal
2026-01-01 08:04:35,L18,0.2465,12.26,0.0788,20.474,28.76,79.54,SAFE,normal
2026-01-01 08:04:40,L18,0.257,10.38,0.0699,20.438,28.9,79.06,SAFE,normal
2026-01-01 08:04:45,L18,0.2652,7.13,0.0742,20.424,28.87,78.26,SAFE,normal
2026-01-01 08:04:50,L18,0.253,10.43,0.0751,20.46,28.69,78.53,SAFE,normal
2026-01-01 08:04:55,L18,0.2478,9.67,0.0873,20.461,29.09,79.73,SAFE,normal
2026-01-01 08:05:00,L18,0.2452,10.71,0.0665,20.425,28.79,78.04,SAFE,normal
2026-01-01 08:05:05,L18,0.289,12.83,0.0641,20.483,28.98,77.15,SAFE,normal
2026-01-01 08:05:10,L18,0.1208,3.47,0.0894,20.725,28.85,70.36,SAFE,methane_buildup
2026-01-01 08:05:15,L18,0.1197,3.22,0.0736,20.76,29.0,69.99,SAFE,methane_buildup
2026-01-01 08:05:20,L18,0.1342,2.46,0.0829,20.724,29.13,70.32,SAFE,methane_buildup
2026-01-01 08:05:25,L18,0.1621,1.37,0.0762,20.759,29.03,71.39,SAFE,methane_buildup
2026-01-01 08:05:30,L18,0.1671,2.99,0.0975,20.699,28.74,73.28,SAFE,methane_buildup
2026-01-01 08:05:35,L18,0.1569,3.84,0.0838,20.743,29.17,72.19,SAFE,methane_buildup
2026-01-01 08:05:40,L18,0.2236,1.67,0.0774,20.677,29.13,72.0,SAFE,methane_buildup
2026-01-01 08:05:45,L18,0.2345,3.14,0.0947,20.724,28.93,73.19,SAFE,methane_buildup
2026-01-01 08:05:50,L18,0.2388,4.45,0.0934,20.685,28.88,72.07,SAFE,methane_buildup
2026-01-01 08:05:55,L18,0.2433,5.17,0.103,20.721,28.85,72.65,SAFE,methane_buildup
2026-01-01 08:06:00,L18,0.2661,3.68,0.0942,20.615,29.16,72.06,SAFE,methane_buildup
2026-01-01 08:06:05,L18,0.2426,3.03,0.0983,20.659,28.72,72.34,SAFE,methane_buildup
2026-01-01 08:06:10,L18,0.282,4.53,0.0874,20.712,29.18,70.95,SAFE,methane_buildup
2026-01-01 08:06:15,L18,0.3414,4.16,0.1082,20.665,28.96,71.93,SAFE,methane_buildup
2026-01-01 08:06:20,L18,0.339,2.4,0.104,20.615,29.08,71.82,SAFE,methane_buildup
2026-01-01 08:06:25,L18,0.3183,4.04,0.1045,20.639,28.54,71.87,SAFE,methane_buildup
2026-01-01 08:06:30,L18,0.3515,3.95,0.1057,20.666,28.8,71.92,SAFE,methane_buildup
2026-01-01 08:06:35,L18,0.3514,4.99,0.1073,20.624,28.97,73.7,SAFE,methane_buildup
2026-01-01 08:06:40,L18,0.3849,3.97,0.1184,20.678,28.95,72.36,SAFE,methane_buildup
2026-01-01 08:06:45,L18,0.4104,4.37,0.1062,20.67,29.21,72.63,SAFE,methane_buildup
2026-01-01 08:06:50,L18,0.4533,5.04,0.1216,20.651,29.15,74.66,SAFE,methane_buildup
2026-01-01 08:06:55,L18,0.4573,6.39,0.1048,20.657,29.41,73.56,SAFE,methane_buildup
2026-01-01 08:07:00,L18,0.4574,5.69,0.1043,20.604,29.21,73.04,SAFE,methane_buildup
2026-01-01 08:07:05,L18,0.4744,9.67,0.133,20.659,29.04,73.98,SAFE,methane_buildup
2026-01-01 08:07:10,L18,0.4825,3.9,0.1155,20.641,29.33,72.69,SAFE,methane_buildup
2026-01-01 08:07:15,L18,0.5272,7.28,0.1266,20.599,29.09,72.99,SAFE,methane_buildup
2026-01-01 08:07:20,L18,0.5454,5.92,0.1256,20.548,29.1,73.13,SAFE,methane_buildup
2026-01-01 08:07:25,L18,0.5235,4.07,0.1325,20.52,29.18,73.72,SAFE,methane_buildup
2026-01-01 08:07:30,L18,0.5341,5.71,0.1322,20.615,29.44,73.99,SAFE,methane_buildup
2026-01-01 08:07:35,L18,0.5714,4.13,0.1422,20.532,29.36,72.95,SAFE,methane_buildup
2026-01-01 08:07:40,L18,0.5896,6.64,0.1244,20.547,29.37,74.13,SAFE,methane_buildup
2026-01-01 08:07:45,L18,0.6127,6.18,0.1432,20.583,29.52,74.39,SAFE,methane_buildup
2026-01-01 08:07:50,L18,0.6001,5.73,0.1395,20.524,29.39,73.62,SAFE,methane_buildup
2026-01-01 08:07:55,L18,0.6308,5.29,0.1296,20.63,29.07,73.96,SAFE,methane_buildup
2026-01-01 08:08:00,L18,0.6566,8.52,0.1397,20.558,29.34,73.28,SAFE,methane_buildup
2026-01-01 08:08:05,L18,0.6625,6.88,0.1331,20.59,29.52,73.08,SAFE,methane_buildup
2026-01-01 08:08:10,L18,0.7034,7.55,0.1346,20.571,29.06,73.47,SAFE,methane_buildup
2026-01-01 08:08:15,L18,0.7349,7.62,0.1465,20.458,29.29,75.06,SAFE,methane_buildup
2026-01-01 08:08:20,L18,0.7151,7.64,0.1615,20.551,29.15,74.99,WARNING,methane_buildup
2026-01-01 08:08:25,L18,0.7528,7.11,0.1565,20.522,29.34,76.21,WARNING,methane_buildup
2026-01-01 08:08:30,L18,0.7505,10.0,0.1664,20.515,29.5,74.8,WARNING,methane_buildup
2026-01-01 08:08:35,L18,0.7582,11.19,0.1587,20.51,29.54,74.91,WARNING,methane_buildup
2026-01-01 08:08:40,L18,0.7778,10.13,0.1725,20.537,29.32,75.23,WARNING,methane_buildup
2026-01-01 08:08:45,L18,0.8164,8.11,0.1737,20.549,29.46,74.2,WARNING,methane_buildup
2026-01-01 08:08:50,L18,0.8115,8.13,0.1565,20.458,29.15,75.87,WARNING,methane_buildup
2026-01-01 08:08:55,L18,0.8308,9.96,0.1667,20.491,29.12,75.55,WARNING,methane_buildup
2026-01-01 08:09:00,L18,0.8367,7.3,0.1624,20.525,29.56,74.59,WARNING,methane_buildup
2026-01-01 08:09:05,L18,0.8797,11.13,0.169,20.471,28.95,75.74,WARNING,methane_buildup
2026-01-01 08:09:10,L18,0.8934,9.87,0.1855,20.477,29.31,76.14,WARNING,methane_buildup
2026-01-01 08:09:15,L18,0.9246,8.38,0.1691,20.472,29.53,74.57,WARNING,methane_buildup
2026-01-01 08:09:20,L18,0.9281,9.35,0.1668,20.523,29.47,76.57,WARNING,methane_buildup
2026-01-01 08:09:25,L18,0.9417,9.98,0.1693,20.477,29.02,75.46,WARNING,methane_buildup
2026-01-01 08:09:30,L18,0.9606,8.52,0.1771,20.51,29.54,73.46,WARNING,methane_buildup
2026-01-01 08:09:35,L18,0.9643,10.83,0.2123,20.495,29.34,76.79,WARNING,methane_buildup
2026-01-01 08:09:40,L18,0.9861,11.31,0.1961,20.43,29.5,77.19,WARNING,methane_buildup
2026-01-01 08:09:45,L18,1.0148,9.13,0.1634,20.44,29.4,75.31,WARNING,methane_buildup
2026-01-01 08:09:50,L18,1.0048,8.93,0.1881,20.487,29.4,74.97,WARNING,methane_buildup
2026-01-01 08:09:55,L18,1.059,9.61,0.1854,20.385,29.25,77.46,WARNING,methane_buildup
2026-01-01 08:10:00,L18,1.0594,8.15,0.2003,20.437,29.47,76.0,WARNING,methane_buildup
2026-01-01 08:10:05,L18,1.0964,7.5,0.185,20.431,29.72,77.67,WARNING,methane_buildup
2026-01-01 08:10:10,L18,1.0648,9.48,0.1882,20.394,29.49,75.26,WARNING,methane_buildup
2026-01-01 08:10:15,L18,1.0811,8.81,0.1939,20.385,29.5,77.91,WARNING,methane_buildup
2026-01-01 08:10:20,L18,0.0501,3.74,0.0757,20.778,26.67,69.79,SAFE,co_buildup
2026-01-01 08:10:25,L18,0.092,2.08,0.0812,20.74,27.08,69.36,SAFE,co_buildup
2026-01-01 08:10:30,L18,0.0939,5.1,0.0784,20.724,27.17,69.2,SAFE,co_buildup
2026-01-01 08:10:35,L18,0.0859,3.46,0.0788,20.7,27.13,69.79,SAFE,co_buildup
2026-01-01 08:10:40,L18,0.0937,6.59,0.0991,20.709,27.16,70.6,SAFE,co_buildup
2026-01-01 08:10:45,L18,0.084,9.21,0.0739,20.697,27.55,69.33,SAFE,co_buildup
2026-01-01 08:10:50,L18,0.1059,8.09,0.088,20.631,27.54,69.34,SAFE,co_buildup
2026-01-01 08:10:55,L18,0.093,7.11,0.0798,20.683,27.36,70.53,SAFE,co_buildup
2026-01-01 08:11:00,L18,0.104,9.36,0.1014,20.639,27.68,70.52,SAFE,co_buildup
2026-01-01 08:11:05,L18,0.1044,10.77,0.0928,20.686,27.77,69.32,SAFE,co_buildup
2026-01-01 08:11:10,L18,0.1383,12.96,0.0915,20.58,27.93,68.72,SAFE,co_buildup
2026-01-01 08:11:15,L18,0.1398,13.78,0.0825,20.637,28.32,68.46,SAFE,co_buildup
2026-01-01 08:11:20,L18,0.1115,11.35,0.1117,20.571,27.88,69.99,SAFE,co_buildup
2026-01-01 08:11:25,L18,0.1516,13.34,0.0904,20.469,28.18,69.06,SAFE,co_buildup
2026-01-01 08:11:30,L18,0.1245,15.25,0.1068,20.47,28.42,70.71,SAFE,co_buildup
2026-01-01 08:11:35,L18,0.1692,14.59,0.1123,20.494,28.55,68.68,SAFE,co_buildup
2026-01-01 08:11:40,L18,0.1698,17.08,0.1242,20.411,28.41,71.4,SAFE,co_buildup
2026-01-01 08:11:45,L18,0.1841,15.14,0.1043,20.415,28.28,69.89,SAFE,co_buildup
2026-01-01 08:11:50,L18,0.1605,18.39,0.1038,20.373,28.3,69.58,SAFE,co_buildup
2026-01-01 08:11:55,L18,0.1568,20.37,0.1092,20.463,28.79,69.84,SAFE,co_buildup
2026-01-01 08:12:00,L18,0.1614,19.75,0.1098,20.411,28.81,69.63,SAFE,co_buildup
2026-01-01 08:12:05,L18,0.1765,20.77,0.1014,20.346,28.87,71.59,SAFE,co_buildup
2026-01-01 08:12:10,L18,0.1606,22.6,0.1315,20.38,28.99,70.97,SAFE,co_buildup
2026-01-01 08:12:15,L18,0.1446,21.51,0.117,20.351,29.19,70.57,SAFE,co_buildup
2026-01-01 08:12:20,L18,0.1797,23.94,0.1209,20.332,29.22,69.58,SAFE,co_buildup
2026-01-01 08:12:25,L18,0.1912,23.8,0.1292,20.254,29.29,70.55,SAFE,co_buildup
2026-01-01 08:12:30,L18,0.2038,23.32,0.1372,20.24,29.24,70.04,SAFE,co_buildup
2026-01-01 08:12:35,L18,0.2064,26.87,0.1187,20.195,29.58,68.6,WARNING,co_buildup
2026-01-01 08:12:40,L18,0.2075,28.45,0.1328,20.203,29.43,70.21,WARNING,co_buildup
2026-01-01 08:12:45,L18,0.2278,28.92,0.1221,20.161,29.75,71.3,WARNING,co_buildup
2026-01-01 08:12:50,L18,0.2021,29.37,0.1365,20.132,29.65,70.53,WARNING,co_buildup
2026-01-01 08:12:55,L18,0.21,29.62,0.1381,20.176,29.89,70.81,WARNING,co_buildup
2026-01-01 08:13:00,L18,0.2567,30.23,0.1339,20.141,30.16,71.81,WARNING,co_buildup
2026-01-01 08:13:05,L18,0.1822,30.38,0.1414,20.073,30.09,71.72,WARNING,co_buildup
2026-01-01 08:13:10,L18,0.2517,30.37,0.1435,20.107,30.29,72.66,WARNING,co_buildup
2026-01-01 08:13:15,L18,0.2483,29.1,0.1428,20.066,30.12,69.39,WARNING,co_buildup
2026-01-01 08:13:20,L18,0.2447,30.68,0.1437,20.026,30.28,70.52,WARNING,co_buildup
2026-01-01 08:13:25,L18,0.2631,33.89,0.1364,20.062,30.31,71.98,WARNING,co_buildup
2026-01-01 08:13:30,L18,0.2653,32.78,0.1405,20.002,30.21,71.65,WARNING,co_buildup
2026-01-01 08:13:35,L18,0.2376,36.16,0.1462,20.025,30.71,71.44,WARNING,co_buildup
2026-01-01 08:13:40,L18,0.2498,38.99,0.145,19.967,30.73,70.93,WARNING,co_buildup
2026-01-01 08:13:45,L18,0.2621,32.37,0.1504,19.948,30.82,71.65,WARNING,co_buildup
2026-01-01 08:13:50,L18,0.2424,36.58,0.1563,19.875,31.02,71.66,WARNING,co_buildup
2026-01-01 08:13:55,L18,0.279,42.15,0.1596,19.869,30.76,70.1,WARNING,co_buildup
2026-01-01 08:14:00,L18,0.2937,40.96,0.1653,19.908,30.82,71.8,WARNING,co_buildup
2026-01-01 08:14:05,L18,0.3065,40.38,0.164,19.878,31.31,71.27,WARNING,co_buildup
2026-01-01 08:14:10,L18,0.2951,40.58,0.1656,19.811,31.2,72.42,WARNING,co_buildup
2026-01-01 08:14:15,L18,0.2876,43.09,0.1708,19.76,31.34,72.07,WARNING,co_buildup
2026-01-01 08:14:20,L18,0.3071,44.52,0.1611,19.829,31.18,73.42,WARNING,co_buildup
2026-01-01 08:14:25,L18,0.3075,41.98,0.1637,19.789,31.72,71.91,WARNING,co_buildup
2026-01-01 08:14:30,L18,0.3254,46.96,0.1694,19.702,31.69,71.09,WARNING,co_buildup
2026-01-01 08:14:35,L18,0.3179,46.15,0.1687,19.68,31.6,70.03,WARNING,co_buildup
2026-01-01 08:14:40,L18,0.3368,47.8,0.1622,19.748,32.09,71.32,DANGER,co_buildup
2026-01-01 08:14:45,L18,0.3245,48.76,0.1827,19.657,31.67,72.43,WARNING,co_buildup
2026-01-01 08:14:50,L18,0.3527,48.53,0.1721,19.636,31.92,72.69,WARNING,co_buildup
2026-01-01 08:14:55,L18,0.3409,49.56,0.1965,19.609,32.21,71.75,DANGER,co_buildup
2026-01-01 08:15:00,L18,0.3342,50.51,0.1852,19.618,32.33,71.94,DANGER,co_buildup
2026-01-01 08:15:05,L18,0.3431,50.03,0.1738,19.544,32.03,72.4,DANGER,co_buildup
2026-01-01 08:15:10,L18,0.3639,52.37,0.1931,19.572,32.3,72.7,DANGER,co_buildup
2026-01-01 08:15:15,L18,0.3389,51.85,0.1899,19.501,32.55,73.27,DANGER,co_buildup
2026-01-01 08:15:20,L18,0.3609,53.07,0.1939,19.48,32.76,72.04,DANGER,co_buildup
2026-01-01 08:15:25,L18,0.3838,56.25,0.1896,19.46,32.84,71.97,DANGER,co_buildup
2026-01-01 08:15:30,L18,0.1226,5.29,0.0836,20.616,27.18,72.78,SAFE,low_oxygen
2026-01-01 08:15:35,L18,0.0982,7.81,0.083,20.56,27.25,71.1,SAFE,low_oxygen
2026-01-01 08:15:40,L18,0.1487,5.95,0.0912,20.473,27.29,73.82,SAFE,low_oxygen
2026-01-01 08:15:45,L18,0.1632,6.4,0.0917,20.48,27.67,70.81,SAFE,low_oxygen
2026-01-01 08:15:50,L18,0.1701,5.1,0.1058,20.449,27.37,73.91,SAFE,low_oxygen
2026-01-01 08:15:55,L18,0.1619,6.33,0.1033,20.32,27.66,72.88,SAFE,low_oxygen
2026-01-01 08:16:00,L18,0.1694,6.68,0.1186,20.355,27.64,72.34,SAFE,low_oxygen
2026-01-01 08:16:05,L18,0.1815,5.53,0.1036,20.414,27.94,73.79,SAFE,low_oxygen
2026-01-01 08:16:10,L18,0.1904,5.52,0.0972,20.312,27.97,74.52,SAFE,low_oxygen
2026-01-01 08:16:15,L18,0.1892,5.05,0.1215,20.285,28.23,74.89,SAFE,low_oxygen
2026-01-01 08:16:20,L18,0.1622,6.25,0.1356,20.191,28.25,75.02,SAFE,low_oxygen
2026-01-01 08:16:25,L18,0.2244,5.48,0.1293,20.183,28.25,73.58,SAFE,low_oxygen
2026-01-01 08:16:30,L18,0.2029,7.0,0.1214,20.206,28.44,74.59,SAFE,low_oxygen
2026-01-01 08:16:35,L18,0.1979,5.48,0.1243,20.145,28.55,73.16,SAFE,low_oxygen
2026-01-01 08:16:40,L18,0.2168,6.58,0.1522,20.093,28.38,74.8,SAFE,low_oxygen
2026-01-01 08:16:45,L18,0.2307,5.44,0.1366,20.133,28.73,75.16,SAFE,low_oxygen
2026-01-01 08:16:50,L18,0.2263,8.68,0.135,20.041,28.75,74.74,SAFE,low_oxygen
2026-01-01 08:16:55,L18,0.2337,7.1,0.1562,19.991,28.88,73.73,WARNING,low_oxygen
2026-01-01 08:17:00,L18,0.2434,7.19,0.1491,19.998,28.84,74.88,SAFE,low_oxygen
2026-01-01 08:17:05,L18,0.2601,8.16,0.1376,19.94,28.87,77.03,SAFE,low_oxygen
2026-01-01 08:17:10,L18,0.2491,10.03,0.174,19.908,28.93,75.97,WARNING,low_oxygen
2026-01-01 08:17:15,L18,0.2725,7.58,0.1656,19.898,28.67,75.43,WARNING,low_oxygen
2026-01-01 08:17:20,L18,0.2531,5.33,0.1523,19.849,29.17,75.84,WARNING,low_oxygen
2026-01-01 08:17:25,L18,0.3103,9.44,0.1791,19.786,29.74,76.43,WARNING,low_oxygen
2026-01-01 08:17:30,L18,0.3027,5.73,0.1631,19.82,29.59,75.04,WARNING,low_oxygen
2026-01-01 08:17:35,L18,0.2889,7.12,0.1662,19.797,29.61,75.23,WARNING,low_oxygen
2026-01-01 08:17:40,L18,0.3045,9.75,0.1715,19.731,29.8,76.0,WARNING,low_oxygen
2026-01-01 08:17:45,L18,0.2883,7.56,0.1977,19.725,29.71,76.33,WARNING,low_oxygen
2026-01-01 08:17:50,L18,0.3207,7.3,0.2021,19.663,29.79,78.33,WARNING,low_oxygen
2026-01-01 08:17:55,L18,0.3313,8.68,0.1849,19.584,29.9,77.1,WARNING,low_oxygen
2026-01-01 08:18:00,L18,0.329,8.38,0.2065,19.636,29.92,76.79,WARNING,low_oxygen
2026-01-01 08:18:05,L18,0.345,7.42,0.1781,19.574,30.03,77.4,WARNING,low_oxygen
2026-01-01 08:18:10,L18,0.3377,9.88,0.2072,19.549,30.22,75.89,WARNING,low_oxygen
2026-01-01 08:18:15,L18,0.3427,10.5,0.2144,19.509,30.33,76.94,WARNING,low_oxygen
2026-01-01 08:18:20,L18,0.3408,10.84,0.2191,19.474,30.61,77.22,WARNING,low_oxygen
2026-01-01 08:18:25,L18,0.3654,9.69,0.2112,19.452,30.66,77.16,WARNING,low_oxygen
2026-01-01 08:18:30,L18,0.3509,7.91,0.2186,19.42,30.38,79.12,WARNING,low_oxygen
2026-01-01 08:18:35,L18,0.3761,7.18,0.2119,19.421,30.65,78.81,WARNING,low_oxygen
2026-01-01 08:18:40,L18,0.3808,5.69,0.2214,19.364,30.62,77.47,WARNING,low_oxygen
2026-01-01 08:18:45,L18,0.4028,10.81,0.2234,19.353,30.49,77.58,WARNING,low_oxygen
2026-01-01 08:18:50,L18,0.3978,9.65,0.2265,19.331,30.99,77.74,WARNING,low_oxygen
2026-01-01 08:18:55,L18,0.3691,8.83,0.2409,19.205,31.16,78.75,WARNING,low_oxygen
2026-01-01 08:19:00,L18,0.3919,6.66,0.2371,19.259,31.18,79.21,WARNING,low_oxygen
2026-01-01 08:19:05,L18,0.3979,7.89,0.2525,19.208,31.33,79.54,WARNING,low_oxygen
2026-01-01 08:19:10,L18,0.4037,7.11,0.2445,19.171,31.31,78.55,WARNING,low_oxygen
2026-01-01 08:19:15,L18,0.4356,12.02,0.2636,19.154,31.3,79.37,WARNING,low_oxygen
2026-01-01 08:19:20,L18,0.3944,10.91,0.2594,19.084,31.49,79.63,WARNING,low_oxygen
2026-01-01 08:19:25,L18,0.4552,8.1,0.2524,19.077,31.85,80.78,WARNING,low_oxygen
2026-01-01 08:19:30,L18,0.4552,12.61,0.2581,18.995,31.79,80.6,DANGER,low_oxygen
2026-01-01 08:19:35,L18,0.4494,9.18,0.2535,18.952,31.6,78.99,WARNING,low_oxygen
2026-01-01 08:19:40,L18,0.4583,10.88,0.2651,18.978,31.94,78.78,DANGER,low_oxygen
2026-01-01 08:19:45,L18,0.4606,10.99,0.2595,18.928,32.21,80.35,DANGER,low_oxygen
2026-01-01 08:19:50,L18,0.4682,10.42,0.2815,18.898,32.23,80.09,DANGER,low_oxygen
2026-01-01 08:19:55,L18,0.4892,10.2,0.2717,18.841,32.4,79.98,DANGER,low_oxygen
2026-01-01 08:20:00,L18,0.4753,10.81,0.2808,18.845,32.08,80.3,DANGER,low_oxygen
2026-01-01 08:20:05,L18,0.4941,10.44,0.2633,18.788,32.42,81.52,DANGER,low_oxygen
2026-01-01 08:20:10,L18,0.4784,11.33,0.2829,18.767,32.44,80.01,DANGER,low_oxygen
2026-01-01 08:20:15,L18,0.5059,11.49,0.2856,18.721,32.67,82.85,DANGER,low_oxygen
2026-01-01 08:20:20,L18,0.5002,10.37,0.2995,18.68,32.55,80.95,DANGER,low_oxygen
2026-01-01 08:20:25,L18,0.5171,12.91,0.2999,18.665,32.64,82.18,DANGER,low_oxygen
2026-01-01 08:20:30,L18,0.5041,10.1,0.3074,18.675,32.87,81.3,CRITICAL,low_oxygen
2026-01-01 08:20:35,L18,0.5302,12.04,0.3064,18.592,32.83,80.77,CRITICAL,low_oxygen
2026-01-01 08:20:40,L18,0.0641,3.36,0.0595,20.87,27.54,64.48,SAFE,co2_buildup
2026-01-01 08:20:45,L18,0.0861,7.5,0.0728,20.876,27.25,65.83,SAFE,co2_buildup
2026-01-01 08:20:50,L18,0.0917,3.6,0.0634,20.867,27.32,64.75,SAFE,co2_buildup
2026-01-01 08:20:55,L18,0.0859,3.48,0.07,20.888,27.77,66.73,SAFE,co2_buildup
2026-01-01 08:21:00,L18,0.1159,5.65,0.0822,20.834,27.9,66.5,SAFE,co2_buildup
2026-01-01 08:21:05,L18,0.0958,5.51,0.1122,20.816,27.55,66.72,SAFE,co2_buildup
2026-01-01 08:21:10,L18,0.1277,5.6,0.1032,20.849,27.65,67.65,SAFE,co2_buildup
2026-01-01 08:21:15,L18,0.1006,5.48,0.1231,20.831,27.93,67.02,SAFE,co2_buildup
2026-01-01 08:21:20,L18,0.1283,6.87,0.1295,20.791,27.92,69.69,SAFE,co2_buildup
2026-01-01 08:21:25,L18,0.1173,9.9,0.1316,20.804,27.99,68.28,SAFE,co2_buildup
2026-01-01 08:21:30,L18,0.1297,5.33,0.1479,20.766,27.93,67.85,SAFE,co2_buildup
2026-01-01 08:21:35,L18,0.1003,9.3,0.1396,20.755,28.22,67.48,SAFE,co2_buildup
2026-01-01 08:21:40,L18,0.1683,10.64,0.1539,20.796,28.15,67.48,WARNING,co2_buildup
2026-01-01 08:21:45,L18,0.1456,7.7,0.1481,20.733,28.21,68.75,SAFE,co2_buildup
2026-01-01 08:21:50,L18,0.1612,9.5,0.1749,20.713,28.15,68.18,SAFE,co2_buildup
2026-01-01 08:21:55,L18,0.1303,9.05,0.176,20.713,28.5,69.58,SAFE,co2_buildup
2026-01-01 08:22:00,L18,0.1586,6.95,0.208,20.642,28.4,68.92,SAFE,co2_buildup
2026-01-01 08:22:05,L18,0.1584,11.66,0.1992,20.684,28.51,69.11,WARNING,co2_buildup
2026-01-01 08:22:10,L18,0.1503,10.18,0.2135,20.684,28.76,69.46,WARNING,co2_buildup
2026-01-01 08:22:15,L18,0.1905,9.64,0.2204,20.724,28.49,69.44,SAFE,co2_buildup
2026-01-01 08:22:20,L18,0.1785,8.44,0.2227,20.655,28.71,69.97,SAFE,co2_buildup
2026-01-01 08:22:25,L18,0.1805,11.8,0.2395,20.653,28.55,71.6,WARNING,co2_buildup
2026-01-01 08:22:30,L18,0.1958,11.55,0.24,20.638,28.77,70.57,WARNING,co2_buildup
2026-01-01 08:22:35,L18,0.1787,12.53,0.2518,20.684,29.11,70.67,WARNING,co2_buildup
2026-01-01 08:22:40,L18,0.199,12.75,0.2751,20.634,28.76,71.15,WARNING,co2_buildup
2026-01-01 08:22:45,L18,0.203,10.99,0.266,20.548,29.09,70.63,WARNING,co2_buildup
2026-01-01 08:22:50,L18,0.2087,7.38,0.2684,20.616,29.36,70.14,SAFE,co2_buildup
2026-01-01 08:22:55,L18,0.2272,12.64,0.2752,20.539,29.27,68.68,WARNING,co2_buildup
2026-01-01 08:23:00,L18,0.2105,12.84,0.2884,20.535,29.17,69.65,WARNING,co2_buildup
2026-01-01 08:23:05,L18,0.2139,13.65,0.2982,20.504,29.16,72.08,WARNING,co2_buildup
2026-01-01 08:23:10,L18,0.2177,15.98,0.3059,20.585,29.1,71.97,WARNING,co2_buildup
2026-01-01 08:23:15,L18,0.2222,13.93,0.301,20.554,29.69,71.75,WARNING,co2_buildup
2026-01-01 08:23:20,L18,0.2536,15.34,0.3038,20.543,29.46,73.95,WARNING,co2_buildup
2026-01-01 08:23:25,L18,0.2411,15.16,0.3224,20.525,29.32,72.23,WARNING,co2_buildup
2026-01-01 08:23:30,L18,0.2626,12.82,0.3388,20.503,29.51,70.56,WARNING,co2_buildup
2026-01-01 08:23:35,L18,0.2563,13.26,0.347,20.46,29.56,73.24,WARNING,co2_buildup
2026-01-01 08:23:40,L18,0.2442,17.22,0.3584,20.464,29.72,73.76,WARNING,co2_buildup
2026-01-01 08:23:45,L18,0.2398,14.47,0.3659,20.43,30.22,73.6,WARNING,co2_buildup
2026-01-01 08:23:50,L18,0.2457,16.64,0.3672,20.408,30.07,74.16,WARNING,co2_buildup
2026-01-01 08:23:55,L18,0.2592,14.85,0.3712,20.402,30.07,72.0,WARNING,co2_buildup
2026-01-01 08:24:00,L18,0.2929,17.8,0.3918,20.48,30.24,73.68,WARNING,co2_buildup
2026-01-01 08:24:05,L18,0.3022,17.35,0.3976,20.386,30.4,73.13,WARNING,co2_buildup
2026-01-01 08:24:10,L18,0.2891,16.83,0.3953,20.415,30.27,74.41,WARNING,co2_buildup
2026-01-01 08:24:15,L18,0.3067,18.57,0.4172,20.435,30.48,75.4,WARNING,co2_buildup
2026-01-01 08:24:20,L18,0.2895,18.26,0.4281,20.384,30.23,74.08,WARNING,co2_buildup
2026-01-01 08:24:25,L18,0.2935,17.09,0.435,20.325,30.27,75.09,WARNING,co2_buildup
2026-01-01 08:24:30,L18,0.3196,18.49,0.4446,20.314,30.31,74.06,WARNING,co2_buildup
2026-01-01 08:24:35,L18,0.3156,19.77,0.4391,20.328,30.58,74.94,WARNING,co2_buildup
2026-01-01 08:24:40,L18,0.3291,20.72,0.4601,20.38,30.2,74.73,WARNING,co2_buildup
2026-01-01 08:24:45,L18,0.324,19.17,0.4602,20.343,30.86,76.78,WARNING,co2_buildup
2026-01-01 08:24:50,L18,0.3226,22.34,0.4861,20.304,30.66,74.66,WARNING,co2_buildup
2026-01-01 08:24:55,L18,0.3301,18.84,0.4851,20.269,30.92,75.79,WARNING,co2_buildup
2026-01-01 08:25:00,L18,0.343,17.92,0.4896,20.275,30.66,77.01,WARNING,co2_buildup
2026-01-01 08:25:05,L18,0.3471,18.44,0.5081,20.257,31.1,74.55,WARNING,co2_buildup
2026-01-01 08:25:10,L18,0.3345,20.83,0.4985,20.245,31.21,76.64,WARNING,co2_buildup
2026-01-01 08:25:15,L18,0.3518,21.17,0.5152,20.201,31.08,76.58,WARNING,co2_buildup
2026-01-01 08:25:20,L18,0.3358,21.63,0.5369,20.188,31.21,76.14,WARNING,co2_buildup
2026-01-01 08:25:25,L18,0.3585,20.74,0.5337,20.213,31.05,77.85,WARNING,co2_buildup
2026-01-01 08:25:30,L18,0.355,25.38,0.5366,20.156,31.28,78.44,DANGER,co2_buildup
2026-01-01 08:25:35,L18,0.3282,24.61,0.5414,20.16,31.48,77.79,WARNING,co2_buildup
2026-01-01 08:25:40,L18,0.4121,20.92,0.5441,20.167,31.36,77.21,WARNING,co2_buildup
2026-01-01 08:25:45,L18,0.3724,22.78,0.5577,20.164,31.7,76.49,WARNING,co2_buildup
2026-01-01 08:25:50,L18,0.0655,8.62,0.0537,20.386,25.31,69.89,SAFE,ventilation_failure
2026-01-01 08:25:55,L18,0.0932,6.01,0.0503,20.371,25.12,70.58,SAFE,ventilation_failure
2026-01-01 08:26:00,L18,0.1011,7.28,0.047,20.399,25.49,70.61,SAFE,ventilation_failure
2026-01-01 08:26:05,L18,0.1302,9.21,0.0538,20.278,25.65,70.75,SAFE,ventilation_failure
2026-01-01 08:26:10,L18,0.1439,7.01,0.0596,20.266,25.95,70.05,SAFE,ventilation_failure
2026-01-01 08:26:15,L18,0.1571,7.72,0.0681,20.281,25.78,71.7,SAFE,ventilation_failure
2026-01-01 08:26:20,L18,0.1464,9.18,0.0696,20.3,25.99,73.48,SAFE,ventilation_failure
2026-01-01 08:26:25,L18,0.1756,9.51,0.0765,20.158,26.01,72.19,SAFE,ventilation_failure
2026-01-01 08:26:30,L18,0.217,8.15,0.0837,20.18,26.21,74.01,SAFE,ventilation_failure
2026-01-01 08:26:35,L18,0.2023,13.43,0.0827,20.165,26.61,71.96,SAFE,ventilation_failure
2026-01-01 08:26:40,L18,0.2377,9.13,0.0951,20.163,26.49,72.44,SAFE,ventilation_failure
2026-01-01 08:26:45,L18,0.2363,12.14,0.1119,20.103,26.53,72.85,SAFE,ventilation_failure
2026-01-01 08:26:50,L18,0.2463,11.92,0.1006,20.004,26.74,72.96,SAFE,ventilation_failure
2026-01-01 08:26:55,L18,0.2683,10.14,0.1012,19.991,26.82,74.26,WARNING,ventilation_failure
2026-01-01 08:27:00,L18,0.2675,12.35,0.1138,20.041,26.97,71.8,SAFE,ventilation_failure
2026-01-01 08:27:05,L18,0.308,10.71,0.1097,19.983,27.09,73.41,WARNING,ventilation_failure
2026-01-01 08:27:10,L18,0.2961,12.39,0.1196,19.906,27.23,75.33,WARNING,ventilation_failure
2026-01-01 08:27:15,L18,0.3318,13.84,0.1201,19.925,27.26,73.83,WARNING,ventilation_failure
2026-01-01 08:27:20,L18,0.3541,12.08,0.1216,19.89,27.58,75.2,WARNING,ventilation_failure
2026-01-01 08:27:25,L18,0.3588,13.85,0.1279,19.776,27.56,75.17,WARNING,ventilation_failure
2026-01-01 08:27:30,L18,0.3584,12.68,0.1343,19.758,28.01,74.85,WARNING,ventilation_failure
2026-01-01 08:27:35,L18,0.3842,14.13,0.136,19.8,27.93,75.39,WARNING,ventilation_failure
2026-01-01 08:27:40,L18,0.3849,14.34,0.1592,19.822,28.17,75.29,WARNING,ventilation_failure
2026-01-01 08:27:45,L18,0.4073,13.94,0.1572,19.739,28.3,73.89,WARNING,ventilation_failure
2026-01-01 08:27:50,L18,0.4171,12.06,0.166,19.628,28.1,76.18,WARNING,ventilation_failure
2026-01-01 08:27:55,L18,0.428,16.29,0.1523,19.623,28.47,75.55,WARNING,ventilation_failure
2026-01-01 08:28:00,L18,0.4634,18.42,0.1655,19.66,28.9,75.17,WARNING,ventilation_failure
2026-01-01 08:28:05,L18,0.4832,15.96,0.1759,19.634,28.66,76.8,WARNING,ventilation_failure
2026-01-01 08:28:10,L18,0.4987,15.15,0.1905,19.576,29.25,76.98,WARNING,ventilation_failure
2026-01-01 08:28:15,L18,0.5011,16.69,0.1759,19.538,29.13,77.73,WARNING,ventilation_failure
2026-01-01 08:28:20,L18,0.534,18.42,0.1764,19.546,29.26,76.97,WARNING,ventilation_failure
2026-01-01 08:28:25,L18,0.5163,18.93,0.1929,19.526,29.35,78.09,WARNING,ventilation_failure
2026-01-01 08:28:30,L18,0.5602,18.69,0.1907,19.483,29.61,77.64,DANGER,ventilation_failure
2026-01-01 08:28:35,L18,0.5691,18.31,0.2144,19.404,29.75,78.13,DANGER,ventilation_failure
2026-01-01 08:28:40,L18,0.5705,18.97,0.2098,19.43,29.72,78.42,DANGER,ventilation_failure
2026-01-01 08:28:45,L18,0.5878,18.45,0.2079,19.363,29.79,77.24,DANGER,ventilation_failure
2026-01-01 08:28:50,L18,0.6145,17.15,0.2126,19.325,29.77,78.84,DANGER,ventilation_failure
2026-01-01 08:28:55,L18,0.6234,18.33,0.2186,19.294,30.24,78.84,DANGER,ventilation_failure
2026-01-01 08:29:00,L18,0.6318,18.73,0.2097,19.284,30.27,78.77,DANGER,ventilation_failure
2026-01-01 08:29:05,L18,0.6357,19.97,0.2293,19.271,30.26,79.31,DANGER,ventilation_failure
2026-01-01 08:29:10,L18,0.6431,17.2,0.2298,19.163,30.44,81.48,DANGER,ventilation_failure
2026-01-01 08:29:15,L18,0.673,20.93,0.2435,19.172,30.65,78.13,DANGER,ventilation_failure
2026-01-01 08:29:20,L18,0.6688,17.46,0.2359,19.15,30.65,79.79,DANGER,ventilation_failure
2026-01-01 08:29:25,L18,0.7114,21.41,0.2533,19.166,30.93,80.77,DANGER,ventilation_failure
2026-01-01 08:29:30,L18,0.6883,22.86,0.2569,19.079,30.82,79.35,DANGER,ventilation_failure
2026-01-01 08:29:35,L18,0.734,22.76,0.2585,19.065,31.12,80.87,DANGER,ventilation_failure
2026-01-01 08:29:40,L18,0.7398,20.39,0.272,19.069,31.16,81.04,DANGER,ventilation_failure
2026-01-01 08:29:45,L18,0.7518,22.98,0.2516,19.016,31.49,79.75,DANGER,ventilation_failure
2026-01-01 08:29:50,L18,0.7688,23.42,0.2749,19.031,31.45,80.79,DANGER,ventilation_failure
2026-01-01 08:29:55,L18,0.7442,25.24,0.2757,18.951,31.65,82.91,DANGER,ventilation_failure
2026-01-01 08:30:00,L18,0.7953,23.54,0.2802,18.982,32.21,80.43,CRITICAL,ventilation_failure
2026-01-01 08:30:05,L18,0.8034,24.85,0.2776,18.958,32.13,81.58,CRITICAL,ventilation_failure
2026-01-01 08:30:10,L18,0.8181,22.97,0.2788,18.88,32.22,82.03,CRITICAL,ventilation_failure
2026-01-01 08:30:15,L18,0.8922,22.66,0.302,18.849,32.46,82.39,CRITICAL,ventilation_failure
2026-01-01 08:30:20,L18,0.8391,25.55,0.3059,18.823,32.48,82.28,CRITICAL,ventilation_failure
2026-01-01 08:30:25,L18,0.8803,25.89,0.3187,18.801,32.33,82.9,CRITICAL,ventilation_failure
2026-01-01 08:30:30,L18,0.877,23.93,0.3247,18.75,32.47,83.04,CRITICAL,ventilation_failure
2026-01-01 08:30:35,L18,0.8897,23.38,0.3013,18.752,32.4,83.86,CRITICAL,ventilation_failure
2026-01-01 08:30:40,L18,0.8977,25.7,0.3172,18.702,32.97,84.19,CRITICAL,ventilation_failure
2026-01-01 08:30:45,L18,0.9493,25.89,0.3251,18.699,32.92,84.1,CRITICAL,ventilation_failure
2026-01-01 08:30:50,L18,0.965,26.49,0.3355,18.584,33.12,84.16,CRITICAL,ventilation_failure
2026-01-01 08:30:55,L18,0.9521,27.79,0.3439,18.604,33.29,82.95,CRITICAL,ventilation_failure
2026-01-01 08:31:00,L18,0.2094,5.16,0.0531,20.616,26.56,72.19,SAFE,fire_heat
2026-01-01 08:31:05,L18,0.1708,6.85,0.0694,20.563,26.69,71.75,SAFE,fire_heat
2026-01-01 08:31:10,L18,0.1895,4.91,0.0551,20.581,27.04,72.11,SAFE,fire_heat
2026-01-01 08:31:15,L18,0.2056,12.35,0.0741,20.551,27.14,74.46,SAFE,fire_heat
2026-01-01 08:31:20,L18,0.2115,9.53,0.0716,20.559,27.35,73.41,SAFE,fire_heat
2026-01-01 08:31:25,L18,0.1876,10.95,0.0874,20.492,27.65,74.93,SAFE,fire_heat
2026-01-01 08:31:30,L18,0.1637,12.09,0.0813,20.527,27.93,74.16,SAFE,fire_heat
2026-01-01 08:31:35,L18,0.1907,11.39,0.0903,20.447,28.3,75.09,SAFE,fire_heat
2026-01-01 08:31:40,L18,0.2251,12.63,0.0959,20.393,28.45,75.6,SAFE,fire_heat
2026-01-01 08:31:45,L18,0.1899,15.05,0.1053,20.396,28.73,74.66,SAFE,fire_heat
2026-01-01 08:31:50,L18,0.2081,13.78,0.1161,20.411,29.06,76.2,SAFE,fire_heat
2026-01-01 08:31:55,L18,0.2016,15.83,0.1218,20.412,28.93,75.27,SAFE,fire_heat
2026-01-01 08:32:00,L18,0.2075,16.85,0.1203,20.389,29.35,75.49,SAFE,fire_heat
2026-01-01 08:32:05,L18,0.2307,15.96,0.1148,20.395,29.58,76.97,SAFE,fire_heat
2026-01-01 08:32:10,L18,0.2173,18.64,0.1494,20.319,29.73,77.07,SAFE,fire_heat
2026-01-01 08:32:15,L18,0.2465,16.34,0.1332,20.391,30.05,77.19,SAFE,fire_heat
2026-01-01 08:32:20,L18,0.2329,21.17,0.1412,20.363,30.16,76.19,SAFE,fire_heat
2026-01-01 08:32:25,L18,0.2227,23.06,0.146,20.334,30.47,77.02,SAFE,fire_heat
2026-01-01 08:32:30,L18,0.2217,22.97,0.152,20.328,30.39,78.13,WARNING,fire_heat
2026-01-01 08:32:35,L18,0.2306,24.77,0.1475,20.227,30.82,79.66,SAFE,fire_heat
2026-01-01 08:32:40,L18,0.2095,22.29,0.1629,20.278,31.16,79.54,WARNING,fire_heat
2026-01-01 08:32:45,L18,0.2146,24.01,0.179,20.263,31.43,77.97,WARNING,fire_heat
2026-01-01 08:32:50,L18,0.2442,25.45,0.1535,20.254,31.37,78.07,WARNING,fire_heat
2026-01-01 08:32:55,L18,0.2491,26.36,0.1749,20.234,31.71,80.24,WARNING,fire_heat
2026-01-01 08:33:00,L18,0.2179,26.42,0.1708,20.205,31.79,79.59,WARNING,fire_heat
2026-01-01 08:33:05,L18,0.253,26.62,0.1927,20.188,32.12,78.99,WARNING,fire_heat
2026-01-01 08:33:10,L18,0.2399,31.49,0.199,20.195,32.45,79.72,WARNING,fire_heat
2026-01-01 08:33:15,L18,0.2325,28.56,0.194,20.124,32.78,78.87,WARNING,fire_heat
2026-01-01 08:33:20,L18,0.2427,33.21,0.2006,20.137,32.99,80.93,WARNING,fire_heat
2026-01-01 08:33:25,L18,0.2631,32.37,0.1981,20.093,33.11,81.5,WARNING,fire_heat
2026-01-01 08:33:30,L18,0.2614,32.85,0.1914,20.089,33.21,81.87,WARNING,fire_heat
2026-01-01 08:33:35,L18,0.2591,34.27,0.2132,19.997,33.51,81.79,DANGER,fire_heat
2026-01-01 08:33:40,L18,0.2628,36.65,0.2188,20.035,34.14,80.89,WARNING,fire_heat
2026-01-01 08:33:45,L18,0.2424,31.34,0.2259,20.031,33.77,82.11,WARNING,fire_heat
2026-01-01 08:33:50,L18,0.2701,36.72,0.2044,20.015,34.03,82.82,WARNING,fire_heat
2026-01-01 08:33:55,L18,0.2575,37.32,0.222,20.002,34.46,82.66,WARNING,fire_heat
2026-01-01 08:34:00,L18,0.2971,38.28,0.229,19.96,34.77,82.84,DANGER,fire_heat
2026-01-01 08:34:05,L18,0.2635,40.33,0.2466,19.969,35.01,82.57,DANGER,fire_heat
2026-01-01 08:34:10,L18,0.305,38.91,0.2557,19.995,35.15,81.95,DANGER,fire_heat
2026-01-01 08:34:15,L18,0.2716,39.01,0.2468,19.937,35.11,84.41,DANGER,fire_heat
2026-01-01 08:34:20,L18,0.2751,39.57,0.259,19.969,35.53,83.15,DANGER,fire_heat
2026-01-01 08:34:25,L18,0.2745,41.2,0.2617,19.951,35.52,84.41,DANGER,fire_heat
2026-01-01 08:34:30,L18,0.2625,44.5,0.2877,19.88,36.07,85.67,DANGER,fire_heat
2026-01-01 08:34:35,L18,0.3037,45.14,0.2734,19.898,36.31,84.67,DANGER,fire_heat
2026-01-01 08:34:40,L18,0.2876,46.62,0.2782,19.825,36.45,85.14,DANGER,fire_heat
2026-01-01 08:34:45,L18,0.298,45.51,0.2802,19.817,36.51,83.7,DANGER,fire_heat
2026-01-01 08:34:50,L18,0.3153,46.49,0.2766,19.835,36.79,84.12,DANGER,fire_heat
2026-01-01 08:34:55,L18,0.2915,50.5,0.302,19.831,36.9,85.97,CRITICAL,fire_heat
2026-01-01 08:35:00,L18,0.2945,50.46,0.2998,19.847,37.36,84.78,DANGER,fire_heat
2026-01-01 08:35:05,L18,0.3005,50.97,0.304,19.778,38.07,84.4,CRITICAL,fire_heat
2026-01-01 08:35:10,L18,0.2815,48.02,0.3136,19.772,37.8,84.4,DANGER,fire_heat
2026-01-01 08:35:15,L18,0.2757,54.6,0.3046,19.753,37.98,85.81,CRITICAL,fire_heat
2026-01-01 08:35:20,L18,0.283,52.44,0.3365,19.787,38.3,86.05,CRITICAL,fire_heat
2026-01-01 08:35:25,L18,0.3266,53.74,0.3129,19.758,38.32,87.29,CRITICAL,fire_heat
2026-01-01 08:35:30,L18,0.3055,55.07,0.3467,19.712,38.55,85.95,CRITICAL,fire_heat
2026-01-01 08:35:35,L18,0.3246,55.55,0.3375,19.708,38.85,88.1,CRITICAL,fire_heat
2026-01-01 08:35:40,L18,0.3114,55.96,0.3396,19.679,39.3,86.28,CRITICAL,fire_heat
2026-01-01 08:35:45,L18,0.294,57.34,0.3532,19.684,39.45,86.56,CRITICAL,fire_heat
2026-01-01 08:35:50,L18,0.3331,58.99,0.3501,19.661,39.6,87.87,CRITICAL,fire_heat
2026-01-01 08:35:55,L18,0.3092,60.22,0.3654,19.61,39.96,88.06,CRITICAL,fire_heat
2026-01-01 08:36:00,L18,0.3337,61.69,0.3655,19.606,40.33,88.73,CRITICAL,fire_heat
2026-01-01 08:36:05,L18,0.3412,59.12,0.3739,19.591,40.41,87.58,CRITICAL,fire_heat
2026-01-01 08:36:10,L18,0.1132,4.76,0.0582,20.597,27.19,76.13,SAFE,combined_hazard
2026-01-01 08:36:15,L18,0.1123,4.8,0.0681,20.559,26.96,77.26,SAFE,combined_hazard
2026-01-01 08:36:20,L18,0.102,8.62,0.0902,20.591,27.44,76.22,SAFE,combined_hazard
2026-01-01 08:36:25,L18,0.1049,8.19,0.0741,20.461,27.2,78.21,SAFE,combined_hazard
2026-01-01 08:36:30,L18,0.155,10.5,0.0962,20.454,27.84,77.38,SAFE,combined_hazard
2026-01-01 08:36:35,L18,0.1675,9.99,0.105,20.457,27.39,78.11,SAFE,combined_hazard
2026-01-01 08:36:40,L18,0.1792,14.23,0.1075,20.384,27.97,77.59,SAFE,combined_hazard
2026-01-01 08:36:45,L18,0.2062,14.71,0.1134,20.376,27.95,79.08,SAFE,combined_hazard
2026-01-01 08:36:50,L18,0.2008,16.66,0.1366,20.315,28.17,77.47,SAFE,combined_hazard
2026-01-01 08:36:55,L18,0.2083,16.59,0.1441,20.302,28.33,77.8,SAFE,combined_hazard
2026-01-01 08:37:00,L18,0.2314,18.93,0.1447,20.221,28.59,78.28,SAFE,combined_hazard
2026-01-01 08:37:05,L18,0.2514,17.7,0.1471,20.159,28.35,80.25,SAFE,combined_hazard
2026-01-01 08:37:10,L18,0.2562,24.63,0.16,20.165,28.79,79.39,WARNING,combined_hazard
2026-01-01 08:37:15,L18,0.2594,23.16,0.1699,20.086,28.98,79.08,WARNING,combined_hazard
2026-01-01 08:37:20,L18,0.2865,26.43,0.1734,20.101,29.0,79.94,WARNING,combined_hazard
2026-01-01 08:37:25,L18,0.2864,24.79,0.1853,20.031,29.23,80.5,WARNING,combined_hazard
2026-01-01 08:37:30,L18,0.2907,24.94,0.1867,19.994,29.3,79.76,WARNING,combined_hazard
2026-01-01 08:37:35,L18,0.3128,27.11,0.1719,20.035,29.63,81.01,WARNING,combined_hazard
2026-01-01 08:37:40,L18,0.3192,29.11,0.2031,19.962,29.76,81.03,WARNING,combined_hazard
2026-01-01 08:37:45,L18,0.3357,30.32,0.2178,19.87,29.88,81.0,WARNING,combined_hazard
2026-01-01 08:37:50,L18,0.3373,34.62,0.2201,19.878,30.1,80.65,WARNING,combined_hazard
2026-01-01 08:37:55,L18,0.378,31.87,0.2302,19.837,30.34,82.63,WARNING,combined_hazard
2026-01-01 08:38:00,L18,0.3792,33.57,0.2329,19.742,30.15,81.81,WARNING,combined_hazard
2026-01-01 08:38:05,L18,0.3997,36.87,0.2411,19.777,30.79,80.1,WARNING,combined_hazard
2026-01-01 08:38:10,L18,0.4093,34.75,0.2516,19.758,30.66,82.99,WARNING,combined_hazard
2026-01-01 08:38:15,L18,0.4015,38.4,0.2734,19.68,30.68,83.27,WARNING,combined_hazard
2026-01-01 08:38:20,L18,0.4479,40.0,0.2722,19.646,31.25,83.98,WARNING,combined_hazard
2026-01-01 08:38:25,L18,0.4377,41.76,0.2787,19.601,30.99,83.82,WARNING,combined_hazard
2026-01-01 08:38:30,L18,0.4487,42.96,0.2823,19.592,31.02,83.86,WARNING,combined_hazard
2026-01-01 08:38:35,L18,0.4703,46.74,0.2776,19.536,31.28,83.62,WARNING,combined_hazard
2026-01-01 08:38:40,L18,0.4836,43.76,0.3057,19.5,31.42,83.89,DANGER,combined_hazard
2026-01-01 08:38:45,L18,0.5321,45.45,0.3107,19.444,31.82,85.07,DANGER,combined_hazard
2026-01-01 08:38:50,L18,0.5151,48.66,0.314,19.493,31.79,84.67,DANGER,combined_hazard
2026-01-01 08:38:55,L18,0.5118,49.41,0.3183,19.386,31.97,83.91,DANGER,combined_hazard
2026-01-01 08:39:00,L18,0.5606,50.92,0.3306,19.378,32.12,85.04,CRITICAL,combined_hazard
2026-01-01 08:39:05,L18,0.5207,49.61,0.332,19.327,32.43,85.53,CRITICAL,combined_hazard
2026-01-01 08:39:10,L18,0.5509,56.32,0.3473,19.205,32.36,84.25,CRITICAL,combined_hazard
2026-01-01 08:39:15,L18,0.5628,55.05,0.3424,19.234,32.53,86.7,CRITICAL,combined_hazard
2026-01-01 08:39:20,L18,0.5841,53.33,0.3414,19.173,32.61,86.36,CRITICAL,combined_hazard
2026-01-01 08:39:25,L18,0.6024,57.94,0.3546,19.199,32.8,85.53,CRITICAL,combined_hazard
2026-01-01 08:39:30,L18,0.6167,56.7,0.373,19.095,33.09,86.64,CRITICAL,combined_hazard
2026-01-01 08:39:35,L18,0.6295,61.07,0.377,19.11,33.27,87.06,CRITICAL,combined_hazard
2026-01-01 08:39:40,L18,0.6457,59.03,0.3859,19.088,33.57,88.16,CRITICAL,combined_hazard
2026-01-01 08:39:45,L18,0.6483,63.84,0.3843,19.029,33.45,88.4,CRITICAL,combined_hazard
2026-01-01 08:39:50,L18,0.6816,61.83,0.4047,18.984,33.57,88.79,CRITICAL,combined_hazard
2026-01-01 08:39:55,L18,0.6511,63.52,0.4015,18.935,33.82,88.49,CRITICAL,combined_hazard
2026-01-01 08:40:00,L18,0.65,66.52,0.4214,18.905,33.84,87.93,CRITICAL,combined_hazard
2026-01-01 08:40:05,L18,0.7124,66.72,0.4137,18.832,33.97,87.98,CRITICAL,combined_hazard
2026-01-01 08:40:10,L18,0.7093,68.13,0.4259,18.84,34.26,88.41,CRITICAL,combined_hazard
2026-01-01 08:40:15,L18,0.753,68.0,0.4324,18.829,34.31,89.18,CRITICAL,combined_hazard
2026-01-01 08:40:20,L18,0.7559,71.12,0.4524,18.734,34.47,89.47,CRITICAL,combined_hazard
2026-01-01 08:40:25,L18,0.7621,74.27,0.4517,18.723,34.76,90.58,CRITICAL,combined_hazard
2026-01-01 08:40:30,L18,0.759,77.09,0.4664,18.682,34.86,89.81,CRITICAL,combined_hazard
2026-01-01 08:40:35,L18,0.7895,76.84,0.4798,18.657,35.27,88.66,CRITICAL,combined_hazard
2026-01-01 08:40:40,L18,0.7864,77.95,0.4925,18.595,35.26,89.58,CRITICAL,combined_hazard
2026-01-01 08:40:45,L18,0.8062,75.72,0.4877,18.528,35.15,90.02,CRITICAL,combined_hazard
2026-01-01 08:40:50,L18,0.8135,79.53,0.4846,18.502,35.36,90.28,CRITICAL,combined_hazard
2026-01-01 08:40:55,L18,0.8353,79.93,0.511,18.429,35.36,89.07,CRITICAL,combined_hazard
2026-01-01 08:41:00,L18,0.8406,79.96,0.5207,18.485,35.57,92.84,CRITICAL,combined_hazard
2026-01-01 08:41:05,L18,0.8724,81.65,0.5157,18.436,36.06,90.1,CRITICAL,combined_hazard
2026-01-01 08:41:10,L18,0.8772,85.88,0.5344,18.386,35.98,91.64,CRITICAL,combined_hazard
2026-01-01 08:41:15,L18,0.8758,85.37,0.5341,18.329,35.96,92.89,CRITICAL,combined_hazard
2026-01-01 08:41:20,L18,0.8897,85.32,0.5257,18.307,36.03,93.1,CRITICAL,combined_hazard
2026-01-01 08:41:25,L18,0.8904,87.91,0.5416,18.274,36.25,91.71,CRITICAL,combined_hazard
2026-01-01 08:41:30,L18,0.8931,90.62,0.5502,18.222,36.5,94.11,CRITICAL,combined_hazard
2026-01-01 08:41:35,L18,0.9494,90.5,0.5589,18.186,36.77,94.26,CRITICAL,combined_hazard
2026-01-01 08:00:00,L19,0.1842,1.07,0.0692,20.47,25.29,73.2,SAFE,normal
2026-01-01 08:00:05,L19,0.125,1.04,0.064,20.43,25.35,74.39,SAFE,normal
2026-01-01 08:00:10,L19,0.1611,3.12,0.08,20.48,25.48,74.17,SAFE,normal
2026-01-01 08:00:15,L19,0.1308,2.76,0.0608,20.412,25.55,74.48,SAFE,normal
2026-01-01 08:00:20,L19,0.1541,0.97,0.0633,20.433,25.52,71.81,SAFE,normal
2026-01-01 08:00:25,L19,0.1097,4.49,0.0652,20.516,25.44,72.41,SAFE,normal
2026-01-01 08:00:30,L19,0.1435,3.71,0.077,20.52,25.42,73.26,SAFE,normal
2026-01-01 08:00:35,L19,0.1608,0.08,0.0815,20.413,25.7,74.37,SAFE,normal
2026-01-01 08:00:40,L19,0.1598,2.79,0.0737,20.49,25.34,73.37,SAFE,normal
2026-01-01 08:00:45,L19,0.1287,3.95,0.0587,20.501,25.53,73.28,SAFE,normal
2026-01-01 08:00:50,L19,0.1551,3.38,0.0639,20.484,25.61,73.47,SAFE,normal
2026-01-01 08:00:55,L19,0.186,0.0,0.081,20.45,25.6,72.73,SAFE,normal
2026-01-01 08:01:00,L19,0.1818,3.94,0.0683,20.394,25.34,73.72,SAFE,normal
2026-01-01 08:01:05,L19,0.1833,5.13,0.0562,20.454,25.89,73.44,SAFE,normal
2026-01-01 08:01:10,L19,0.2067,4.02,0.0849,20.463,25.73,73.63,SAFE,normal
2026-01-01 08:01:15,L19,0.1477,4.37,0.0625,20.457,25.65,74.38,SAFE,normal
2026-01-01 08:01:20,L19,0.1705,5.96,0.0661,20.464,25.35,72.93,SAFE,normal
2026-01-01 08:01:25,L19,0.1794,2.21,0.0608,20.425,25.66,73.14,SAFE,normal
2026-01-01 08:01:30,L19,0.1705,5.84,0.0583,20.434,25.18,72.2,SAFE,normal
2026-01-01 08:01:35,L19,0.1859,5.39,0.0759,20.376,25.51,71.93,SAFE,normal
2026-01-01 08:01:40,L19,0.2061,2.59,0.0668,20.474,25.57,72.87,SAFE,normal
2026-01-01 08:01:45,L19,0.1907,6.22,0.0674,20.42,25.5,72.9,SAFE,normal
2026-01-01 08:01:50,L19,0.1585,8.04,0.0542,20.439,25.82,73.31,SAFE,normal
2026-01-01 08:01:55,L19,0.2043,5.98,0.0617,20.454,25.61,73.16,SAFE,normal
2026-01-01 08:02:00,L19,0.1964,6.45,0.0588,20.429,25.46,72.84,SAFE,normal
2026-01-01 08:02:05,L19,0.1665,4.17,0.0568,20.413,25.73,73.93,SAFE,normal
2026-01-01 08:02:10,L19,0.1925,4.99,0.0668,20.452,25.69,72.27,SAFE,normal
2026-01-01 08:02:15,L19,0.1782,4.54,0.06,20.391,25.38,72.31,SAFE,normal
2026-01-01 08:02:20,L19,0.2024,6.81,0.0678,20.467,25.85,72.63,SAFE,normal
2026-01-01 08:02:25,L19,0.2017,5.59,0.0677,20.463,25.68,71.4,SAFE,normal
2026-01-01 08:02:30,L19,0.1889,5.64,0.0581,20.426,25.82,72.84,SAFE,normal
2026-01-01 08:02:35,L19,0.2181,7.72,0.0648,20.427,25.75,72.29,SAFE,normal
2026-01-01 08:02:40,L19,0.2006,9.32,0.0572,20.412,25.65,72.24,SAFE,normal
2026-01-01 08:02:45,L19,0.2392,6.83,0.0542,20.43,25.77,72.55,SAFE,normal
2026-01-01 08:02:50,L19,0.2244,4.75,0.0516,20.435,25.71,72.35,SAFE,normal
2026-01-01 08:02:55,L19,0.2205,7.32,0.0604,20.431,25.78,72.32,SAFE,normal
2026-01-01 08:03:00,L19,0.2457,7.69,0.0535,20.483,25.84,71.62,SAFE,normal
2026-01-01 08:03:05,L19,0.2334,8.8,0.0701,20.387,25.78,73.13,SAFE,normal
2026-01-01 08:03:10,L19,0.2372,7.22,0.0717,20.411,25.84,70.65,SAFE,normal
2026-01-01 08:03:15,L19,0.2335,9.17,0.0621,20.46,25.73,71.21,SAFE,normal
2026-01-01 08:03:20,L19,0.2323,9.09,0.0599,20.499,25.71,71.26,SAFE,normal
2026-01-01 08:03:25,L19,0.2456,7.7,0.0577,20.411,25.92,71.07,SAFE,normal
2026-01-01 08:03:30,L19,0.2649,9.53,0.0762,20.467,26.04,70.19,SAFE,normal
2026-01-01 08:03:35,L19,0.1933,9.84,0.0726,20.402,25.75,72.84,SAFE,normal
2026-01-01 08:03:40,L19,0.2752,6.96,0.0549,20.424,25.89,71.98,SAFE,normal
2026-01-01 08:03:45,L19,0.2345,10.18,0.0545,20.435,25.64,70.9,SAFE,normal
2026-01-01 08:03:50,L19,0.2551,8.71,0.0584,20.414,26.14,71.91,SAFE,normal
2026-01-01 08:03:55,L19,0.2289,8.67,0.046,20.422,26.05,71.16,SAFE,normal
2026-01-01 08:04:00,L19,0.2796,9.03,0.0407,20.393,25.8,71.0,SAFE,normal
2026-01-01 08:04:05,L19,0.239,11.2,0.044,20.453,25.85,70.41,SAFE,normal
2026-01-01 08:04:10,L19,0.2791,11.34,0.0519,20.406,26.1,71.13,SAFE,normal
2026-01-01 08:04:15,L19,0.2612,10.35,0.0464,20.412,25.95,70.55,SAFE,normal
2026-01-01 08:04:20,L19,0.2649,10.19,0.0652,20.408,26.04,70.22,SAFE,normal
2026-01-01 08:04:25,L19,0.251,9.77,0.0415,20.409,25.8,71.7,SAFE,normal
2026-01-01 08:04:30,L19,0.2907,14.13,0.0422,20.435,26.05,70.22,SAFE,normal
2026-01-01 08:04:35,L19,0.2727,9.2,0.0378,20.432,25.95,71.95,SAFE,normal
2026-01-01 08:04:40,L19,0.2882,9.71,0.047,20.505,26.03,70.19,SAFE,normal
2026-01-01 08:04:45,L19,0.249,10.98,0.0486,20.422,25.94,69.5,SAFE,normal
2026-01-01 08:04:50,L19,0.2691,9.31,0.0508,20.426,25.98,71.07,SAFE,normal
2026-01-01 08:04:55,L19,0.2888,12.4,0.0508,20.468,26.04,70.23,SAFE,normal
2026-01-01 08:05:00,L19,0.2639,8.76,0.0457,20.434,25.95,69.26,SAFE,normal
2026-01-01 08:05:05,L19,0.2955,10.05,0.0419,20.424,26.39,70.67,SAFE,normal
2026-01-01 08:05:10,L19,0.0909,5.51,0.0908,20.709,28.38,69.91,SAFE,methane_buildup
2026-01-01 08:05:15,L19,0.1193,4.58,0.0872,20.666,28.23,69.86,SAFE,methane_buildup
2026-01-01 08:05:20,L19,0.1356,6.32,0.0785,20.678,28.52,70.21,SAFE,methane_buildup
2026-01-01 08:05:25,L19,0.1486,6.87,0.0874,20.698,28.23,71.25,SAFE,methane_buildup
2026-01-01 08:05:30,L19,0.157,2.67,0.0726,20.645,28.24,69.46,SAFE,methane_buildup
2026-01-01 08:05:35,L19,0.1615,4.4,0.0675,20.625,28.41,70.41,SAFE,methane_buildup
2026-01-01 08:05:40,L19,0.1913,5.68,0.0792,20.636,28.55,72.38,SAFE,methane_buildup
2026-01-01 08:05:45,L19,0.206,4.55,0.0852,20.606,28.38,71.28,SAFE,methane_buildup
2026-01-01 08:05:50,L19,0.2174,5.58,0.0785,20.586,28.55,71.07,SAFE,methane_buildup
2026-01-01 08:05:55,L19,0.2486,4.59,0.0869,20.659,28.4,70.68,SAFE,methane_buildup
2026-01-01 08:06:00,L19,0.2327,6.06,0.0864,20.536,28.6,70.93,SAFE,methane_buildup
2026-01-01 08:06:05,L19,0.2717,5.48,0.0715,20.6,28.82,72.82,SAFE,methane_buildup
2026-01-01 08:06:10,L19,0.255,7.66,0.0825,20.566,28.59,71.55,SAFE,methane_buildup
2026-01-01 08:06:15,L19,0.2952,8.71,0.0948,20.534,28.57,73.02,SAFE,methane_buildup
2026-01-01 08:06:20,L19,0.2767,8.18,0.0917,20.558,28.85,71.76,SAFE,methane_buildup
2026-01-01 08:06:25,L19,0.3116,11.67,0.0827,20.537,28.71,72.62,SAFE,methane_buildup
2026-01-01 08:06:30,L19,0.3389,9.4,0.0937,20.565,29.23,72.84,SAFE,methane_buildup
2026-01-01 08:06:35,L19,0.3322,9.55,0.1032,20.48,28.93,72.46,SAFE,methane_buildup
2026-01-01 08:06:40,L19,0.3466,8.29,0.0862,20.488,29.09,73.29,SAFE,methane_buildup
2026-01-01 08:06:45,L19,0.397,8.16,0.096,20.522,28.78,71.71,SAFE,methane_buildup
2026-01-01 08:06:50,L19,0.3727,10.74,0.0952,20.475,29.08,73.5,SAFE,methane_buildup
2026-01-01 08:06:55,L19,0.4092,8.67,0.0872,20.486,28.9,74.1,SAFE,methane_buildup
2026-01-01 08:07:00,L19,0.4474,9.31,0.0824,20.495,29.06,73.25,SAFE,methane_buildup
2026-01-01 08:07:05,L19,0.4418,9.21,0.1051,20.464,29.01,74.26,SAFE,methane_buildup
2026-01-01 08:07:10,L19,0.4544,10.49,0.1011,20.418,29.32,74.38,SAFE,methane_buildup
2026-01-01 08:07:15,L19,0.4576,11.23,0.0906,20.415,29.25,74.58,SAFE,methane_buildup
2026-01-01 08:07:20,L19,0.472,11.7,0.103,20.451,29.26,73.52,SAFE,methane_buildup
2026-01-01 08:07:25,L19,0.4945,9.86,0.0982,20.408,29.48,74.85,SAFE,methane_buildup
2026-01-01 08:07:30,L19,0.4814,10.8,0.1039,20.386,29.31,73.56,SAFE,methane_buildup
2026-01-01 08:07:35,L19,0.5409,11.24,0.0804,20.392,29.5,74.61,WARNING,methane_buildup
2026-01-01 08:07:40,L19,0.5431,13.15,0.0919,20.331,29.66,75.28,WARNING,methane_buildup
2026-01-01 08:07:45,L19,0.5282,8.48,0.1082,20.352,29.45,75.62,SAFE,methane_buildup
2026-01-01 08:07:50,L19,0.5841,11.39,0.1173,20.345,29.5,74.66,WARNING,methane_buildup
2026-01-01 08:07:55,L19,0.5932,10.62,0.0934,20.334,29.64,75.57,WARNING,methane_buildup
2026-01-01 08:08:00,L19,0.604,11.0,0.0938,20.313,29.75,76.6,WARNING,methane_buildup
2026-01-01 08:08:05,L19,0.6453,10.73,0.1029,20.305,29.59,75.35,WARNING,methane_buildup
2026-01-01 08:08:10,L19,0.6275,13.03,0.1007,20.3,29.52,74.58,WARNING,methane_buildup
2026-01-01 08:08:15,L19,0.6634,8.76,0.1027,20.336,29.78,76.9,SAFE,methane_buildup
2026-01-01 08:08:20,L19,0.6551,12.44,0.0816,20.215,29.77,75.89,WARNING,methane_buildup
2026-01-01 08:08:25,L19,0.6759,10.12,0.0974,20.291,29.85,76.31,WARNING,methane_buildup
2026-01-01 08:08:30,L19,0.6751,12.03,0.1062,20.256,29.86,77.09,WARNING,methane_buildup
2026-01-01 08:08:35,L19,0.6695,12.96,0.0814,20.246,29.83,77.22,WARNING,methane_buildup
2026-01-01 08:08:40,L19,0.6847,12.88,0.0878,20.224,29.87,78.15,WARNING,methane_buildup
2026-01-01 08:08:45,L19,0.7252,14.72,0.087,20.24,29.98,77.31,WARNING,methane_buildup
2026-01-01 08:08:50,L19,0.7372,15.79,0.1068,20.243,29.69,77.73,WARNING,methane_buildup
2026-01-01 08:08:55,L19,0.7375,17.06,0.0947,20.146,30.15,76.49,WARNING,methane_buildup
2026-01-01 08:09:00,L19,0.7653,14.33,0.0929,20.255,30.05,78.52,WARNING,methane_buildup
2026-01-01 08:09:05,L19,0.7906,16.29,0.1035,20.185,29.89,77.63,WARNING,methane_buildup
2026-01-01 08:09:10,L19,0.8175,16.96,0.0935,20.173,30.09,80.94,WARNING,methane_buildup
2026-01-01 08:09:15,L19,0.8021,14.26,0.1075,20.117,30.29,78.35,WARNING,methane_buildup
2026-01-01 08:09:20,L19,0.8328,17.03,0.1237,20.13,30.18,79.04,WARNING,methane_buildup
2026-01-01 08:09:25,L19,0.8673,12.13,0.1019,20.177,30.06,79.38,WARNING,methane_buildup
2026-01-01 08:09:30,L19,0.8668,16.05,0.0898,20.127,30.02,78.97,WARNING,methane_buildup
2026-01-01 08:09:35,L19,0.8583,18.23,0.1022,20.127,30.62,79.56,WARNING,methane_buildup
2026-01-01 08:09:40,L19,0.8857,16.18,0.1102,20.089,30.02,81.18,WARNING,methane_buildup
2026-01-01 08:09:45,L19,0.9013,15.96,0.1098,20.151,30.37,78.95,WARNING,methane_buildup
2026-01-01 08:09:50,L19,0.9225,16.16,0.1139,20.076,30.27,77.93,WARNING,methane_buildup
2026-01-01 08:09:55,L19,0.9278,18.87,0.1029,20.104,30.55,78.85,WARNING,methane_buildup
2026-01-01 08:10:00,L19,0.9488,14.49,0.1058,20.054,30.25,80.86,WARNING,methane_buildup
2026-01-01 08:10:05,L19,0.9712,16.5,0.0889,20.058,30.71,79.85,WARNING,methane_buildup
2026-01-01 08:10:10,L19,0.9545,18.57,0.1139,20.047,30.49,82.27,WARNING,methane_buildup
2026-01-01 08:10:15,L19,0.9648,17.99,0.099,20.053,30.51,81.16,WARNING,methane_buildup
2026-01-01 08:10:20,L19,0.0927,2.52,0.0532,20.629,25.29,78.0,SAFE,co_buildup
2026-01-01 08:10:25,L19,0.0918,5.94,0.0453,20.602,25.42,76.5,SAFE,co_buildup
2026-01-01 08:10:30,L19,0.1212,3.69,0.0648,20.618,25.26,77.54,SAFE,co_buildup
2026-01-01 08:10:35,L19,0.0792,5.77,0.0614,20.579,25.44,75.83,SAFE,co_buildup
2026-01-01 08:10:40,L19,0.1093,7.56,0.0552,20.601,25.71,76.16,SAFE,co_buildup
2026-01-01 08:10:45,L19,0.1288,9.28,0.0581,20.559,25.54,76.98,SAFE,co_buildup
2026-01-01 08:10:50,L19,0.1402,9.57,0.0609,20.61,25.87,75.89,SAFE,co_buildup
2026-01-01 08:10:55,L19,0.1484,8.94,0.0577,20.596,25.65,76.26,SAFE,co_buildup
2026-01-01 08:11:00,L19,0.1552,9.7,0.0789,20.491,26.13,77.04,SAFE,co_buildup
2026-01-01 08:11:05,L19,0.1721,13.99,0.0792,20.532,26.45,76.34,SAFE,co_buildup
2026-01-01 08:11:10,L19,0.1716,12.61,0.0685,20.496,26.36,75.58,SAFE,co_buildup
2026-01-01 08:11:15,L19,0.1509,12.35,0.071,20.505,26.26,75.83,SAFE,co_buildup
2026-01-01 08:11:20,L19,0.1693,14.74,0.0663,20.503,26.51,76.06,SAFE,co_buildup
2026-01-01 08:11:25,L19,0.1587,15.73,0.0758,20.435,26.81,76.72,SAFE,co_buildup
2026-01-01 08:11:30,L19,0.207,13.63,0.0828,20.432,26.86,75.97,SAFE,co_buildup
2026-01-01 08:11:35,L19,0.218,17.26,0.0901,20.423,27.02,74.25,SAFE,co_buildup
2026-01-01 08:11:40,L19,0.1897,15.14,0.0753,20.42,27.05,76.81,SAFE,co_buildup
2026-01-01 08:11:45,L19,0.2103,17.3,0.0708,20.409,27.08,76.68,SAFE,co_buildup
2026-01-01 08:11:50,L19,0.1976,17.66,0.078,20.436,27.33,75.28,SAFE,co_buildup
2026-01-01 08:11:55,L19,0.2301,19.81,0.0923,20.407,27.44,75.21,SAFE,co_buildup
2026-01-01 08:12:00,L19,0.2274,20.22,0.0893,20.362,27.7,77.17,SAFE,co_buildup
2026-01-01 08:12:05,L19,0.2303,21.44,0.0994,20.366,27.59,75.88,SAFE,co_buildup
2026-01-01 08:12:10,L19,0.2554,19.77,0.0936,20.292,27.79,76.65,SAFE,co_buildup
2026-01-01 08:12:15,L19,0.292,23.36,0.108,20.411,27.88,75.47,SAFE,co_buildup
2026-01-01 08:12:20,L19,0.2836,22.69,0.0842,20.339,28.36,76.52,SAFE,co_buildup
2026-01-01 08:12:25,L19,0.2759,28.64,0.0787,20.356,28.03,75.24,WARNING,co_buildup
2026-01-01 08:12:30,L19,0.2869,25.48,0.1113,20.338,28.2,76.29,WARNING,co_buildup
2026-01-01 08:12:35,L19,0.3238,26.56,0.0959,20.301,28.23,76.22,WARNING,co_buildup
2026-01-01 08:12:40,L19,0.3224,28.86,0.1051,20.218,28.69,74.26,WARNING,co_buildup
2026-01-01 08:12:45,L19,0.3069,30.67,0.1069,20.261,28.82,75.98,WARNING,co_buildup
2026-01-01 08:12:50,L19,0.327,27.79,0.1102,20.276,28.7,75.29,WARNING,co_buildup
2026-01-01 08:12:55,L19,0.3125,31.28,0.1056,20.255,29.03,76.71,WARNING,co_buildup
2026-01-01 08:13:00,L19,0.3358,32.74,0.1036,20.272,29.02,76.0,WARNING,co_buildup
2026-01-01 08:13:05,L19,0.3548,32.44,0.1047,20.228,29.19,75.6,WARNING,co_buildup
2026-01-01 08:13:10,L19,0.3666,33.27,0.1196,20.271,29.06,76.99,WARNING,co_buildup
2026-01-01 08:13:15,L19,0.3497,33.13,0.1227,20.172,29.35,74.23,WARNING,co_buildup
2026-01-01 08:13:20,L19,0.3823,34.28,0.1164,20.207,29.72,77.27,WARNING,co_buildup
2026-01-01 08:13:25,L19,0.3774,35.47,0.1154,20.148,29.78,77.2,WARNING,co_buildup
2026-01-01 08:13:30,L19,0.3788,35.86,0.1265,20.195,29.8,75.37,WARNING,co_buildup
2026-01-01 08:13:35,L19,0.4198,38.7,0.1119,20.132,29.94,76.37,WARNING,co_buildup
2026-01-01 08:13:40,L19,0.3937,36.93,0.1411,20.09,30.28,76.02,WARNING,co_buildup
2026-01-01 08:13:45,L19,0.3904,40.39,0.131,20.086,30.15,73.62,WARNING,co_buildup
2026-01-01 08:13:50,L19,0.4049,41.96,0.1279,20.104,30.05,75.5,WARNING,co_buildup
2026-01-01 08:13:55,L19,0.4339,41.4,0.1376,20.153,30.45,74.55,WARNING,co_buildup
2026-01-01 08:14:00,L19,0.4161,39.02,0.1378,20.116,30.38,74.46,WARNING,co_buildup
2026-01-01 08:14:05,L19,0.4513,43.5,0.1364,20.095,30.58,75.29,WARNING,co_buildup
2026-01-01 08:14:10,L19,0.4341,42.48,0.1212,20.067,30.64,75.3,WARNING,co_buildup
2026-01-01 08:14:15,L19,0.4537,43.52,0.1414,20.023,30.64,76.45,WARNING,co_buildup
2026-01-01 08:14:20,L19,0.4959,45.72,0.1515,20.017,30.91,74.85,WARNING,co_buildup
2026-01-01 08:14:25,L19,0.4575,47.71,0.1372,20.016,31.13,75.11,WARNING,co_buildup
2026-01-01 08:14:30,L19,0.4484,44.43,0.1511,20.001,31.21,76.5,WARNING,co_buildup
2026-01-01 08:14:35,L19,0.5072,47.87,0.1521,19.988,31.29,75.24,DANGER,co_buildup
2026-01-01 08:14:40,L19,0.4736,51.64,0.1494,19.967,31.31,74.95,WARNING,co_buildup
2026-01-01 08:14:45,L19,0.4904,47.87,0.1502,19.984,31.21,76.02,WARNING,co_buildup
2026-01-01 08:14:50,L19,0.5215,50.09,0.1551,19.949,31.57,75.74,DANGER,co_buildup
2026-01-01 08:14:55,L19,0.5289,50.33,0.1558,19.993,31.78,75.37,DANGER,co_buildup
2026-01-01 08:15:00,L19,0.4909,53.18,0.1694,19.98,31.49,76.01,DANGER,co_buildup
2026-01-01 08:15:05,L19,0.5293,51.12,0.1638,19.952,31.92,74.25,DANGER,co_buildup
2026-01-01 08:15:10,L19,0.5552,51.51,0.1635,19.937,32.03,74.76,DANGER,co_buildup
2026-01-01 08:15:15,L19,0.5808,55.98,0.1681,19.863,32.03,76.8,DANGER,co_buildup
2026-01-01 08:15:20,L19,0.5398,55.96,0.1671,19.966,32.4,72.75,DANGER,co_buildup
2026-01-01 08:15:25,L19,0.5823,54.69,0.1466,19.877,32.55,74.61,DANGER,co_buildup
2026-01-01 08:15:30,L19,0.1271,4.24,0.0788,20.712,28.74,68.41,SAFE,low_oxygen
2026-01-01 08:15:35,L19,0.134,3.04,0.0866,20.665,28.78,68.07,SAFE,low_oxygen
2026-01-01 08:15:40,L19,0.1294,3.23,0.0953,20.627,28.9,68.86,SAFE,low_oxygen
2026-01-01 08:15:45,L19,0.1608,4.54,0.1034,20.671,29.0,67.7,SAFE,low_oxygen
2026-01-01 08:15:50,L19,0.1614,2.27,0.1045,20.608,28.95,70.1,SAFE,low_oxygen
2026-01-01 08:15:55,L19,0.1593,4.09,0.1116,20.499,29.06,68.73,SAFE,low_oxygen
2026-01-01 08:16:00,L19,0.1652,4.5,0.1095,20.462,29.14,69.1,SAFE,low_oxygen
2026-01-01 08:16:05,L19,0.1443,1.43,0.1153,20.472,29.14,68.22,SAFE,low_oxygen
2026-01-01 08:16:10,L19,0.1411,5.25,0.1032,20.4,29.13,69.69,SAFE,low_oxygen
2026-01-01 08:16:15,L19,0.152,2.92,0.1295,20.386,29.15,69.85,SAFE,low_oxygen
2026-01-01 08:16:20,L19,0.1701,6.81,0.1229,20.403,29.17,71.06,SAFE,low_oxygen
2026-01-01 08:16:25,L19,0.1648,7.42,0.1258,20.351,29.13,70.12,SAFE,low_oxygen
2026-01-01 08:16:30,L19,0.182,7.9,0.1487,20.23,29.07,71.07,SAFE,low_oxygen
2026-01-01 08:16:35,L19,0.1788,5.38,0.1155,20.213,29.18,71.15,SAFE,low_oxygen
2026-01-01 08:16:40,L19,0.1609,5.59,0.1419,20.214,29.32,70.56,SAFE,low_oxygen
2026-01-01 08:16:45,L19,0.2034,3.36,0.1272,20.203,29.34,72.43,SAFE,low_oxygen
2026-01-01 08:16:50,L19,0.1809,7.57,0.1518,20.107,29.34,72.33,SAFE,low_oxygen
2026-01-01 08:16:55,L19,0.2041,4.52,0.1474,20.105,29.22,72.81,SAFE,low_oxygen
2026-01-01 08:17:00,L19,0.1834,4.84,0.1335,20.043,29.28,73.71,SAFE,low_oxygen
2026-01-01 08:17:05,L19,0.1867,6.78,0.1697,20.072,29.3,73.32,SAFE,low_oxygen
2026-01-01 08:17:10,L19,0.1897,5.81,0.1546,20.0,29.27,73.32,SAFE,low_oxygen
2026-01-01 08:17:15,L19,0.1859,6.26,0.1765,19.938,29.51,74.59,WARNING,low_oxygen
2026-01-01 08:17:20,L19,0.1901,8.0,0.165,19.862,29.13,73.86,WARNING,low_oxygen
2026-01-01 08:17:25,L19,0.2207,9.48,0.1731,19.837,29.73,73.99,WARNING,low_oxygen
2026-01-01 08:17:30,L19,0.2048,9.19,0.1625,19.756,29.76,75.2,WARNING,low_oxygen
2026-01-01 08:17:35,L19,0.2277,8.9,0.1881,19.802,29.48,74.31,WARNING,low_oxygen
2026-01-01 08:17:40,L19,0.2278,10.56,0.1841,19.777,29.56,76.14,WARNING,low_oxygen
2026-01-01 08:17:45,L19,0.2433,9.26,0.1897,19.741,29.65,75.6,WARNING,low_oxygen
2026-01-01 08:17:50,L19,0.2186,8.51,0.1959,19.663,29.43,77.0,WARNING,low_oxygen
2026-01-01 08:17:55,L19,0.2535,8.37,0.1874,19.683,29.65,75.96,WARNING,low_oxygen
2026-01-01 08:18:00,L19,0.2278,10.59,0.2101,19.655,29.79,77.04,WARNING,low_oxygen
2026-01-01 08:18:05,L19,0.204,8.33,0.204,19.55,29.34,75.24,WARNING,low_oxygen
2026-01-01 08:18:10,L19,0.2518,10.74,0.2308,19.568,29.42,77.85,WARNING,low_oxygen
2026-01-01 08:18:15,L19,0.2396,9.8,0.2126,19.499,29.77,77.64,WARNING,low_oxygen
2026-01-01 08:18:20,L19,0.279,9.42,0.2173,19.441,29.64,76.84,WARNING,low_oxygen
2026-01-01 08:18:25,L19,0.2648,9.62,0.2135,19.457,29.65,78.32,WARNING,low_oxygen
2026-01-01 08:18:30,L19,0.2628,12.58,0.2154,19.346,29.68,76.89,WARNING,low_oxygen
2026-01-01 08:18:35,L19,0.2708,10.07,0.2393,19.3,29.58,77.77,WARNING,low_oxygen
2026-01-01 08:18:40,L19,0.2641,11.17,0.2448,19.296,29.71,77.76,WARNING,low_oxygen
2026-01-01 08:18:45,L19,0.3006,11.11,0.2357,19.263,29.6,79.44,WARNING,low_oxygen
2026-01-01 08:18:50,L19,0.2709,13.63,0.2452,19.183,30.01,79.98,WARNING,low_oxygen
2026-01-01 08:18:55,L19,0.2899,14.58,0.2581,19.21,29.86,78.89,WARNING,low_oxygen
2026-01-01 08:19:00,L19,0.2744,13.87,0.2544,19.134,29.88,78.5,WARNING,low_oxygen
2026-01-01 08:19:05,L19,0.2905,12.17,0.26,19.081,29.99,79.0,WARNING,low_oxygen
2026-01-01 08:19:10,L19,0.2757,13.47,0.2607,19.102,30.33,80.13,WARNING,low_oxygen
2026-01-01 08:19:15,L19,0.3014,11.83,0.2588,19.032,29.78,80.35,WARNING,low_oxygen
2026-01-01 08:19:20,L19,0.3027,13.73,0.2711,19.04,29.68,80.32,WARNING,low_oxygen
2026-01-01 08:19:25,L19,0.3138,11.01,0.2869,18.984,29.98,80.2,DANGER,low_oxygen
2026-01-01 08:19:30,L19,0.3163,14.23,0.2717,18.927,29.73,82.44,DANGER,low_oxygen
2026-01-01 08:19:35,L19,0.3135,14.02,0.2868,18.928,29.98,80.91,DANGER,low_oxygen
2026-01-01 08:19:40,L19,0.3475,15.0,0.2853,18.871,30.18,81.01,DANGER,low_oxygen
2026-01-01 08:19:45,L19,0.3204,14.54,0.2831,18.82,30.3,82.86,DANGER,low_oxygen
2026-01-01 08:19:50,L19,0.325,16.04,0.2989,18.798,29.86,81.99,DANGER,low_oxygen
2026-01-01 08:19:55,L19,0.3269,13.88,0.302,18.762,29.98,82.89,DANGER,low_oxygen
2026-01-01 08:20:00,L19,0.335,16.38,0.3043,18.675,30.2,82.05,DANGER,low_oxygen
2026-01-01 08:20:05,L19,0.3315,16.19,0.3176,18.741,30.28,83.43,DANGER,low_oxygen
2026-01-01 08:20:10,L19,0.334,17.34,0.3223,18.635,30.31,83.88,DANGER,low_oxygen
2026-01-01 08:20:15,L19,0.3546,17.67,0.312,18.598,30.43,82.67,DANGER,low_oxygen
2026-01-01 08:20:20,L19,0.3463,14.74,0.3147,18.506,30.34,83.4,DANGER,low_oxygen
2026-01-01 08:20:25,L19,0.3666,17.17,0.3081,18.525,30.24,83.38,DANGER,low_oxygen
2026-01-01 08:20:30,L19,0.3262,14.87,0.3357,18.489,30.44,83.95,DANGER,low_oxygen
2026-01-01 08:20:35,L19,0.3812,18.59,0.3269,18.412,30.31,85.92,DANGER,low_oxygen
2026-01-01 08:20:40,L19,0.1722,8.12,0.0745,20.811,27.57,73.6,SAFE,co2_buildup
2026-01-01 08:20:45,L19,0.1488,3.65,0.0852,20.701,27.63,73.58,SAFE,co2_buildup
2026-01-01 08:20:50,L19,0.1494,5.19,0.0865,20.732,27.47,73.02,SAFE,co2_buildup
2026-01-01 08:20:55,L19,0.1585,5.5,0.086,20.656,27.77,75.66,SAFE,co2_buildup
2026-01-01 08:21:00,L19,0.1916,7.51,0.0944,20.667,28.26,74.05,SAFE,co2_buildup
2026-01-01 08:21:05,L19,0.1722,8.07,0.1112,20.651,28.07,74.14,SAFE,co2_buildup
2026-01-01 08:21:10,L19,0.1637,6.79,0.1141,20.615,27.78,75.73,SAFE,co2_buildup
2026-01-01 08:21:15,L19,0.1692,2.08,0.1111,20.626,27.68,74.67,SAFE,co2_buildup
2026-01-01 08:21:20,L19,0.1757,5.78,0.1277,20.641,28.02,74.86,SAFE,co2_buildup
2026-01-01 08:21:25,L19,0.1831,5.56,0.1312,20.61,28.24,74.59,SAFE,co2_buildup
2026-01-01 08:21:30,L19,0.1773,9.34,0.1551,20.64,28.13,74.02,SAFE,co2_buildup
2026-01-01 08:21:35,L19,0.2118,6.47,0.1448,20.563,28.48,75.71,SAFE,co2_buildup
2026-01-01 08:21:40,L19,0.2044,10.62,0.1755,20.599,28.14,73.71,WARNING,co2_buildup
2026-01-01 08:21:45,L19,0.2197,8.96,0.189,20.548,28.36,74.16,SAFE,co2_buildup
2026-01-01 08:21:50,L19,0.1818,10.29,0.1733,20.586,28.37,74.42,WARNING,co2_buildup
2026-01-01 08:21:55,L19,0.2368,12.22,0.1818,20.563,28.56,75.34,WARNING,co2_buildup
2026-01-01 08:22:00,L19,0.224,7.66,0.2018,20.557,28.63,75.23,SAFE,co2_buildup
2026-01-01 08:22:05,L19,0.2372,6.9,0.2105,20.509,28.75,73.85,SAFE,co2_buildup
2026-01-01 08:22:10,L19,0.257,9.85,0.2054,20.541,28.61,77.3,SAFE,co2_buildup
2026-01-01 08:22:15,L19,0.2442,11.25,0.2133,20.438,28.88,76.15,WARNING,co2_buildup
2026-01-01 08:22:20,L19,0.2748,9.07,0.2209,20.488,28.8,75.25,SAFE,co2_buildup
2026-01-01 08:22:25,L19,0.2195,10.36,0.2251,20.466,29.02,76.09,WARNING,co2_buildup
2026-01-01 08:22:30,L19,0.2474,12.38,0.2467,20.474,29.1,76.2,WARNING,co2_buildup
2026-01-01 08:22:35,L19,0.2296,12.48,0.2482,20.434,28.94,75.68,WARNING,co2_buildup
2026-01-01 08:22:40,L19,0.2658,10.17,0.2486,20.394,28.9,76.36,WARNING,co2_buildup
2026-01-01 08:22:45,L19,0.2668,11.7,0.2625,20.378,29.09,76.47,WARNING,co2_buildup
2026-01-01 08:22:50,L19,0.2537,10.13,0.2665,20.397,29.27,77.12,WARNING,co2_buildup
2026-01-01 08:22:55,L19,0.3072,9.61,0.297,20.377,28.96,76.4,SAFE,co2_buildup
2026-01-01 08:23:00,L19,0.2737,14.07,0.2826,20.397,29.17,76.7,WARNING,co2_buildup
2026-01-01 08:23:05,L19,0.2505,9.07,0.298,20.387,29.41,76.38,SAFE,co2_buildup
2026-01-01 08:23:10,L19,0.2983,12.81,0.3031,20.347,28.98,76.3,WARNING,co2_buildup
2026-01-01 08:23:15,L19,0.303,12.21,0.3059,20.334,29.27,76.13,WARNING,co2_buildup
2026-01-01 08:23:20,L19,0.2899,13.83,0.3182,20.352,29.4,76.2,WARNING,co2_buildup
2026-01-01 08:23:25,L19,0.3134,12.23,0.3238,20.3,29.54,76.57,WARNING,co2_buildup
2026-01-01 08:23:30,L19,0.2918,15.22,0.3496,20.288,29.56,76.85,WARNING,co2_buildup
2026-01-01 08:23:35,L19,0.3043,13.42,0.3364,20.242,29.63,77.95,WARNING,co2_buildup
2026-01-01 08:23:40,L19,0.3209,16.17,0.3239,20.295,29.53,76.94,WARNING,co2_buildup
2026-01-01 08:23:45,L19,0.3334,14.57,0.3698,20.253,30.06,77.08,WARNING,co2_buildup
2026-01-01 08:23:50,L19,0.3207,12.91,0.3557,20.277,29.77,77.21,WARNING,co2_buildup
2026-01-01 08:23:55,L19,0.3213,15.54,0.368,20.193,29.63,77.51,WARNING,co2_buildup
2026-01-01 08:24:00,L19,0.3324,15.6,0.3705,20.202,30.15,79.0,WARNING,co2_buildup
2026-01-01 08:24:05,L19,0.3068,15.06,0.3776,20.232,29.92,77.44,WARNING,co2_buildup
2026-01-01 08:24:10,L19,0.3378,14.35,0.3809,20.201,29.92,78.29,WARNING,co2_buildup
2026-01-01 08:24:15,L19,0.3168,17.0,0.3814,20.142,30.26,78.22,WARNING,co2_buildup
2026-01-01 08:24:20,L19,0.3383,14.51,0.3992,20.193,30.15,78.09,WARNING,co2_buildup
2026-01-01 08:24:25,L19,0.3341,14.92,0.4166,20.113,30.31,77.38,WARNING,co2_buildup
2026-01-01 08:24:30,L19,0.3679,17.24,0.4068,20.164,30.25,78.66,WARNING,co2_buildup
2026-01-01 08:24:35,L19,0.3535,16.38,0.4315,20.097,30.34,76.8,WARNING,co2_buildup
2026-01-01 08:24:40,L19,0.3875,14.0,0.4536,20.15,30.32,77.63,WARNING,co2_buildup
2026-01-01 08:24:45,L19,0.3457,15.75,0.4448,20.104,30.35,78.11,WARNING,co2_buildup
2026-01-01 08:24:50,L19,0.3743,18.04,0.4389,20.098,31.11,78.47,WARNING,co2_buildup
2026-01-01 08:24:55,L19,0.3837,17.27,0.4608,20.072,30.53,78.81,WARNING,co2_buildup
2026-01-01 08:25:00,L19,0.3943,17.77,0.4728,20.064,30.5,79.96,WARNING,co2_buildup
2026-01-01 08:25:05,L19,0.4237,18.56,0.4831,20.051,30.95,79.45,WARNING,co2_buildup
2026-01-01 08:25:10,L19,0.3664,19.1,0.4816,20.057,30.88,79.18,WARNING,co2_buildup
2026-01-01 08:25:15,L19,0.389,18.84,0.4925,20.021,30.9,78.88,WARNING,co2_buildup
2026-01-01 08:25:20,L19,0.4348,13.92,0.502,20.054,30.89,78.99,WARNING,co2_buildup
2026-01-01 08:25:25,L19,0.3956,19.07,0.5075,19.975,30.96,78.44,DANGER,co2_buildup
2026-01-01 08:25:30,L19,0.4205,18.62,0.5128,20.01,31.04,77.76,WARNING,co2_buildup
2026-01-01 08:25:35,L19,0.4043,19.69,0.5127,19.988,31.32,78.53,DANGER,co2_buildup
2026-01-01 08:25:40,L19,0.4019,21.49,0.5329,19.995,31.17,80.58,DANGER,co2_buildup
2026-01-01 08:25:45,L19,0.4151,18.53,0.5285,19.949,31.44,79.18,DANGER,co2_buildup
2026-01-01 08:25:50,L19,0.1767,6.67,0.0618,20.643,27.45,65.09,SAFE,ventilation_failure
2026-01-01 08:25:55,L19,0.2247,5.8,0.0659,20.573,27.37,68.27,SAFE,ventilation_failure
2026-01-01 08:26:00,L19,0.1716,4.7,0.0867,20.574,27.48,68.52,SAFE,ventilation_failure
2026-01-01 08:26:05,L19,0.2517,7.46,0.0739,20.577,27.88,67.76,SAFE,ventilation_failure
2026-01-01 08:26:10,L19,0.2601,7.97,0.089,20.533,27.85,68.58,SAFE,ventilation_failure
2026-01-01 08:26:15,L19,0.247,8.5,0.0959,20.558,27.7,70.38,SAFE,ventilation_failure
2026-01-01 08:26:20,L19,0.2538,7.49,0.1127,20.479,27.91,68.46,SAFE,ventilation_failure
2026-01-01 08:26:25,L19,0.2698,10.52,0.1044,20.45,28.04,69.79,SAFE,ventilation_failure
2026-01-01 08:26:30,L19,0.2906,11.13,0.1219,20.42,28.53,70.88,SAFE,ventilation_failure
2026-01-01 08:26:35,L19,0.3281,14.87,0.1298,20.469,28.48,70.95,SAFE,ventilation_failure
2026-01-01 08:26:40,L19,0.2884,12.16,0.1438,20.424,28.62,71.25,SAFE,ventilation_failure
2026-01-01 08:26:45,L19,0.3708,15.37,0.1368,20.321,28.69,73.09,SAFE,ventilation_failure
2026-01-01 08:26:50,L19,0.3559,15.72,0.1404,20.406,28.7,71.17,SAFE,ventilation_failure
2026-01-01 08:26:55,L19,0.3888,14.51,0.162,20.335,29.1,71.64,WARNING,ventilation_failure
2026-01-01 08:27:00,L19,0.3679,17.09,0.1543,20.302,29.21,70.9,WARNING,ventilation_failure
2026-01-01 08:27:05,L19,0.4125,14.86,0.1685,20.291,29.13,72.47,WARNING,ventilation_failure
2026-01-01 08:27:10,L19,0.4227,16.55,0.178,20.224,29.57,73.23,WARNING,ventilation_failure
2026-01-01 08:27:15,L19,0.4406,16.83,0.1921,20.236,29.6,74.44,WARNING,ventilation_failure
2026-01-01 08:27:20,L19,0.437,18.2,0.1821,20.199,29.48,75.38,WARNING,ventilation_failure
2026-01-01 08:27:25,L19,0.4569,16.23,0.1994,20.175,29.69,74.27,WARNING,ventilation_failure
2026-01-01 08:27:30,L19,0.4593,22.74,0.2092,20.192,29.8,75.35,WARNING,ventilation_failure
2026-01-01 08:27:35,L19,0.5046,20.39,0.2094,20.133,30.03,77.01,WARNING,ventilation_failure
2026-01-01 08:27:40,L19,0.5285,22.82,0.2206,20.122,29.89,76.17,WARNING,ventilation_failure
2026-01-01 08:27:45,L19,0.5278,22.81,0.2379,20.106,30.12,77.16,WARNING,ventilation_failure
2026-01-01 08:27:50,L19,0.4986,22.84,0.234,20.102,30.47,78.06,WARNING,ventilation_failure
2026-01-01 08:27:55,L19,0.5744,22.13,0.2424,20.09,30.24,76.85,WARNING,ventilation_failure
2026-01-01 08:28:00,L19,0.5711,23.48,0.2596,20.03,30.57,77.11,WARNING,ventilation_failure
2026-01-01 08:28:05,L19,0.5447,25.3,0.2581,19.995,30.54,79.74,DANGER,ventilation_failure
2026-01-01 08:28:10,L19,0.5743,25.74,0.2778,20.042,30.99,79.33,WARNING,ventilation_failure
2026-01-01 08:28:15,L19,0.5992,25.79,0.2612,19.885,31.02,78.23,DANGER,ventilation_failure
2026-01-01 08:28:20,L19,0.6303,27.02,0.2794,19.966,30.88,78.88,DANGER,ventilation_failure
2026-01-01 08:28:25,L19,0.6302,29.55,0.2951,19.913,31.06,79.99,DANGER,ventilation_failure
2026-01-01 08:28:30,L19,0.6474,30.97,0.2904,19.912,31.35,81.69,DANGER,ventilation_failure
2026-01-01 08:28:35,L19,0.6897,28.71,0.3015,19.874,31.12,81.78,DANGER,ventilation_failure
2026-01-01 08:28:40,L19,0.7091,29.94,0.3207,19.889,31.43,82.28,DANGER,ventilation_failure
2026-01-01 08:28:45,L19,0.7208,32.38,0.3117,19.84,31.59,81.5,DANGER,ventilation_failure
2026-01-01 08:28:50,L19,0.6972,32.62,0.329,19.763,32.03,82.27,DANGER,ventilation_failure
2026-01-01 08:28:55,L19,0.7511,33.11,0.3384,19.739,31.88,82.06,DANGER,ventilation_failure
2026-01-01 08:29:00,L19,0.7451,35.85,0.3403,19.754,32.19,82.79,DANGER,ventilation_failure
2026-01-01 08:29:05,L19,0.7969,35.54,0.3472,19.757,32.14,82.65,CRITICAL,ventilation_failure
2026-01-01 08:29:10,L19,0.7866,33.63,0.346,19.755,32.45,83.28,CRITICAL,ventilation_failure
2026-01-01 08:29:15,L19,0.8162,35.67,0.3673,19.674,32.23,83.82,CRITICAL,ventilation_failure
2026-01-01 08:29:20,L19,0.8216,35.18,0.3587,19.605,32.48,84.71,CRITICAL,ventilation_failure
2026-01-01 08:29:25,L19,0.835,38.2,0.3791,19.662,32.69,85.59,CRITICAL,ventilation_failure
2026-01-01 08:29:30,L19,0.8382,37.28,0.3791,19.628,32.86,87.01,CRITICAL,ventilation_failure
2026-01-01 08:29:35,L19,0.8771,37.43,0.3873,19.608,33.01,85.81,CRITICAL,ventilation_failure
2026-01-01 08:29:40,L19,0.8882,37.79,0.3961,19.549,33.11,87.0,CRITICAL,ventilation_failure
2026-01-01 08:29:45,L19,0.8845,44.65,0.409,19.595,33.28,86.81,CRITICAL,ventilation_failure
2026-01-01 08:29:50,L19,0.8981,40.43,0.4248,19.512,33.33,88.15,CRITICAL,ventilation_failure
2026-01-01 08:29:55,L19,0.9092,42.81,0.4204,19.524,33.48,86.8,CRITICAL,ventilation_failure
2026-01-01 08:30:00,L19,0.9474,44.17,0.421,19.501,33.43,87.81,CRITICAL,ventilation_failure
2026-01-01 08:30:05,L19,0.954,45.06,0.4225,19.486,33.46,89.19,CRITICAL,ventilation_failure
2026-01-01 08:30:10,L19,0.97,46.61,0.4506,19.425,33.66,89.55,CRITICAL,ventilation_failure
2026-01-01 08:30:15,L19,0.9755,46.41,0.45,19.397,33.7,89.99,CRITICAL,ventilation_failure
2026-01-01 08:30:20,L19,1.018,46.61,0.454,19.428,34.11,91.06,CRITICAL,ventilation_failure
2026-01-01 08:30:25,L19,0.989,48.42,0.4636,19.397,34.34,88.97,CRITICAL,ventilation_failure
2026-01-01 08:30:30,L19,1.0384,49.2,0.4765,19.368,34.18,89.78,CRITICAL,ventilation_failure
2026-01-01 08:30:35,L19,1.0566,49.77,0.4743,19.369,34.6,91.66,CRITICAL,ventilation_failure
2026-01-01 08:30:40,L19,1.0524,51.45,0.4795,19.324,34.64,92.29,CRITICAL,ventilation_failure
2026-01-01 08:30:45,L19,1.0506,50.35,0.4816,19.28,34.61,92.59,CRITICAL,ventilation_failure
2026-01-01 08:30:50,L19,1.0933,51.79,0.4908,19.284,34.77,94.66,CRITICAL,ventilation_failure
2026-01-01 08:30:55,L19,1.1208,50.91,0.5039,19.26,35.11,92.18,CRITICAL,ventilation_failure
2026-01-01 08:31:00,L19,0.1036,7.44,0.0945,20.882,29.0,76.92,SAFE,fire_heat
2026-01-01 08:31:05,L19,0.1294,7.23,0.1043,20.804,29.34,76.41,SAFE,fire_heat
2026-01-01 08:31:10,L19,0.1371,11.38,0.1058,20.851,29.35,75.99,SAFE,fire_heat
2026-01-01 08:31:15,L19,0.15,6.83,0.1002,20.851,29.35,77.77,SAFE,fire_heat
2026-01-01 08:31:20,L19,0.1774,10.17,0.1114,20.815,29.84,76.65,SAFE,fire_heat
2026-01-01 08:31:25,L19,0.2098,12.67,0.1023,20.78,29.87,76.57,SAFE,fire_heat
2026-01-01 08:31:30,L19,0.1561,12.74,0.112,20.786,30.1,78.11,SAFE,fire_heat
2026-01-01 08:31:35,L19,0.2164,11.65,0.1159,20.726,30.61,77.0,SAFE,fire_heat
2026-01-01 08:31:40,L19,0.219,11.5,0.1126,20.703,30.87,77.41,SAFE,fire_heat
2026-01-01 08:31:45,L19,0.2105,15.11,0.1189,20.731,30.86,79.51,SAFE,fire_heat
2026-01-01 08:31:50,L19,0.2284,13.32,0.1253,20.713,31.23,79.69,SAFE,fire_heat
2026-01-01 08:31:55,L19,0.2593,13.48,0.1143,20.691,31.18,79.55,SAFE,fire_heat
2026-01-01 08:32:00,L19,0.2591,16.85,0.127,20.647,31.64,79.38,SAFE,fire_heat
2026-01-01 08:32:05,L19,0.2698,16.44,0.1459,20.669,31.72,79.88,SAFE,fire_heat
2026-01-01 08:32:10,L19,0.2725,16.07,0.1241,20.582,31.8,80.7,SAFE,fire_heat
2026-01-01 08:32:15,L19,0.2837,17.71,0.1416,20.587,32.08,80.19,WARNING,fire_heat
2026-01-01 08:32:20,L19,0.2928,18.52,0.1351,20.599,32.5,79.69,WARNING,fire_heat
2026-01-01 08:32:25,L19,0.3119,18.4,0.1479,20.582,32.43,80.37,WARNING,fire_heat
2026-01-01 08:32:30,L19,0.3299,19.33,0.1353,20.514,32.83,79.47,WARNING,fire_heat
2026-01-01 08:32:35,L19,0.3494,16.48,0.1437,20.581,33.25,80.14,WARNING,fire_heat
2026-01-01 08:32:40,L19,0.344,20.19,0.1639,20.493,33.24,80.35,WARNING,fire_heat
2026-01-01 08:32:45,L19,0.3799,20.02,0.1474,20.48,33.3,80.27,WARNING,fire_heat
2026-01-01 08:32:50,L19,0.3672,20.4,0.1565,20.487,33.7,80.31,WARNING,fire_heat
2026-01-01 08:32:55,L19,0.4046,21.2,0.1587,20.484,34.07,81.77,WARNING,fire_heat
2026-01-01 08:33:00,L19,0.3923,22.11,0.1403,20.42,33.99,80.15,WARNING,fire_heat
2026-01-01 08:33:05,L19,0.4478,23.03,0.1627,20.433,34.58,81.21,WARNING,fire_heat
2026-01-01 08:33:10,L19,0.4395,24.35,0.1518,20.365,34.74,80.24,WARNING,fire_heat
2026-01-01 08:33:15,L19,0.4547,23.63,0.1694,20.409,34.89,79.84,WARNING,fire_heat
2026-01-01 08:33:20,L19,0.4517,26.13,0.1678,20.34,35.14,82.58,DANGER,fire_heat
2026-01-01 08:33:25,L19,0.4757,27.08,0.1605,20.328,35.3,82.83,DANGER,fire_heat
2026-01-01 08:33:30,L19,0.46,27.69,0.1625,20.289,35.54,81.59,DANGER,fire_heat
2026-01-01 08:33:35,L19,0.4764,28.63,0.174,20.286,35.72,82.2,DANGER,fire_heat
2026-01-01 08:33:40,L19,0.4987,27.0,0.197,20.238,36.06,82.11,DANGER,fire_heat
2026-01-01 08:33:45,L19,0.5383,28.08,0.1928,20.238,36.34,82.28,DANGER,fire_heat
2026-01-01 08:33:50,L19,0.5429,29.48,0.1852,20.22,36.25,82.3,DANGER,fire_heat
2026-01-01 08:33:55,L19,0.5065,29.1,0.1891,20.168,36.48,83.24,DANGER,fire_heat
2026-01-01 08:34:00,L19,0.5375,28.62,0.1923,20.163,36.75,82.74,DANGER,fire_heat
2026-01-01 08:34:05,L19,0.5633,30.23,0.1858,20.098,36.93,83.56,DANGER,fire_heat
2026-01-01 08:34:10,L19,0.5956,34.06,0.1871,20.103,37.41,84.74,DANGER,fire_heat
2026-01-01 08:34:15,L19,0.5927,31.12,0.2021,20.12,37.24,83.9,DANGER,fire_heat
2026-01-01 08:34:20,L19,0.5632,31.67,0.193,20.13,37.76,83.86,DANGER,fire_heat
2026-01-01 08:34:25,L19,0.596,32.67,0.212,20.071,38.11,83.48,DANGER,fire_heat
2026-01-01 08:34:30,L19,0.6366,34.95,0.1922,20.061,38.03,84.11,DANGER,fire_heat
2026-01-01 08:34:35,L19,0.6411,35.26,0.1984,20.077,38.56,82.96,DANGER,fire_heat
2026-01-01 08:34:40,L19,0.6523,36.42,0.2195,20.047,38.73,85.71,DANGER,fire_heat
2026-01-01 08:34:45,L19,0.6792,39.79,0.2085,20.027,38.72,83.89,DANGER,fire_heat
2026-01-01 08:34:50,L19,0.6696,37.84,0.2124,19.986,39.11,83.29,DANGER,fire_heat
2026-01-01 08:34:55,L19,0.6975,38.59,0.2211,19.948,39.09,84.92,DANGER,fire_heat
2026-01-01 08:35:00,L19,0.7239,42.15,0.2278,19.955,39.26,85.47,DANGER,fire_heat
2026-01-01 08:35:05,L19,0.7149,39.22,0.226,19.961,39.58,86.42,DANGER,fire_heat
2026-01-01 08:35:10,L19,0.7104,38.53,0.226,19.957,40.07,85.74,CRITICAL,fire_heat
2026-01-01 08:35:15,L19,0.7296,39.29,0.2326,19.955,40.01,86.46,CRITICAL,fire_heat
2026-01-01 08:35:20,L19,0.7347,41.95,0.2321,19.909,40.31,86.64,CRITICAL,fire_heat
2026-01-01 08:35:25,L19,0.7269,39.11,0.2401,19.845,40.37,86.74,CRITICAL,fire_heat
2026-01-01 08:35:30,L19,0.7609,38.7,0.2568,19.788,40.87,85.35,CRITICAL,fire_heat
2026-01-01 08:35:35,L19,0.7946,41.01,0.2406,19.822,41.08,86.84,CRITICAL,fire_heat
2026-01-01 08:35:40,L19,0.7974,44.1,0.2323,19.817,41.07,85.5,CRITICAL,fire_heat
2026-01-01 08:35:45,L19,0.8299,44.38,0.25,19.688,41.05,88.38,CRITICAL,fire_heat
2026-01-01 08:35:50,L19,0.8239,43.88,0.2431,19.7,41.56,87.52,CRITICAL,fire_heat
2026-01-01 08:35:55,L19,0.8473,46.35,0.2496,19.711,41.9,86.64,CRITICAL,fire_heat
2026-01-01 08:36:00,L19,0.8199,46.28,0.2524,19.682,42.05,87.62,CRITICAL,fire_heat
2026-01-01 08:36:05,L19,0.8519,46.51,0.2474,19.637,42.28,86.69,CRITICAL,fire_heat
2026-01-01 08:36:10,L19,0.1783,3.37,0.0592,20.473,25.04,65.63,SAFE,combined_hazard
2026-01-01 08:36:15,L19,0.1247,5.42,0.0681,20.428,25.54,66.3,SAFE,combined_hazard
2026-01-01 08:36:20,L19,0.1551,5.95,0.0726,20.387,25.61,65.0,SAFE,combined_hazard
2026-01-01 08:36:25,L19,0.1832,8.06,0.0814,20.356,25.84,66.31,SAFE,combined_hazard
2026-01-01 08:36:30,L19,0.2077,9.26,0.0861,20.288,26.54,67.91,SAFE,combined_hazard
2026-01-01 08:36:35,L19,0.2105,8.53,0.1037,20.243,26.38,66.35,SAFE,combined_hazard
2026-01-01 08:36:40,L19,0.2349,11.29,0.1077,20.156,26.98,68.82,SAFE,combined_hazard
2026-01-01 08:36:45,L19,0.2086,13.08,0.1211,20.206,27.11,67.58,SAFE,combined_hazard
2026-01-01 08:36:50,L19,0.2388,17.63,0.1326,20.128,27.25,68.16,SAFE,combined_hazard
2026-01-01 08:36:55,L19,0.2782,15.98,0.124,20.169,27.67,67.49,SAFE,combined_hazard
2026-01-01 08:37:00,L19,0.2561,18.0,0.1338,20.093,27.98,67.9,SAFE,combined_hazard
2026-01-01 08:37:05,L19,0.2383,22.2,0.1541,20.061,28.07,68.84,WARNING,combined_hazard
2026-01-01 08:37:10,L19,0.2822,17.98,0.1545,20.015,28.67,70.46,WARNING,combined_hazard
2026-01-01 08:37:15,L19,0.3138,19.43,0.1653,19.971,28.94,72.0,WARNING,combined_hazard
2026-01-01 08:37:20,L19,0.3189,21.94,0.1733,19.93,29.13,72.59,WARNING,combined_hazard
2026-01-01 08:37:25,L19,0.3134,23.98,0.1731,19.894,29.55,70.79,WARNING,combined_hazard
2026-01-01 08:37:30,L19,0.3346,25.51,0.1928,19.844,29.8,70.99,WARNING,combined_hazard
2026-01-01 08:37:35,L19,0.3382,26.47,0.1988,19.781,30.25,70.87,WARNING,combined_hazard
2026-01-01 08:37:40,L19,0.3527,26.76,0.1968,19.726,30.19,72.93,WARNING,combined_hazard
2026-01-01 08:37:45,L19,0.3705,31.45,0.2116,19.735,30.6,71.84,WARNING,combined_hazard
2026-01-01 08:37:50,L19,0.398,30.69,0.2201,19.722,31.08,72.61,WARNING,combined_hazard
2026-01-01 08:37:55,L19,0.3733,34.52,0.235,19.641,31.31,73.58,WARNING,combined_hazard
2026-01-01 08:38:00,L19,0.4424,32.6,0.2464,19.611,31.17,73.92,WARNING,combined_hazard
2026-01-01 08:38:05,L19,0.4331,38.44,0.245,19.528,31.56,73.45,WARNING,combined_hazard
2026-01-01 08:38:10,L19,0.4308,34.38,0.2397,19.515,32.1,74.25,DANGER,combined_hazard
2026-01-01 08:38:15,L19,0.4455,38.23,0.267,19.453,32.64,74.24,DANGER,combined_hazard
2026-01-01 08:38:20,L19,0.4633,38.13,0.2868,19.416,32.62,74.42,DANGER,combined_hazard
2026-01-01 08:38:25,L19,0.4857,41.06,0.283,19.415,33.07,74.65,DANGER,combined_hazard
2026-01-01 08:38:30,L19,0.5006,40.92,0.2831,19.372,33.28,74.67,DANGER,combined_hazard
2026-01-01 08:38:35,L19,0.5082,40.55,0.2965,19.359,33.64,76.52,DANGER,combined_hazard
2026-01-01 08:38:40,L19,0.5125,43.97,0.3078,19.319,34.01,76.42,CRITICAL,combined_hazard
2026-01-01 08:38:45,L19,0.5364,48.91,0.3103,19.231,34.28,76.09,CRITICAL,combined_hazard
2026-01-01 08:38:50,L19,0.5182,46.4,0.328,19.161,34.57,76.39,CRITICAL,combined_hazard
2026-01-01 08:38:55,L19,0.5438,50.04,0.3164,19.152,34.63,76.76,CRITICAL,combined_hazard
2026-01-01 08:39:00,L19,0.5646,50.66,0.3303,19.12,34.99,77.65,CRITICAL,combined_hazard
2026-01-01 08:39:05,L19,0.5674,51.35,0.3453,19.119,35.39,79.42,CRITICAL,combined_hazard
2026-01-01 08:39:10,L19,0.597,56.47,0.3552,19.082,35.67,78.36,CRITICAL,combined_hazard
2026-01-01 08:39:15,L19,0.5929,54.31,0.3533,19.024,35.98,79.73,CRITICAL,combined_hazard
2026-01-01 08:39:20,L19,0.6514,56.41,0.3621,19.009,35.92,80.91,CRITICAL,combined_hazard
2026-01-01 08:39:25,L19,0.6166,57.67,0.3684,19.025,36.65,80.18,CRITICAL,combined_hazard
2026-01-01 08:39:30,L19,0.6739,61.28,0.3759,18.905,36.51,79.82,CRITICAL,combined_hazard
2026-01-01 08:39:35,L19,0.6339,58.04,0.394,18.863,36.94,80.74,CRITICAL,combined_hazard
2026-01-01 08:39:40,L19,0.7068,65.04,0.3976,18.806,37.38,81.16,CRITICAL,combined_hazard
2026-01-01 08:39:45,L19,0.6982,65.33,0.4163,18.802,37.64,82.95,CRITICAL,combined_hazard
2026-01-01 08:39:50,L19,0.7141,65.02,0.4052,18.788,38.14,80.57,CRITICAL,combined_hazard
2026-01-01 08:39:55,L19,0.6944,66.73,0.4208,18.7,38.05,83.23,CRITICAL,combined_hazard
2026-01-01 08:40:00,L19,0.7228,66.84,0.436,18.665,38.46,81.32,CRITICAL,combined_hazard
2026-01-01 08:40:05,L19,0.7365,68.78,0.4409,18.622,38.51,83.75,CRITICAL,combined_hazard
2026-01-01 08:40:10,L19,0.7516,70.56,0.4374,18.565,39.12,83.15,CRITICAL,combined_hazard
2026-01-01 08:40:15,L19,0.785,69.95,0.4634,18.564,39.36,85.32,CRITICAL,combined_hazard
2026-01-01 08:40:20,L19,0.789,74.97,0.463,18.527,39.5,84.78,CRITICAL,combined_hazard
2026-01-01 08:40:25,L19,0.7889,74.4,0.4856,18.482,40.17,85.08,CRITICAL,combined_hazard
2026-01-01 08:40:30,L19,0.8191,75.66,0.4773,18.499,40.43,84.25,CRITICAL,combined_hazard
2026-01-01 08:40:35,L19,0.8346,75.52,0.4956,18.417,40.57,86.83,CRITICAL,combined_hazard
2026-01-01 08:40:40,L19,0.8211,79.95,0.4916,18.333,41.02,88.02,CRITICAL,combined_hazard
2026-01-01 08:40:45,L19,0.8334,79.51,0.5006,18.347,41.13,87.76,CRITICAL,combined_hazard
2026-01-01 08:40:50,L19,0.8875,80.16,0.5145,18.279,41.54,85.73,CRITICAL,combined_hazard
2026-01-01 08:40:55,L19,0.8642,80.7,0.5049,18.241,41.85,86.76,CRITICAL,combined_hazard
2026-01-01 08:41:00,L19,0.8709,83.46,0.5105,18.206,41.85,86.34,CRITICAL,combined_hazard
2026-01-01 08:41:05,L19,0.891,83.33,0.5292,18.164,42.37,87.19,CRITICAL,combined_hazard
2026-01-01 08:41:10,L19,0.9221,86.98,0.5323,18.142,42.62,88.28,CRITICAL,combined_hazard
2026-01-01 08:41:15,L19,0.9295,89.0,0.5327,18.159,42.74,89.02,CRITICAL,combined_hazard
2026-01-01 08:41:20,L19,0.9296,88.63,0.5647,18.046,42.99,89.25,CRITICAL,combined_hazard
2026-01-01 08:41:25,L19,0.9534,90.95,0.5605,18.021,43.55,87.82,CRITICAL,combined_hazard
2026-01-01 08:41:30,L19,0.9607,93.8,0.5721,17.986,43.72,89.55,CRITICAL,combined_hazard
2026-01-01 08:41:35,L19,0.9676,93.09,0.584,17.925,43.84,90.38,CRITICAL,combined_hazard
2026-01-01 08:00:00,L20,0.2174,8.31,0.0909,20.833,26.11,75.83,SAFE,normal
2026-01-01 08:00:05,L20,0.2059,5.05,0.0674,20.787,26.32,76.55,SAFE,normal
2026-01-01 08:00:10,L20,0.2125,7.86,0.0944,20.835,26.13,75.51,SAFE,normal
2026-01-01 08:00:15,L20,0.2039,9.5,0.0678,20.883,26.74,74.89,SAFE,normal
2026-01-01 08:00:20,L20,0.2049,9.06,0.0856,20.846,26.29,76.67,SAFE,normal
2026-01-01 08:00:25,L20,0.2192,7.7,0.0757,20.836,26.39,74.99,SAFE,normal
2026-01-01 08:00:30,L20,0.1971,7.81,0.0837,20.829,26.36,76.96,SAFE,normal
2026-01-01 08:00:35,L20,0.2053,10.02,0.0812,20.784,26.6,76.74,SAFE,normal
2026-01-01 08:00:40,L20,0.1878,9.84,0.0769,20.782,26.5,76.12,SAFE,normal
2026-01-01 08:00:45,L20,0.2212,7.65,0.0851,20.815,26.43,74.31,SAFE,normal
2026-01-01 08:00:50,L20,0.2267,6.85,0.0821,20.796,26.34,76.73,SAFE,normal
2026-01-01 08:00:55,L20,0.2208,9.09,0.0909,20.764,26.74,72.96,SAFE,normal
2026-01-01 08:01:00,L20,0.2094,9.5,0.0793,20.796,26.8,73.95,SAFE,normal
2026-01-01 08:01:05,L20,0.2134,9.88,0.092,20.818,26.8,75.13,SAFE,normal
2026-01-01 08:01:10,L20,0.2174,8.69,0.0961,20.821,26.75,74.88,SAFE,normal
2026-01-01 08:01:15,L20,0.2327,7.29,0.0893,20.777,26.78,73.51,SAFE,normal
2026-01-01 08:01:20,L20,0.233,5.33,0.0805,20.799,26.99,73.27,SAFE,normal
2026-01-01 08:01:25,L20,0.1971,10.74,0.1059,20.811,26.9,73.54,SAFE,normal
2026-01-01 08:01:30,L20,0.2065,10.25,0.0967,20.759,27.13,73.45,SAFE,normal
2026-01-01 08:01:35,L20,0.2274,6.7,0.0881,20.773,26.99,72.95,SAFE,normal
2026-01-01 08:01:40,L20,0.2019,8.14,0.0988,20.794,27.02,74.47,SAFE,normal
2026-01-01 08:01:45,L20,0.2369,7.53,0.0824,20.766,27.14,72.4,SAFE,normal
2026-01-01 08:01:50,L20,0.2201,7.96,0.1062,20.781,27.34,73.93,SAFE,normal
2026-01-01 08:01:55,L20,0.236,7.27,0.1147,20.865,27.35,72.9,SAFE,normal
2026-01-01 08:02:00,L20,0.227,8.91,0.1052,20.743,27.21,73.2,SAFE,normal
2026-01-01 08:02:05,L20,0.2261,6.18,0.0916,20.83,27.2,71.0,SAFE,normal
2026-01-01 08:02:10,L20,0.2125,7.29,0.0846,20.796,27.12,72.83,SAFE,normal
2026-01-01 08:02:15,L20,0.2217,9.2,0.1124,20.747,27.45,72.61,SAFE,normal
2026-01-01 08:02:20,L20,0.2293,4.94,0.1012,20.803,27.12,71.09,SAFE,normal
2026-01-01 08:02:25,L20,0.2299,8.36,0.1002,20.782,27.69,72.11,SAFE,normal
2026-01-01 08:02:30,L20,0.2442,7.09,0.1136,20.816,27.6,70.06,SAFE,normal
2026-01-01 08:02:35,L20,0.2248,10.34,0.1005,20.798,27.41,70.68,SAFE,normal
2026-01-01 08:02:40,L20,0.2351,8.41,0.1123,20.782,27.74,71.8,SAFE,normal
2026-01-01 08:02:45,L20,0.2593,6.74,0.1073,20.766,27.69,70.53,SAFE,normal
2026-01-01 08:02:50,L20,0.2501,10.11,0.1101,20.809,27.72,70.28,SAFE,normal
2026-01-01 08:02:55,L20,0.2405,7.97,0.1221,20.76,27.65,71.42,SAFE,normal
2026-01-01 08:03:00,L20,0.2182,8.14,0.1061,20.729,27.81,68.55,SAFE,normal
2026-01-01 08:03:05,L20,0.2206,9.28,0.1063,20.712,27.56,69.78,SAFE,normal
2026-01-01 08:03:10,L20,0.2519,7.04,0.1102,20.731,27.83,69.68,SAFE,normal
2026-01-01 08:03:15,L20,0.2546,10.13,0.1032,20.79,27.76,68.9,SAFE,normal
2026-01-01 08:03:20,L20,0.2154,8.83,0.1212,20.754,27.86,70.45,SAFE,normal
2026-01-01 08:03:25,L20,0.2562,7.01,0.1211,20.74,27.84,68.43,SAFE,normal
2026-01-01 08:03:30,L20,0.2384,7.32,0.1156,20.749,27.89,68.26,SAFE,normal
2026-01-01 08:03:35,L20,0.2419,6.09,0.1092,20.785,28.23,66.81,SAFE,normal
2026-01-01 08:03:40,L20,0.2625,8.45,0.0956,20.778,27.86,69.48,SAFE,normal
2026-01-01 08:03:45,L20,0.2613,7.72,0.1118,20.762,28.18,68.14,SAFE,normal
2026-01-01 08:03:50,L20,0.2499,8.46,0.1176,20.738,27.99,67.95,SAFE,normal
2026-01-01 08:03:55,L20,0.2629,5.45,0.1052,20.743,28.4,67.86,SAFE,normal
2026-01-01 08:04:00,L20,0.2482,7.22,0.1413,20.749,28.31,68.79,SAFE,normal
2026-01-01 08:04:05,L20,0.2429,6.54,0.1256,20.725,28.08,68.94,SAFE,normal
2026-01-01 08:04:10,L20,0.2748,8.76,0.1275,20.747,28.38,66.07,SAFE,normal
2026-01-01 08:04:15,L20,0.2769,7.12,0.1229,20.72,28.27,66.9,SAFE,normal
2026-01-01 08:04:20,L20,0.2485,8.73,0.131,20.758,28.45,66.17,SAFE,normal
2026-01-01 08:04:25,L20,0.2513,7.23,0.1236,20.76,28.26,66.71,SAFE,normal
2026-01-01 08:04:30,L20,0.2738,10.48,0.1257,20.778,28.69,66.63,SAFE,normal
2026-01-01 08:04:35,L20,0.2512,8.12,0.1391,20.75,28.25,65.14,SAFE,normal
2026-01-01 08:04:40,L20,0.2747,9.42,0.1376,20.748,28.47,66.62,SAFE,normal
2026-01-01 08:04:45,L20,0.2485,7.89,0.1297,20.715,28.47,65.77,SAFE,normal
2026-01-01 08:04:50,L20,0.2607,9.45,0.1469,20.737,28.73,66.57,SAFE,normal
2026-01-01 08:04:55,L20,0.2808,6.91,0.131,20.706,28.65,65.78,SAFE,normal
2026-01-01 08:05:00,L20,0.2527,8.01,0.1286,20.684,28.73,64.19,SAFE,normal
2026-01-01 08:05:05,L20,0.2596,7.38,0.1346,20.726,28.71,65.87,SAFE,normal
2026-01-01 08:05:10,L20,0.0867,1.5,0.0372,20.501,27.03,68.74,SAFE,methane_buildup
2026-01-01 08:05:15,L20,0.1243,4.54,0.0399,20.47,26.77,68.55,SAFE,methane_buildup
2026-01-01 08:05:20,L20,0.1458,4.9,0.0475,20.462,26.9,67.71,SAFE,methane_buildup
2026-01-01 08:05:25,L20,0.1293,4.11,0.0468,20.482,26.96,69.12,SAFE,methane_buildup
2026-01-01 08:05:30,L20,0.1347,6.13,0.0539,20.467,26.99,69.82,SAFE,methane_buildup
2026-01-01 08:05:35,L20,0.154,3.59,0.0519,20.448,27.1,69.28,SAFE,methane_buildup
2026-01-01 08:05:40,L20,0.1811,6.49,0.0651,20.43,26.89,70.43,SAFE,methane_buildup
2026-01-01 08:05:45,L20,0.1576,5.97,0.0751,20.413,27.13,69.7,SAFE,methane_buildup
2026-01-01 08:05:50,L20,0.1727,7.69,0.0484,20.387,27.03,70.49,SAFE,methane_buildup
2026-01-01 08:05:55,L20,0.182,2.34,0.0628,20.367,27.46,70.02,SAFE,methane_buildup
2026-01-01 08:06:00,L20,0.1781,4.38,0.0735,20.399,26.85,70.59,SAFE,methane_buildup
2026-01-01 08:06:05,L20,0.2217,3.86,0.0614,20.391,27.13,71.15,SAFE,methane_buildup
2026-01-01 08:06:10,L20,0.2225,6.49,0.0715,20.375,27.22,69.77,SAFE,methane_buildup
2026-01-01 08:06:15,L20,0.198,7.79,0.0685,20.322,27.08,71.33,SAFE,methane_buildup
2026-01-01 08:06:20,L20,0.2377,4.98,0.0657,20.274,27.07,71.83,SAFE,methane_buildup
2026-01-01 08:06:25,L20,0.2725,6.55,0.0678,20.347,27.37,72.92,SAFE,methane_buildup
2026-01-01 08:06:30,L20,0.2613,7.92,0.0584,20.281,27.32,71.4,SAFE,methane_buildup
2026-01-01 08:06:35,L20,0.2909,6.35,0.0817,20.338,27.09,69.84,SAFE,methane_buildup
2026-01-01 08:06:40,L20,0.2681,7.02,0.0845,20.378,27.0,70.27,SAFE,methane_buildup
2026-01-01 08:06:45,L20,0.3006,3.1,0.0772,20.321,27.33,71.17,SAFE,methane_buildup
2026-01-01 08:06:50,L20,0.3155,8.54,0.0848,20.289,27.31,73.08,SAFE,methane_buildup
2026-01-01 08:06:55,L20,0.3043,5.85,0.0777,20.263,27.36,73.99,SAFE,methane_buildup
2026-01-01 08:07:00,L20,0.3089,10.41,0.0957,20.268,27.27,72.08,SAFE,methane_buildup
2026-01-01 08:07:05,L20,0.3412,5.23,0.0905,20.276,27.44,72.63,SAFE,methane_buildup
2026-01-01 08:07:10,L20,0.3425,7.33,0.1021,20.301,27.57,70.7,SAFE,methane_buildup
2026-01-01 08:07:15,L20,0.3583,7.96,0.0956,20.264,27.57,73.46,SAFE,methane_buildup
2026-01-01 08:07:20,L20,0.3599,3.08,0.0925,20.243,27.24,73.22,SAFE,methane_buildup
2026-01-01 08:07:25,L20,0.3621,9.61,0.0983,20.263,27.75,73.09,SAFE,methane_buildup
2026-01-01 08:07:30,L20,0.3716,8.16,0.1169,20.279,27.49,72.7,SAFE,methane_buildup
2026-01-01 08:07:35,L20,0.3773,4.91,0.1238,20.235,27.2,73.36,SAFE,methane_buildup
2026-01-01 08:07:40,L20,0.3983,7.82,0.0972,20.223,27.49,72.75,SAFE,methane_buildup
2026-01-01 08:07:45,L20,0.3992,7.92,0.1187,20.159,27.48,73.31,SAFE,methane_buildup
2026-01-01 08:07:50,L20,0.4154,7.28,0.1048,20.16,27.44,73.16,SAFE,methane_buildup
2026-01-01 08:07:55,L20,0.4093,6.69,0.1098,20.147,27.45,73.54,SAFE,methane_buildup
2026-01-01 08:08:00,L20,0.4181,7.59,0.1198,20.178,27.6,73.61,SAFE,methane_buildup
2026-01-01 08:08:05,L20,0.4493,9.09,0.1243,20.15,27.62,75.17,SAFE,methane_buildup
2026-01-01 08:08:10,L20,0.456,9.14,0.1168,20.152,27.44,73.97,SAFE,methane_buildup
2026-01-01 08:08:15,L20,0.4533,8.03,0.1297,20.133,27.47,75.02,SAFE,methane_buildup
2026-01-01 08:08:20,L20,0.4901,8.47,0.1365,20.127,27.48,74.37,SAFE,methane_buildup
2026-01-01 08:08:25,L20,0.4668,8.04,0.1351,20.085,27.55,74.57,SAFE,methane_buildup
2026-01-01 08:08:30,L20,0.4953,6.88,0.1237,20.139,27.73,74.72,SAFE,methane_buildup
2026-01-01 08:08:35,L20,0.5052,8.36,0.1301,20.145,27.79,76.55,SAFE,methane_buildup
2026-01-01 08:08:40,L20,0.5088,7.45,0.1429,20.118,27.6,75.8,SAFE,methane_buildup
2026-01-01 08:08:45,L20,0.5367,7.17,0.1505,20.118,27.81,75.53,WARNING,methane_buildup
2026-01-01 08:08:50,L20,0.5517,5.14,0.1302,20.113,27.73,75.5,SAFE,methane_buildup
2026-01-01 08:08:55,L20,0.5197,8.26,0.145,20.103,27.7,75.4,SAFE,methane_buildup
2026-01-01 08:09:00,L20,0.5125,10.16,0.1507,20.107,27.98,76.08,WARNING,methane_buildup
2026-01-01 08:09:05,L20,0.5489,10.93,0.1358,20.109,27.76,75.68,WARNING,methane_buildup
2026-01-01 08:09:10,L20,0.5512,9.87,0.1574,20.112,27.71,76.66,WARNING,methane_buildup
2026-01-01 08:09:15,L20,0.569,7.36,0.1684,19.998,27.87,76.62,WARNING,methane_buildup
2026-01-01 08:09:20,L20,0.6125,9.18,0.159,20.062,27.58,76.74,WARNING,methane_buildup
2026-01-01 08:09:25,L20,0.6353,7.79,0.1604,20.003,27.75,78.53,WARNING,methane_buildup
2026-01-01 08:09:30,L20,0.5903,12.49,0.1521,20.073,27.84,77.52,WARNING,methane_buildup
2026-01-01 08:09:35,L20,0.6175,9.16,0.1564,20.024,27.92,77.75,WARNING,methane_buildup
2026-01-01 08:09:40,L20,0.6268,9.1,0.1574,20.022,27.87,79.1,WARNING,methane_buildup
2026-01-01 08:09:45,L20,0.6386,11.34,0.1577,20.009,27.66,77.16,WARNING,methane_buildup
2026-01-01 08:09:50,L20,0.6225,10.0,0.1651,20.003,27.73,78.04,WARNING,methane_buildup
2026-01-01 08:09:55,L20,0.6713,11.77,0.1717,20.038,27.82,77.36,WARNING,methane_buildup
2026-01-01 08:10:00,L20,0.6759,8.59,0.1646,20.017,27.94,78.84,WARNING,methane_buildup
2026-01-01 08:10:05,L20,0.6648,10.52,0.1709,20.019,27.72,79.44,WARNING,methane_buildup
2026-01-01 08:10:10,L20,0.7001,11.25,0.1784,19.957,28.15,77.19,WARNING,methane_buildup
2026-01-01 08:10:15,L20,0.6697,6.67,0.1612,19.89,28.0,80.0,WARNING,methane_buildup
2026-01-01 08:10:20,L20,0.1275,8.11,0.0659,20.886,25.25,67.02,SAFE,co_buildup
2026-01-01 08:10:25,L20,0.1365,9.51,0.0485,20.835,25.51,66.53,SAFE,co_buildup
2026-01-01 08:10:30,L20,0.1603,7.7,0.0388,20.894,26.05,67.48,SAFE,co_buildup
2026-01-01 08:10:35,L20,0.1495,10.75,0.0475,20.858,25.92,66.71,SAFE,co_buildup
2026-01-01 08:10:40,L20,0.1605,9.82,0.0618,20.793,25.56,66.82,SAFE,co_buildup
2026-01-01 08:10:45,L20,0.1924,12.64,0.0714,20.838,26.07,65.37,SAFE,co_buildup
2026-01-01 08:10:50,L20,0.1895,10.61,0.0541,20.768,26.42,67.03,SAFE,co_buildup
2026-01-01 08:10:55,L20,0.1575,12.3,0.0636,20.797,26.28,65.85,SAFE,co_buildup
2026-01-01 08:11:00,L20,0.205,13.08,0.0664,20.813,26.34,66.62,SAFE,co_buildup
2026-01-01 08:11:05,L20,0.2052,14.01,0.0624,20.798,26.15,67.14,SAFE,co_buildup
2026-01-01 08:11:10,L20,0.2126,13.23,0.0832,20.763,26.48,66.35,SAFE,co_buildup
2026-01-01 08:11:15,L20,0.1865,13.27,0.0825,20.745,26.36,67.51,SAFE,co_buildup
2026-01-01 08:11:20,L20,0.2047,13.07,0.0783,20.71,26.52,68.03,SAFE,co_buildup
2026-01-01 08:11:25,L20,0.2013,15.49,0.0745,20.74,26.57,66.55,SAFE,co_buildup
2026-01-01 08:11:30,L20,0.2147,12.44,0.0878,20.748,27.15,67.41,SAFE,co_buildup
2026-01-01 08:11:35,L20,0.2448,16.27,0.0866,20.775,27.09,66.38,SAFE,co_buildup
2026-01-01 08:11:40,L20,0.2263,16.91,0.0813,20.689,27.28,66.51,SAFE,co_buildup
2026-01-01 08:11:45,L20,0.204,19.68,0.0949,20.718,26.96,67.75,SAFE,co_buildup
2026-01-01 08:11:50,L20,0.2299,16.4,0.0924,20.705,27.28,68.14,SAFE,co_buildup
2026-01-01 08:11:55,L20,0.2314,18.2,0.0784,20.657,27.19,66.42,SAFE,co_buildup
2026-01-01 08:12:00,L20,0.2737,18.68,0.0861,20.682,27.3,69.33,SAFE,co_buildup
2026-01-01 08:12:05,L20,0.2403,17.31,0.0857,20.626,27.6,67.36,SAFE,co_buildup
2026-01-01 08:12:10,L20,0.2521,19.49,0.1069,20.647,27.65,67.98,SAFE,co_buildup
2026-01-01 08:12:15,L20,0.2582,18.01,0.0954,20.623,27.76,67.45,SAFE,co_buildup
2026-01-01 08:12:20,L20,0.2935,22.0,0.1083,20.632,27.62,67.71,SAFE,co_buildup
2026-01-01 08:12:25,L20,0.2896,21.97,0.123,20.624,27.92,69.22,SAFE,co_buildup
2026-01-01 08:12:30,L20,0.2894,22.25,0.1143,20.582,28.04,69.27,SAFE,co_buildup
2026-01-01 08:12:35,L20,0.29,21.18,0.1069,20.587,27.98,66.81,SAFE,co_buildup
2026-01-01 08:12:40,L20,0.2954,24.79,0.1066,20.573,28.13,67.74,SAFE,co_buildup
2026-01-01 08:12:45,L20,0.299,21.56,0.1124,20.533,28.02,70.61,SAFE,co_buildup
2026-01-01 08:12:50,L20,0.3343,23.79,0.1089,20.544,28.03,67.97,SAFE,co_buildup
2026-01-01 08:12:55,L20,0.2902,22.49,0.1103,20.528,28.75,68.72,SAFE,co_buildup
2026-01-01 08:13:00,L20,0.2733,24.49,0.1154,20.501,28.57,69.35,SAFE,co_buildup
2026-01-01 08:13:05,L20,0.3271,27.2,0.1284,20.5,28.58,69.18,WARNING,co_buildup
2026-01-01 08:13:10,L20,0.3472,26.53,0.1223,20.506,28.84,66.31,WARNING,co_buildup
2026-01-01 08:13:15,L20,0.3346,24.97,0.1269,20.505,28.69,68.89,SAFE,co_buildup
2026-01-01 08:13:20,L20,0.3078,26.09,0.1348,20.455,28.93,70.09,WARNING,co_buildup
2026-01-01 08:13:25,L20,0.3543,26.83,0.1392,20.518,29.17,68.77,WARNING,co_buildup
2026-01-01 08:13:30,L20,0.3328,26.68,0.1202,20.49,28.93,67.98,WARNING,co_buildup
2026-01-01 08:13:35,L20,0.3352,28.86,0.1242,20.458,29.11,68.06,WARNING,co_buildup
2026-01-01 08:13:40,L20,0.3455,32.26,0.1372,20.414,29.07,68.78,WARNING,co_buildup
2026-01-01 08:13:45,L20,0.3417,28.67,0.1337,20.434,29.49,69.54,WARNING,co_buildup
2026-01-01 08:13:50,L20,0.3745,32.93,0.1518,20.421,29.49,71.37,WARNING,co_buildup
2026-01-01 08:13:55,L20,0.3674,30.56,0.1435,20.386,29.73,68.89,WARNING,co_buildup
2026-01-01 08:14:00,L20,0.3629,31.57,0.1639,20.374,29.77,69.64,WARNING,co_buildup
2026-01-01 08:14:05,L20,0.4242,32.01,0.148,20.421,29.7,68.01,WARNING,co_buildup
2026-01-01 08:14:10,L20,0.3862,29.6,0.1566,20.378,29.89,67.96,WARNING,co_buildup
2026-01-01 08:14:15,L20,0.4006,33.35,0.1512,20.403,29.98,68.98,WARNING,co_buildup
2026-01-01 08:14:20,L20,0.4288,29.55,0.1627,20.366,30.12,69.79,WARNING,co_buildup
2026-01-01 08:14:25,L20,0.4213,34.04,0.1652,20.378,30.32,69.43,WARNING,co_buildup
2026-01-01 08:14:30,L20,0.4454,34.5,0.1705,20.367,30.03,69.6,WARNING,co_buildup
2026-01-01 08:14:35,L20,0.412,32.48,0.1647,20.349,30.01,69.4,WARNING,co_buildup
2026-01-01 08:14:40,L20,0.4439,35.4,0.1782,20.36,30.22,69.66,WARNING,co_buildup
2026-01-01 08:14:45,L20,0.4412,35.39,0.1728,20.317,30.54,69.51,WARNING,co_buildup
2026-01-01 08:14:50,L20,0.4544,36.13,0.1675,20.258,30.63,68.73,WARNING,co_buildup
2026-01-01 08:14:55,L20,0.4578,36.67,0.1699,20.253,30.57,68.68,WARNING,co_buildup
2026-01-01 08:15:00,L20,0.4392,36.53,0.1831,20.263,30.71,71.02,WARNING,co_buildup
2026-01-01 08:15:05,L20,0.4988,38.05,0.1897,20.294,30.72,69.34,WARNING,co_buildup
2026-01-01 08:15:10,L20,0.4282,39.77,0.173,20.249,30.92,69.87,WARNING,co_buildup
2026-01-01 08:15:15,L20,0.4548,38.63,0.1903,20.257,30.92,71.07,WARNING,co_buildup
2026-01-01 08:15:20,L20,0.4837,39.44,0.1747,20.256,31.36,69.97,WARNING,co_buildup
2026-01-01 08:15:25,L20,0.4835,41.02,0.1839,20.235,31.41,70.95,WARNING,co_buildup
2026-01-01 08:15:30,L20,0.1475,5.68,0.0346,20.496,26.7,78.02,SAFE,low_oxygen
2026-01-01 08:15:35,L20,0.1626,2.54,0.0292,20.411,26.66,77.1,SAFE,low_oxygen
2026-01-01 08:15:40,L20,0.1468,3.93,0.0372,20.455,26.74,78.68,SAFE,low_oxygen
2026-01-01 08:15:45,L20,0.1573,6.3,0.0622,20.367,27.07,78.79,SAFE,low_oxygen
2026-01-01 08:15:50,L20,0.1626,5.15,0.0716,20.373,27.0,78.63,SAFE,low_oxygen
2026-01-01 08:15:55,L20,0.1959,5.2,0.0649,20.277,26.89,78.38,SAFE,low_oxygen
2026-01-01 08:16:00,L20,0.1845,7.89,0.0748,20.224,27.03,79.17,SAFE,low_oxygen
2026-01-01 08:16:05,L20,0.184,5.8,0.079,20.235,27.07,78.37,SAFE,low_oxygen
2026-01-01 08:16:10,L20,0.1652,11.15,0.0824,20.229,27.27,79.62,SAFE,low_oxygen
2026-01-01 08:16:15,L20,0.1759,10.2,0.0793,20.204,27.63,79.13,SAFE,low_oxygen
2026-01-01 08:16:20,L20,0.2025,7.88,0.1016,20.167,27.38,77.63,SAFE,low_oxygen
2026-01-01 08:16:25,L20,0.2032,10.46,0.1185,20.195,27.45,78.61,SAFE,low_oxygen
2026-01-01 08:16:30,L20,0.1756,9.25,0.1121,20.109,27.7,79.05,SAFE,low_oxygen
2026-01-01 08:16:35,L20,0.2214,8.73,0.1149,20.059,27.44,78.31,SAFE,low_oxygen
2026-01-01 08:16:40,L20,0.1911,12.71,0.1204,20.033,27.78,79.81,SAFE,low_oxygen
2026-01-01 08:16:45,L20,0.2129,10.72,0.1343,19.987,27.58,77.44,WARNING,low_oxygen
2026-01-01 08:16:50,L20,0.2521,9.18,0.146,19.991,27.64,79.74,SAFE,low_oxygen
2026-01-01 08:16:55,L20,0.2084,11.59,0.1476,19.986,27.71,79.73,WARNING,low_oxygen
2026-01-01 08:17:00,L20,0.2207,13.81,0.1349,19.968,27.8,77.66,WARNING,low_oxygen
2026-01-01 08:17:05,L20,0.2134,11.68,0.1703,19.888,27.84,79.41,WARNING,low_oxygen
2026-01-01 08:17:10,L20,0.2279,12.38,0.1695,19.866,27.98,79.05,WARNING,low_oxygen
2026-01-01 08:17:15,L20,0.2502,12.0,0.1679,19.82,27.92,80.61,WARNING,low_oxygen
2026-01-01 08:17:20,L20,0.2295,13.36,0.1717,19.84,28.06,78.89,WARNING,low_oxygen
2026-01-01 08:17:25,L20,0.2315,11.76,0.1788,19.745,27.86,80.27,WARNING,low_oxygen
2026-01-01 08:17:30,L20,0.2561,12.42,0.1958,19.731,28.28,80.51,WARNING,low_oxygen
2026-01-01 08:17:35,L20,0.2241,13.48,0.1796,19.6,28.39,79.47,WARNING,low_oxygen
2026-01-01 08:17:40,L20,0.2479,14.63,0.2061,19.66,28.31,80.9,WARNING,low_oxygen
2026-01-01 08:17:45,L20,0.2393,16.44,0.2107,19.649,28.45,79.61,WARNING,low_oxygen
2026-01-01 08:17:50,L20,0.2502,14.94,0.2171,19.623,28.27,81.08,WARNING,low_oxygen
2026-01-01 08:17:55,L20,0.244,16.78,0.2122,19.571,28.68,82.18,WARNING,low_oxygen
2026-01-01 08:18:00,L20,0.2394,15.27,0.2144,19.547,28.54,80.91,WARNING,low_oxygen
2026-01-01 08:18:05,L20,0.2313,17.2,0.2525,19.59,28.33,80.73,WARNING,low_oxygen
2026-01-01 08:18:10,L20,0.2612,18.5,0.2421,19.5,28.81,79.94,WARNING,low_oxygen
2026-01-01 08:18:15,L20,0.2749,16.92,0.263,19.441,28.79,81.88,WARNING,low_oxygen
2026-01-01 08:18:20,L20,0.2873,18.0,0.2613,19.435,29.02,81.19,WARNING,low_oxygen
2026-01-01 08:18:25,L20,0.2586,16.98,0.2614,19.407,29.05,80.18,WARNING,low_oxygen
2026-01-01 08:18:30,L20,0.2844,19.13,0.2689,19.407,29.06,81.83,WARNING,low_oxygen
2026-01-01 08:18:35,L20,0.2941,14.43,0.2822,19.391,28.99,80.79,WARNING,low_oxygen
2026-01-01 08:18:40,L20,0.2947,16.58,0.2896,19.311,29.08,81.32,WARNING,low_oxygen
2026-01-01 08:18:45,L20,0.2967,20.27,0.2904,19.332,28.87,80.53,WARNING,low_oxygen
2026-01-01 08:18:50,L20,0.2639,17.34,0.3018,19.336,29.05,80.18,DANGER,low_oxygen
2026-01-01 08:18:55,L20,0.2981,19.45,0.3087,19.296,29.6,80.3,DANGER,low_oxygen
2026-01-01 08:19:00,L20,0.3023,22.67,0.3088,19.254,28.95,80.78,DANGER,low_oxygen
2026-01-01 08:19:05,L20,0.3152,22.25,0.3078,19.22,29.31,81.57,DANGER,low_oxygen
2026-01-01 08:19:10,L20,0.3314,24.93,0.3231,19.17,29.32,81.0,DANGER,low_oxygen
2026-01-01 08:19:15,L20,0.3103,21.84,0.3197,19.193,29.51,80.68,DANGER,low_oxygen
2026-01-01 08:19:20,L20,0.3125,21.99,0.3291,19.135,29.47,80.63,DANGER,low_oxygen
2026-01-01 08:19:25,L20,0.3232,22.52,0.3419,19.069,29.68,82.48,DANGER,low_oxygen
2026-01-01 08:19:30,L20,0.3251,21.5,0.3446,19.06,29.56,81.45,DANGER,low_oxygen
2026-01-01 08:19:35,L20,0.3349,22.95,0.3622,19.016,29.73,80.06,DANGER,low_oxygen
2026-01-01 08:19:40,L20,0.3399,21.77,0.3529,19.003,29.73,81.69,DANGER,low_oxygen
2026-01-01 08:19:45,L20,0.3328,25.81,0.3477,19.015,29.68,81.44,DANGER,low_oxygen
2026-01-01 08:19:50,L20,0.3465,25.54,0.3817,18.945,29.72,82.02,DANGER,low_oxygen
2026-01-01 08:19:55,L20,0.3393,23.08,0.3781,18.897,30.04,81.48,DANGER,low_oxygen
2026-01-01 08:20:00,L20,0.3244,24.21,0.385,18.924,30.0,83.04,DANGER,low_oxygen
2026-01-01 08:20:05,L20,0.3324,26.18,0.3845,18.902,30.11,81.96,DANGER,low_oxygen
2026-01-01 08:20:10,L20,0.3182,26.39,0.3822,18.811,30.21,81.99,DANGER,low_oxygen
2026-01-01 08:20:15,L20,0.3817,24.79,0.3973,18.851,30.0,81.98,DANGER,low_oxygen
2026-01-01 08:20:20,L20,0.3796,26.85,0.4149,18.807,30.09,82.69,DANGER,low_oxygen
2026-01-01 08:20:25,L20,0.3794,28.0,0.4152,18.732,30.14,82.71,DANGER,low_oxygen
2026-01-01 08:20:30,L20,0.3642,28.43,0.4207,18.757,30.41,82.15,DANGER,low_oxygen
2026-01-01 08:20:35,L20,0.3857,30.44,0.4163,18.655,30.32,82.56,DANGER,low_oxygen
2026-01-01 08:20:40,L20,0.2123,3.07,0.0378,20.834,26.59,67.18,SAFE,co2_buildup
2026-01-01 08:20:45,L20,0.1873,3.41,0.0419,20.792,26.91,68.16,SAFE,co2_buildup
2026-01-01 08:20:50,L20,0.197,5.47,0.0417,20.784,26.87,67.25,SAFE,co2_buildup
2026-01-01 08:20:55,L20,0.2034,3.81,0.0495,20.762,26.93,66.42,SAFE,co2_buildup
2026-01-01 08:21:00,L20,0.1934,3.4,0.0572,20.768,26.76,68.57,SAFE,co2_buildup
2026-01-01 08:21:05,L20,0.1995,5.45,0.068,20.763,26.85,67.77,SAFE,co2_buildup
2026-01-01 08:21:10,L20,0.205,2.15,0.0929,20.725,27.03,67.87,SAFE,co2_buildup
2026-01-01 08:21:15,L20,0.2182,5.6,0.091,20.67,26.84,68.62,SAFE,co2_buildup
2026-01-01 08:21:20,L20,0.2348,5.92,0.1032,20.711,27.16,68.68,SAFE,co2_buildup
2026-01-01 08:21:25,L20,0.2363,6.84,0.0965,20.678,27.09,69.62,SAFE,co2_buildup
2026-01-01 08:21:30,L20,0.2468,6.69,0.1083,20.7,27.31,67.98,SAFE,co2_buildup
2026-01-01 08:21:35,L20,0.2772,4.45,0.1053,20.634,27.14,70.94,SAFE,co2_buildup
2026-01-01 08:21:40,L20,0.2892,6.28,0.119,20.638,27.52,68.15,SAFE,co2_buildup
2026-01-01 08:21:45,L20,0.2572,7.72,0.1242,20.59,27.36,69.12,SAFE,co2_buildup
2026-01-01 08:21:50,L20,0.2752,7.56,0.1399,20.644,27.43,68.88,SAFE,co2_buildup
2026-01-01 08:21:55,L20,0.2767,5.95,0.1377,20.644,27.29,69.77,SAFE,co2_buildup
2026-01-01 08:22:00,L20,0.2885,7.93,0.144,20.579,27.48,69.89,SAFE,co2_buildup
2026-01-01 08:22:05,L20,0.2935,8.87,0.1612,20.575,27.41,70.16,SAFE,co2_buildup
2026-01-01 08:22:10,L20,0.2755,6.22,0.165,20.543,27.31,70.39,SAFE,co2_buildup
2026-01-01 08:22:15,L20,0.3186,4.93,0.1672,20.532,27.56,71.38,SAFE,co2_buildup
2026-01-01 08:22:20,L20,0.3174,10.72,0.1734,20.561,27.81,70.61,WARNING,co2_buildup
2026-01-01 08:22:25,L20,0.3144,8.72,0.1819,20.511,27.67,71.74,SAFE,co2_buildup
2026-01-01 08:22:30,L20,0.3157,7.75,0.2014,20.527,27.69,69.38,SAFE,co2_buildup
2026-01-01 08:22:35,L20,0.3169,7.89,0.2056,20.499,27.73,69.19,SAFE,co2_buildup
2026-01-01 08:22:40,L20,0.3196,9.04,0.2036,20.509,28.17,71.19,SAFE,co2_buildup
2026-01-01 08:22:45,L20,0.3338,10.56,0.2113,20.461,27.97,71.5,WARNING,co2_buildup
2026-01-01 08:22:50,L20,0.3313,6.93,0.2152,20.492,27.69,70.96,SAFE,co2_buildup
2026-01-01 08:22:55,L20,0.3387,8.78,0.2286,20.502,27.89,71.53,SAFE,co2_buildup
2026-01-01 08:23:00,L20,0.3389,12.05,0.2401,20.381,27.96,72.55,WARNING,co2_buildup
2026-01-01 08:23:05,L20,0.3421,10.99,0.2395,20.416,27.96,72.37,WARNING,co2_buildup
2026-01-01 08:23:10,L20,0.3783,11.05,0.2714,20.403,28.13,71.72,WARNING,co2_buildup
2026-01-01 08:23:15,L20,0.3583,10.74,0.2662,20.37,28.08,72.3,WARNING,co2_buildup
2026-01-01 08:23:20,L20,0.3564,10.79,0.2684,20.391,28.14,72.9,WARNING,co2_buildup
2026-01-01 08:23:25,L20,0.3705,9.81,0.2767,20.399,28.29,71.46,SAFE,co2_buildup
2026-01-01 08:23:30,L20,0.3554,9.86,0.2722,20.292,28.08,71.95,SAFE,co2_buildup
2026-01-01 08:23:35,L20,0.3932,12.1,0.2811,20.276,28.04,73.48,WARNING,co2_buildup
2026-01-01 08:23:40,L20,0.3848,10.26,0.3087,20.374,28.59,71.51,WARNING,co2_buildup
2026-01-01 08:23:45,L20,0.3852,11.69,0.3185,20.304,28.58,72.17,WARNING,co2_buildup
2026-01-01 08:23:50,L20,0.3892,11.68,0.2951,20.3,28.56,72.22,WARNING,co2_buildup
2026-01-01 08:23:55,L20,0.3775,14.93,0.324,20.252,28.6,74.08,WARNING,co2_buildup
2026-01-01 08:24:00,L20,0.434,11.59,0.3386,20.272,28.57,72.63,WARNING,co2_buildup
2026-01-01 08:24:05,L20,0.4151,13.77,0.3322,20.298,29.1,74.28,WARNING,co2_buildup
2026-01-01 08:24:10,L20,0.4449,13.26,0.3545,20.259,28.73,73.51,WARNING,co2_buildup
2026-01-01 08:24:15,L20,0.4194,12.22,0.3558,20.236,29.14,75.37,WARNING,co2_buildup
2026-01-01 08:24:20,L20,0.4357,10.71,0.3607,20.164,29.1,74.2,WARNING,co2_buildup
2026-01-01 08:24:25,L20,0.4454,12.69,0.3625,20.226,28.91,75.1,WARNING,co2_buildup
2026-01-01 08:24:30,L20,0.4472,14.31,0.3725,20.19,28.86,74.77,WARNING,co2_buildup
2026-01-01 08:24:35,L20,0.4386,11.31,0.3756,20.158,28.94,74.19,WARNING,co2_buildup
2026-01-01 08:24:40,L20,0.4243,14.59,0.3889,20.182,28.93,74.69,WARNING,co2_buildup
2026-01-01 08:24:45,L20,0.4903,15.54,0.3959,20.124,29.1,74.86,WARNING,co2_buildup
2026-01-01 08:24:50,L20,0.451,13.85,0.3978,20.153,29.18,74.63,WARNING,co2_buildup
2026-01-01 08:24:55,L20,0.5055,15.27,0.3931,20.159,28.95,75.86,WARNING,co2_buildup
2026-01-01 08:25:00,L20,0.4639,14.3,0.4145,20.114,29.57,77.31,WARNING,co2_buildup
2026-01-01 08:25:05,L20,0.4992,15.13,0.4152,20.083,29.11,75.54,WARNING,co2_buildup
2026-01-01 08:25:10,L20,0.4928,16.7,0.4218,20.065,28.87,76.18,WARNING,co2_buildup
2026-01-01 08:25:15,L20,0.499,12.32,0.4326,20.08,29.31,76.18,WARNING,co2_buildup
2026-01-01 08:25:20,L20,0.4856,13.69,0.4521,20.042,29.2,73.82,WARNING,co2_buildup
2026-01-01 08:25:25,L20,0.4945,16.9,0.444,20.113,29.41,76.45,WARNING,co2_buildup
2026-01-01 08:25:30,L20,0.5002,17.37,0.4531,19.986,29.48,76.56,DANGER,co2_buildup
2026-01-01 08:25:35,L20,0.5137,13.29,0.4733,20.011,29.58,75.36,WARNING,co2_buildup
2026-01-01 08:25:40,L20,0.5138,17.94,0.4688,20.009,29.71,75.08,WARNING,co2_buildup
2026-01-01 08:25:45,L20,0.5145,11.92,0.4733,19.992,29.46,77.0,DANGER,co2_buildup
2026-01-01 08:25:50,L20,0.1236,7.39,0.0849,20.559,26.2,73.51,SAFE,ventilation_failure
2026-01-01 08:25:55,L20,0.136,7.42,0.0793,20.666,26.43,74.21,SAFE,ventilation_failure
2026-01-01 08:26:00,L20,0.1442,8.91,0.0891,20.58,26.18,73.07,SAFE,ventilation_failure
2026-01-01 08:26:05,L20,0.1792,8.43,0.1041,20.524,26.64,73.22,SAFE,ventilation_failure
2026-01-01 08:26:10,L20,0.1566,9.38,0.0886,20.473,26.61,74.21,SAFE,ventilation_failure
2026-01-01 08:26:15,L20,0.1922,9.79,0.0973,20.546,26.54,76.54,SAFE,ventilation_failure
2026-01-01 08:26:20,L20,0.1964,10.21,0.1172,20.467,26.74,74.68,SAFE,ventilation_failure
2026-01-01 08:26:25,L20,0.2445,13.59,0.1019,20.411,26.97,75.37,SAFE,ventilation_failure
2026-01-01 08:26:30,L20,0.2319,14.38,0.1157,20.42,26.85,76.19,SAFE,ventilation_failure
2026-01-01 08:26:35,L20,0.2781,12.03,0.1145,20.362,26.98,75.99,SAFE,ventilation_failure
2026-01-01 08:26:40,L20,0.2576,14.0,0.1356,20.304,26.93,77.19,SAFE,ventilation_failure
2026-01-01 08:26:45,L20,0.2803,14.48,0.1202,20.268,27.08,76.45,SAFE,ventilation_failure
2026-01-01 08:26:50,L20,0.3097,14.88,0.1343,20.236,27.3,76.55,SAFE,ventilation_failure
2026-01-01 08:26:55,L20,0.2937,14.63,0.1315,20.191,27.26,79.92,SAFE,ventilation_failure
2026-01-01 08:27:00,L20,0.3454,15.37,0.1332,20.223,27.3,77.3,SAFE,ventilation_failure
2026-01-01 08:27:05,L20,0.3379,15.8,0.1348,20.142,27.64,79.0,SAFE,ventilation_failure
2026-01-01 08:27:10,L20,0.3584,14.44,0.1538,20.166,27.63,77.92,WARNING,ventilation_failure
2026-01-01 08:27:15,L20,0.3751,15.98,0.164,20.068,27.58,77.76,WARNING,ventilation_failure
2026-01-01 08:27:20,L20,0.3804,14.85,0.1654,20.043,28.01,79.23,WARNING,ventilation_failure
2026-01-01 08:27:25,L20,0.3841,18.08,0.1722,20.015,28.15,78.54,WARNING,ventilation_failure
2026-01-01 08:27:30,L20,0.4124,18.43,0.1719,19.969,28.08,79.61,WARNING,ventilation_failure
2026-01-01 08:27:35,L20,0.3955,19.4,0.1884,19.946,27.84,79.6,WARNING,ventilation_failure
2026-01-01 08:27:40,L20,0.4207,17.75,0.1914,19.948,28.17,81.55,WARNING,ventilation_failure
2026-01-01 08:27:45,L20,0.453,20.93,0.1916,19.936,28.29,79.63,WARNING,ventilation_failure
2026-01-01 08:27:50,L20,0.493,20.76,0.1973,19.876,28.06,81.72,WARNING,ventilation_failure
2026-01-01 08:27:55,L20,0.5073,23.97,0.197,19.799,28.57,81.71,WARNING,ventilation_failure
2026-01-01 08:28:00,L20,0.5139,22.39,0.2214,19.785,28.51,81.62,WARNING,ventilation_failure
2026-01-01 08:28:05,L20,0.4908,20.86,0.2174,19.753,28.74,81.5,WARNING,ventilation_failure
2026-01-01 08:28:10,L20,0.5331,20.29,0.2152,19.789,28.62,82.56,WARNING,ventilation_failure
2026-01-01 08:28:15,L20,0.5304,23.21,0.2197,19.736,28.83,82.92,WARNING,ventilation_failure
2026-01-01 08:28:20,L20,0.557,21.91,0.223,19.71,28.93,83.36,WARNING,ventilation_failure
2026-01-01 08:28:25,L20,0.587,22.92,0.2288,19.62,28.97,83.14,WARNING,ventilation_failure
2026-01-01 08:28:30,L20,0.5973,23.14,0.2383,19.571,29.1,82.76,WARNING,ventilation_failure
2026-01-01 08:28:35,L20,0.6214,24.28,0.2277,19.595,29.1,84.69,WARNING,ventilation_failure
2026-01-01 08:28:40,L20,0.5957,27.91,0.2445,19.531,29.04,84.29,DANGER,ventilation_failure
2026-01-01 08:28:45,L20,0.6162,24.84,0.2505,19.522,29.0,84.12,WARNING,ventilation_failure
2026-01-01 08:28:50,L20,0.6688,26.22,0.2565,19.493,29.31,84.12,DANGER,ventilation_failure
2026-01-01 08:28:55,L20,0.6838,25.28,0.2631,19.437,29.61,85.97,DANGER,ventilation_failure
2026-01-01 08:29:00,L20,0.6754,25.43,0.267,19.446,29.43,86.65,DANGER,ventilation_failure
2026-01-01 08:29:05,L20,0.69,28.14,0.2751,19.34,29.83,86.32,DANGER,ventilation_failure
2026-01-01 08:29:10,L20,0.7227,29.44,0.2758,19.355,29.98,86.68,DANGER,ventilation_failure
2026-01-01 08:29:15,L20,0.7277,27.97,0.2899,19.34,29.93,87.42,DANGER,ventilation_failure
2026-01-01 08:29:20,L20,0.7436,27.98,0.2923,19.338,29.93,86.5,DANGER,ventilation_failure
2026-01-01 08:29:25,L20,0.7353,28.02,0.3101,19.259,30.2,88.81,DANGER,ventilation_failure
2026-01-01 08:29:30,L20,0.7811,31.61,0.3028,19.26,30.31,86.57,CRITICAL,ventilation_failure
2026-01-01 08:29:35,L20,0.7756,33.37,0.2963,19.226,30.19,87.53,DANGER,ventilation_failure
2026-01-01 08:29:40,L20,0.7724,30.39,0.3061,19.228,30.33,87.42,CRITICAL,ventilation_failure
2026-01-01 08:29:45,L20,0.7963,32.13,0.3084,19.136,30.29,88.4,CRITICAL,ventilation_failure
2026-01-01 08:29:50,L20,0.8137,35.29,0.3176,19.155,30.54,90.05,CRITICAL,ventilation_failure
2026-01-01 08:29:55,L20,0.8596,33.91,0.3314,19.086,30.28,88.79,CRITICAL,ventilation_failure
2026-01-01 08:30:00,L20,0.8416,34.65,0.3251,18.983,30.64,89.63,CRITICAL,ventilation_failure
2026-01-01 08:30:05,L20,0.8726,35.94,0.3282,18.998,30.65,87.27,CRITICAL,ventilation_failure
2026-01-01 08:30:10,L20,0.8498,35.27,0.3419,18.937,30.86,90.26,CRITICAL,ventilation_failure
2026-01-01 08:30:15,L20,0.9103,35.33,0.3364,18.979,30.84,91.02,CRITICAL,ventilation_failure
2026-01-01 08:30:20,L20,0.899,37.53,0.341,18.906,30.77,90.64,CRITICAL,ventilation_failure
2026-01-01 08:30:25,L20,0.9315,35.56,0.3561,18.829,31.05,90.0,CRITICAL,ventilation_failure
2026-01-01 08:30:30,L20,0.9462,35.78,0.3438,18.863,31.17,90.2,CRITICAL,ventilation_failure
2026-01-01 08:30:35,L20,0.9645,37.73,0.3593,18.843,31.49,91.03,CRITICAL,ventilation_failure
2026-01-01 08:30:40,L20,0.9747,40.4,0.3751,18.759,31.33,90.82,CRITICAL,ventilation_failure
2026-01-01 08:30:45,L20,1.0131,41.65,0.3587,18.726,31.39,93.36,CRITICAL,ventilation_failure
2026-01-01 08:30:50,L20,1.0023,39.76,0.3643,18.713,31.43,92.78,CRITICAL,ventilation_failure
2026-01-01 08:30:55,L20,1.0476,42.28,0.372,18.621,31.87,93.88,CRITICAL,ventilation_failure
2026-01-01 08:31:00,L20,0.0791,4.27,0.0499,20.51,27.94,69.94,SAFE,fire_heat
2026-01-01 08:31:05,L20,0.0776,7.3,0.0534,20.458,28.32,68.86,SAFE,fire_heat
2026-01-01 08:31:10,L20,0.0539,7.19,0.0629,20.455,28.48,70.49,SAFE,fire_heat
2026-01-01 08:31:15,L20,0.0932,7.67,0.0576,20.408,28.72,70.75,SAFE,fire_heat
2026-01-01 08:31:20,L20,0.0953,9.66,0.0739,20.374,29.34,69.93,SAFE,fire_heat
2026-01-01 08:31:25,L20,0.1211,9.92,0.0758,20.38,29.37,69.72,SAFE,fire_heat
2026-01-01 08:31:30,L20,0.1078,12.51,0.0693,20.342,29.69,71.66,SAFE,fire_heat
2026-01-01 08:31:35,L20,0.1387,13.82,0.0746,20.343,30.05,70.16,SAFE,fire_heat
2026-01-01 08:31:40,L20,0.1114,12.74,0.0822,20.335,29.98,71.21,SAFE,fire_heat
2026-01-01 08:31:45,L20,0.1337,17.06,0.0993,20.263,30.46,71.24,SAFE,fire_heat
2026-01-01 08:31:50,L20,0.1512,20.57,0.0977,20.262,30.39,71.72,SAFE,fire_heat
2026-01-01 08:31:55,L20,0.1661,19.35,0.1053,20.252,30.89,70.74,SAFE,fire_heat
2026-01-01 08:32:00,L20,0.19,16.79,0.1216,20.209,31.25,71.55,SAFE,fire_heat
2026-01-01 08:32:05,L20,0.1692,20.51,0.1194,20.188,31.16,71.02,SAFE,fire_heat
2026-01-01 08:32:10,L20,0.1943,20.54,0.1158,20.154,31.7,72.0,SAFE,fire_heat
2026-01-01 08:32:15,L20,0.2045,23.34,0.1182,20.134,31.85,72.49,SAFE,fire_heat
2026-01-01 08:32:20,L20,0.2339,26.11,0.1337,20.119,31.99,72.94,WARNING,fire_heat
2026-01-01 08:32:25,L20,0.2306,25.32,0.1286,20.062,32.12,73.57,WARNING,fire_heat
2026-01-01 08:32:30,L20,0.2289,30.54,0.1516,20.006,32.58,72.31,WARNING,fire_heat
2026-01-01 08:32:35,L20,0.2371,24.7,0.1487,20.031,32.86,72.44,WARNING,fire_heat
2026-01-01 08:32:40,L20,0.2548,29.96,0.1529,20.005,32.97,73.82,WARNING,fire_heat
2026-01-01 08:32:45,L20,0.2483,32.21,0.1494,20.036,33.12,73.41,WARNING,fire_heat
2026-01-01 08:32:50,L20,0.3073,31.12,0.1671,19.973,33.62,74.08,DANGER,fire_heat
2026-01-01 08:32:55,L20,0.2927,32.63,0.1763,19.958,33.92,74.8,DANGER,fire_heat
2026-01-01 08:33:00,L20,0.2889,36.71,0.1713,19.905,34.13,72.71,DANGER,fire_heat
2026-01-01 08:33:05,L20,0.2967,39.78,0.185,19.876,34.47,74.17,DANGER,fire_heat
2026-01-01 08:33:10,L20,0.3043,41.27,0.1795,19.846,34.37,73.19,DANGER,fire_heat
2026-01-01 08:33:15,L20,0.3378,38.99,0.1874,19.81,34.5,75.06,DANGER,fire_heat
2026-01-01 08:33:20,L20,0.3173,42.85,0.2097,19.846,35.01,73.01,DANGER,fire_heat
2026-01-01 08:33:25,L20,0.3493,42.03,0.1952,19.811,35.13,74.84,DANGER,fire_heat
2026-01-01 08:33:30,L20,0.3705,44.82,0.2076,19.822,35.58,73.8,DANGER,fire_heat
2026-01-01 08:33:35,L20,0.3629,44.44,0.2054,19.771,35.52,74.83,DANGER,fire_heat
2026-01-01 08:33:40,L20,0.3664,44.37,0.2159,19.739,35.77,75.55,DANGER,fire_heat
2026-01-01 08:33:45,L20,0.404,49.78,0.2243,19.649,36.17,74.16,DANGER,fire_heat
2026-01-01 08:33:50,L20,0.3844,51.49,0.2167,19.742,36.42,73.65,DANGER,fire_heat
2026-01-01 08:33:55,L20,0.4071,49.37,0.2234,19.663,36.74,74.76,DANGER,fire_heat
2026-01-01 08:34:00,L20,0.4228,52.72,0.2387,19.576,36.87,74.8,DANGER,fire_heat
2026-01-01 08:34:05,L20,0.4219,52.41,0.2406,19.622,36.83,74.23,DANGER,fire_heat
2026-01-01 08:34:10,L20,0.4229,57.21,0.2539,19.568,37.88,73.79,DANGER,fire_heat
2026-01-01 08:34:15,L20,0.4423,53.01,0.2518,19.544,37.61,76.52,DANGER,fire_heat
2026-01-01 08:34:20,L20,0.4657,56.29,0.2697,19.554,38.28,76.88,DANGER,fire_heat
2026-01-01 08:34:25,L20,0.4595,55.7,0.2655,19.505,38.07,75.35,DANGER,fire_heat
2026-01-01 08:34:30,L20,0.4872,56.8,0.2801,19.53,38.17,75.74,DANGER,fire_heat
2026-01-01 08:34:35,L20,0.4864,60.32,0.2838,19.473,38.52,76.77,CRITICAL,fire_heat
2026-01-01 08:34:40,L20,0.491,61.13,0.2703,19.465,38.97,76.92,CRITICAL,fire_heat
2026-01-01 08:34:45,L20,0.4991,61.6,0.2924,19.447,39.14,77.83,CRITICAL,fire_heat
2026-01-01 08:34:50,L20,0.5233,65.68,0.2932,19.414,39.34,77.05,CRITICAL,fire_heat
2026-01-01 08:34:55,L20,0.5466,67.69,0.2978,19.39,39.52,75.88,CRITICAL,fire_heat
2026-01-01 08:35:00,L20,0.5414,67.82,0.3055,19.364,39.79,77.47,CRITICAL,fire_heat
2026-01-01 08:35:05,L20,0.535,65.55,0.2987,19.382,39.99,76.43,CRITICAL,fire_heat
2026-01-01 08:35:10,L20,0.5757,70.18,0.3089,19.339,40.43,77.08,CRITICAL,fire_heat
2026-01-01 08:35:15,L20,0.5559,71.48,0.3081,19.27,40.63,78.16,CRITICAL,fire_heat
2026-01-01 08:35:20,L20,0.605,71.03,0.3351,19.234,40.6,76.69,CRITICAL,fire_heat
2026-01-01 08:35:25,L20,0.5866,74.13,0.3157,19.22,40.76,77.5,CRITICAL,fire_heat
2026-01-01 08:35:30,L20,0.5857,74.16,0.3166,19.234,41.04,76.73,CRITICAL,fire_heat
2026-01-01 08:35:35,L20,0.6171,75.0,0.3255,19.164,41.41,77.06,CRITICAL,fire_heat
2026-01-01 08:35:40,L20,0.6139,75.77,0.3367,19.155,41.73,77.56,CRITICAL,fire_heat
2026-01-01 08:35:45,L20,0.6351,80.11,0.3418,19.111,41.93,79.44,CRITICAL,fire_heat
2026-01-01 08:35:50,L20,0.6397,82.11,0.3546,19.156,42.28,78.31,CRITICAL,fire_heat
2026-01-01 08:35:55,L20,0.6275,81.27,0.3529,19.124,42.42,80.54,CRITICAL,fire_heat
2026-01-01 08:36:00,L20,0.657,84.27,0.3538,19.108,42.91,79.33,CRITICAL,fire_heat
2026-01-01 08:36:05,L20,0.6755,86.39,0.3668,19.044,42.98,79.5,CRITICAL,fire_heat
2026-01-01 08:36:10,L20,0.124,3.57,0.0615,20.505,28.72,78.59,SAFE,combined_hazard
2026-01-01 08:36:15,L20,0.1256,2.56,0.0797,20.405,28.83,75.71,SAFE,combined_hazard
2026-01-01 08:36:20,L20,0.1508,3.54,0.0902,20.437,29.14,77.37,SAFE,combined_hazard
2026-01-01 08:36:25,L20,0.1748,5.99,0.0843,20.394,29.34,77.69,SAFE,combined_hazard
2026-01-01 08:36:30,L20,0.1551,3.79,0.1004,20.31,29.49,76.47,SAFE,combined_hazard
2026-01-01 08:36:35,L20,0.2136,8.79,0.0977,20.32,29.45,78.28,SAFE,combined_hazard
2026-01-01 08:36:40,L20,0.2035,6.48,0.1029,20.331,29.65,78.3,SAFE,combined_hazard
2026-01-01 08:36:45,L20,0.2492,9.48,0.1171,20.33,29.92,78.44,SAFE,combined_hazard
2026-01-01 08:36:50,L20,0.2372,10.59,0.1162,20.283,29.87,78.11,SAFE,combined_hazard
2026-01-01 08:36:55,L20,0.2708,14.12,0.1051,20.249,29.95,79.13,SAFE,combined_hazard
2026-01-01 08:37:00,L20,0.2667,9.82,0.1292,20.257,30.13,78.47,SAFE,combined_hazard
2026-01-01 08:37:05,L20,0.2847,10.61,0.1265,20.217,30.28,78.94,SAFE,combined_hazard
2026-01-01 08:37:10,L20,0.2973,11.28,0.1427,20.214,30.51,79.66,SAFE,combined_hazard
2026-01-01 08:37:15,L20,0.3071,12.79,0.1487,20.176,30.64,80.84,SAFE,combined_hazard
2026-01-01 08:37:20,L20,0.3214,12.3,0.156,20.113,30.76,80.56,WARNING,combined_hazard
2026-01-01 08:37:25,L20,0.3435,15.84,0.1592,20.13,30.8,80.93,WARNING,combined_hazard
2026-01-01 08:37:30,L20,0.3632,16.28,0.1653,20.114,30.92,82.21,WARNING,combined_hazard
2026-01-01 08:37:35,L20,0.3733,15.13,0.177,20.102,31.3,81.2,WARNING,combined_hazard
2026-01-01 08:37:40,L20,0.3924,15.19,0.1865,20.02,31.39,80.21,WARNING,combined_hazard
2026-01-01 08:37:45,L20,0.3767,16.35,0.1943,20.0,31.41,80.81,WARNING,combined_hazard
2026-01-01 08:37:50,L20,0.4279,17.05,0.206,20.012,31.61,80.78,WARNING,combined_hazard
2026-01-01 08:37:55,L20,0.4181,19.24,0.2169,19.986,31.94,81.56,WARNING,combined_hazard
2026-01-01 08:38:00,L20,0.4193,19.54,0.2104,19.921,31.89,81.54,WARNING,combined_hazard
2026-01-01 08:38:05,L20,0.4866,21.23,0.2188,19.892,32.04,81.32,WARNING,combined_hazard
2026-01-01 08:38:10,L20,0.4949,22.98,0.2464,19.874,32.4,83.02,WARNING,combined_hazard
2026-01-01 08:38:15,L20,0.4885,21.94,0.2464,19.865,32.48,83.29,WARNING,combined_hazard
2026-01-01 08:38:20,L20,0.5195,23.13,0.2414,19.811,32.36,82.84,DANGER,combined_hazard
2026-01-01 08:38:25,L20,0.5133,26.67,0.2448,19.826,32.75,82.1,DANGER,combined_hazard
2026-01-01 08:38:30,L20,0.5261,24.59,0.2581,19.736,32.71,83.2,DANGER,combined_hazard
2026-01-01 08:38:35,L20,0.5391,23.75,0.2674,19.739,32.71,82.82,DANGER,combined_hazard
2026-01-01 08:38:40,L20,0.5533,25.13,0.2821,19.744,33.21,84.54,DANGER,combined_hazard
2026-01-01 08:38:45,L20,0.5738,23.48,0.2655,19.687,33.04,82.77,DANGER,combined_hazard
2026-01-01 08:38:50,L20,0.5819,27.54,0.2835,19.677,33.21,84.45,DANGER,combined_hazard
2026-01-01 08:38:55,L20,0.5647,26.65,0.3129,19.661,33.37,84.64,DANGER,combined_hazard
2026-01-01 08:39:00,L20,0.6195,26.88,0.3059,19.704,33.87,85.06,DANGER,combined_hazard
2026-01-01 08:39:05,L20,0.6226,27.67,0.3135,19.576,33.56,84.7,DANGER,combined_hazard
2026-01-01 08:39:10,L20,0.6564,31.43,0.3158,19.598,33.75,84.48,DANGER,combined_hazard
2026-01-01 08:39:15,L20,0.6632,30.07,0.3339,19.535,33.93,86.87,DANGER,combined_hazard
2026-01-01 08:39:20,L20,0.6912,32.35,0.3204,19.509,34.2,84.46,DANGER,combined_hazard
2026-01-01 08:39:25,L20,0.6967,32.53,0.3387,19.49,34.25,85.94,CRITICAL,combined_hazard
2026-01-01 08:39:30,L20,0.6924,33.0,0.3327,19.487,34.3,85.59,CRITICAL,combined_hazard
2026-01-01 08:39:35,L20,0.7072,32.87,0.3565,19.51,34.63,86.05,DANGER,combined_hazard
2026-01-01 08:39:40,L20,0.7225,34.94,0.3603,19.478,34.88,86.25,CRITICAL,combined_hazard
2026-01-01 08:39:45,L20,0.743,34.3,0.3581,19.404,34.58,85.32,CRITICAL,combined_hazard
2026-01-01 08:39:50,L20,0.7602,35.92,0.3865,19.385,34.86,85.32,CRITICAL,combined_hazard
2026-01-01 08:39:55,L20,0.7994,38.1,0.3912,19.386,35.17,85.58,CRITICAL,combined_hazard
2026-01-01 08:40:00,L20,0.8033,39.16,0.4012,19.345,35.05,86.45,CRITICAL,combined_hazard
2026-01-01 08:40:05,L20,0.7874,37.28,0.3882,19.3,35.35,87.21,CRITICAL,combined_hazard
2026-01-01 08:40:10,L20,0.8171,39.24,0.3995,19.314,35.71,86.66,CRITICAL,combined_hazard
2026-01-01 08:40:15,L20,0.8445,40.3,0.4244,19.318,35.75,86.27,CRITICAL,combined_hazard
2026-01-01 08:40:20,L20,0.8448,40.53,0.4286,19.276,35.87,88.36,CRITICAL,combined_hazard
2026-01-01 08:40:25,L20,0.876,42.07,0.4406,19.261,36.04,86.6,CRITICAL,combined_hazard
2026-01-01 08:40:30,L20,0.877,42.83,0.4347,19.191,36.12,88.42,CRITICAL,combined_hazard
2026-01-01 08:40:35,L20,0.9024,45.17,0.443,19.138,36.16,87.64,CRITICAL,combined_hazard
2026-01-01 08:40:40,L20,0.9108,46.4,0.4561,19.086,36.49,89.42,CRITICAL,combined_hazard
2026-01-01 08:40:45,L20,0.9358,43.66,0.4476,19.059,36.42,88.23,CRITICAL,combined_hazard
2026-01-01 08:40:50,L20,0.9706,47.15,0.4673,19.09,36.6,87.45,CRITICAL,combined_hazard
2026-01-01 08:40:55,L20,0.9773,46.06,0.4932,19.087,36.52,89.03,CRITICAL,combined_hazard
2026-01-01 08:41:00,L20,0.9625,45.88,0.4774,19.072,36.83,88.6,CRITICAL,combined_hazard
2026-01-01 08:41:05,L20,1.0312,47.81,0.4747,19.03,37.06,90.12,CRITICAL,combined_hazard
2026-01-01 08:41:10,L20,1.0261,47.3,0.4981,18.976,37.19,89.94,CRITICAL,combined_hazard
2026-01-01 08:41:15,L20,1.013,48.33,0.4948,18.993,37.46,89.38,CRITICAL,combined_hazard
2026-01-01 08:41:20,L20,1.0251,47.49,0.5085,18.912,37.4,89.29,CRITICAL,combined_hazard
2026-01-01 08:41:25,L20,1.0581,50.01,0.5253,18.89,37.54,89.42,CRITICAL,combined_hazard
2026-01-01 08:41:30,L20,1.0784,52.03,0.5283,18.917,37.66,90.03,CRITICAL,combined_hazard
2026-01-01 08:41:35,L20,1.1092,52.46,0.5272,18.837,37.92,91.8,CRITICAL,combined_hazard
